file,subject,group,kind,activity,trial,duration_s,n_alarms,alarm_times_s,stage_runs,stage_paired,stage_alarm
SA01/D01_SA01_R01.csv,SA01,SA,D,D01,R01,100.00,0,,195,0,0
SA01/D02_SA01_R01.csv,SA01,SA,D,D02,R01,100.00,0,,195,0,0
SA01/D03_SA01_R01.csv,SA01,SA,D,D03,R01,100.00,1,87.48,195,8,1
SA01/D04_SA01_R01.csv,SA01,SA,D,D04,R01,100.00,3,38.48 80.98 95.48,195,180,3
SA01/D05_SA01_R01.csv,SA01,SA,D,D05,R01,25.00,0,,45,0,0
SA01/D05_SA01_R02.csv,SA01,SA,D,D05,R02,25.00,0,,45,0,0
SA01/D05_SA01_R03.csv,SA01,SA,D,D05,R03,25.00,0,,45,0,0
SA01/D05_SA01_R04.csv,SA01,SA,D,D05,R04,25.00,0,,45,0,0
SA01/D05_SA01_R05.csv,SA01,SA,D,D05,R05,25.00,0,,45,0,0
SA01/D06_SA01_R01.csv,SA01,SA,D,D06,R01,25.00,1,18.98,45,22,1
SA01/D06_SA01_R02.csv,SA01,SA,D,D06,R02,25.00,1,19.98,45,3,1
SA01/D06_SA01_R03.csv,SA01,SA,D,D06,R03,25.00,1,19.98,45,2,1
SA01/D06_SA01_R04.csv,SA01,SA,D,D06,R04,25.00,1,15.48,45,21,1
SA01/D06_SA01_R05.csv,SA01,SA,D,D06,R05,25.00,1,21.98,45,23,1
SA01/D07_SA01_R01.csv,SA01,SA,D,D07,R01,12.00,0,,19,0,0
SA01/D07_SA01_R02.csv,SA01,SA,D,D07,R02,12.00,0,,19,0,0
SA01/D07_SA01_R03.csv,SA01,SA,D,D07,R03,12.00,0,,19,0,0
SA01/D07_SA01_R04.csv,SA01,SA,D,D07,R04,12.00,0,,19,0,0
SA01/D07_SA01_R05.csv,SA01,SA,D,D07,R05,12.00,0,,19,0,0
SA01/D08_SA01_R01.csv,SA01,SA,D,D08,R01,12.00,1,5.48,19,18,1
SA01/D08_SA01_R02.csv,SA01,SA,D,D08,R02,12.00,1,4.48,19,19,1
SA01/D08_SA01_R03.csv,SA01,SA,D,D08,R03,12.00,0,,19,0,0
SA01/D08_SA01_R04.csv,SA01,SA,D,D08,R04,12.00,1,4.98,19,19,1
SA01/D08_SA01_R05.csv,SA01,SA,D,D08,R05,12.00,0,,19,0,0
SA01/D09_SA01_R01.csv,SA01,SA,D,D09,R01,12.00,0,,19,0,0
SA01/D09_SA01_R02.csv,SA01,SA,D,D09,R02,12.00,0,,19,0,0
SA01/D09_SA01_R03.csv,SA01,SA,D,D09,R03,12.00,0,,19,0,0
SA01/D09_SA01_R04.csv,SA01,SA,D,D09,R04,12.00,0,,19,0,0
SA01/D09_SA01_R05.csv,SA01,SA,D,D09,R05,12.00,0,,19,0,0
SA01/D10_SA01_R01.csv,SA01,SA,D,D10,R01,12.00,1,5.98,19,17,1
SA01/D10_SA01_R02.csv,SA01,SA,D,D10,R02,12.00,1,5.48,19,18,1
SA01/D10_SA01_R03.csv,SA01,SA,D,D10,R03,12.00,1,5.48,19,18,1
SA01/D10_SA01_R04.csv,SA01,SA,D,D10,R04,12.00,1,5.48,19,18,1
SA01/D10_SA01_R05.csv,SA01,SA,D,D10,R05,12.00,1,4.98,19,19,1
SA01/D11_SA01_R01.csv,SA01,SA,D,D11,R01,12.00,1,6.48,19,16,1
SA01/D11_SA01_R02.csv,SA01,SA,D,D11,R02,12.00,1,7.98,19,13,1
SA01/D11_SA01_R03.csv,SA01,SA,D,D11,R03,12.00,1,8.48,19,12,1
SA01/D11_SA01_R04.csv,SA01,SA,D,D11,R04,12.00,0,,19,0,0
SA01/D11_SA01_R05.csv,SA01,SA,D,D11,R05,12.00,0,,19,0,0
SA01/D12_SA01_R01.csv,SA01,SA,D,D12,R01,12.00,0,,19,0,0
SA01/D12_SA01_R02.csv,SA01,SA,D,D12,R02,12.00,0,,19,0,0
SA01/D12_SA01_R03.csv,SA01,SA,D,D12,R03,12.00,0,,19,0,0
SA01/D12_SA01_R04.csv,SA01,SA,D,D12,R04,12.00,0,,19,0,0
SA01/D12_SA01_R05.csv,SA01,SA,D,D12,R05,12.00,0,,19,0,0
SA01/D13_SA01_R01.csv,SA01,SA,D,D13,R01,12.00,0,,19,0,0
SA01/D13_SA01_R02.csv,SA01,SA,D,D13,R02,12.00,0,,19,0,0
SA01/D13_SA01_R03.csv,SA01,SA,D,D13,R03,12.00,0,,19,0,0
SA01/D13_SA01_R04.csv,SA01,SA,D,D13,R04,12.00,0,,19,0,0
SA01/D13_SA01_R05.csv,SA01,SA,D,D13,R05,12.00,0,,19,0,0
SA01/D14_SA01_R01.csv,SA01,SA,D,D14,R01,12.00,0,,19,0,0
SA01/D14_SA01_R02.csv,SA01,SA,D,D14,R02,12.00,0,,19,0,0
SA01/D14_SA01_R03.csv,SA01,SA,D,D14,R03,12.00,0,,19,0,0
SA01/D14_SA01_R04.csv,SA01,SA,D,D14,R04,12.00,0,,19,0,0
SA01/D14_SA01_R05.csv,SA01,SA,D,D14,R05,12.00,0,,19,0,0
SA01/D15_SA01_R01.csv,SA01,SA,D,D15,R01,12.00,0,,19,0,0
SA01/D15_SA01_R02.csv,SA01,SA,D,D15,R02,12.00,0,,19,0,0
SA01/D15_SA01_R03.csv,SA01,SA,D,D15,R03,12.00,0,,19,0,0
SA01/D15_SA01_R04.csv,SA01,SA,D,D15,R04,12.00,0,,19,0,0
SA01/D15_SA01_R05.csv,SA01,SA,D,D15,R05,12.00,0,,19,0,0
SA01/D16_SA01_R01.csv,SA01,SA,D,D16,R01,12.00,0,,19,0,0
SA01/D16_SA01_R02.csv,SA01,SA,D,D16,R02,12.00,0,,19,0,0
SA01/D16_SA01_R03.csv,SA01,SA,D,D16,R03,12.00,0,,19,0,0
SA01/D16_SA01_R04.csv,SA01,SA,D,D16,R04,12.00,0,,19,0,0
SA01/D16_SA01_R05.csv,SA01,SA,D,D16,R05,12.00,0,,19,0,0
SA01/D17_SA01_R01.csv,SA01,SA,D,D17,R01,25.00,0,,45,0,0
SA01/D17_SA01_R02.csv,SA01,SA,D,D17,R02,25.00,0,,45,0,0
SA01/D17_SA01_R03.csv,SA01,SA,D,D17,R03,25.00,0,,45,0,0
SA01/D17_SA01_R04.csv,SA01,SA,D,D17,R04,25.00,0,,45,0,0
SA01/D17_SA01_R05.csv,SA01,SA,D,D17,R05,25.00,0,,45,0,0
SA01/D18_SA01_R01.csv,SA01,SA,D,D18,R01,12.00,1,5.48,19,18,1
SA01/D18_SA01_R02.csv,SA01,SA,D,D18,R02,12.00,0,,19,12,0
SA01/D18_SA01_R03.csv,SA01,SA,D,D18,R03,12.00,1,8.48,19,12,1
SA01/D18_SA01_R04.csv,SA01,SA,D,D18,R04,12.00,1,8.48,19,13,1
SA01/D18_SA01_R05.csv,SA01,SA,D,D18,R05,12.00,1,6.98,19,15,1
SA01/D19_SA01_R01.csv,SA01,SA,D,D19,R01,12.00,1,4.98,19,19,1
SA01/D19_SA01_R02.csv,SA01,SA,D,D19,R02,12.00,1,5.48,19,18,1
SA01/D19_SA01_R03.csv,SA01,SA,D,D19,R03,12.00,0,,19,0,0
SA01/D19_SA01_R04.csv,SA01,SA,D,D19,R04,12.00,0,,19,0,0
SA01/D19_SA01_R05.csv,SA01,SA,D,D19,R05,12.00,0,,19,0,0
SA01/F01_SA01_R01.csv,SA01,SA,F,F01,R01,15.00,1,9.48,25,16,1
SA01/F01_SA01_R02.csv,SA01,SA,F,F01,R02,15.00,1,9.48,25,16,1
SA01/F01_SA01_R03.csv,SA01,SA,F,F01,R03,15.00,1,10.98,25,13,1
SA01/F01_SA01_R04.csv,SA01,SA,F,F01,R04,15.00,1,9.48,25,16,1
SA01/F01_SA01_R05.csv,SA01,SA,F,F01,R05,15.00,1,9.98,25,16,1
SA01/F02_SA01_R01.csv,SA01,SA,F,F02,R01,15.00,1,9.98,25,15,1
SA01/F02_SA01_R02.csv,SA01,SA,F,F02,R02,15.00,1,12.48,25,10,1
SA01/F02_SA01_R03.csv,SA01,SA,F,F02,R03,15.00,1,9.48,25,16,1
SA01/F02_SA01_R04.csv,SA01,SA,F,F02,R04,15.00,1,10.48,25,14,1
SA01/F02_SA01_R05.csv,SA01,SA,F,F02,R05,15.00,1,11.98,25,11,1
SA01/F03_SA01_R01.csv,SA01,SA,F,F03,R01,15.00,1,9.48,25,16,1
SA01/F03_SA01_R02.csv,SA01,SA,F,F03,R02,15.00,1,9.98,25,15,1
SA01/F03_SA01_R03.csv,SA01,SA,F,F03,R03,15.00,1,11.48,25,12,1
SA01/F03_SA01_R04.csv,SA01,SA,F,F03,R04,15.00,0,,25,0,0
SA01/F03_SA01_R05.csv,SA01,SA,F,F03,R05,15.00,1,9.98,25,15,1
SA01/F04_SA01_R01.csv,SA01,SA,F,F04,R01,15.00,1,9.98,25,15,1
SA01/F04_SA01_R02.csv,SA01,SA,F,F04,R02,15.00,1,10.98,25,13,1
SA01/F04_SA01_R03.csv,SA01,SA,F,F04,R03,15.00,1,9.98,25,15,1
SA01/F04_SA01_R04.csv,SA01,SA,F,F04,R04,15.00,1,10.48,25,15,1
SA01/F04_SA01_R05.csv,SA01,SA,F,F04,R05,15.00,1,10.98,25,14,1
SA01/F05_SA01_R01.csv,SA01,SA,F,F05,R01,15.00,1,14.98,25,6,1
SA01/F05_SA01_R02.csv,SA01,SA,F,F05,R02,15.00,0,,25,5,0
SA01/F05_SA01_R03.csv,SA01,SA,F,F05,R03,15.00,0,,25,2,0
SA01/F05_SA01_R04.csv,SA01,SA,F,F05,R04,15.00,0,,25,4,0
SA01/F05_SA01_R05.csv,SA01,SA,F,F05,R05,15.00,1,9.48,25,16,1
SA01/F06_SA01_R01.csv,SA01,SA,F,F06,R01,15.00,1,9.98,25,15,1
SA01/F06_SA01_R02.csv,SA01,SA,F,F06,R02,15.00,1,9.98,25,15,1
SA01/F06_SA01_R03.csv,SA01,SA,F,F06,R03,15.00,1,11.48,25,13,1
SA01/F06_SA01_R04.csv,SA01,SA,F,F06,R04,15.00,1,9.98,25,15,1
SA01/F06_SA01_R05.csv,SA01,SA,F,F06,R05,15.00,1,11.48,25,12,1
SA01/F07_SA01_R01.csv,SA01,SA,F,F07,R01,15.00,0,,25,0,0
SA01/F07_SA01_R02.csv,SA01,SA,F,F07,R02,15.00,0,,25,0,0
SA01/F07_SA01_R03.csv,SA01,SA,F,F07,R03,15.00,0,,25,0,0
SA01/F07_SA01_R04.csv,SA01,SA,F,F07,R04,15.00,0,,25,0,0
SA01/F07_SA01_R05.csv,SA01,SA,F,F07,R05,15.00,0,,25,0,0
SA01/F08_SA01_R01.csv,SA01,SA,F,F08,R01,15.00,1,8.48,25,18,1
SA01/F08_SA01_R02.csv,SA01,SA,F,F08,R02,15.00,1,8.48,25,18,1
SA01/F08_SA01_R03.csv,SA01,SA,F,F08,R03,15.00,1,9.48,25,16,1
SA01/F08_SA01_R04.csv,SA01,SA,F,F08,R04,15.00,1,9.98,25,15,1
SA01/F08_SA01_R05.csv,SA01,SA,F,F08,R05,15.00,0,,25,0,0
SA01/F09_SA01_R01.csv,SA01,SA,F,F09,R01,15.00,0,,25,0,0
SA01/F09_SA01_R02.csv,SA01,SA,F,F09,R02,15.00,0,,25,0,0
SA01/F09_SA01_R03.csv,SA01,SA,F,F09,R03,15.00,0,,25,0,0
SA01/F09_SA01_R04.csv,SA01,SA,F,F09,R04,15.00,0,,25,0,0
SA01/F09_SA01_R05.csv,SA01,SA,F,F09,R05,15.00,0,,25,0,0
SA01/F10_SA01_R01.csv,SA01,SA,F,F10,R01,15.00,0,,25,0,0
SA01/F10_SA01_R02.csv,SA01,SA,F,F10,R02,15.00,0,,25,0,0
SA01/F10_SA01_R03.csv,SA01,SA,F,F10,R03,15.00,1,10.48,25,14,1
SA01/F10_SA01_R04.csv,SA01,SA,F,F10,R04,15.00,0,,25,0,0
SA01/F10_SA01_R05.csv,SA01,SA,F,F10,R05,15.00,0,,25,0,0
SA01/F11_SA01_R01.csv,SA01,SA,F,F11,R01,15.00,0,,25,0,0
SA01/F11_SA01_R02.csv,SA01,SA,F,F11,R02,15.00,0,,25,0,0
SA01/F11_SA01_R03.csv,SA01,SA,F,F11,R03,15.00,0,,25,0,0
SA01/F11_SA01_R04.csv,SA01,SA,F,F11,R04,15.00,0,,25,0,0
SA01/F11_SA01_R05.csv,SA01,SA,F,F11,R05,15.00,0,,25,0,0
SA01/F12_SA01_R01.csv,SA01,SA,F,F12,R01,15.00,0,,25,0,0
SA01/F12_SA01_R02.csv,SA01,SA,F,F12,R02,15.00,0,,25,0,0
SA01/F12_SA01_R03.csv,SA01,SA,F,F12,R03,15.00,1,7.98,25,19,1
SA01/F12_SA01_R04.csv,SA01,SA,F,F12,R04,15.00,1,8.48,25,18,1
SA01/F12_SA01_R05.csv,SA01,SA,F,F12,R05,15.00,0,,25,0,0
SA01/F13_SA01_R01.csv,SA01,SA,F,F13,R01,15.00,1,7.48,25,20,1
SA01/F13_SA01_R02.csv,SA01,SA,F,F13,R02,15.00,0,,25,0,0
SA01/F13_SA01_R03.csv,SA01,SA,F,F13,R03,15.00,0,,25,0,0
SA01/F13_SA01_R04.csv,SA01,SA,F,F13,R04,15.00,0,,25,0,0
SA01/F13_SA01_R05.csv,SA01,SA,F,F13,R05,15.00,0,,25,0,0
SA01/F14_SA01_R01.csv,SA01,SA,F,F14,R01,15.00,1,8.98,25,17,1
SA01/F14_SA01_R02.csv,SA01,SA,F,F14,R02,15.00,1,8.48,25,18,1
SA01/F14_SA01_R03.csv,SA01,SA,F,F14,R03,15.00,1,10.48,25,14,1
SA01/F14_SA01_R04.csv,SA01,SA,F,F14,R04,15.00,1,11.48,25,12,1
SA01/F14_SA01_R05.csv,SA01,SA,F,F14,R05,15.00,1,10.98,25,13,1
SA01/F15_SA01_R01.csv,SA01,SA,F,F15,R01,15.00,0,,25,0,0
SA01/F15_SA01_R02.csv,SA01,SA,F,F15,R02,15.00,1,9.98,25,15,1
SA01/F15_SA01_R03.csv,SA01,SA,F,F15,R03,15.00,1,9.98,25,15,1
SA01/F15_SA01_R04.csv,SA01,SA,F,F15,R04,15.00,1,9.98,25,15,1
SA01/F15_SA01_R05.csv,SA01,SA,F,F15,R05,15.00,1,7.48,25,20,1
SA02/D01_SA02_R01.csv,SA02,SA,D,D01,R01,100.00,0,,195,0,0
SA02/D02_SA02_R01.csv,SA02,SA,D,D02,R01,100.00,0,,195,0,0
SA02/D03_SA02_R01.csv,SA02,SA,D,D03,R01,100.00,7,11.48 28.48 30.98 48.48 60.48 81.98 97.48,195,79,7
SA02/D04_SA02_R01.csv,SA02,SA,D,D04,R01,100.00,8,19.98 29.48 33.48 37.98 48.48 58.48 69.98 97.98,195,161,8
SA02/D05_SA02_R01.csv,SA02,SA,D,D05,R01,25.00,0,,45,0,0
SA02/D05_SA02_R02.csv,SA02,SA,D,D05,R02,25.00,0,,45,0,0
SA02/D05_SA02_R03.csv,SA02,SA,D,D05,R03,25.00,0,,45,0,0
SA02/D05_SA02_R04.csv,SA02,SA,D,D05,R04,25.00,0,,45,0,0
SA02/D05_SA02_R05.csv,SA02,SA,D,D05,R05,25.00,0,,45,0,0
SA02/D06_SA02_R01.csv,SA02,SA,D,D06,R01,25.00,1,13.98,45,22,1
SA02/D06_SA02_R02.csv,SA02,SA,D,D06,R02,25.00,1,14.48,45,21,1
SA02/D06_SA02_R03.csv,SA02,SA,D,D06,R03,25.00,0,,45,0,0
SA02/D06_SA02_R04.csv,SA02,SA,D,D06,R04,25.00,1,20.48,45,2,1
SA02/D06_SA02_R05.csv,SA02,SA,D,D06,R05,25.00,1,12.48,45,23,1
SA02/D07_SA02_R01.csv,SA02,SA,D,D07,R01,12.00,0,,19,0,0
SA02/D07_SA02_R02.csv,SA02,SA,D,D07,R02,12.00,0,,19,0,0
SA02/D07_SA02_R03.csv,SA02,SA,D,D07,R03,12.00,0,,19,0,0
SA02/D07_SA02_R04.csv,SA02,SA,D,D07,R04,12.00,0,,19,0,0
SA02/D07_SA02_R05.csv,SA02,SA,D,D07,R05,12.00,0,,19,0,0
SA02/D08_SA02_R01.csv,SA02,SA,D,D08,R01,12.00,0,,19,0,0
SA02/D08_SA02_R02.csv,SA02,SA,D,D08,R02,12.00,0,,19,0,0
SA02/D08_SA02_R03.csv,SA02,SA,D,D08,R03,12.00,0,,19,0,0
SA02/D08_SA02_R04.csv,SA02,SA,D,D08,R04,12.00,0,,19,0,0
SA02/D08_SA02_R05.csv,SA02,SA,D,D08,R05,12.00,1,5.48,19,18,1
SA02/D09_SA02_R01.csv,SA02,SA,D,D09,R01,12.00,0,,19,0,0
SA02/D09_SA02_R02.csv,SA02,SA,D,D09,R02,12.00,0,,19,0,0
SA02/D09_SA02_R03.csv,SA02,SA,D,D09,R03,12.00,0,,19,0,0
SA02/D09_SA02_R04.csv,SA02,SA,D,D09,R04,12.00,0,,19,0,0
SA02/D09_SA02_R05.csv,SA02,SA,D,D09,R05,12.00,0,,19,0,0
SA02/D10_SA02_R01.csv,SA02,SA,D,D10,R01,12.00,0,,19,0,0
SA02/D10_SA02_R02.csv,SA02,SA,D,D10,R02,12.00,0,,19,0,0
SA02/D10_SA02_R03.csv,SA02,SA,D,D10,R03,12.00,0,,19,0,0
SA02/D10_SA02_R04.csv,SA02,SA,D,D10,R04,12.00,0,,19,0,0
SA02/D10_SA02_R05.csv,SA02,SA,D,D10,R05,12.00,0,,19,0,0
SA02/D11_SA02_R01.csv,SA02,SA,D,D11,R01,12.00,1,5.48,19,18,1
SA02/D11_SA02_R02.csv,SA02,SA,D,D11,R02,12.00,1,6.98,19,15,1
SA02/D11_SA02_R03.csv,SA02,SA,D,D11,R03,12.00,1,7.48,19,14,1
SA02/D11_SA02_R04.csv,SA02,SA,D,D11,R04,12.00,1,7.48,19,14,1
SA02/D11_SA02_R05.csv,SA02,SA,D,D11,R05,12.00,1,9.48,19,10,1
SA02/D12_SA02_R01.csv,SA02,SA,D,D12,R01,12.00,0,,19,0,0
SA02/D12_SA02_R02.csv,SA02,SA,D,D12,R02,12.00,0,,19,0,0
SA02/D12_SA02_R03.csv,SA02,SA,D,D12,R03,12.00,0,,19,0,0
SA02/D12_SA02_R04.csv,SA02,SA,D,D12,R04,12.00,0,,19,0,0
SA02/D12_SA02_R05.csv,SA02,SA,D,D12,R05,12.00,0,,19,0,0
SA02/D13_SA02_R01.csv,SA02,SA,D,D13,R01,12.00,0,,19,0,0
SA02/D13_SA02_R02.csv,SA02,SA,D,D13,R02,12.00,0,,19,0,0
SA02/D13_SA02_R03.csv,SA02,SA,D,D13,R03,12.00,0,,19,0,0
SA02/D13_SA02_R04.csv,SA02,SA,D,D13,R04,12.00,0,,19,0,0
SA02/D13_SA02_R05.csv,SA02,SA,D,D13,R05,12.00,0,,19,0,0
SA02/D14_SA02_R01.csv,SA02,SA,D,D14,R01,11.99,0,,19,0,0
SA02/D14_SA02_R02.csv,SA02,SA,D,D14,R02,12.00,0,,19,0,0
SA02/D14_SA02_R03.csv,SA02,SA,D,D14,R03,12.00,0,,19,0,0
SA02/D14_SA02_R04.csv,SA02,SA,D,D14,R04,12.00,0,,19,0,0
SA02/D14_SA02_R05.csv,SA02,SA,D,D14,R05,12.00,0,,19,0,0
SA02/D15_SA02_R01.csv,SA02,SA,D,D15,R01,12.00,0,,19,0,0
SA02/D15_SA02_R02.csv,SA02,SA,D,D15,R02,12.00,0,,19,0,0
SA02/D15_SA02_R03.csv,SA02,SA,D,D15,R03,12.00,0,,19,0,0
SA02/D15_SA02_R04.csv,SA02,SA,D,D15,R04,12.00,0,,19,0,0
SA02/D15_SA02_R05.csv,SA02,SA,D,D15,R05,12.00,0,,19,0,0
SA02/D16_SA02_R01.csv,SA02,SA,D,D16,R01,11.99,0,,19,0,0
SA02/D16_SA02_R02.csv,SA02,SA,D,D16,R02,12.00,0,,19,0,0
SA02/D16_SA02_R03.csv,SA02,SA,D,D16,R03,12.00,0,,19,0,0
SA02/D16_SA02_R04.csv,SA02,SA,D,D16,R04,12.00,0,,19,0,0
SA02/D16_SA02_R05.csv,SA02,SA,D,D16,R05,12.00,0,,19,0,0
SA02/D17_SA02_R01.csv,SA02,SA,D,D17,R01,25.00,0,,45,0,0
SA02/D17_SA02_R02.csv,SA02,SA,D,D17,R02,25.00,0,,45,0,0
SA02/D17_SA02_R03.csv,SA02,SA,D,D17,R03,25.00,0,,45,0,0
SA02/D17_SA02_R04.csv,SA02,SA,D,D17,R04,25.00,0,,45,0,0
SA02/D17_SA02_R05.csv,SA02,SA,D,D17,R05,25.00,0,,45,0,0
SA02/D18_SA02_R01.csv,SA02,SA,D,D18,R01,12.00,1,7.48,19,14,1
SA02/D18_SA02_R02.csv,SA02,SA,D,D18,R02,12.00,0,,19,0,0
SA02/D18_SA02_R03.csv,SA02,SA,D,D18,R03,12.00,1,7.98,19,13,1
SA02/D18_SA02_R04.csv,SA02,SA,D,D18,R04,12.00,0,,19,15,0
SA02/D18_SA02_R05.csv,SA02,SA,D,D18,R05,12.00,0,,19,16,0
SA02/D19_SA02_R01.csv,SA02,SA,D,D19,R01,12.00,0,,19,0,0
SA02/D19_SA02_R02.csv,SA02,SA,D,D19,R02,12.00,0,,19,16,0
SA02/D19_SA02_R03.csv,SA02,SA,D,D19,R03,12.00,2,6.98 10.98,19,15,2
SA02/D19_SA02_R04.csv,SA02,SA,D,D19,R04,12.00,1,8.98,19,11,1
SA02/D19_SA02_R05.csv,SA02,SA,D,D19,R05,12.00,1,7.98,19,13,1
SA02/F01_SA02_R01.csv,SA02,SA,F,F01,R01,15.00,1,11.48,25,12,1
SA02/F01_SA02_R02.csv,SA02,SA,F,F01,R02,15.00,1,11.98,25,11,1
SA02/F01_SA02_R03.csv,SA02,SA,F,F01,R03,15.00,1,12.48,25,10,1
SA02/F01_SA02_R04.csv,SA02,SA,F,F01,R04,15.00,1,13.48,25,9,1
SA02/F01_SA02_R05.csv,SA02,SA,F,F01,R05,15.00,1,11.98,25,11,1
SA02/F02_SA02_R01.csv,SA02,SA,F,F02,R01,15.00,1,12.48,25,10,1
SA02/F02_SA02_R02.csv,SA02,SA,F,F02,R02,14.99,0,,25,1,0
SA02/F02_SA02_R03.csv,SA02,SA,F,F02,R03,15.00,1,13.98,25,7,1
SA02/F02_SA02_R04.csv,SA02,SA,F,F02,R04,15.00,0,,25,13,0
SA02/F02_SA02_R05.csv,SA02,SA,F,F02,R05,15.00,1,10.98,25,13,1
SA02/F03_SA02_R01.csv,SA02,SA,F,F03,R01,15.00,1,9.98,25,15,1
SA02/F03_SA02_R02.csv,SA02,SA,F,F03,R02,14.99,1,8.98,25,17,1
SA02/F03_SA02_R03.csv,SA02,SA,F,F03,R03,15.00,1,9.48,25,16,1
SA02/F03_SA02_R04.csv,SA02,SA,F,F03,R04,15.01,1,9.98,25,15,1
SA02/F03_SA02_R05.csv,SA02,SA,F,F03,R05,15.00,1,9.48,25,16,1
SA02/F04_SA02_R01.csv,SA02,SA,F,F04,R01,15.00,1,9.48,25,17,1
SA02/F04_SA02_R02.csv,SA02,SA,F,F04,R02,15.00,0,,25,12,0
SA02/F04_SA02_R03.csv,SA02,SA,F,F04,R03,15.00,1,10.48,25,14,1
SA02/F04_SA02_R04.csv,SA02,SA,F,F04,R04,15.00,1,9.98,25,15,1
SA02/F04_SA02_R05.csv,SA02,SA,F,F04,R05,15.00,1,9.98,25,15,1
SA02/F05_SA02_R01.csv,SA02,SA,F,F05,R01,15.00,1,14.98,25,22,1
SA02/F05_SA02_R02.csv,SA02,SA,F,F05,R02,15.00,0,,25,25,0
SA02/F05_SA02_R03.csv,SA02,SA,F,F05,R03,15.00,1,9.98,25,18,1
SA02/F05_SA02_R04.csv,SA02,SA,F,F05,R04,15.00,1,14.48,25,10,1
SA02/F05_SA02_R05.csv,SA02,SA,F,F05,R05,15.00,0,,25,11,0
SA02/F06_SA02_R01.csv,SA02,SA,F,F06,R01,15.00,1,10.48,25,14,1
SA02/F06_SA02_R02.csv,SA02,SA,F,F06,R02,15.00,1,12.98,25,9,1
SA02/F06_SA02_R03.csv,SA02,SA,F,F06,R03,15.00,1,12.98,25,9,1
SA02/F06_SA02_R04.csv,SA02,SA,F,F06,R04,15.00,1,12.98,25,10,1
SA02/F06_SA02_R05.csv,SA02,SA,F,F06,R05,15.00,1,11.98,25,11,1
SA02/F07_SA02_R01.csv,SA02,SA,F,F07,R01,15.00,1,12.48,25,11,1
SA02/F07_SA02_R02.csv,SA02,SA,F,F07,R02,15.00,1,12.48,25,10,1
SA02/F07_SA02_R03.csv,SA02,SA,F,F07,R03,15.00,1,11.98,25,11,1
SA02/F07_SA02_R04.csv,SA02,SA,F,F07,R04,15.00,1,11.98,25,11,1
SA02/F07_SA02_R05.csv,SA02,SA,F,F07,R05,15.00,1,11.98,25,12,1
SA02/F08_SA02_R01.csv,SA02,SA,F,F08,R01,15.00,1,9.48,25,16,1
SA02/F08_SA02_R02.csv,SA02,SA,F,F08,R02,15.00,1,8.98,25,17,1
SA02/F08_SA02_R03.csv,SA02,SA,F,F08,R03,15.00,0,,25,0,0
SA02/F08_SA02_R04.csv,SA02,SA,F,F08,R04,15.00,1,8.98,25,17,1
SA02/F08_SA02_R05.csv,SA02,SA,F,F08,R05,15.00,0,,25,0,0
SA02/F09_SA02_R01.csv,SA02,SA,F,F09,R01,15.00,0,,25,0,0
SA02/F09_SA02_R02.csv,SA02,SA,F,F09,R02,15.00,1,9.98,25,15,1
SA02/F09_SA02_R03.csv,SA02,SA,F,F09,R03,15.00,1,11.48,25,12,1
SA02/F09_SA02_R04.csv,SA02,SA,F,F09,R04,15.00,1,8.98,25,17,1
SA02/F09_SA02_R05.csv,SA02,SA,F,F09,R05,15.00,1,11.48,25,12,1
SA02/F10_SA02_R01.csv,SA02,SA,F,F10,R01,15.00,1,12.48,25,10,1
SA02/F10_SA02_R02.csv,SA02,SA,F,F10,R02,15.00,0,,25,0,0
SA02/F10_SA02_R03.csv,SA02,SA,F,F10,R03,15.00,0,,25,0,0
SA02/F10_SA02_R04.csv,SA02,SA,F,F10,R04,15.00,1,10.48,25,14,1
SA02/F10_SA02_R05.csv,SA02,SA,F,F10,R05,15.00,1,10.48,25,14,1
SA02/F11_SA02_R01.csv,SA02,SA,F,F11,R01,15.00,1,8.98,25,17,1
SA02/F11_SA02_R02.csv,SA02,SA,F,F11,R02,15.00,1,9.98,25,15,1
SA02/F11_SA02_R03.csv,SA02,SA,F,F11,R03,15.00,1,10.98,25,13,1
SA02/F11_SA02_R04.csv,SA02,SA,F,F11,R04,15.00,1,10.98,25,13,1
SA02/F11_SA02_R05.csv,SA02,SA,F,F11,R05,15.00,1,11.48,25,12,1
SA02/F12_SA02_R01.csv,SA02,SA,F,F12,R01,15.00,1,7.98,25,19,1
SA02/F12_SA02_R02.csv,SA02,SA,F,F12,R02,15.00,1,9.48,25,16,1
SA02/F12_SA02_R03.csv,SA02,SA,F,F12,R03,15.00,1,8.48,25,18,1
SA02/F12_SA02_R04.csv,SA02,SA,F,F12,R04,15.00,1,11.98,25,11,1
SA02/F12_SA02_R05.csv,SA02,SA,F,F12,R05,15.00,1,8.48,25,18,1
SA02/F13_SA02_R01.csv,SA02,SA,F,F13,R01,15.00,0,,25,0,0
SA02/F13_SA02_R02.csv,SA02,SA,F,F13,R02,15.00,0,,25,15,0
SA02/F13_SA02_R03.csv,SA02,SA,F,F13,R03,15.00,0,,25,16,0
SA02/F13_SA02_R04.csv,SA02,SA,F,F13,R04,15.00,1,10.98,25,13,1
SA02/F13_SA02_R05.csv,SA02,SA,F,F13,R05,15.00,0,,25,0,0
SA02/F14_SA02_R01.csv,SA02,SA,F,F14,R01,15.00,1,11.98,25,11,1
SA02/F14_SA02_R02.csv,SA02,SA,F,F14,R02,15.00,1,9.98,25,15,1
SA02/F14_SA02_R03.csv,SA02,SA,F,F14,R03,15.00,1,7.98,25,19,1
SA02/F14_SA02_R04.csv,SA02,SA,F,F14,R04,15.00,1,9.98,25,15,1
SA02/F14_SA02_R05.csv,SA02,SA,F,F14,R05,15.00,1,9.48,25,16,1
SA02/F15_SA02_R01.csv,SA02,SA,F,F15,R01,15.00,1,8.48,25,18,1
SA02/F15_SA02_R02.csv,SA02,SA,F,F15,R02,15.00,1,11.48,25,13,1
SA02/F15_SA02_R03.csv,SA02,SA,F,F15,R03,15.00,1,12.48,25,10,1
SA02/F15_SA02_R04.csv,SA02,SA,F,F15,R04,15.00,1,8.48,25,18,1
SA02/F15_SA02_R05.csv,SA02,SA,F,F15,R05,15.00,1,9.48,25,16,1
SA03/D01_SA03_R01.csv,SA03,SA,D,D01,R01,100.00,0,,195,0,0
SA03/D02_SA03_R01.csv,SA03,SA,D,D02,R01,100.00,0,,195,0,0
SA03/D03_SA03_R01.csv,SA03,SA,D,D03,R01,100.00,9,16.48 28.98 39.98 50.48 64.98 78.48 80.48 87.98 97.48,195,54,9
SA03/D04_SA03_R01.csv,SA03,SA,D,D04,R01,100.00,8,24.48 30.48 39.48 48.98 69.48 74.98 87.98 93.48,195,147,8
SA03/D05_SA03_R01.csv,SA03,SA,D,D05,R01,25.00,0,,45,0,0
SA03/D05_SA03_R02.csv,SA03,SA,D,D05,R02,25.00,0,,45,0,0
SA03/D05_SA03_R03.csv,SA03,SA,D,D05,R03,25.00,0,,45,0,0
SA03/D05_SA03_R04.csv,SA03,SA,D,D05,R04,25.00,0,,45,0,0
SA03/D05_SA03_R05.csv,SA03,SA,D,D05,R05,25.00,0,,45,0,0
SA03/D06_SA03_R01.csv,SA03,SA,D,D06,R01,25.00,1,17.48,45,28,1
SA03/D06_SA03_R02.csv,SA03,SA,D,D06,R02,25.00,2,16.98 21.48,45,26,2
SA03/D06_SA03_R03.csv,SA03,SA,D,D06,R03,25.00,1,21.48,45,33,1
SA03/D06_SA03_R04.csv,SA03,SA,D,D06,R04,25.00,2,14.48 19.48,45,32,2
SA03/D06_SA03_R05.csv,SA03,SA,D,D06,R05,25.00,1,20.48,45,33,1
SA03/D07_SA03_R01.csv,SA03,SA,D,D07,R01,12.00,0,,19,0,0
SA03/D07_SA03_R02.csv,SA03,SA,D,D07,R02,12.00,0,,19,0,0
SA03/D07_SA03_R03.csv,SA03,SA,D,D07,R03,12.00,0,,19,0,0
SA03/D07_SA03_R04.csv,SA03,SA,D,D07,R04,12.00,0,,19,0,0
SA03/D07_SA03_R05.csv,SA03,SA,D,D07,R05,12.00,0,,19,0,0
SA03/D08_SA03_R01.csv,SA03,SA,D,D08,R01,12.00,1,4.48,19,18,1
SA03/D08_SA03_R02.csv,SA03,SA,D,D08,R02,12.00,0,,19,0,0
SA03/D08_SA03_R03.csv,SA03,SA,D,D08,R03,12.00,0,,19,0,0
SA03/D08_SA03_R04.csv,SA03,SA,D,D08,R04,12.00,0,,19,0,0
SA03/D08_SA03_R05.csv,SA03,SA,D,D08,R05,12.00,0,,19,0,0
SA03/D09_SA03_R01.csv,SA03,SA,D,D09,R01,12.00,0,,19,0,0
SA03/D09_SA03_R02.csv,SA03,SA,D,D09,R02,12.00,0,,19,0,0
SA03/D09_SA03_R03.csv,SA03,SA,D,D09,R03,12.00,0,,19,0,0
SA03/D09_SA03_R04.csv,SA03,SA,D,D09,R04,12.00,0,,19,0,0
SA03/D09_SA03_R05.csv,SA03,SA,D,D09,R05,12.00,0,,19,0,0
SA03/D10_SA03_R01.csv,SA03,SA,D,D10,R01,12.00,0,,19,0,0
SA03/D10_SA03_R02.csv,SA03,SA,D,D10,R02,12.00,0,,19,0,0
SA03/D10_SA03_R03.csv,SA03,SA,D,D10,R03,12.00,0,,19,0,0
SA03/D10_SA03_R04.csv,SA03,SA,D,D10,R04,12.00,0,,19,0,0
SA03/D10_SA03_R05.csv,SA03,SA,D,D10,R05,12.00,0,,19,0,0
SA03/D11_SA03_R01.csv,SA03,SA,D,D11,R01,11.99,0,,19,0,0
SA03/D11_SA03_R02.csv,SA03,SA,D,D11,R02,12.00,0,,19,0,0
SA03/D11_SA03_R03.csv,SA03,SA,D,D11,R03,12.00,0,,19,0,0
SA03/D11_SA03_R04.csv,SA03,SA,D,D11,R04,11.99,0,,19,0,0
SA03/D11_SA03_R05.csv,SA03,SA,D,D11,R05,12.00,0,,19,0,0
SA03/D12_SA03_R01.csv,SA03,SA,D,D12,R01,12.00,0,,19,0,0
SA03/D12_SA03_R02.csv,SA03,SA,D,D12,R02,12.00,0,,19,0,0
SA03/D12_SA03_R03.csv,SA03,SA,D,D12,R03,12.00,0,,19,0,0
SA03/D12_SA03_R04.csv,SA03,SA,D,D12,R04,12.00,0,,19,0,0
SA03/D12_SA03_R05.csv,SA03,SA,D,D12,R05,12.00,0,,19,0,0
SA03/D13_SA03_R01.csv,SA03,SA,D,D13,R01,12.00,0,,19,0,0
SA03/D13_SA03_R02.csv,SA03,SA,D,D13,R02,12.00,0,,19,0,0
SA03/D13_SA03_R03.csv,SA03,SA,D,D13,R03,12.00,0,,19,0,0
SA03/D13_SA03_R04.csv,SA03,SA,D,D13,R04,12.00,0,,19,0,0
SA03/D13_SA03_R05.csv,SA03,SA,D,D13,R05,12.00,0,,19,0,0
SA03/D14_SA03_R01.csv,SA03,SA,D,D14,R01,12.00,0,,19,0,0
SA03/D14_SA03_R02.csv,SA03,SA,D,D14,R02,12.00,0,,19,0,0
SA03/D14_SA03_R03.csv,SA03,SA,D,D14,R03,12.00,0,,19,0,0
SA03/D14_SA03_R04.csv,SA03,SA,D,D14,R04,12.00,0,,19,0,0
SA03/D14_SA03_R05.csv,SA03,SA,D,D14,R05,12.00,0,,19,0,0
SA03/D15_SA03_R01.csv,SA03,SA,D,D15,R01,12.00,0,,19,0,0
SA03/D15_SA03_R02.csv,SA03,SA,D,D15,R02,12.00,0,,19,0,0
SA03/D15_SA03_R03.csv,SA03,SA,D,D15,R03,12.00,0,,19,0,0
SA03/D15_SA03_R04.csv,SA03,SA,D,D15,R04,12.00,0,,19,0,0
SA03/D15_SA03_R05.csv,SA03,SA,D,D15,R05,12.00,0,,19,0,0
SA03/D16_SA03_R01.csv,SA03,SA,D,D16,R01,11.99,0,,19,0,0
SA03/D16_SA03_R02.csv,SA03,SA,D,D16,R02,12.00,0,,19,0,0
SA03/D16_SA03_R03.csv,SA03,SA,D,D16,R03,12.00,0,,19,0,0
SA03/D16_SA03_R04.csv,SA03,SA,D,D16,R04,12.00,0,,19,0,0
SA03/D16_SA03_R05.csv,SA03,SA,D,D16,R05,12.00,0,,19,0,0
SA03/D17_SA03_R01.csv,SA03,SA,D,D17,R01,25.00,0,,45,0,0
SA03/D17_SA03_R02.csv,SA03,SA,D,D17,R02,25.00,0,,45,0,0
SA03/D17_SA03_R03.csv,SA03,SA,D,D17,R03,25.00,0,,45,0,0
SA03/D17_SA03_R04.csv,SA03,SA,D,D17,R04,25.00,0,,45,0,0
SA03/D17_SA03_R05.csv,SA03,SA,D,D17,R05,25.00,0,,45,0,0
SA03/D18_SA03_R01.csv,SA03,SA,D,D18,R01,12.00,1,4.98,19,19,1
SA03/D18_SA03_R02.csv,SA03,SA,D,D18,R02,12.00,1,5.98,19,17,1
SA03/D18_SA03_R03.csv,SA03,SA,D,D18,R03,12.00,1,8.48,19,13,1
SA03/D18_SA03_R04.csv,SA03,SA,D,D18,R04,12.00,1,6.98,19,15,1
SA03/D18_SA03_R05.csv,SA03,SA,D,D18,R05,12.00,1,7.98,19,13,1
SA03/D19_SA03_R01.csv,SA03,SA,D,D19,R01,12.00,1,6.98,19,19,1
SA03/D19_SA03_R02.csv,SA03,SA,D,D19,R02,12.00,2,5.48 7.98,19,18,2
SA03/D19_SA03_R03.csv,SA03,SA,D,D19,R03,12.00,1,7.48,19,19,1
SA03/D19_SA03_R04.csv,SA03,SA,D,D19,R04,12.00,0,,19,19,0
SA03/D19_SA03_R05.csv,SA03,SA,D,D19,R05,12.00,1,6.98,19,19,1
SA03/F01_SA03_R01.csv,SA03,SA,F,F01,R01,14.99,1,13.48,25,8,1
SA03/F01_SA03_R02.csv,SA03,SA,F,F01,R02,15.00,1,12.98,25,9,1
SA03/F01_SA03_R03.csv,SA03,SA,F,F01,R03,15.00,0,,25,0,0
SA03/F01_SA03_R04.csv,SA03,SA,F,F01,R04,15.00,1,11.98,25,12,1
SA03/F01_SA03_R05.csv,SA03,SA,F,F01,R05,15.00,1,9.98,25,15,1
SA03/F02_SA03_R01.csv,SA03,SA,F,F02,R01,15.00,1,9.48,25,16,1
SA03/F02_SA03_R02.csv,SA03,SA,F,F02,R02,15.00,1,8.98,25,17,1
SA03/F02_SA03_R03.csv,SA03,SA,F,F02,R03,15.00,1,9.98,25,15,1
SA03/F02_SA03_R04.csv,SA03,SA,F,F02,R04,15.00,1,8.98,25,17,1
SA03/F02_SA03_R05.csv,SA03,SA,F,F02,R05,15.00,1,9.48,25,16,1
SA03/F03_SA03_R01.csv,SA03,SA,F,F03,R01,15.00,1,9.48,25,16,1
SA03/F03_SA03_R02.csv,SA03,SA,F,F03,R02,15.00,1,10.48,25,14,1
SA03/F03_SA03_R03.csv,SA03,SA,F,F03,R03,15.00,1,9.98,25,16,1
SA03/F03_SA03_R04.csv,SA03,SA,F,F03,R04,15.00,1,9.48,25,16,1
SA03/F03_SA03_R05.csv,SA03,SA,F,F03,R05,15.00,1,10.48,25,14,1
SA03/F04_SA03_R01.csv,SA03,SA,F,F04,R01,15.00,1,13.98,25,7,1
SA03/F04_SA03_R02.csv,SA03,SA,F,F04,R02,15.00,1,13.98,25,7,1
SA03/F04_SA03_R03.csv,SA03,SA,F,F04,R03,15.00,1,12.98,25,9,1
SA03/F04_SA03_R04.csv,SA03,SA,F,F04,R04,15.00,1,13.48,25,8,1
SA03/F04_SA03_R05.csv,SA03,SA,F,F04,R05,15.00,1,12.48,25,10,1
SA03/F05_SA03_R01.csv,SA03,SA,F,F05,R01,15.00,1,9.48,25,18,1
SA03/F05_SA03_R02.csv,SA03,SA,F,F05,R02,15.00,1,9.48,25,19,1
SA03/F05_SA03_R03.csv,SA03,SA,F,F05,R03,15.00,0,,25,25,0
SA03/F05_SA03_R04.csv,SA03,SA,F,F05,R04,15.00,1,9.48,25,17,1
SA03/F05_SA03_R05.csv,SA03,SA,F,F05,R05,15.00,1,8.98,25,19,1
SA03/F06_SA03_R01.csv,SA03,SA,F,F06,R01,14.99,0,,25,0,0
SA03/F06_SA03_R02.csv,SA03,SA,F,F06,R02,15.00,1,12.98,25,10,1
SA03/F06_SA03_R03.csv,SA03,SA,F,F06,R03,15.00,0,,25,0,0
SA03/F06_SA03_R04.csv,SA03,SA,F,F06,R04,15.00,1,11.98,25,11,1
SA03/F06_SA03_R05.csv,SA03,SA,F,F06,R05,15.00,1,11.98,25,11,1
SA03/F07_SA03_R01.csv,SA03,SA,F,F07,R01,15.00,1,11.98,25,11,1
SA03/F07_SA03_R02.csv,SA03,SA,F,F07,R02,15.00,1,10.98,25,13,1
SA03/F07_SA03_R03.csv,SA03,SA,F,F07,R03,15.00,0,,25,0,0
SA03/F07_SA03_R04.csv,SA03,SA,F,F07,R04,15.00,0,,25,0,0
SA03/F07_SA03_R05.csv,SA03,SA,F,F07,R05,15.00,0,,25,0,0
SA03/F08_SA03_R01.csv,SA03,SA,F,F08,R01,14.99,1,10.48,25,14,1
SA03/F08_SA03_R02.csv,SA03,SA,F,F08,R02,15.00,1,8.48,25,18,1
SA03/F08_SA03_R03.csv,SA03,SA,F,F08,R03,15.00,1,8.48,25,18,1
SA03/F08_SA03_R04.csv,SA03,SA,F,F08,R04,15.00,1,8.98,25,18,1
SA03/F08_SA03_R05.csv,SA03,SA,F,F08,R05,15.00,1,9.48,25,16,1
SA03/F09_SA03_R01.csv,SA03,SA,F,F09,R01,14.99,1,7.48,25,20,1
SA03/F09_SA03_R02.csv,SA03,SA,F,F09,R02,15.00,1,7.98,25,19,1
SA03/F09_SA03_R03.csv,SA03,SA,F,F09,R03,15.00,1,8.48,25,18,1
SA03/F09_SA03_R04.csv,SA03,SA,F,F09,R04,15.00,1,6.48,25,20,1
SA03/F09_SA03_R05.csv,SA03,SA,F,F09,R05,15.00,1,7.98,25,19,1
SA03/F10_SA03_R01.csv,SA03,SA,F,F10,R01,15.00,1,7.48,25,20,1
SA03/F10_SA03_R02.csv,SA03,SA,F,F10,R02,15.00,1,10.98,25,13,1
SA03/F10_SA03_R03.csv,SA03,SA,F,F10,R03,15.00,1,9.48,25,17,1
SA03/F10_SA03_R04.csv,SA03,SA,F,F10,R04,15.00,1,11.98,25,11,1
SA03/F10_SA03_R05.csv,SA03,SA,F,F10,R05,15.00,1,10.48,25,14,1
SA03/F11_SA03_R01.csv,SA03,SA,F,F11,R01,14.99,1,7.98,25,20,1
SA03/F11_SA03_R02.csv,SA03,SA,F,F11,R02,15.00,1,8.48,25,18,1
SA03/F11_SA03_R03.csv,SA03,SA,F,F11,R03,15.00,1,8.98,25,17,1
SA03/F11_SA03_R04.csv,SA03,SA,F,F11,R04,15.00,1,8.98,25,17,1
SA03/F11_SA03_R05.csv,SA03,SA,F,F11,R05,15.00,1,7.48,25,19,1
SA03/F12_SA03_R01.csv,SA03,SA,F,F12,R01,15.00,1,7.48,25,20,1
SA03/F12_SA03_R02.csv,SA03,SA,F,F12,R02,15.00,1,9.98,25,15,1
SA03/F12_SA03_R03.csv,SA03,SA,F,F12,R03,15.00,1,8.98,25,17,1
SA03/F12_SA03_R04.csv,SA03,SA,F,F12,R04,15.00,1,7.48,25,20,1
SA03/F12_SA03_R05.csv,SA03,SA,F,F12,R05,15.00,1,7.48,25,20,1
SA03/F13_SA03_R01.csv,SA03,SA,F,F13,R01,15.00,0,,25,0,0
SA03/F13_SA03_R02.csv,SA03,SA,F,F13,R02,15.00,1,7.98,25,19,1
SA03/F13_SA03_R03.csv,SA03,SA,F,F13,R03,15.00,0,,25,0,0
SA03/F13_SA03_R04.csv,SA03,SA,F,F13,R04,15.00,1,7.48,25,20,1
SA03/F13_SA03_R05.csv,SA03,SA,F,F13,R05,15.00,1,8.48,25,18,1
SA03/F14_SA03_R01.csv,SA03,SA,F,F14,R01,15.00,0,,25,0,0
SA03/F14_SA03_R02.csv,SA03,SA,F,F14,R02,15.00,1,7.98,25,19,1
SA03/F14_SA03_R03.csv,SA03,SA,F,F14,R03,15.00,0,,25,0,0
SA03/F14_SA03_R04.csv,SA03,SA,F,F14,R04,15.00,1,7.98,25,20,1
SA03/F14_SA03_R05.csv,SA03,SA,F,F14,R05,15.00,1,6.98,25,20,1
SA03/F15_SA03_R01.csv,SA03,SA,F,F15,R01,15.00,1,6.48,25,20,1
SA03/F15_SA03_R02.csv,SA03,SA,F,F15,R02,15.00,1,7.98,25,19,1
SA03/F15_SA03_R03.csv,SA03,SA,F,F15,R03,15.00,0,,25,0,0
SA03/F15_SA03_R04.csv,SA03,SA,F,F15,R04,15.00,1,8.48,25,18,1
SA03/F15_SA03_R05.csv,SA03,SA,F,F15,R05,15.00,1,8.98,25,17,1
SA04/D01_SA04_R01.csv,SA04,SA,D,D01,R01,100.00,0,,195,0,0
SA04/D02_SA04_R01.csv,SA04,SA,D,D02,R01,100.00,0,,195,0,0
SA04/D03_SA04_R01.csv,SA04,SA,D,D03,R01,100.00,4,16.48 40.98 60.98 82.48,195,165,4
SA04/D04_SA04_R01.csv,SA04,SA,D,D04,R01,100.00,1,15.48,195,184,1
SA04/D05_SA04_R01.csv,SA04,SA,D,D05,R01,25.00,0,,45,0,0
SA04/D05_SA04_R02.csv,SA04,SA,D,D05,R02,25.00,0,,45,0,0
SA04/D05_SA04_R03.csv,SA04,SA,D,D05,R03,25.00,0,,45,0,0
SA04/D05_SA04_R04.csv,SA04,SA,D,D05,R04,25.00,0,,45,0,0
SA04/D05_SA04_R05.csv,SA04,SA,D,D05,R05,25.00,0,,45,0,0
SA04/D06_SA04_R01.csv,SA04,SA,D,D06,R01,25.00,1,13.48,45,34,1
SA04/D06_SA04_R02.csv,SA04,SA,D,D06,R02,25.00,1,20.48,45,32,1
SA04/D06_SA04_R03.csv,SA04,SA,D,D06,R03,25.00,1,21.48,45,33,1
SA04/D06_SA04_R04.csv,SA04,SA,D,D06,R04,25.00,1,18.48,45,32,1
SA04/D06_SA04_R05.csv,SA04,SA,D,D06,R05,25.00,1,15.98,45,31,1
SA04/D07_SA04_R01.csv,SA04,SA,D,D07,R01,12.00,0,,19,0,0
SA04/D07_SA04_R02.csv,SA04,SA,D,D07,R02,12.00,0,,19,0,0
SA04/D07_SA04_R03.csv,SA04,SA,D,D07,R03,12.00,0,,19,0,0
SA04/D07_SA04_R04.csv,SA04,SA,D,D07,R04,12.00,0,,19,0,0
SA04/D07_SA04_R05.csv,SA04,SA,D,D07,R05,12.00,0,,19,0,0
SA04/D08_SA04_R01.csv,SA04,SA,D,D08,R01,12.00,0,,19,0,0
SA04/D08_SA04_R02.csv,SA04,SA,D,D08,R02,12.00,0,,19,0,0
SA04/D08_SA04_R03.csv,SA04,SA,D,D08,R03,12.00,0,,19,0,0
SA04/D08_SA04_R04.csv,SA04,SA,D,D08,R04,12.00,0,,19,0,0
SA04/D08_SA04_R05.csv,SA04,SA,D,D08,R05,12.00,0,,19,0,0
SA04/D09_SA04_R01.csv,SA04,SA,D,D09,R01,12.00,0,,19,0,0
SA04/D09_SA04_R02.csv,SA04,SA,D,D09,R02,12.00,0,,19,0,0
SA04/D09_SA04_R03.csv,SA04,SA,D,D09,R03,12.00,0,,19,0,0
SA04/D09_SA04_R04.csv,SA04,SA,D,D09,R04,12.00,0,,19,0,0
SA04/D09_SA04_R05.csv,SA04,SA,D,D09,R05,12.00,0,,19,0,0
SA04/D10_SA04_R01.csv,SA04,SA,D,D10,R01,12.00,0,,19,0,0
SA04/D10_SA04_R02.csv,SA04,SA,D,D10,R02,12.00,0,,19,0,0
SA04/D10_SA04_R03.csv,SA04,SA,D,D10,R03,12.00,1,6.98,19,15,1
SA04/D10_SA04_R04.csv,SA04,SA,D,D10,R04,12.00,1,6.48,19,16,1
SA04/D10_SA04_R05.csv,SA04,SA,D,D10,R05,12.00,0,,19,0,0
SA04/D11_SA04_R01.csv,SA04,SA,D,D11,R01,12.00,1,6.98,19,15,1
SA04/D11_SA04_R02.csv,SA04,SA,D,D11,R02,12.00,1,7.48,19,14,1
SA04/D11_SA04_R03.csv,SA04,SA,D,D11,R03,12.00,1,6.98,19,15,1
SA04/D11_SA04_R04.csv,SA04,SA,D,D11,R04,12.00,1,7.98,19,13,1
SA04/D11_SA04_R05.csv,SA04,SA,D,D11,R05,12.00,1,5.98,19,17,1
SA04/D12_SA04_R01.csv,SA04,SA,D,D12,R01,12.00,0,,19,0,0
SA04/D12_SA04_R02.csv,SA04,SA,D,D12,R02,12.00,0,,19,0,0
SA04/D12_SA04_R03.csv,SA04,SA,D,D12,R03,12.00,0,,19,0,0
SA04/D12_SA04_R04.csv,SA04,SA,D,D12,R04,12.00,0,,19,0,0
SA04/D12_SA04_R05.csv,SA04,SA,D,D12,R05,12.00,0,,19,0,0
SA04/D13_SA04_R01.csv,SA04,SA,D,D13,R01,12.00,0,,19,0,0
SA04/D13_SA04_R02.csv,SA04,SA,D,D13,R02,12.00,0,,19,0,0
SA04/D13_SA04_R03.csv,SA04,SA,D,D13,R03,12.00,0,,19,0,0
SA04/D13_SA04_R04.csv,SA04,SA,D,D13,R04,12.00,0,,19,0,0
SA04/D13_SA04_R05.csv,SA04,SA,D,D13,R05,12.00,0,,19,0,0
SA04/D14_SA04_R01.csv,SA04,SA,D,D14,R01,12.00,0,,19,0,0
SA04/D14_SA04_R02.csv,SA04,SA,D,D14,R02,12.00,0,,19,0,0
SA04/D14_SA04_R03.csv,SA04,SA,D,D14,R03,12.00,0,,19,0,0
SA04/D14_SA04_R04.csv,SA04,SA,D,D14,R04,12.00,0,,19,0,0
SA04/D14_SA04_R05.csv,SA04,SA,D,D14,R05,12.00,0,,19,0,0
SA04/D15_SA04_R01.csv,SA04,SA,D,D15,R01,12.00,0,,19,0,0
SA04/D15_SA04_R02.csv,SA04,SA,D,D15,R02,12.00,0,,19,0,0
SA04/D15_SA04_R03.csv,SA04,SA,D,D15,R03,12.00,0,,19,0,0
SA04/D15_SA04_R04.csv,SA04,SA,D,D15,R04,12.00,0,,19,0,0
SA04/D15_SA04_R05.csv,SA04,SA,D,D15,R05,12.00,0,,19,0,0
SA04/D16_SA04_R01.csv,SA04,SA,D,D16,R01,11.99,0,,19,0,0
SA04/D16_SA04_R02.csv,SA04,SA,D,D16,R02,12.00,0,,19,0,0
SA04/D16_SA04_R03.csv,SA04,SA,D,D16,R03,12.00,0,,19,0,0
SA04/D16_SA04_R04.csv,SA04,SA,D,D16,R04,12.00,0,,19,0,0
SA04/D16_SA04_R05.csv,SA04,SA,D,D16,R05,12.00,0,,19,0,0
SA04/D17_SA04_R01.csv,SA04,SA,D,D17,R01,25.00,0,,45,0,0
SA04/D17_SA04_R02.csv,SA04,SA,D,D17,R02,25.00,0,,45,0,0
SA04/D17_SA04_R03.csv,SA04,SA,D,D17,R03,25.00,0,,45,0,0
SA04/D17_SA04_R04.csv,SA04,SA,D,D17,R04,25.00,0,,45,0,0
SA04/D17_SA04_R05.csv,SA04,SA,D,D17,R05,25.00,0,,45,0,0
SA04/D18_SA04_R01.csv,SA04,SA,D,D18,R01,12.00,0,,19,17,0
SA04/D18_SA04_R02.csv,SA04,SA,D,D18,R02,12.00,1,7.98,19,13,1
SA04/D18_SA04_R03.csv,SA04,SA,D,D18,R03,12.00,0,,19,13,0
SA04/D18_SA04_R04.csv,SA04,SA,D,D18,R04,12.00,1,8.98,19,13,1
SA04/D18_SA04_R05.csv,SA04,SA,D,D18,R05,12.00,0,,19,13,0
SA04/D19_SA04_R01.csv,SA04,SA,D,D19,R01,12.00,1,9.98,19,16,1
SA04/D19_SA04_R02.csv,SA04,SA,D,D19,R02,12.00,1,5.98,19,17,1
SA04/D19_SA04_R03.csv,SA04,SA,D,D19,R03,12.00,1,8.98,19,11,1
SA04/D19_SA04_R04.csv,SA04,SA,D,D19,R04,12.00,1,6.48,19,17,1
SA04/D19_SA04_R05.csv,SA04,SA,D,D19,R05,12.00,1,5.98,19,17,1
SA04/F01_SA04_R01.csv,SA04,SA,F,F01,R01,14.99,1,13.48,25,9,1
SA04/F01_SA04_R02.csv,SA04,SA,F,F01,R02,15.00,1,12.48,25,11,1
SA04/F01_SA04_R03.csv,SA04,SA,F,F01,R03,15.00,1,11.98,25,11,1
SA04/F01_SA04_R04.csv,SA04,SA,F,F01,R04,15.00,1,11.98,25,12,1
SA04/F01_SA04_R05.csv,SA04,SA,F,F01,R05,15.00,1,12.48,25,11,1
SA04/F02_SA04_R01.csv,SA04,SA,F,F02,R01,15.00,1,9.48,25,16,1
SA04/F02_SA04_R02.csv,SA04,SA,F,F02,R02,15.00,1,10.48,25,14,1
SA04/F02_SA04_R03.csv,SA04,SA,F,F02,R03,15.00,1,9.98,25,15,1
SA04/F02_SA04_R04.csv,SA04,SA,F,F02,R04,15.00,1,8.48,25,18,1
SA04/F02_SA04_R05.csv,SA04,SA,F,F02,R05,15.00,1,9.98,25,15,1
SA04/F03_SA04_R01.csv,SA04,SA,F,F03,R01,15.00,1,8.98,25,17,1
SA04/F03_SA04_R02.csv,SA04,SA,F,F03,R02,15.00,1,7.98,25,19,1
SA04/F03_SA04_R03.csv,SA04,SA,F,F03,R03,15.00,1,9.48,25,16,1
SA04/F03_SA04_R04.csv,SA04,SA,F,F03,R04,15.00,1,9.98,25,15,1
SA04/F03_SA04_R05.csv,SA04,SA,F,F03,R05,15.00,1,9.48,25,16,1
SA04/F04_SA04_R01.csv,SA04,SA,F,F04,R01,15.00,1,11.98,25,12,1
SA04/F04_SA04_R02.csv,SA04,SA,F,F04,R02,15.00,1,11.48,25,12,1
SA04/F04_SA04_R03.csv,SA04,SA,F,F04,R03,15.00,1,11.98,25,11,1
SA04/F04_SA04_R04.csv,SA04,SA,F,F04,R04,15.00,1,11.48,25,12,1
SA04/F04_SA04_R05.csv,SA04,SA,F,F04,R05,15.00,1,11.98,25,12,1
SA04/F05_SA04_R01.csv,SA04,SA,F,F05,R01,15.00,1,8.48,25,24,1
SA04/F05_SA04_R02.csv,SA04,SA,F,F05,R02,15.00,2,4.98 14.98,25,25,2
SA04/F05_SA04_R03.csv,SA04,SA,F,F05,R03,15.00,1,8.48,25,18,1
SA04/F05_SA04_R04.csv,SA04,SA,F,F05,R04,15.00,1,6.98,25,22,1
SA04/F05_SA04_R05.csv,SA04,SA,F,F05,R05,15.00,1,7.98,25,25,1
SA04/F06_SA04_R01.csv,SA04,SA,F,F06,R01,14.99,1,10.98,25,13,1
SA04/F06_SA04_R02.csv,SA04,SA,F,F06,R02,15.00,1,11.48,25,12,1
SA04/F06_SA04_R03.csv,SA04,SA,F,F06,R03,15.00,1,12.48,25,11,1
SA04/F06_SA04_R04.csv,SA04,SA,F,F06,R04,15.00,1,11.98,25,11,1
SA04/F06_SA04_R05.csv,SA04,SA,F,F06,R05,15.00,1,11.98,25,11,1
SA04/F07_SA04_R01.csv,SA04,SA,F,F07,R01,15.00,1,9.98,25,15,1
SA04/F07_SA04_R02.csv,SA04,SA,F,F07,R02,14.99,1,9.48,25,16,1
SA04/F07_SA04_R03.csv,SA04,SA,F,F07,R03,15.00,1,8.98,25,17,1
SA04/F07_SA04_R04.csv,SA04,SA,F,F07,R04,15.00,1,7.98,25,19,1
SA04/F07_SA04_R05.csv,SA04,SA,F,F07,R05,15.00,1,10.48,25,14,1
SA04/F08_SA04_R01.csv,SA04,SA,F,F08,R01,15.00,1,6.98,25,20,1
SA04/F08_SA04_R02.csv,SA04,SA,F,F08,R02,15.00,1,6.98,25,20,1
SA04/F08_SA04_R03.csv,SA04,SA,F,F08,R03,15.00,1,6.98,25,20,1
SA04/F08_SA04_R04.csv,SA04,SA,F,F08,R04,15.00,1,6.48,25,19,1
SA04/F08_SA04_R05.csv,SA04,SA,F,F08,R05,15.00,1,5.98,25,20,1
SA04/F09_SA04_R01.csv,SA04,SA,F,F09,R01,15.00,1,6.98,25,20,1
SA04/F09_SA04_R02.csv,SA04,SA,F,F09,R02,15.00,1,10.98,25,13,1
SA04/F09_SA04_R03.csv,SA04,SA,F,F09,R03,15.00,1,8.98,25,17,1
SA04/F09_SA04_R04.csv,SA04,SA,F,F09,R04,15.00,1,9.98,25,15,1
SA04/F09_SA04_R05.csv,SA04,SA,F,F09,R05,15.00,1,9.98,25,15,1
SA04/F10_SA04_R01.csv,SA04,SA,F,F10,R01,15.00,1,7.98,25,19,1
SA04/F10_SA04_R02.csv,SA04,SA,F,F10,R02,15.00,1,9.98,25,15,1
SA04/F10_SA04_R03.csv,SA04,SA,F,F10,R03,15.00,1,10.98,25,13,1
SA04/F10_SA04_R04.csv,SA04,SA,F,F10,R04,15.00,0,,25,0,0
SA04/F10_SA04_R05.csv,SA04,SA,F,F10,R05,15.00,1,11.48,25,12,1
SA04/F11_SA04_R01.csv,SA04,SA,F,F11,R01,14.99,1,7.98,25,19,1
SA04/F11_SA04_R02.csv,SA04,SA,F,F11,R02,15.00,0,,25,0,0
SA04/F11_SA04_R03.csv,SA04,SA,F,F11,R03,15.00,0,,25,0,0
SA04/F11_SA04_R04.csv,SA04,SA,F,F11,R04,15.00,0,,25,0,0
SA04/F11_SA04_R05.csv,SA04,SA,F,F11,R05,15.00,1,6.98,25,19,1
SA04/F12_SA04_R01.csv,SA04,SA,F,F12,R01,15.00,1,6.98,25,19,1
SA04/F12_SA04_R02.csv,SA04,SA,F,F12,R02,15.00,1,6.98,25,19,1
SA04/F12_SA04_R03.csv,SA04,SA,F,F12,R03,15.00,0,,25,0,0
SA04/F12_SA04_R04.csv,SA04,SA,F,F12,R04,15.00,1,6.98,25,20,1
SA04/F12_SA04_R05.csv,SA04,SA,F,F12,R05,15.00,1,6.98,25,20,1
SA04/F13_SA04_R01.csv,SA04,SA,F,F13,R01,15.00,0,,25,0,0
SA04/F13_SA04_R02.csv,SA04,SA,F,F13,R02,15.00,0,,25,0,0
SA04/F13_SA04_R03.csv,SA04,SA,F,F13,R03,15.00,1,7.48,25,20,1
SA04/F13_SA04_R04.csv,SA04,SA,F,F13,R04,15.00,0,,25,0,0
SA04/F13_SA04_R05.csv,SA04,SA,F,F13,R05,15.00,1,6.98,25,19,1
SA04/F14_SA04_R01.csv,SA04,SA,F,F14,R01,15.00,1,5.48,25,20,1
SA04/F14_SA04_R02.csv,SA04,SA,F,F14,R02,15.00,1,6.48,25,20,1
SA04/F14_SA04_R03.csv,SA04,SA,F,F14,R03,15.00,1,4.98,25,20,1
SA04/F14_SA04_R04.csv,SA04,SA,F,F14,R04,15.00,1,5.98,25,20,1
SA04/F14_SA04_R05.csv,SA04,SA,F,F14,R05,15.00,1,7.48,25,20,1
SA04/F15_SA04_R01.csv,SA04,SA,F,F15,R01,15.00,1,5.48,25,20,1
SA04/F15_SA04_R02.csv,SA04,SA,F,F15,R02,15.00,0,,25,0,0
SA04/F15_SA04_R03.csv,SA04,SA,F,F15,R03,15.00,1,7.48,25,19,1
SA04/F15_SA04_R04.csv,SA04,SA,F,F15,R04,15.00,1,7.98,25,19,1
SA04/F15_SA04_R05.csv,SA04,SA,F,F15,R05,15.00,1,6.98,25,19,1
SA05/D01_SA05_R01.csv,SA05,SA,D,D01,R01,100.00,0,,195,0,0
SA05/D02_SA05_R01.csv,SA05,SA,D,D02,R01,100.00,0,,195,0,0
SA05/D03_SA05_R01.csv,SA05,SA,D,D03,R01,100.00,8,10.98 14.98 25.48 39.98 47.98 52.48 67.48 73.48,195,85,8
SA05/D04_SA05_R01.csv,SA05,SA,D,D04,R01,100.00,0,,195,174,0
SA05/D05_SA05_R01.csv,SA05,SA,D,D05,R01,25.00,0,,45,0,0
SA05/D05_SA05_R02.csv,SA05,SA,D,D05,R02,25.00,0,,45,0,0
SA05/D05_SA05_R03.csv,SA05,SA,D,D05,R03,25.00,0,,45,0,0
SA05/D05_SA05_R04.csv,SA05,SA,D,D05,R04,25.00,0,,45,0,0
SA05/D05_SA05_R05.csv,SA05,SA,D,D05,R05,25.00,0,,45,0,0
SA05/D06_SA05_R01.csv,SA05,SA,D,D06,R01,25.00,1,19.48,45,34,1
SA05/D06_SA05_R02.csv,SA05,SA,D,D06,R02,25.00,1,16.98,45,32,1
SA05/D06_SA05_R03.csv,SA05,SA,D,D06,R03,25.00,2,15.48 16.48,45,33,2
SA05/D06_SA05_R04.csv,SA05,SA,D,D06,R04,25.00,2,15.48 20.48,45,34,2
SA05/D06_SA05_R05.csv,SA05,SA,D,D06,R05,25.00,2,15.48 22.48,45,36,2
SA05/D07_SA05_R01.csv,SA05,SA,D,D07,R01,12.00,0,,19,0,0
SA05/D07_SA05_R02.csv,SA05,SA,D,D07,R02,12.00,0,,19,0,0
SA05/D07_SA05_R03.csv,SA05,SA,D,D07,R03,12.00,0,,19,0,0
SA05/D07_SA05_R04.csv,SA05,SA,D,D07,R04,12.00,0,,19,0,0
SA05/D07_SA05_R05.csv,SA05,SA,D,D07,R05,12.00,0,,19,0,0
SA05/D08_SA05_R01.csv,SA05,SA,D,D08,R01,12.00,0,,19,0,0
SA05/D08_SA05_R02.csv,SA05,SA,D,D08,R02,12.00,0,,19,0,0
SA05/D08_SA05_R03.csv,SA05,SA,D,D08,R03,12.00,0,,19,0,0
SA05/D08_SA05_R04.csv,SA05,SA,D,D08,R04,12.00,0,,19,0,0
SA05/D08_SA05_R05.csv,SA05,SA,D,D08,R05,12.00,0,,19,0,0
SA05/D09_SA05_R01.csv,SA05,SA,D,D09,R01,12.00,0,,19,0,0
SA05/D09_SA05_R02.csv,SA05,SA,D,D09,R02,12.00,0,,19,0,0
SA05/D09_SA05_R03.csv,SA05,SA,D,D09,R03,12.00,0,,19,0,0
SA05/D09_SA05_R04.csv,SA05,SA,D,D09,R04,12.00,0,,19,0,0
SA05/D09_SA05_R05.csv,SA05,SA,D,D09,R05,12.00,0,,19,0,0
SA05/D10_SA05_R01.csv,SA05,SA,D,D10,R01,12.00,0,,19,0,0
SA05/D10_SA05_R02.csv,SA05,SA,D,D10,R02,12.00,0,,19,0,0
SA05/D10_SA05_R03.csv,SA05,SA,D,D10,R03,12.00,0,,19,0,0
SA05/D10_SA05_R04.csv,SA05,SA,D,D10,R04,12.00,0,,19,0,0
SA05/D10_SA05_R05.csv,SA05,SA,D,D10,R05,12.00,0,,19,0,0
SA05/D11_SA05_R01.csv,SA05,SA,D,D11,R01,11.99,1,6.48,19,16,1
SA05/D11_SA05_R02.csv,SA05,SA,D,D11,R02,12.00,1,6.98,19,15,1
SA05/D11_SA05_R03.csv,SA05,SA,D,D11,R03,12.00,1,6.48,19,16,1
SA05/D11_SA05_R04.csv,SA05,SA,D,D11,R04,12.00,0,,19,0,0
SA05/D11_SA05_R05.csv,SA05,SA,D,D11,R05,12.00,1,7.48,19,14,1
SA05/D12_SA05_R01.csv,SA05,SA,D,D12,R01,12.00,0,,19,0,0
SA05/D12_SA05_R02.csv,SA05,SA,D,D12,R02,12.00,0,,19,0,0
SA05/D12_SA05_R03.csv,SA05,SA,D,D12,R03,12.00,0,,19,0,0
SA05/D12_SA05_R04.csv,SA05,SA,D,D12,R04,12.00,0,,19,0,0
SA05/D12_SA05_R05.csv,SA05,SA,D,D12,R05,12.00,0,,19,0,0
SA05/D13_SA05_R01.csv,SA05,SA,D,D13,R01,12.00,1,8.98,19,11,1
SA05/D13_SA05_R02.csv,SA05,SA,D,D13,R02,12.00,0,,19,0,0
SA05/D13_SA05_R03.csv,SA05,SA,D,D13,R03,12.00,0,,19,0,0
SA05/D13_SA05_R04.csv,SA05,SA,D,D13,R04,12.00,0,,19,0,0
SA05/D13_SA05_R05.csv,SA05,SA,D,D13,R05,12.00,0,,19,0,0
SA05/D14_SA05_R01.csv,SA05,SA,D,D14,R01,12.00,0,,19,0,0
SA05/D14_SA05_R02.csv,SA05,SA,D,D14,R02,12.00,0,,19,0,0
SA05/D14_SA05_R03.csv,SA05,SA,D,D14,R03,12.00,0,,19,0,0
SA05/D14_SA05_R04.csv,SA05,SA,D,D14,R04,12.00,0,,19,0,0
SA05/D14_SA05_R05.csv,SA05,SA,D,D14,R05,12.00,0,,19,0,0
SA05/D15_SA05_R01.csv,SA05,SA,D,D15,R01,12.00,0,,19,0,0
SA05/D15_SA05_R02.csv,SA05,SA,D,D15,R02,12.00,0,,19,0,0
SA05/D15_SA05_R03.csv,SA05,SA,D,D15,R03,12.00,0,,19,0,0
SA05/D15_SA05_R04.csv,SA05,SA,D,D15,R04,12.00,0,,19,0,0
SA05/D15_SA05_R05.csv,SA05,SA,D,D15,R05,12.00,0,,19,0,0
SA05/D16_SA05_R01.csv,SA05,SA,D,D16,R01,11.99,0,,19,0,0
SA05/D16_SA05_R02.csv,SA05,SA,D,D16,R02,12.00,0,,19,0,0
SA05/D16_SA05_R03.csv,SA05,SA,D,D16,R03,12.00,0,,19,0,0
SA05/D16_SA05_R04.csv,SA05,SA,D,D16,R04,12.00,0,,19,0,0
SA05/D16_SA05_R05.csv,SA05,SA,D,D16,R05,12.00,0,,19,0,0
SA05/D17_SA05_R01.csv,SA05,SA,D,D17,R01,25.00,0,,45,0,0
SA05/D17_SA05_R02.csv,SA05,SA,D,D17,R02,25.00,0,,45,0,0
SA05/D17_SA05_R03.csv,SA05,SA,D,D17,R03,25.00,0,,45,0,0
SA05/D17_SA05_R04.csv,SA05,SA,D,D17,R04,25.00,0,,45,0,0
SA05/D17_SA05_R05.csv,SA05,SA,D,D17,R05,25.00,0,,45,0,0
SA05/D18_SA05_R01.csv,SA05,SA,D,D18,R01,12.00,1,8.48,19,12,1
SA05/D18_SA05_R02.csv,SA05,SA,D,D18,R02,12.00,1,8.48,19,13,1
SA05/D18_SA05_R03.csv,SA05,SA,D,D18,R03,12.00,1,9.48,19,10,1
SA05/D18_SA05_R04.csv,SA05,SA,D,D18,R04,12.00,0,,19,11,0
SA05/D18_SA05_R05.csv,SA05,SA,D,D18,R05,12.00,1,8.48,19,13,1
SA05/D19_SA05_R01.csv,SA05,SA,D,D19,R01,12.00,0,,19,19,0
SA05/D19_SA05_R02.csv,SA05,SA,D,D19,R02,12.00,0,,19,19,0
SA05/D19_SA05_R03.csv,SA05,SA,D,D19,R03,12.00,1,11.48,19,19,1
SA05/D19_SA05_R04.csv,SA05,SA,D,D19,R04,12.00,0,,19,19,0
SA05/D19_SA05_R05.csv,SA05,SA,D,D19,R05,12.00,0,,19,19,0
SA05/F01_SA05_R01.csv,SA05,SA,F,F01,R01,14.99,1,11.48,25,12,1
SA05/F01_SA05_R02.csv,SA05,SA,F,F01,R02,15.00,1,11.48,25,12,1
SA05/F01_SA05_R03.csv,SA05,SA,F,F01,R03,15.00,1,10.98,25,13,1
SA05/F01_SA05_R04.csv,SA05,SA,F,F01,R04,15.00,1,10.98,25,13,1
SA05/F01_SA05_R05.csv,SA05,SA,F,F01,R05,15.00,1,11.98,25,11,1
SA05/F02_SA05_R01.csv,SA05,SA,F,F02,R01,15.00,1,8.48,25,18,1
SA05/F02_SA05_R02.csv,SA05,SA,F,F02,R02,15.00,1,9.48,25,16,1
SA05/F02_SA05_R03.csv,SA05,SA,F,F02,R03,15.00,1,8.98,25,17,1
SA05/F02_SA05_R04.csv,SA05,SA,F,F02,R04,15.00,1,10.48,25,14,1
SA05/F02_SA05_R05.csv,SA05,SA,F,F02,R05,15.00,1,9.48,25,17,1
SA05/F03_SA05_R01.csv,SA05,SA,F,F03,R01,15.00,1,9.48,25,16,1
SA05/F03_SA05_R02.csv,SA05,SA,F,F03,R02,15.00,1,8.98,25,18,1
SA05/F03_SA05_R03.csv,SA05,SA,F,F03,R03,15.00,1,10.48,25,14,1
SA05/F03_SA05_R04.csv,SA05,SA,F,F03,R04,15.00,1,9.48,25,16,1
SA05/F03_SA05_R05.csv,SA05,SA,F,F03,R05,15.00,1,8.98,25,17,1
SA05/F04_SA05_R01.csv,SA05,SA,F,F04,R01,15.00,1,11.98,25,11,1
SA05/F04_SA05_R02.csv,SA05,SA,F,F04,R02,15.00,1,10.48,25,14,1
SA05/F04_SA05_R03.csv,SA05,SA,F,F04,R03,15.00,1,10.48,25,15,1
SA05/F04_SA05_R04.csv,SA05,SA,F,F04,R04,15.00,0,,25,0,0
SA05/F04_SA05_R05.csv,SA05,SA,F,F04,R05,15.00,1,11.48,25,12,1
SA05/F05_SA05_R01.csv,SA05,SA,F,F05,R01,15.00,1,7.48,25,20,1
SA05/F05_SA05_R02.csv,SA05,SA,F,F05,R02,15.00,1,13.98,25,9,1
SA05/F05_SA05_R03.csv,SA05,SA,F,F05,R03,15.00,1,13.98,25,6,1
SA05/F05_SA05_R04.csv,SA05,SA,F,F05,R04,15.00,1,7.98,25,25,1
SA05/F05_SA05_R05.csv,SA05,SA,F,F05,R05,15.00,1,14.98,25,6,1
SA05/F06_SA05_R01.csv,SA05,SA,F,F06,R01,14.99,1,10.48,25,14,1
SA05/F06_SA05_R02.csv,SA05,SA,F,F06,R02,15.00,1,10.98,25,14,1
SA05/F06_SA05_R03.csv,SA05,SA,F,F06,R03,15.00,1,11.48,25,13,1
SA05/F06_SA05_R04.csv,SA05,SA,F,F06,R04,15.00,1,10.48,25,14,1
SA05/F06_SA05_R05.csv,SA05,SA,F,F06,R05,15.00,1,10.48,25,15,1
SA05/F07_SA05_R01.csv,SA05,SA,F,F07,R01,15.00,1,8.98,25,17,1
SA05/F07_SA05_R02.csv,SA05,SA,F,F07,R02,15.00,1,9.98,25,16,1
SA05/F07_SA05_R03.csv,SA05,SA,F,F07,R03,15.00,1,9.98,25,15,1
SA05/F07_SA05_R04.csv,SA05,SA,F,F07,R04,15.00,1,10.48,25,15,1
SA05/F07_SA05_R05.csv,SA05,SA,F,F07,R05,15.00,1,10.48,25,14,1
SA05/F08_SA05_R01.csv,SA05,SA,F,F08,R01,15.00,1,7.48,25,20,1
SA05/F08_SA05_R02.csv,SA05,SA,F,F08,R02,15.00,1,9.48,25,16,1
SA05/F08_SA05_R03.csv,SA05,SA,F,F08,R03,15.00,1,9.98,25,15,1
SA05/F08_SA05_R04.csv,SA05,SA,F,F08,R04,15.00,1,7.98,25,19,1
SA05/F08_SA05_R05.csv,SA05,SA,F,F08,R05,15.00,1,8.48,25,18,1
SA05/F09_SA05_R01.csv,SA05,SA,F,F09,R01,15.00,1,10.48,25,14,1
SA05/F09_SA05_R02.csv,SA05,SA,F,F09,R02,15.00,1,9.98,25,15,1
SA05/F09_SA05_R03.csv,SA05,SA,F,F09,R03,15.00,1,10.48,25,14,1
SA05/F09_SA05_R04.csv,SA05,SA,F,F09,R04,15.00,1,10.48,25,14,1
SA05/F09_SA05_R05.csv,SA05,SA,F,F09,R05,15.00,1,10.98,25,13,1
SA05/F10_SA05_R01.csv,SA05,SA,F,F10,R01,15.00,1,9.98,25,15,1
SA05/F10_SA05_R02.csv,SA05,SA,F,F10,R02,15.00,1,9.48,25,16,1
SA05/F10_SA05_R03.csv,SA05,SA,F,F10,R03,15.00,1,9.48,25,16,1
SA05/F10_SA05_R04.csv,SA05,SA,F,F10,R04,15.00,1,9.98,25,15,1
SA05/F10_SA05_R05.csv,SA05,SA,F,F10,R05,15.00,1,8.98,25,17,1
SA05/F11_SA05_R01.csv,SA05,SA,F,F11,R01,15.00,1,8.98,25,17,1
SA05/F11_SA05_R02.csv,SA05,SA,F,F11,R02,15.00,1,9.48,25,16,1
SA05/F11_SA05_R03.csv,SA05,SA,F,F11,R03,15.00,1,9.48,25,16,1
SA05/F11_SA05_R04.csv,SA05,SA,F,F11,R04,15.00,0,,25,0,0
SA05/F11_SA05_R05.csv,SA05,SA,F,F11,R05,15.00,1,9.48,25,16,1
SA05/F12_SA05_R01.csv,SA05,SA,F,F12,R01,15.00,1,8.48,25,19,1
SA05/F12_SA05_R02.csv,SA05,SA,F,F12,R02,15.00,0,,25,0,0
SA05/F12_SA05_R03.csv,SA05,SA,F,F12,R03,15.00,1,7.48,25,20,1
SA05/F12_SA05_R04.csv,SA05,SA,F,F12,R04,15.00,1,8.48,25,18,1
SA05/F12_SA05_R05.csv,SA05,SA,F,F12,R05,15.00,0,,25,0,0
SA05/F13_SA05_R01.csv,SA05,SA,F,F13,R01,15.00,0,,25,0,0
SA05/F13_SA05_R02.csv,SA05,SA,F,F13,R02,15.00,0,,25,0,0
SA05/F13_SA05_R03.csv,SA05,SA,F,F13,R03,15.00,0,,25,0,0
SA05/F13_SA05_R04.csv,SA05,SA,F,F13,R04,14.99,0,,25,0,0
SA05/F13_SA05_R05.csv,SA05,SA,F,F13,R05,14.99,0,,25,0,0
SA05/F14_SA05_R01.csv,SA05,SA,F,F14,R01,15.00,1,6.98,25,20,1
SA05/F14_SA05_R02.csv,SA05,SA,F,F14,R02,15.00,1,7.48,25,20,1
SA05/F14_SA05_R03.csv,SA05,SA,F,F14,R03,15.00,1,6.98,25,20,1
SA05/F14_SA05_R04.csv,SA05,SA,F,F14,R04,15.00,1,6.98,25,20,1
SA05/F14_SA05_R05.csv,SA05,SA,F,F14,R05,15.00,1,7.98,25,19,1
SA05/F15_SA05_R01.csv,SA05,SA,F,F15,R01,15.00,1,7.48,25,19,1
SA05/F15_SA05_R02.csv,SA05,SA,F,F15,R02,15.00,0,,25,0,0
SA05/F15_SA05_R03.csv,SA05,SA,F,F15,R03,15.00,1,7.48,25,20,1
SA05/F15_SA05_R04.csv,SA05,SA,F,F15,R04,15.00,1,8.98,25,17,1
SA05/F15_SA05_R05.csv,SA05,SA,F,F15,R05,15.00,1,7.98,25,19,1
SA06/D01_SA06_R01.csv,SA06,SA,D,D01,R01,100.00,0,,195,0,0
SA06/D02_SA06_R01.csv,SA06,SA,D,D02,R01,100.00,0,,195,0,0
SA06/D03_SA06_R01.csv,SA06,SA,D,D03,R01,100.00,3,60.48 74.98 87.98,195,10,3
SA06/D04_SA06_R01.csv,SA06,SA,D,D04,R01,100.00,3,17.98 37.98 75.48,195,165,3
SA06/D05_SA06_R01.csv,SA06,SA,D,D05,R01,25.00,0,,45,0,0
SA06/D05_SA06_R02.csv,SA06,SA,D,D05,R02,25.00,0,,45,0,0
SA06/D05_SA06_R03.csv,SA06,SA,D,D05,R03,25.00,0,,45,0,0
SA06/D05_SA06_R04.csv,SA06,SA,D,D05,R04,25.00,0,,45,0,0
SA06/D05_SA06_R05.csv,SA06,SA,D,D05,R05,25.00,0,,45,0,0
SA06/D06_SA06_R01.csv,SA06,SA,D,D06,R01,25.00,2,10.48 15.48,45,37,2
SA06/D06_SA06_R02.csv,SA06,SA,D,D06,R02,25.00,1,13.48,45,23,1
SA06/D06_SA06_R03.csv,SA06,SA,D,D06,R03,25.00,2,5.98 13.98,45,36,2
SA06/D06_SA06_R04.csv,SA06,SA,D,D06,R04,25.00,2,14.98 15.48,45,36,2
SA06/D06_SA06_R05.csv,SA06,SA,D,D06,R05,25.00,1,14.98,45,23,1
SA06/D07_SA06_R01.csv,SA06,SA,D,D07,R01,12.00,0,,19,0,0
SA06/D07_SA06_R02.csv,SA06,SA,D,D07,R02,12.00,0,,19,0,0
SA06/D07_SA06_R03.csv,SA06,SA,D,D07,R03,12.00,0,,19,0,0
SA06/D07_SA06_R04.csv,SA06,SA,D,D07,R04,12.00,0,,19,0,0
SA06/D07_SA06_R05.csv,SA06,SA,D,D07,R05,12.00,0,,19,0,0
SA06/D08_SA06_R01.csv,SA06,SA,D,D08,R01,12.00,1,4.48,19,19,1
SA06/D08_SA06_R02.csv,SA06,SA,D,D08,R02,12.00,1,4.98,19,19,1
SA06/D08_SA06_R03.csv,SA06,SA,D,D08,R03,12.00,0,,19,0,0
SA06/D08_SA06_R04.csv,SA06,SA,D,D08,R04,12.00,0,,19,0,0
SA06/D08_SA06_R05.csv,SA06,SA,D,D08,R05,12.00,0,,19,0,0
SA06/D09_SA06_R01.csv,SA06,SA,D,D09,R01,12.00,0,,19,0,0
SA06/D09_SA06_R02.csv,SA06,SA,D,D09,R02,12.00,0,,19,0,0
SA06/D09_SA06_R03.csv,SA06,SA,D,D09,R03,12.00,0,,19,0,0
SA06/D09_SA06_R04.csv,SA06,SA,D,D09,R04,12.00,0,,19,0,0
SA06/D09_SA06_R05.csv,SA06,SA,D,D09,R05,12.00,0,,19,0,0
SA06/D10_SA06_R01.csv,SA06,SA,D,D10,R01,12.00,0,,19,0,0
SA06/D10_SA06_R02.csv,SA06,SA,D,D10,R02,12.00,0,,19,0,0
SA06/D10_SA06_R03.csv,SA06,SA,D,D10,R03,12.00,0,,19,0,0
SA06/D10_SA06_R04.csv,SA06,SA,D,D10,R04,12.00,0,,19,0,0
SA06/D10_SA06_R05.csv,SA06,SA,D,D10,R05,12.00,0,,19,0,0
SA06/D11_SA06_R01.csv,SA06,SA,D,D11,R01,12.00,0,,19,0,0
SA06/D11_SA06_R02.csv,SA06,SA,D,D11,R02,12.00,0,,19,0,0
SA06/D11_SA06_R03.csv,SA06,SA,D,D11,R03,12.00,0,,19,0,0
SA06/D11_SA06_R04.csv,SA06,SA,D,D11,R04,12.00,1,9.48,19,10,1
SA06/D11_SA06_R05.csv,SA06,SA,D,D11,R05,12.00,0,,19,0,0
SA06/D12_SA06_R01.csv,SA06,SA,D,D12,R01,12.00,0,,19,0,0
SA06/D12_SA06_R02.csv,SA06,SA,D,D12,R02,11.99,0,,19,0,0
SA06/D12_SA06_R03.csv,SA06,SA,D,D12,R03,12.00,0,,19,0,0
SA06/D12_SA06_R04.csv,SA06,SA,D,D12,R04,11.99,0,,19,0,0
SA06/D12_SA06_R05.csv,SA06,SA,D,D12,R05,12.00,0,,19,0,0
SA06/D13_SA06_R01.csv,SA06,SA,D,D13,R01,12.00,0,,19,0,0
SA06/D13_SA06_R02.csv,SA06,SA,D,D13,R02,12.00,0,,19,0,0
SA06/D13_SA06_R03.csv,SA06,SA,D,D13,R03,12.00,0,,19,0,0
SA06/D13_SA06_R04.csv,SA06,SA,D,D13,R04,12.00,0,,19,0,0
SA06/D13_SA06_R05.csv,SA06,SA,D,D13,R05,11.99,0,,19,0,0
SA06/D14_SA06_R01.csv,SA06,SA,D,D14,R01,12.00,0,,19,0,0
SA06/D14_SA06_R02.csv,SA06,SA,D,D14,R02,12.00,0,,19,0,0
SA06/D14_SA06_R03.csv,SA06,SA,D,D14,R03,12.00,0,,19,0,0
SA06/D14_SA06_R04.csv,SA06,SA,D,D14,R04,11.99,0,,19,0,0
SA06/D14_SA06_R05.csv,SA06,SA,D,D14,R05,12.00,0,,19,0,0
SA06/D15_SA06_R01.csv,SA06,SA,D,D15,R01,12.00,0,,19,0,0
SA06/D15_SA06_R02.csv,SA06,SA,D,D15,R02,12.00,0,,19,0,0
SA06/D15_SA06_R03.csv,SA06,SA,D,D15,R03,12.00,0,,19,0,0
SA06/D15_SA06_R04.csv,SA06,SA,D,D15,R04,12.00,0,,19,0,0
SA06/D15_SA06_R05.csv,SA06,SA,D,D15,R05,12.00,0,,19,0,0
SA06/D16_SA06_R01.csv,SA06,SA,D,D16,R01,12.00,0,,19,0,0
SA06/D16_SA06_R02.csv,SA06,SA,D,D16,R02,12.00,0,,19,0,0
SA06/D16_SA06_R03.csv,SA06,SA,D,D16,R03,12.00,0,,19,0,0
SA06/D16_SA06_R04.csv,SA06,SA,D,D16,R04,12.00,0,,19,0,0
SA06/D16_SA06_R05.csv,SA06,SA,D,D16,R05,12.00,0,,19,0,0
SA06/D17_SA06_R01.csv,SA06,SA,D,D17,R01,25.00,0,,45,0,0
SA06/D17_SA06_R02.csv,SA06,SA,D,D17,R02,25.00,0,,45,0,0
SA06/D17_SA06_R03.csv,SA06,SA,D,D17,R03,25.00,0,,45,0,0
SA06/D17_SA06_R04.csv,SA06,SA,D,D17,R04,25.00,0,,45,0,0
SA06/D17_SA06_R05.csv,SA06,SA,D,D17,R05,25.00,0,,45,0,0
SA06/D18_SA06_R01.csv,SA06,SA,D,D18,R01,11.99,1,6.98,19,15,1
SA06/D18_SA06_R02.csv,SA06,SA,D,D18,R02,12.00,1,9.98,19,9,1
SA06/D18_SA06_R03.csv,SA06,SA,D,D18,R03,12.00,1,10.98,19,11,1
SA06/D18_SA06_R04.csv,SA06,SA,D,D18,R04,12.00,1,11.98,19,6,1
SA06/D18_SA06_R05.csv,SA06,SA,D,D18,R05,12.00,1,9.98,19,9,1
SA06/D19_SA06_R01.csv,SA06,SA,D,D19,R01,11.99,1,8.48,19,19,1
SA06/D19_SA06_R02.csv,SA06,SA,D,D19,R02,12.00,1,4.98,19,19,1
SA06/D19_SA06_R03.csv,SA06,SA,D,D19,R03,12.00,0,,19,15,0
SA06/D19_SA06_R04.csv,SA06,SA,D,D19,R04,12.00,1,4.98,19,19,1
SA06/D19_SA06_R05.csv,SA06,SA,D,D19,R05,12.00,1,10.48,19,18,1
SA06/F01_SA06_R01.csv,SA06,SA,F,F01,R01,14.99,1,11.98,25,11,1
SA06/F01_SA06_R02.csv,SA06,SA,F,F01,R02,15.00,1,11.48,25,12,1
SA06/F01_SA06_R03.csv,SA06,SA,F,F01,R03,15.00,1,10.98,25,14,1
SA06/F01_SA06_R04.csv,SA06,SA,F,F01,R04,14.99,1,10.48,25,14,1
SA06/F01_SA06_R05.csv,SA06,SA,F,F01,R05,15.00,1,11.98,25,12,1
SA06/F02_SA06_R01.csv,SA06,SA,F,F02,R01,15.00,1,10.48,25,14,1
SA06/F02_SA06_R02.csv,SA06,SA,F,F02,R02,15.00,1,9.48,25,16,1
SA06/F02_SA06_R03.csv,SA06,SA,F,F02,R03,15.00,1,10.98,25,13,1
SA06/F02_SA06_R04.csv,SA06,SA,F,F02,R04,15.00,1,10.48,25,15,1
SA06/F02_SA06_R05.csv,SA06,SA,F,F02,R05,15.00,1,10.98,25,14,1
SA06/F03_SA06_R01.csv,SA06,SA,F,F03,R01,15.00,1,8.48,25,18,1
SA06/F03_SA06_R02.csv,SA06,SA,F,F03,R02,15.00,1,8.98,25,17,1
SA06/F03_SA06_R03.csv,SA06,SA,F,F03,R03,15.00,1,9.48,25,16,1
SA06/F03_SA06_R04.csv,SA06,SA,F,F03,R04,15.00,1,8.98,25,17,1
SA06/F03_SA06_R05.csv,SA06,SA,F,F03,R05,15.00,1,8.98,25,18,1
SA06/F04_SA06_R01.csv,SA06,SA,F,F04,R01,15.00,1,10.98,25,14,1
SA06/F04_SA06_R02.csv,SA06,SA,F,F04,R02,15.00,1,10.48,25,14,1
SA06/F04_SA06_R03.csv,SA06,SA,F,F04,R03,15.00,1,10.48,25,14,1
SA06/F04_SA06_R04.csv,SA06,SA,F,F04,R04,15.00,1,9.48,25,16,1
SA06/F04_SA06_R05.csv,SA06,SA,F,F04,R05,15.00,1,10.48,25,14,1
SA06/F05_SA06_R01.csv,SA06,SA,F,F05,R01,15.00,1,13.98,25,2,1
SA06/F05_SA06_R02.csv,SA06,SA,F,F05,R02,15.00,1,13.98,25,3,1
SA06/F05_SA06_R03.csv,SA06,SA,F,F05,R03,15.00,1,13.98,25,3,1
SA06/F05_SA06_R04.csv,SA06,SA,F,F05,R04,15.00,1,14.48,25,2,1
SA06/F05_SA06_R05.csv,SA06,SA,F,F05,R05,15.00,1,7.48,25,19,1
SA06/F06_SA06_R01.csv,SA06,SA,F,F06,R01,14.99,1,10.48,25,14,1
SA06/F06_SA06_R02.csv,SA06,SA,F,F06,R02,15.00,1,12.48,25,10,1
SA06/F06_SA06_R03.csv,SA06,SA,F,F06,R03,15.00,1,13.48,25,9,1
SA06/F06_SA06_R04.csv,SA06,SA,F,F06,R04,15.00,1,12.48,25,10,1
SA06/F06_SA06_R05.csv,SA06,SA,F,F06,R05,15.00,1,11.48,25,12,1
SA06/F07_SA06_R01.csv,SA06,SA,F,F07,R01,15.00,1,9.98,25,15,1
SA06/F07_SA06_R02.csv,SA06,SA,F,F07,R02,15.00,1,10.98,25,13,1
SA06/F07_SA06_R03.csv,SA06,SA,F,F07,R03,15.00,1,9.98,25,16,1
SA06/F07_SA06_R04.csv,SA06,SA,F,F07,R04,15.00,1,9.98,25,15,1
SA06/F07_SA06_R05.csv,SA06,SA,F,F07,R05,15.00,1,10.48,25,14,1
SA06/F08_SA06_R01.csv,SA06,SA,F,F08,R01,15.00,1,8.48,25,18,1
SA06/F08_SA06_R02.csv,SA06,SA,F,F08,R02,15.00,1,7.98,25,19,1
SA06/F08_SA06_R03.csv,SA06,SA,F,F08,R03,15.00,1,8.48,25,18,1
SA06/F08_SA06_R04.csv,SA06,SA,F,F08,R04,15.00,1,9.48,25,16,1
SA06/F08_SA06_R05.csv,SA06,SA,F,F08,R05,15.00,1,9.48,25,16,1
SA06/F09_SA06_R01.csv,SA06,SA,F,F09,R01,15.00,1,5.48,25,20,1
SA06/F09_SA06_R02.csv,SA06,SA,F,F09,R02,15.00,1,7.48,25,20,1
SA06/F09_SA06_R03.csv,SA06,SA,F,F09,R03,15.00,1,7.48,25,20,1
SA06/F09_SA06_R04.csv,SA06,SA,F,F09,R04,15.00,1,5.48,25,20,1
SA06/F09_SA06_R05.csv,SA06,SA,F,F09,R05,15.00,1,5.98,25,19,1
SA06/F10_SA06_R01.csv,SA06,SA,F,F10,R01,15.00,1,6.48,25,20,1
SA06/F10_SA06_R02.csv,SA06,SA,F,F10,R02,15.00,1,7.48,25,20,1
SA06/F10_SA06_R03.csv,SA06,SA,F,F10,R03,15.00,1,9.48,25,16,1
SA06/F10_SA06_R04.csv,SA06,SA,F,F10,R04,15.00,1,5.98,25,19,1
SA06/F10_SA06_R05.csv,SA06,SA,F,F10,R05,15.00,1,7.48,25,20,1
SA06/F11_SA06_R01.csv,SA06,SA,F,F11,R01,14.99,1,7.48,25,19,1
SA06/F11_SA06_R02.csv,SA06,SA,F,F11,R02,15.00,1,6.48,25,20,1
SA06/F11_SA06_R03.csv,SA06,SA,F,F11,R03,15.00,1,5.48,25,20,1
SA06/F11_SA06_R04.csv,SA06,SA,F,F11,R04,15.00,1,5.48,25,20,1
SA06/F11_SA06_R05.csv,SA06,SA,F,F11,R05,15.00,1,6.98,25,20,1
SA06/F12_SA06_R01.csv,SA06,SA,F,F12,R01,15.00,1,7.48,25,20,1
SA06/F12_SA06_R02.csv,SA06,SA,F,F12,R02,15.00,1,5.48,25,20,1
SA06/F12_SA06_R03.csv,SA06,SA,F,F12,R03,15.00,1,7.98,25,19,1
SA06/F12_SA06_R04.csv,SA06,SA,F,F12,R04,15.00,1,5.98,25,19,1
SA06/F12_SA06_R05.csv,SA06,SA,F,F12,R05,15.00,1,4.98,25,20,1
SA06/F13_SA06_R01.csv,SA06,SA,F,F13,R01,15.00,1,7.98,25,19,1
SA06/F13_SA06_R02.csv,SA06,SA,F,F13,R02,15.00,1,9.98,25,15,1
SA06/F13_SA06_R03.csv,SA06,SA,F,F13,R03,15.00,1,5.48,25,20,1
SA06/F13_SA06_R04.csv,SA06,SA,F,F13,R04,15.00,1,9.48,25,16,1
SA06/F13_SA06_R05.csv,SA06,SA,F,F13,R05,15.00,0,,25,0,0
SA06/F14_SA06_R01.csv,SA06,SA,F,F14,R01,15.00,1,8.98,25,17,1
SA06/F14_SA06_R02.csv,SA06,SA,F,F14,R02,15.00,1,6.48,25,20,1
SA06/F14_SA06_R03.csv,SA06,SA,F,F14,R03,15.00,1,4.48,25,19,1
SA06/F14_SA06_R04.csv,SA06,SA,F,F14,R04,15.00,1,8.98,25,17,1
SA06/F14_SA06_R05.csv,SA06,SA,F,F14,R05,15.00,1,8.98,25,17,1
SA06/F15_SA06_R01.csv,SA06,SA,F,F15,R01,15.00,1,5.48,25,20,1
SA06/F15_SA06_R02.csv,SA06,SA,F,F15,R02,15.00,1,7.48,25,20,1
SA06/F15_SA06_R03.csv,SA06,SA,F,F15,R03,14.99,1,8.98,25,17,1
SA06/F15_SA06_R04.csv,SA06,SA,F,F15,R04,15.00,1,9.98,25,15,1
SA06/F15_SA06_R05.csv,SA06,SA,F,F15,R05,15.00,1,8.48,25,18,1
SA07/D03_SA07_R01.csv,SA07,SA,D,D03,R01,100.00,2,15.98 94.48,195,159,2
SA07/D06_SA07_R03.csv,SA07,SA,D,D06,R03,25.00,1,24.98,45,25,1
SA07/D07_SA07_R02.csv,SA07,SA,D,D07,R02,12.00,0,,19,0,0
SA07/D07_SA07_R04.csv,SA07,SA,D,D07,R04,12.00,0,,19,0,0
SA07/D08_SA07_R01.csv,SA07,SA,D,D08,R01,12.00,0,,19,0,0
SA07/D08_SA07_R05.csv,SA07,SA,D,D08,R05,12.00,0,,19,0,0
SA07/D10_SA07_R01.csv,SA07,SA,D,D10,R01,12.00,0,,19,0,0
SA07/D10_SA07_R02.csv,SA07,SA,D,D10,R02,12.00,0,,19,0,0
SA07/D11_SA07_R01.csv,SA07,SA,D,D11,R01,11.99,0,,19,0,0
SA07/D11_SA07_R04.csv,SA07,SA,D,D11,R04,12.00,0,,19,0,0
SA07/D12_SA07_R04.csv,SA07,SA,D,D12,R04,12.00,0,,19,0,0
SA07/D13_SA07_R02.csv,SA07,SA,D,D13,R02,12.00,0,,19,0,0
SA07/D13_SA07_R05.csv,SA07,SA,D,D13,R05,12.00,0,,19,0,0
SA07/D14_SA07_R01.csv,SA07,SA,D,D14,R01,12.00,0,,19,0,0
SA07/D14_SA07_R03.csv,SA07,SA,D,D14,R03,12.00,0,,19,0,0
SA07/D15_SA07_R04.csv,SA07,SA,D,D15,R04,12.00,0,,19,0,0
SA07/D15_SA07_R05.csv,SA07,SA,D,D15,R05,12.00,0,,19,0,0
SA07/D16_SA07_R05.csv,SA07,SA,D,D16,R05,12.00,0,,19,0,0
SA07/D17_SA07_R01.csv,SA07,SA,D,D17,R01,25.00,0,,45,0,0
SA07/D17_SA07_R02.csv,SA07,SA,D,D17,R02,25.00,0,,45,0,0
SA07/D17_SA07_R04.csv,SA07,SA,D,D17,R04,25.00,0,,45,0,0
SA07/D18_SA07_R02.csv,SA07,SA,D,D18,R02,12.00,0,,19,0,0
SA07/D18_SA07_R05.csv,SA07,SA,D,D18,R05,12.00,0,,19,0,0
SA07/D19_SA07_R03.csv,SA07,SA,D,D19,R03,12.00,2,5.48 8.48,19,18,2
SA07/F01_SA07_R02.csv,SA07,SA,F,F01,R02,15.00,1,9.48,25,17,1
SA07/F03_SA07_R04.csv,SA07,SA,F,F03,R04,15.00,1,9.48,25,16,1
SA07/F04_SA07_R01.csv,SA07,SA,F,F04,R01,15.00,1,9.48,25,16,1
SA07/F04_SA07_R02.csv,SA07,SA,F,F04,R02,15.00,0,,25,0,0
SA07/F04_SA07_R03.csv,SA07,SA,F,F04,R03,15.00,1,8.98,25,17,1
SA07/F05_SA07_R01.csv,SA07,SA,F,F05,R01,15.00,1,7.48,25,24,1
SA07/F05_SA07_R02.csv,SA07,SA,F,F05,R02,15.00,1,7.48,25,24,1
SA07/F05_SA07_R03.csv,SA07,SA,F,F05,R03,15.00,1,13.98,25,23,1
SA07/F05_SA07_R05.csv,SA07,SA,F,F05,R05,15.00,1,7.48,25,25,1
SA07/F06_SA07_R01.csv,SA07,SA,F,F06,R01,15.00,1,11.48,25,12,1
SA07/F06_SA07_R03.csv,SA07,SA,F,F06,R03,14.99,1,10.48,25,14,1
SA07/F08_SA07_R03.csv,SA07,SA,F,F08,R03,15.00,1,8.48,25,18,1
SA07/F09_SA07_R02.csv,SA07,SA,F,F09,R02,15.00,1,8.48,25,18,1
SA07/F09_SA07_R04.csv,SA07,SA,F,F09,R04,15.00,1,9.98,25,16,1
SA07/F10_SA07_R05.csv,SA07,SA,F,F10,R05,15.00,1,9.48,25,17,1
SA07/F11_SA07_R03.csv,SA07,SA,F,F11,R03,15.00,0,,25,0,0
SA07/F12_SA07_R03.csv,SA07,SA,F,F12,R03,15.00,1,7.48,25,20,1
SA07/F12_SA07_R04.csv,SA07,SA,F,F12,R04,15.00,0,,25,0,0
SA07/F13_SA07_R01.csv,SA07,SA,F,F13,R01,15.00,0,,25,0,0
SA07/F13_SA07_R03.csv,SA07,SA,F,F13,R03,15.00,1,11.48,25,17,1
SA07/F15_SA07_R03.csv,SA07,SA,F,F15,R03,15.00,1,8.98,25,18,1
SA08/D01_SA08_R01.csv,SA08,SA,D,D01,R01,100.00,0,,195,0,0
SA08/D02_SA08_R01.csv,SA08,SA,D,D02,R01,100.00,0,,195,0,0
SA08/D03_SA08_R01.csv,SA08,SA,D,D03,R01,100.00,0,,195,0,0
SA08/D04_SA08_R01.csv,SA08,SA,D,D04,R01,100.00,3,34.48 47.98 63.48,195,160,3
SA08/D05_SA08_R01.csv,SA08,SA,D,D05,R01,25.00,0,,45,0,0
SA08/D05_SA08_R02.csv,SA08,SA,D,D05,R02,25.00,0,,45,0,0
SA08/D05_SA08_R03.csv,SA08,SA,D,D05,R03,25.00,0,,45,0,0
SA08/D05_SA08_R04.csv,SA08,SA,D,D05,R04,25.00,0,,45,0,0
SA08/D05_SA08_R05.csv,SA08,SA,D,D05,R05,25.00,0,,45,0,0
SA08/D06_SA08_R01.csv,SA08,SA,D,D06,R01,25.00,1,18.98,45,35,1
SA08/D06_SA08_R02.csv,SA08,SA,D,D06,R02,25.00,1,18.98,45,33,1
SA08/D06_SA08_R03.csv,SA08,SA,D,D06,R03,25.00,2,13.98 20.48,45,35,2
SA08/D06_SA08_R04.csv,SA08,SA,D,D06,R04,25.00,1,23.48,45,38,1
SA08/D06_SA08_R05.csv,SA08,SA,D,D06,R05,25.00,1,14.48,45,37,1
SA08/D07_SA08_R01.csv,SA08,SA,D,D07,R01,12.00,0,,19,0,0
SA08/D07_SA08_R02.csv,SA08,SA,D,D07,R02,12.00,0,,19,0,0
SA08/D07_SA08_R03.csv,SA08,SA,D,D07,R03,12.00,0,,19,0,0
SA08/D07_SA08_R04.csv,SA08,SA,D,D07,R04,12.00,0,,19,0,0
SA08/D07_SA08_R05.csv,SA08,SA,D,D07,R05,12.00,0,,19,0,0
SA08/D08_SA08_R01.csv,SA08,SA,D,D08,R01,12.00,1,4.98,19,19,1
SA08/D08_SA08_R02.csv,SA08,SA,D,D08,R02,12.00,1,4.48,19,19,1
SA08/D08_SA08_R03.csv,SA08,SA,D,D08,R03,12.00,1,5.48,19,18,1
SA08/D08_SA08_R04.csv,SA08,SA,D,D08,R04,12.00,1,5.98,19,17,1
SA08/D08_SA08_R05.csv,SA08,SA,D,D08,R05,12.00,1,5.98,19,17,1
SA08/D09_SA08_R01.csv,SA08,SA,D,D09,R01,12.00,0,,19,0,0
SA08/D09_SA08_R02.csv,SA08,SA,D,D09,R02,12.00,0,,19,0,0
SA08/D09_SA08_R03.csv,SA08,SA,D,D09,R03,12.00,0,,19,0,0
SA08/D09_SA08_R04.csv,SA08,SA,D,D09,R04,11.99,0,,19,0,0
SA08/D09_SA08_R05.csv,SA08,SA,D,D09,R05,12.00,0,,19,0,0
SA08/D10_SA08_R01.csv,SA08,SA,D,D10,R01,12.00,0,,19,0,0
SA08/D10_SA08_R02.csv,SA08,SA,D,D10,R02,12.00,0,,19,0,0
SA08/D10_SA08_R03.csv,SA08,SA,D,D10,R03,12.00,1,4.98,19,19,1
SA08/D10_SA08_R04.csv,SA08,SA,D,D10,R04,12.00,0,,19,0,0
SA08/D10_SA08_R05.csv,SA08,SA,D,D10,R05,12.00,0,,19,0,0
SA08/D11_SA08_R01.csv,SA08,SA,D,D11,R01,11.99,0,,19,0,0
SA08/D11_SA08_R02.csv,SA08,SA,D,D11,R02,12.00,1,9.48,19,10,1
SA08/D11_SA08_R03.csv,SA08,SA,D,D11,R03,12.00,1,7.98,19,13,1
SA08/D11_SA08_R04.csv,SA08,SA,D,D11,R04,12.00,0,,19,0,0
SA08/D11_SA08_R05.csv,SA08,SA,D,D11,R05,12.00,0,,19,0,0
SA08/D12_SA08_R01.csv,SA08,SA,D,D12,R01,12.00,0,,19,0,0
SA08/D12_SA08_R02.csv,SA08,SA,D,D12,R02,12.00,0,,19,0,0
SA08/D12_SA08_R03.csv,SA08,SA,D,D12,R03,12.00,0,,19,0,0
SA08/D12_SA08_R04.csv,SA08,SA,D,D12,R04,12.00,0,,19,0,0
SA08/D12_SA08_R05.csv,SA08,SA,D,D12,R05,12.00,0,,19,0,0
SA08/D13_SA08_R01.csv,SA08,SA,D,D13,R01,12.00,0,,19,0,0
SA08/D13_SA08_R02.csv,SA08,SA,D,D13,R02,12.00,0,,19,0,0
SA08/D13_SA08_R03.csv,SA08,SA,D,D13,R03,12.00,0,,19,0,0
SA08/D13_SA08_R04.csv,SA08,SA,D,D13,R04,12.00,0,,19,0,0
SA08/D13_SA08_R05.csv,SA08,SA,D,D13,R05,12.00,0,,19,0,0
SA08/D14_SA08_R01.csv,SA08,SA,D,D14,R01,12.00,0,,19,0,0
SA08/D14_SA08_R02.csv,SA08,SA,D,D14,R02,12.00,1,10.98,19,7,1
SA08/D14_SA08_R03.csv,SA08,SA,D,D14,R03,12.00,1,9.98,19,9,1
SA08/D14_SA08_R04.csv,SA08,SA,D,D14,R04,12.00,0,,19,0,0
SA08/D14_SA08_R05.csv,SA08,SA,D,D14,R05,12.00,0,,19,0,0
SA08/D15_SA08_R01.csv,SA08,SA,D,D15,R01,12.00,0,,19,0,0
SA08/D15_SA08_R02.csv,SA08,SA,D,D15,R02,12.00,0,,19,0,0
SA08/D15_SA08_R03.csv,SA08,SA,D,D15,R03,12.00,0,,19,0,0
SA08/D15_SA08_R04.csv,SA08,SA,D,D15,R04,12.00,0,,19,0,0
SA08/D15_SA08_R05.csv,SA08,SA,D,D15,R05,12.00,0,,19,0,0
SA08/D16_SA08_R01.csv,SA08,SA,D,D16,R01,11.99,0,,19,0,0
SA08/D16_SA08_R02.csv,SA08,SA,D,D16,R02,12.00,0,,19,0,0
SA08/D16_SA08_R03.csv,SA08,SA,D,D16,R03,12.00,0,,19,0,0
SA08/D16_SA08_R04.csv,SA08,SA,D,D16,R04,12.00,0,,19,0,0
SA08/D16_SA08_R05.csv,SA08,SA,D,D16,R05,12.00,0,,19,0,0
SA08/D17_SA08_R01.csv,SA08,SA,D,D17,R01,25.00,0,,45,0,0
SA08/D17_SA08_R02.csv,SA08,SA,D,D17,R02,25.00,0,,45,0,0
SA08/D17_SA08_R03.csv,SA08,SA,D,D17,R03,25.00,0,,45,0,0
SA08/D17_SA08_R04.csv,SA08,SA,D,D17,R04,25.00,0,,45,0,0
SA08/D17_SA08_R05.csv,SA08,SA,D,D17,R05,25.00,0,,45,0,0
SA08/D18_SA08_R01.csv,SA08,SA,D,D18,R01,12.00,1,5.98,19,17,1
SA08/D18_SA08_R02.csv,SA08,SA,D,D18,R02,12.00,0,,19,0,0
SA08/D18_SA08_R03.csv,SA08,SA,D,D18,R03,12.00,1,5.98,19,17,1
SA08/D18_SA08_R04.csv,SA08,SA,D,D18,R04,12.00,1,6.98,19,15,1
SA08/D18_SA08_R05.csv,SA08,SA,D,D18,R05,12.00,1,6.98,19,15,1
SA08/D19_SA08_R01.csv,SA08,SA,D,D19,R01,12.00,0,,19,19,0
SA08/D19_SA08_R02.csv,SA08,SA,D,D19,R02,12.00,0,,19,19,0
SA08/D19_SA08_R03.csv,SA08,SA,D,D19,R03,12.00,0,,19,19,0
SA08/D19_SA08_R04.csv,SA08,SA,D,D19,R04,12.00,1,11.98,19,19,1
SA08/D19_SA08_R05.csv,SA08,SA,D,D19,R05,12.00,1,11.98,19,19,1
SA08/F01_SA08_R01.csv,SA08,SA,F,F01,R01,14.99,1,8.98,25,17,1
SA08/F01_SA08_R02.csv,SA08,SA,F,F01,R02,15.00,1,14.98,25,1,1
SA08/F01_SA08_R03.csv,SA08,SA,F,F01,R03,15.00,1,8.98,25,17,1
SA08/F01_SA08_R04.csv,SA08,SA,F,F01,R04,15.00,1,7.98,25,19,1
SA08/F01_SA08_R05.csv,SA08,SA,F,F01,R05,15.00,1,9.48,25,16,1
SA08/F02_SA08_R01.csv,SA08,SA,F,F02,R01,15.00,1,7.98,25,19,1
SA08/F02_SA08_R02.csv,SA08,SA,F,F02,R02,15.00,1,8.98,25,17,1
SA08/F02_SA08_R03.csv,SA08,SA,F,F02,R03,15.00,1,14.48,25,3,1
SA08/F02_SA08_R04.csv,SA08,SA,F,F02,R04,15.00,1,9.48,25,16,1
SA08/F02_SA08_R05.csv,SA08,SA,F,F02,R05,15.00,0,,25,1,0
SA08/F03_SA08_R01.csv,SA08,SA,F,F03,R01,15.00,1,7.98,25,19,1
SA08/F03_SA08_R02.csv,SA08,SA,F,F03,R02,15.00,1,7.98,25,20,1
SA08/F03_SA08_R03.csv,SA08,SA,F,F03,R03,15.00,1,8.48,25,19,1
SA08/F03_SA08_R04.csv,SA08,SA,F,F03,R04,15.00,1,7.48,25,20,1
SA08/F03_SA08_R05.csv,SA08,SA,F,F03,R05,15.00,1,8.48,25,19,1
SA08/F04_SA08_R01.csv,SA08,SA,F,F04,R01,15.00,1,9.48,25,17,1
SA08/F04_SA08_R02.csv,SA08,SA,F,F04,R02,15.00,1,9.98,25,15,1
SA08/F04_SA08_R03.csv,SA08,SA,F,F04,R03,15.00,0,,25,16,0
SA08/F04_SA08_R04.csv,SA08,SA,F,F04,R04,15.00,0,,25,1,0
SA08/F04_SA08_R05.csv,SA08,SA,F,F04,R05,15.00,1,8.48,25,18,1
SA08/F05_SA08_R01.csv,SA08,SA,F,F05,R01,15.00,1,13.98,25,8,1
SA08/F05_SA08_R02.csv,SA08,SA,F,F05,R02,15.00,1,7.48,25,24,1
SA08/F05_SA08_R03.csv,SA08,SA,F,F05,R03,15.00,2,3.98 7.98,25,25,2
SA08/F05_SA08_R04.csv,SA08,SA,F,F05,R04,15.00,2,2.98 6.98,25,24,2
SA08/F05_SA08_R05.csv,SA08,SA,F,F05,R05,15.00,1,14.48,25,6,1
SA08/F06_SA08_R01.csv,SA08,SA,F,F06,R01,14.99,1,9.48,25,16,1
SA08/F06_SA08_R02.csv,SA08,SA,F,F06,R02,15.00,1,9.48,25,16,1
SA08/F06_SA08_R03.csv,SA08,SA,F,F06,R03,15.00,0,,25,0,0
SA08/F06_SA08_R04.csv,SA08,SA,F,F06,R04,15.00,1,9.98,25,15,1
SA08/F06_SA08_R05.csv,SA08,SA,F,F06,R05,15.00,1,9.48,25,16,1
SA08/F07_SA08_R01.csv,SA08,SA,F,F07,R01,15.00,1,7.48,25,19,1
SA08/F07_SA08_R02.csv,SA08,SA,F,F07,R02,15.00,1,8.48,25,18,1
SA08/F07_SA08_R03.csv,SA08,SA,F,F07,R03,15.00,0,,25,0,0
SA08/F07_SA08_R04.csv,SA08,SA,F,F07,R04,15.00,1,8.98,25,17,1
SA08/F07_SA08_R05.csv,SA08,SA,F,F07,R05,15.00,1,8.98,25,17,1
SA08/F08_SA08_R01.csv,SA08,SA,F,F08,R01,15.00,1,9.98,25,15,1
SA08/F08_SA08_R02.csv,SA08,SA,F,F08,R02,15.00,1,8.98,25,17,1
SA08/F08_SA08_R03.csv,SA08,SA,F,F08,R03,15.00,1,8.98,25,17,1
SA08/F08_SA08_R04.csv,SA08,SA,F,F08,R04,15.00,1,8.98,25,17,1
SA08/F08_SA08_R05.csv,SA08,SA,F,F08,R05,15.00,1,8.48,25,18,1
SA08/F09_SA08_R01.csv,SA08,SA,F,F09,R01,15.00,1,7.98,25,19,1
SA08/F09_SA08_R02.csv,SA08,SA,F,F09,R02,15.00,1,8.98,25,17,1
SA08/F09_SA08_R03.csv,SA08,SA,F,F09,R03,15.00,1,7.48,25,19,1
SA08/F09_SA08_R04.csv,SA08,SA,F,F09,R04,15.00,1,8.98,25,17,1
SA08/F09_SA08_R05.csv,SA08,SA,F,F09,R05,15.00,1,7.98,25,19,1
SA08/F10_SA08_R01.csv,SA08,SA,F,F10,R01,15.00,1,8.48,25,18,1
SA08/F10_SA08_R02.csv,SA08,SA,F,F10,R02,15.00,1,8.48,25,18,1
SA08/F10_SA08_R03.csv,SA08,SA,F,F10,R03,15.00,1,7.48,25,20,1
SA08/F10_SA08_R04.csv,SA08,SA,F,F10,R04,15.00,1,7.48,25,20,1
SA08/F10_SA08_R05.csv,SA08,SA,F,F10,R05,15.00,1,7.98,25,19,1
SA08/F11_SA08_R01.csv,SA08,SA,F,F11,R01,14.99,0,,25,0,0
SA08/F11_SA08_R02.csv,SA08,SA,F,F11,R02,15.00,1,6.48,25,20,1
SA08/F11_SA08_R03.csv,SA08,SA,F,F11,R03,15.00,1,6.48,25,20,1
SA08/F11_SA08_R04.csv,SA08,SA,F,F11,R04,15.00,1,6.48,25,20,1
SA08/F11_SA08_R05.csv,SA08,SA,F,F11,R05,15.00,1,6.98,25,20,1
SA08/F12_SA08_R01.csv,SA08,SA,F,F12,R01,15.00,1,7.48,25,20,1
SA08/F12_SA08_R02.csv,SA08,SA,F,F12,R02,15.00,1,7.98,25,19,1
SA08/F12_SA08_R03.csv,SA08,SA,F,F12,R03,15.00,1,10.48,25,14,1
SA08/F12_SA08_R04.csv,SA08,SA,F,F12,R04,15.00,1,8.48,25,18,1
SA08/F12_SA08_R05.csv,SA08,SA,F,F12,R05,15.00,1,6.98,25,20,1
SA08/F13_SA08_R01.csv,SA08,SA,F,F13,R01,15.00,0,,25,0,0
SA08/F13_SA08_R02.csv,SA08,SA,F,F13,R02,15.00,1,7.98,25,19,1
SA08/F13_SA08_R03.csv,SA08,SA,F,F13,R03,15.00,0,,25,0,0
SA08/F13_SA08_R04.csv,SA08,SA,F,F13,R04,15.00,1,10.98,25,13,1
SA08/F13_SA08_R05.csv,SA08,SA,F,F13,R05,15.00,0,,25,0,0
SA08/F14_SA08_R01.csv,SA08,SA,F,F14,R01,15.00,1,6.48,25,20,1
SA08/F14_SA08_R02.csv,SA08,SA,F,F14,R02,15.00,1,5.48,25,19,1
SA08/F14_SA08_R03.csv,SA08,SA,F,F14,R03,15.00,1,6.98,25,19,1
SA08/F14_SA08_R04.csv,SA08,SA,F,F14,R04,15.00,1,6.98,25,20,1
SA08/F14_SA08_R05.csv,SA08,SA,F,F14,R05,15.00,1,8.98,25,17,1
SA08/F15_SA08_R01.csv,SA08,SA,F,F15,R01,15.00,1,6.98,25,20,1
SA08/F15_SA08_R02.csv,SA08,SA,F,F15,R02,15.00,1,8.48,25,18,1
SA08/F15_SA08_R03.csv,SA08,SA,F,F15,R03,15.00,1,8.48,25,18,1
SA08/F15_SA08_R04.csv,SA08,SA,F,F15,R04,15.00,1,8.48,25,18,1
SA08/F15_SA08_R05.csv,SA08,SA,F,F15,R05,15.00,1,9.48,25,16,1
SA09/D01_SA09_R01.csv,SA09,SA,D,D01,R01,100.00,0,,195,0,0
SA09/D02_SA09_R01.csv,SA09,SA,D,D02,R01,100.00,0,,195,0,0
SA09/D03_SA09_R01.csv,SA09,SA,D,D03,R01,100.00,4,23.48 52.98 58.98 81.48,195,15,4
SA09/D04_SA09_R01.csv,SA09,SA,D,D04,R01,100.00,6,14.98 47.48 51.48 62.98 66.98 85.48,195,154,6
SA09/D05_SA09_R01.csv,SA09,SA,D,D05,R01,25.00,0,,45,0,0
SA09/D05_SA09_R02.csv,SA09,SA,D,D05,R02,25.00,0,,45,0,0
SA09/D05_SA09_R03.csv,SA09,SA,D,D05,R03,25.00,0,,45,0,0
SA09/D05_SA09_R04.csv,SA09,SA,D,D05,R04,25.00,0,,45,0,0
SA09/D05_SA09_R05.csv,SA09,SA,D,D05,R05,25.00,0,,45,0,0
SA09/D06_SA09_R01.csv,SA09,SA,D,D06,R01,25.00,1,17.98,45,22,1
SA09/D06_SA09_R02.csv,SA09,SA,D,D06,R02,25.00,1,21.98,45,37,1
SA09/D06_SA09_R03.csv,SA09,SA,D,D06,R03,25.00,1,15.98,45,41,1
SA09/D06_SA09_R04.csv,SA09,SA,D,D06,R04,25.00,2,14.48 22.48,45,39,2
SA09/D06_SA09_R05.csv,SA09,SA,D,D06,R05,25.00,1,22.98,45,39,1
SA09/D07_SA09_R01.csv,SA09,SA,D,D07,R01,12.00,0,,19,0,0
SA09/D07_SA09_R02.csv,SA09,SA,D,D07,R02,12.00,0,,19,0,0
SA09/D07_SA09_R03.csv,SA09,SA,D,D07,R03,12.00,0,,19,0,0
SA09/D07_SA09_R04.csv,SA09,SA,D,D07,R04,12.00,0,,19,0,0
SA09/D07_SA09_R05.csv,SA09,SA,D,D07,R05,12.00,0,,19,0,0
SA09/D08_SA09_R01.csv,SA09,SA,D,D08,R01,12.00,0,,19,0,0
SA09/D08_SA09_R02.csv,SA09,SA,D,D08,R02,12.00,0,,19,0,0
SA09/D08_SA09_R03.csv,SA09,SA,D,D08,R03,12.00,0,,19,0,0
SA09/D08_SA09_R04.csv,SA09,SA,D,D08,R04,12.00,0,,19,0,0
SA09/D08_SA09_R05.csv,SA09,SA,D,D08,R05,12.00,0,,19,0,0
SA09/D09_SA09_R01.csv,SA09,SA,D,D09,R01,12.00,0,,19,0,0
SA09/D09_SA09_R02.csv,SA09,SA,D,D09,R02,12.00,0,,19,0,0
SA09/D09_SA09_R03.csv,SA09,SA,D,D09,R03,12.00,0,,19,0,0
SA09/D09_SA09_R04.csv,SA09,SA,D,D09,R04,12.00,0,,19,0,0
SA09/D09_SA09_R05.csv,SA09,SA,D,D09,R05,12.00,0,,19,0,0
SA09/D10_SA09_R01.csv,SA09,SA,D,D10,R01,12.00,0,,19,0,0
SA09/D10_SA09_R02.csv,SA09,SA,D,D10,R02,12.00,0,,19,0,0
SA09/D10_SA09_R03.csv,SA09,SA,D,D10,R03,12.00,0,,19,0,0
SA09/D10_SA09_R04.csv,SA09,SA,D,D10,R04,12.00,0,,19,0,0
SA09/D10_SA09_R05.csv,SA09,SA,D,D10,R05,12.00,0,,19,0,0
SA09/D11_SA09_R01.csv,SA09,SA,D,D11,R01,11.99,1,6.48,19,16,1
SA09/D11_SA09_R02.csv,SA09,SA,D,D11,R02,12.00,1,5.48,19,18,1
SA09/D11_SA09_R03.csv,SA09,SA,D,D11,R03,12.00,1,6.48,19,16,1
SA09/D11_SA09_R04.csv,SA09,SA,D,D11,R04,12.00,1,7.48,19,14,1
SA09/D11_SA09_R05.csv,SA09,SA,D,D11,R05,12.00,1,5.98,19,17,1
SA09/D12_SA09_R01.csv,SA09,SA,D,D12,R01,12.00,0,,19,0,0
SA09/D12_SA09_R02.csv,SA09,SA,D,D12,R02,12.00,0,,19,0,0
SA09/D12_SA09_R03.csv,SA09,SA,D,D12,R03,12.00,0,,19,0,0
SA09/D12_SA09_R04.csv,SA09,SA,D,D12,R04,12.00,0,,19,0,0
SA09/D12_SA09_R05.csv,SA09,SA,D,D12,R05,12.00,0,,19,0,0
SA09/D13_SA09_R01.csv,SA09,SA,D,D13,R01,12.00,0,,19,0,0
SA09/D13_SA09_R02.csv,SA09,SA,D,D13,R02,12.00,0,,19,0,0
SA09/D13_SA09_R03.csv,SA09,SA,D,D13,R03,12.00,0,,19,0,0
SA09/D13_SA09_R04.csv,SA09,SA,D,D13,R04,12.00,0,,19,0,0
SA09/D13_SA09_R05.csv,SA09,SA,D,D13,R05,11.99,0,,19,0,0
SA09/D14_SA09_R01.csv,SA09,SA,D,D14,R01,12.00,0,,19,0,0
SA09/D14_SA09_R02.csv,SA09,SA,D,D14,R02,12.00,0,,19,0,0
SA09/D14_SA09_R03.csv,SA09,SA,D,D14,R03,12.00,0,,19,0,0
SA09/D14_SA09_R04.csv,SA09,SA,D,D14,R04,12.00,0,,19,0,0
SA09/D14_SA09_R05.csv,SA09,SA,D,D14,R05,12.00,0,,19,0,0
SA09/D15_SA09_R01.csv,SA09,SA,D,D15,R01,12.00,0,,19,0,0
SA09/D15_SA09_R02.csv,SA09,SA,D,D15,R02,12.00,0,,19,0,0
SA09/D15_SA09_R03.csv,SA09,SA,D,D15,R03,12.00,0,,19,0,0
SA09/D15_SA09_R04.csv,SA09,SA,D,D15,R04,12.00,0,,19,0,0
SA09/D15_SA09_R05.csv,SA09,SA,D,D15,R05,12.00,0,,19,0,0
SA09/D16_SA09_R01.csv,SA09,SA,D,D16,R01,11.99,0,,19,0,0
SA09/D16_SA09_R02.csv,SA09,SA,D,D16,R02,12.00,0,,19,0,0
SA09/D16_SA09_R03.csv,SA09,SA,D,D16,R03,11.99,0,,19,0,0
SA09/D16_SA09_R04.csv,SA09,SA,D,D16,R04,12.00,0,,19,0,0
SA09/D16_SA09_R05.csv,SA09,SA,D,D16,R05,12.00,0,,19,0,0
SA09/D17_SA09_R01.csv,SA09,SA,D,D17,R01,25.00,0,,45,0,0
SA09/D17_SA09_R02.csv,SA09,SA,D,D17,R02,25.00,0,,45,0,0
SA09/D17_SA09_R03.csv,SA09,SA,D,D17,R03,25.00,0,,45,0,0
SA09/D17_SA09_R04.csv,SA09,SA,D,D17,R04,25.00,0,,45,0,0
SA09/D17_SA09_R05.csv,SA09,SA,D,D17,R05,25.00,0,,45,0,0
SA09/D18_SA09_R01.csv,SA09,SA,D,D18,R01,11.99,1,8.48,19,12,1
SA09/D18_SA09_R02.csv,SA09,SA,D,D18,R02,12.00,0,,19,0,0
SA09/D18_SA09_R03.csv,SA09,SA,D,D18,R03,12.00,1,6.48,19,16,1
SA09/D18_SA09_R04.csv,SA09,SA,D,D18,R04,12.00,1,7.48,19,14,1
SA09/D18_SA09_R05.csv,SA09,SA,D,D18,R05,12.00,1,8.48,19,12,1
SA09/D19_SA09_R01.csv,SA09,SA,D,D19,R01,12.00,1,9.48,19,10,1
SA09/D19_SA09_R02.csv,SA09,SA,D,D19,R02,12.00,1,10.98,19,7,1
SA09/D19_SA09_R03.csv,SA09,SA,D,D19,R03,12.00,1,10.48,19,8,1
SA09/D19_SA09_R04.csv,SA09,SA,D,D19,R04,12.00,1,6.48,19,16,1
SA09/D19_SA09_R05.csv,SA09,SA,D,D19,R05,12.00,1,5.48,19,18,1
SA09/F01_SA09_R01.csv,SA09,SA,F,F01,R01,15.00,1,9.98,25,15,1
SA09/F01_SA09_R02.csv,SA09,SA,F,F01,R02,15.00,1,9.48,25,16,1
SA09/F01_SA09_R03.csv,SA09,SA,F,F01,R03,15.00,0,,25,3,0
SA09/F01_SA09_R04.csv,SA09,SA,F,F01,R04,15.00,1,9.98,25,15,1
SA09/F01_SA09_R05.csv,SA09,SA,F,F01,R05,15.00,1,10.48,25,14,1
SA09/F02_SA09_R01.csv,SA09,SA,F,F02,R01,15.00,1,8.48,25,18,1
SA09/F02_SA09_R02.csv,SA09,SA,F,F02,R02,15.00,1,10.48,25,14,1
SA09/F02_SA09_R03.csv,SA09,SA,F,F02,R03,15.00,1,8.98,25,17,1
SA09/F02_SA09_R04.csv,SA09,SA,F,F02,R04,15.00,1,8.98,25,17,1
SA09/F02_SA09_R05.csv,SA09,SA,F,F02,R05,14.99,1,9.98,25,16,1
SA09/F03_SA09_R01.csv,SA09,SA,F,F03,R01,15.00,1,13.98,25,2,1
SA09/F03_SA09_R02.csv,SA09,SA,F,F03,R02,15.00,1,7.98,25,19,1
SA09/F03_SA09_R03.csv,SA09,SA,F,F03,R03,15.00,1,8.48,25,18,1
SA09/F03_SA09_R04.csv,SA09,SA,F,F03,R04,15.00,1,7.98,25,19,1
SA09/F03_SA09_R05.csv,SA09,SA,F,F03,R05,15.00,1,8.98,25,17,1
SA09/F04_SA09_R01.csv,SA09,SA,F,F04,R01,15.00,0,,25,0,0
SA09/F04_SA09_R02.csv,SA09,SA,F,F04,R02,15.00,1,9.48,25,16,1
SA09/F04_SA09_R03.csv,SA09,SA,F,F04,R03,15.00,1,10.48,25,15,1
SA09/F04_SA09_R04.csv,SA09,SA,F,F04,R04,15.00,1,10.98,25,14,1
SA09/F04_SA09_R05.csv,SA09,SA,F,F04,R05,15.00,1,9.98,25,16,1
SA09/F05_SA09_R01.csv,SA09,SA,F,F05,R01,15.00,1,7.98,25,19,1
SA09/F05_SA09_R02.csv,SA09,SA,F,F05,R02,15.00,1,14.48,25,4,1
SA09/F05_SA09_R03.csv,SA09,SA,F,F05,R03,15.00,1,13.98,25,3,1
SA09/F05_SA09_R04.csv,SA09,SA,F,F05,R04,15.00,1,14.48,25,3,1
SA09/F05_SA09_R05.csv,SA09,SA,F,F05,R05,15.00,1,7.98,25,21,1
SA09/F06_SA09_R01.csv,SA09,SA,F,F06,R01,15.00,1,9.98,25,15,1
SA09/F06_SA09_R02.csv,SA09,SA,F,F06,R02,15.00,1,9.98,25,15,1
SA09/F06_SA09_R03.csv,SA09,SA,F,F06,R03,15.00,1,9.98,25,15,1
SA09/F06_SA09_R04.csv,SA09,SA,F,F06,R04,15.00,1,10.48,25,14,1
SA09/F06_SA09_R05.csv,SA09,SA,F,F06,R05,15.00,0,,25,0,0
SA09/F07_SA09_R01.csv,SA09,SA,F,F07,R01,14.99,1,7.98,25,19,1
SA09/F07_SA09_R02.csv,SA09,SA,F,F07,R02,15.00,1,8.98,25,17,1
SA09/F07_SA09_R03.csv,SA09,SA,F,F07,R03,15.00,1,9.48,25,16,1
SA09/F07_SA09_R04.csv,SA09,SA,F,F07,R04,15.00,1,9.98,25,15,1
SA09/F07_SA09_R05.csv,SA09,SA,F,F07,R05,15.00,1,9.48,25,16,1
SA09/F08_SA09_R01.csv,SA09,SA,F,F08,R01,15.00,1,8.98,25,17,1
SA09/F08_SA09_R02.csv,SA09,SA,F,F08,R02,15.00,1,9.48,25,16,1
SA09/F08_SA09_R03.csv,SA09,SA,F,F08,R03,15.00,1,10.48,25,14,1
SA09/F08_SA09_R04.csv,SA09,SA,F,F08,R04,15.00,1,8.48,25,18,1
SA09/F08_SA09_R05.csv,SA09,SA,F,F08,R05,15.00,0,,25,0,0
SA09/F09_SA09_R01.csv,SA09,SA,F,F09,R01,15.00,1,8.48,25,18,1
SA09/F09_SA09_R02.csv,SA09,SA,F,F09,R02,15.00,1,8.98,25,17,1
SA09/F09_SA09_R03.csv,SA09,SA,F,F09,R03,15.00,1,9.48,25,16,1
SA09/F09_SA09_R04.csv,SA09,SA,F,F09,R04,15.00,1,7.98,25,19,1
SA09/F09_SA09_R05.csv,SA09,SA,F,F09,R05,15.00,1,8.98,25,18,1
SA09/F10_SA09_R01.csv,SA09,SA,F,F10,R01,15.00,1,8.48,25,18,1
SA09/F10_SA09_R02.csv,SA09,SA,F,F10,R02,15.00,0,,25,0,0
SA09/F10_SA09_R03.csv,SA09,SA,F,F10,R03,15.00,1,8.48,25,18,1
SA09/F10_SA09_R04.csv,SA09,SA,F,F10,R04,15.00,0,,25,0,0
SA09/F10_SA09_R05.csv,SA09,SA,F,F10,R05,15.00,1,7.48,25,20,1
SA09/F11_SA09_R01.csv,SA09,SA,F,F11,R01,14.99,1,7.48,25,20,1
SA09/F11_SA09_R02.csv,SA09,SA,F,F11,R02,15.00,0,,25,0,0
SA09/F11_SA09_R03.csv,SA09,SA,F,F11,R03,15.00,1,8.98,25,17,1
SA09/F11_SA09_R04.csv,SA09,SA,F,F11,R04,15.00,1,8.48,25,18,1
SA09/F11_SA09_R05.csv,SA09,SA,F,F11,R05,15.00,1,8.98,25,17,1
SA09/F12_SA09_R01.csv,SA09,SA,F,F12,R01,15.00,1,8.48,25,18,1
SA09/F12_SA09_R02.csv,SA09,SA,F,F12,R02,15.00,1,8.48,25,18,1
SA09/F12_SA09_R03.csv,SA09,SA,F,F12,R03,15.00,1,9.48,25,16,1
SA09/F12_SA09_R04.csv,SA09,SA,F,F12,R04,15.00,1,8.98,25,17,1
SA09/F12_SA09_R05.csv,SA09,SA,F,F12,R05,15.00,1,8.48,25,18,1
SA09/F13_SA09_R01.csv,SA09,SA,F,F13,R01,15.00,1,9.98,25,15,1
SA09/F13_SA09_R02.csv,SA09,SA,F,F13,R02,15.00,0,,25,0,0
SA09/F13_SA09_R03.csv,SA09,SA,F,F13,R03,15.00,0,,25,0,0
SA09/F13_SA09_R04.csv,SA09,SA,F,F13,R04,15.00,0,,25,0,0
SA09/F13_SA09_R05.csv,SA09,SA,F,F13,R05,15.00,1,9.48,25,16,1
SA09/F14_SA09_R01.csv,SA09,SA,F,F14,R01,15.00,0,,25,0,0
SA09/F14_SA09_R02.csv,SA09,SA,F,F14,R02,15.00,1,9.48,25,17,1
SA09/F14_SA09_R03.csv,SA09,SA,F,F14,R03,15.00,1,9.98,25,15,1
SA09/F14_SA09_R04.csv,SA09,SA,F,F14,R04,15.00,1,7.98,25,19,1
SA09/F14_SA09_R05.csv,SA09,SA,F,F14,R05,15.00,1,9.98,25,15,1
SA09/F15_SA09_R01.csv,SA09,SA,F,F15,R01,15.00,1,8.98,25,17,1
SA09/F15_SA09_R02.csv,SA09,SA,F,F15,R02,15.00,1,8.98,25,17,1
SA09/F15_SA09_R03.csv,SA09,SA,F,F15,R03,15.00,1,10.48,25,14,1
SA09/F15_SA09_R04.csv,SA09,SA,F,F15,R04,15.00,0,,25,0,0
SA09/F15_SA09_R05.csv,SA09,SA,F,F15,R05,15.00,1,8.98,25,17,1
SA10/D01_SA10_R01.csv,SA10,SA,D,D01,R01,100.00,0,,195,0,0
SA10/D02_SA10_R01.csv,SA10,SA,D,D02,R01,100.00,0,,195,0,0
SA10/D03_SA10_R01.csv,SA10,SA,D,D03,R01,100.00,11,17.48 20.48 28.48 31.48 44.48 54.48 57.98 70.98 73.98 94.48 99.48,195,104,11
SA10/D04_SA10_R01.csv,SA10,SA,D,D04,R01,100.00,8,15.98 32.48 35.98 41.48 47.48 58.98 79.48 83.98,195,163,8
SA10/D05_SA10_R01.csv,SA10,SA,D,D05,R01,25.00,0,,45,0,0
SA10/D05_SA10_R02.csv,SA10,SA,D,D05,R02,25.00,0,,45,0,0
SA10/D05_SA10_R03.csv,SA10,SA,D,D05,R03,25.00,0,,45,0,0
SA10/D05_SA10_R04.csv,SA10,SA,D,D05,R04,25.00,0,,45,0,0
SA10/D05_SA10_R05.csv,SA10,SA,D,D05,R05,25.00,0,,45,0,0
SA10/D06_SA10_R01.csv,SA10,SA,D,D06,R01,25.00,1,16.48,45,30,1
SA10/D06_SA10_R02.csv,SA10,SA,D,D06,R02,25.00,2,3.98 17.98,45,20,2
SA10/D06_SA10_R03.csv,SA10,SA,D,D06,R03,25.00,1,9.98,45,33,1
SA10/D06_SA10_R04.csv,SA10,SA,D,D06,R04,25.02,2,11.98 17.98,45,24,2
SA10/D06_SA10_R05.csv,SA10,SA,D,D06,R05,25.00,1,4.48,45,21,1
SA10/D07_SA10_R01.csv,SA10,SA,D,D07,R01,12.00,0,,19,0,0
SA10/D07_SA10_R02.csv,SA10,SA,D,D07,R02,12.00,0,,19,0,0
SA10/D07_SA10_R03.csv,SA10,SA,D,D07,R03,12.00,0,,19,0,0
SA10/D07_SA10_R04.csv,SA10,SA,D,D07,R04,12.00,0,,19,0,0
SA10/D07_SA10_R05.csv,SA10,SA,D,D07,R05,12.00,0,,19,0,0
SA10/D08_SA10_R01.csv,SA10,SA,D,D08,R01,12.00,0,,19,0,0
SA10/D08_SA10_R02.csv,SA10,SA,D,D08,R02,12.00,0,,19,0,0
SA10/D08_SA10_R03.csv,SA10,SA,D,D08,R03,12.00,0,,19,0,0
SA10/D08_SA10_R04.csv,SA10,SA,D,D08,R04,12.00,0,,19,0,0
SA10/D08_SA10_R05.csv,SA10,SA,D,D08,R05,11.99,0,,19,0,0
SA10/D09_SA10_R01.csv,SA10,SA,D,D09,R01,11.99,0,,19,0,0
SA10/D09_SA10_R02.csv,SA10,SA,D,D09,R02,12.00,0,,19,0,0
SA10/D09_SA10_R03.csv,SA10,SA,D,D09,R03,12.00,0,,19,0,0
SA10/D09_SA10_R04.csv,SA10,SA,D,D09,R04,12.00,0,,19,0,0
SA10/D09_SA10_R05.csv,SA10,SA,D,D09,R05,12.00,0,,19,0,0
SA10/D10_SA10_R01.csv,SA10,SA,D,D10,R01,12.00,0,,19,0,0
SA10/D10_SA10_R02.csv,SA10,SA,D,D10,R02,12.00,0,,19,0,0
SA10/D10_SA10_R03.csv,SA10,SA,D,D10,R03,12.00,0,,19,0,0
SA10/D10_SA10_R04.csv,SA10,SA,D,D10,R04,12.00,0,,19,0,0
SA10/D10_SA10_R05.csv,SA10,SA,D,D10,R05,12.00,0,,19,0,0
SA10/D11_SA10_R01.csv,SA10,SA,D,D11,R01,11.99,0,,19,0,0
SA10/D11_SA10_R02.csv,SA10,SA,D,D11,R02,12.00,0,,19,0,0
SA10/D11_SA10_R03.csv,SA10,SA,D,D11,R03,12.00,0,,19,0,0
SA10/D11_SA10_R04.csv,SA10,SA,D,D11,R04,12.00,0,,19,0,0
SA10/D11_SA10_R05.csv,SA10,SA,D,D11,R05,12.00,0,,19,0,0
SA10/D12_SA10_R01.csv,SA10,SA,D,D12,R01,12.00,0,,19,0,0
SA10/D12_SA10_R02.csv,SA10,SA,D,D12,R02,12.00,0,,19,0,0
SA10/D12_SA10_R03.csv,SA10,SA,D,D12,R03,12.00,0,,19,0,0
SA10/D12_SA10_R04.csv,SA10,SA,D,D12,R04,12.00,0,,19,0,0
SA10/D12_SA10_R05.csv,SA10,SA,D,D12,R05,12.00,0,,19,0,0
SA10/D13_SA10_R01.csv,SA10,SA,D,D13,R01,12.00,0,,19,0,0
SA10/D13_SA10_R02.csv,SA10,SA,D,D13,R02,12.00,0,,19,0,0
SA10/D13_SA10_R03.csv,SA10,SA,D,D13,R03,12.00,0,,19,0,0
SA10/D13_SA10_R04.csv,SA10,SA,D,D13,R04,12.00,0,,19,0,0
SA10/D13_SA10_R05.csv,SA10,SA,D,D13,R05,12.00,0,,19,0,0
SA10/D14_SA10_R01.csv,SA10,SA,D,D14,R01,12.00,0,,19,0,0
SA10/D14_SA10_R02.csv,SA10,SA,D,D14,R02,12.00,0,,19,0,0
SA10/D14_SA10_R03.csv,SA10,SA,D,D14,R03,12.00,0,,19,0,0
SA10/D14_SA10_R04.csv,SA10,SA,D,D14,R04,12.00,0,,19,0,0
SA10/D14_SA10_R05.csv,SA10,SA,D,D14,R05,12.00,0,,19,0,0
SA10/D15_SA10_R01.csv,SA10,SA,D,D15,R01,12.00,0,,19,0,0
SA10/D15_SA10_R02.csv,SA10,SA,D,D15,R02,12.00,0,,19,0,0
SA10/D15_SA10_R03.csv,SA10,SA,D,D15,R03,12.00,0,,19,0,0
SA10/D15_SA10_R04.csv,SA10,SA,D,D15,R04,12.00,0,,19,0,0
SA10/D15_SA10_R05.csv,SA10,SA,D,D15,R05,12.00,0,,19,0,0
SA10/D16_SA10_R01.csv,SA10,SA,D,D16,R01,11.99,0,,19,0,0
SA10/D16_SA10_R02.csv,SA10,SA,D,D16,R02,12.00,0,,19,0,0
SA10/D16_SA10_R03.csv,SA10,SA,D,D16,R03,12.00,0,,19,0,0
SA10/D16_SA10_R04.csv,SA10,SA,D,D16,R04,12.00,0,,19,0,0
SA10/D16_SA10_R05.csv,SA10,SA,D,D16,R05,12.00,0,,19,0,0
SA10/D17_SA10_R01.csv,SA10,SA,D,D17,R01,25.00,0,,45,0,0
SA10/D17_SA10_R02.csv,SA10,SA,D,D17,R02,25.00,0,,45,0,0
SA10/D17_SA10_R03.csv,SA10,SA,D,D17,R03,25.00,0,,45,0,0
SA10/D17_SA10_R04.csv,SA10,SA,D,D17,R04,25.00,0,,45,0,0
SA10/D17_SA10_R05.csv,SA10,SA,D,D17,R05,25.00,0,,45,0,0
SA10/D18_SA10_R01.csv,SA10,SA,D,D18,R01,12.00,1,4.98,19,19,1
SA10/D18_SA10_R02.csv,SA10,SA,D,D18,R02,12.00,1,6.48,19,17,1
SA10/D18_SA10_R03.csv,SA10,SA,D,D18,R03,12.00,1,7.48,19,14,1
SA10/D18_SA10_R04.csv,SA10,SA,D,D18,R04,12.00,0,,19,0,0
SA10/D18_SA10_R05.csv,SA10,SA,D,D18,R05,11.99,1,9.48,19,10,1
SA10/D19_SA10_R01.csv,SA10,SA,D,D19,R01,12.00,0,,19,19,0
SA10/D19_SA10_R02.csv,SA10,SA,D,D19,R02,12.00,1,11.98,19,19,1
SA10/D19_SA10_R03.csv,SA10,SA,D,D19,R03,12.00,0,,19,19,0
SA10/D19_SA10_R04.csv,SA10,SA,D,D19,R04,12.00,1,5.98,19,18,1
SA10/D19_SA10_R05.csv,SA10,SA,D,D19,R05,12.00,1,4.98,19,19,1
SA10/F01_SA10_R01.csv,SA10,SA,F,F01,R01,14.99,1,6.98,25,20,1
SA10/F01_SA10_R02.csv,SA10,SA,F,F01,R02,15.00,1,8.48,25,18,1
SA10/F01_SA10_R03.csv,SA10,SA,F,F01,R03,15.00,1,7.98,25,20,1
SA10/F01_SA10_R04.csv,SA10,SA,F,F01,R04,15.00,1,7.98,25,20,1
SA10/F01_SA10_R05.csv,SA10,SA,F,F01,R05,15.00,1,8.48,25,19,1
SA10/F02_SA10_R01.csv,SA10,SA,F,F02,R01,15.00,1,6.98,25,19,1
SA10/F02_SA10_R02.csv,SA10,SA,F,F02,R02,15.00,1,7.48,25,20,1
SA10/F02_SA10_R03.csv,SA10,SA,F,F02,R03,15.00,1,7.48,25,20,1
SA10/F02_SA10_R04.csv,SA10,SA,F,F02,R04,15.00,1,8.48,25,18,1
SA10/F02_SA10_R05.csv,SA10,SA,F,F02,R05,15.00,1,7.48,25,20,1
SA10/F03_SA10_R01.csv,SA10,SA,F,F03,R01,15.00,1,8.98,25,17,1
SA10/F03_SA10_R02.csv,SA10,SA,F,F03,R02,15.00,1,9.48,25,16,1
SA10/F03_SA10_R03.csv,SA10,SA,F,F03,R03,15.00,1,7.98,25,19,1
SA10/F03_SA10_R04.csv,SA10,SA,F,F03,R04,15.00,1,8.48,25,18,1
SA10/F03_SA10_R05.csv,SA10,SA,F,F03,R05,15.00,1,7.98,25,19,1
SA10/F04_SA10_R01.csv,SA10,SA,F,F04,R01,15.00,1,7.98,25,19,1
SA10/F04_SA10_R02.csv,SA10,SA,F,F04,R02,15.00,1,14.48,25,2,1
SA10/F04_SA10_R03.csv,SA10,SA,F,F04,R03,15.00,1,8.48,25,19,1
SA10/F04_SA10_R04.csv,SA10,SA,F,F04,R04,15.00,1,9.48,25,16,1
SA10/F04_SA10_R05.csv,SA10,SA,F,F04,R05,15.00,1,8.98,25,17,1
SA10/F05_SA10_R01.csv,SA10,SA,F,F05,R01,15.00,1,13.98,25,3,1
SA10/F05_SA10_R02.csv,SA10,SA,F,F05,R02,15.00,1,14.48,25,3,1
SA10/F05_SA10_R03.csv,SA10,SA,F,F05,R03,15.00,1,14.48,25,7,1
SA10/F05_SA10_R04.csv,SA10,SA,F,F05,R04,15.00,1,6.98,25,20,1
SA10/F05_SA10_R05.csv,SA10,SA,F,F05,R05,15.00,1,7.98,25,20,1
SA10/F06_SA10_R01.csv,SA10,SA,F,F06,R01,14.99,1,9.48,25,17,1
SA10/F06_SA10_R02.csv,SA10,SA,F,F06,R02,15.00,1,8.98,25,17,1
SA10/F06_SA10_R03.csv,SA10,SA,F,F06,R03,15.00,1,8.48,25,18,1
SA10/F06_SA10_R04.csv,SA10,SA,F,F06,R04,15.00,1,9.98,25,16,1
SA10/F06_SA10_R05.csv,SA10,SA,F,F06,R05,15.00,0,,25,0,0
SA10/F07_SA10_R01.csv,SA10,SA,F,F07,R01,15.00,1,8.98,25,17,1
SA10/F07_SA10_R02.csv,SA10,SA,F,F07,R02,15.00,1,8.48,25,18,1
SA10/F07_SA10_R03.csv,SA10,SA,F,F07,R03,15.00,1,9.48,25,16,1
SA10/F07_SA10_R04.csv,SA10,SA,F,F07,R04,15.00,1,9.48,25,16,1
SA10/F07_SA10_R05.csv,SA10,SA,F,F07,R05,15.00,1,10.48,25,14,1
SA10/F08_SA10_R01.csv,SA10,SA,F,F08,R01,14.99,1,6.98,25,20,1
SA10/F08_SA10_R02.csv,SA10,SA,F,F08,R02,15.00,1,8.98,25,17,1
SA10/F08_SA10_R03.csv,SA10,SA,F,F08,R03,14.99,1,7.98,25,19,1
SA10/F08_SA10_R04.csv,SA10,SA,F,F08,R04,15.00,1,8.98,25,17,1
SA10/F08_SA10_R05.csv,SA10,SA,F,F08,R05,15.00,0,,25,0,0
SA10/F09_SA10_R01.csv,SA10,SA,F,F09,R01,15.00,1,7.48,25,20,1
SA10/F09_SA10_R02.csv,SA10,SA,F,F09,R02,15.00,1,8.48,25,18,1
SA10/F09_SA10_R03.csv,SA10,SA,F,F09,R03,15.00,1,9.48,25,16,1
SA10/F09_SA10_R04.csv,SA10,SA,F,F09,R04,15.00,1,8.48,25,18,1
SA10/F09_SA10_R05.csv,SA10,SA,F,F09,R05,15.00,0,,25,0,0
SA10/F10_SA10_R01.csv,SA10,SA,F,F10,R01,15.00,1,5.48,25,20,1
SA10/F10_SA10_R02.csv,SA10,SA,F,F10,R02,15.00,0,,25,0,0
SA10/F10_SA10_R03.csv,SA10,SA,F,F10,R03,15.00,1,6.98,25,20,1
SA10/F10_SA10_R04.csv,SA10,SA,F,F10,R04,15.00,1,7.98,25,19,1
SA10/F10_SA10_R05.csv,SA10,SA,F,F10,R05,15.00,0,,25,0,0
SA10/F11_SA10_R01.csv,SA10,SA,F,F11,R01,14.99,0,,25,0,0
SA10/F11_SA10_R02.csv,SA10,SA,F,F11,R02,15.00,0,,25,0,0
SA10/F11_SA10_R03.csv,SA10,SA,F,F11,R03,15.00,1,5.98,25,19,1
SA10/F11_SA10_R04.csv,SA10,SA,F,F11,R04,15.00,1,6.98,25,20,1
SA10/F11_SA10_R05.csv,SA10,SA,F,F11,R05,15.00,1,6.98,25,19,1
SA10/F12_SA10_R01.csv,SA10,SA,F,F12,R01,14.99,0,,25,0,0
SA10/F12_SA10_R02.csv,SA10,SA,F,F12,R02,15.00,1,5.98,25,19,1
SA10/F12_SA10_R03.csv,SA10,SA,F,F12,R03,15.00,1,5.48,25,19,1
SA10/F12_SA10_R04.csv,SA10,SA,F,F12,R04,15.00,1,4.48,25,18,1
SA10/F12_SA10_R05.csv,SA10,SA,F,F12,R05,15.00,1,5.48,25,20,1
SA10/F13_SA10_R01.csv,SA10,SA,F,F13,R01,15.00,1,5.98,25,20,1
SA10/F13_SA10_R02.csv,SA10,SA,F,F13,R02,15.00,1,5.98,25,20,1
SA10/F13_SA10_R03.csv,SA10,SA,F,F13,R03,15.00,1,4.98,25,20,1
SA10/F13_SA10_R04.csv,SA10,SA,F,F13,R04,15.00,1,6.48,25,19,1
SA10/F13_SA10_R05.csv,SA10,SA,F,F13,R05,15.00,0,,25,0,0
SA10/F14_SA10_R01.csv,SA10,SA,F,F14,R01,15.00,1,6.98,25,20,1
SA10/F14_SA10_R02.csv,SA10,SA,F,F14,R02,15.00,1,7.48,25,20,1
SA10/F14_SA10_R03.csv,SA10,SA,F,F14,R03,15.00,1,7.48,25,20,1
SA10/F14_SA10_R04.csv,SA10,SA,F,F14,R04,15.00,1,7.48,25,20,1
SA10/F14_SA10_R05.csv,SA10,SA,F,F14,R05,15.00,1,7.98,25,19,1
SA10/F15_SA10_R01.csv,SA10,SA,F,F15,R01,15.00,1,7.98,25,19,1
SA10/F15_SA10_R02.csv,SA10,SA,F,F15,R02,15.00,0,,25,0,0
SA10/F15_SA10_R03.csv,SA10,SA,F,F15,R03,14.99,0,,25,0,0
SA10/F15_SA10_R04.csv,SA10,SA,F,F15,R04,15.00,0,,25,0,0
SA10/F15_SA10_R05.csv,SA10,SA,F,F15,R05,15.00,1,9.48,25,16,1
SA11/D01_SA11_R01.csv,SA11,SA,D,D01,R01,100.00,0,,195,0,0
SA11/D02_SA11_R01.csv,SA11,SA,D,D02,R01,100.00,0,,195,0,0
SA11/D03_SA11_R01.csv,SA11,SA,D,D03,R01,100.00,0,,195,0,0
SA11/D04_SA11_R01.csv,SA11,SA,D,D04,R01,100.00,6,12.98 38.48 50.98 62.48 69.48 96.48,195,44,6
SA11/D05_SA11_R01.csv,SA11,SA,D,D05,R01,25.00,0,,45,0,0
SA11/D05_SA11_R02.csv,SA11,SA,D,D05,R02,25.00,0,,45,0,0
SA11/D05_SA11_R03.csv,SA11,SA,D,D05,R03,25.00,0,,45,0,0
SA11/D05_SA11_R04.csv,SA11,SA,D,D05,R04,25.00,0,,45,0,0
SA11/D05_SA11_R05.csv,SA11,SA,D,D05,R05,25.00,0,,45,0,0
SA11/D06_SA11_R01.csv,SA11,SA,D,D06,R01,25.00,2,10.98 11.98,45,26,2
SA11/D06_SA11_R02.csv,SA11,SA,D,D06,R02,25.00,1,14.98,45,31,1
SA11/D06_SA11_R03.csv,SA11,SA,D,D06,R03,25.00,2,13.48 14.48,45,30,2
SA11/D06_SA11_R04.csv,SA11,SA,D,D06,R04,25.00,2,5.98 13.98,45,32,2
SA11/D06_SA11_R05.csv,SA11,SA,D,D06,R05,25.00,2,11.98 12.48,45,31,2
SA11/D07_SA11_R01.csv,SA11,SA,D,D07,R01,12.00,0,,19,0,0
SA11/D07_SA11_R02.csv,SA11,SA,D,D07,R02,12.00,0,,19,0,0
SA11/D07_SA11_R03.csv,SA11,SA,D,D07,R03,12.00,0,,19,0,0
SA11/D07_SA11_R04.csv,SA11,SA,D,D07,R04,12.00,0,,19,0,0
SA11/D07_SA11_R05.csv,SA11,SA,D,D07,R05,12.00,0,,19,0,0
SA11/D08_SA11_R01.csv,SA11,SA,D,D08,R01,12.00,0,,19,0,0
SA11/D08_SA11_R02.csv,SA11,SA,D,D08,R02,12.00,0,,19,0,0
SA11/D08_SA11_R03.csv,SA11,SA,D,D08,R03,12.00,0,,19,0,0
SA11/D08_SA11_R04.csv,SA11,SA,D,D08,R04,12.00,0,,19,0,0
SA11/D08_SA11_R05.csv,SA11,SA,D,D08,R05,12.00,0,,19,0,0
SA11/D09_SA11_R01.csv,SA11,SA,D,D09,R01,12.00,0,,19,0,0
SA11/D09_SA11_R02.csv,SA11,SA,D,D09,R02,12.00,0,,19,0,0
SA11/D09_SA11_R03.csv,SA11,SA,D,D09,R03,12.00,0,,19,0,0
SA11/D09_SA11_R04.csv,SA11,SA,D,D09,R04,12.00,0,,19,0,0
SA11/D09_SA11_R05.csv,SA11,SA,D,D09,R05,12.00,0,,19,0,0
SA11/D10_SA11_R01.csv,SA11,SA,D,D10,R01,12.00,0,,19,0,0
SA11/D10_SA11_R02.csv,SA11,SA,D,D10,R02,12.00,0,,19,0,0
SA11/D10_SA11_R03.csv,SA11,SA,D,D10,R03,12.00,0,,19,0,0
SA11/D10_SA11_R04.csv,SA11,SA,D,D10,R04,12.00,0,,19,0,0
SA11/D10_SA11_R05.csv,SA11,SA,D,D10,R05,12.00,0,,19,0,0
SA11/D11_SA11_R01.csv,SA11,SA,D,D11,R01,11.99,0,,19,0,0
SA11/D11_SA11_R02.csv,SA11,SA,D,D11,R02,12.00,0,,19,0,0
SA11/D11_SA11_R03.csv,SA11,SA,D,D11,R03,12.00,0,,19,0,0
SA11/D11_SA11_R04.csv,SA11,SA,D,D11,R04,12.00,0,,19,0,0
SA11/D11_SA11_R05.csv,SA11,SA,D,D11,R05,12.00,0,,19,0,0
SA11/D12_SA11_R01.csv,SA11,SA,D,D12,R01,11.99,0,,19,0,0
SA11/D12_SA11_R02.csv,SA11,SA,D,D12,R02,12.00,0,,19,0,0
SA11/D12_SA11_R03.csv,SA11,SA,D,D12,R03,12.00,0,,19,0,0
SA11/D12_SA11_R04.csv,SA11,SA,D,D12,R04,12.00,0,,19,0,0
SA11/D12_SA11_R05.csv,SA11,SA,D,D12,R05,12.00,0,,19,0,0
SA11/D13_SA11_R01.csv,SA11,SA,D,D13,R01,12.00,0,,19,0,0
SA11/D13_SA11_R02.csv,SA11,SA,D,D13,R02,12.00,0,,19,0,0
SA11/D13_SA11_R03.csv,SA11,SA,D,D13,R03,12.00,0,,19,0,0
SA11/D13_SA11_R04.csv,SA11,SA,D,D13,R04,12.00,0,,19,0,0
SA11/D13_SA11_R05.csv,SA11,SA,D,D13,R05,12.00,0,,19,0,0
SA11/D14_SA11_R01.csv,SA11,SA,D,D14,R01,12.00,0,,19,0,0
SA11/D14_SA11_R02.csv,SA11,SA,D,D14,R02,12.00,0,,19,0,0
SA11/D14_SA11_R03.csv,SA11,SA,D,D14,R03,12.00,0,,19,0,0
SA11/D14_SA11_R04.csv,SA11,SA,D,D14,R04,12.00,0,,19,0,0
SA11/D14_SA11_R05.csv,SA11,SA,D,D14,R05,12.00,1,10.98,19,7,1
SA11/D15_SA11_R01.csv,SA11,SA,D,D15,R01,12.00,0,,19,0,0
SA11/D15_SA11_R02.csv,SA11,SA,D,D15,R02,12.00,0,,19,0,0
SA11/D15_SA11_R03.csv,SA11,SA,D,D15,R03,12.00,0,,19,0,0
SA11/D15_SA11_R04.csv,SA11,SA,D,D15,R04,12.00,0,,19,0,0
SA11/D15_SA11_R05.csv,SA11,SA,D,D15,R05,12.00,0,,19,0,0
SA11/D16_SA11_R01.csv,SA11,SA,D,D16,R01,11.99,0,,19,0,0
SA11/D16_SA11_R02.csv,SA11,SA,D,D16,R02,12.00,0,,19,0,0
SA11/D16_SA11_R03.csv,SA11,SA,D,D16,R03,12.00,0,,19,0,0
SA11/D16_SA11_R04.csv,SA11,SA,D,D16,R04,12.00,0,,19,0,0
SA11/D16_SA11_R05.csv,SA11,SA,D,D16,R05,12.00,0,,19,0,0
SA11/D17_SA11_R01.csv,SA11,SA,D,D17,R01,25.00,0,,45,0,0
SA11/D17_SA11_R02.csv,SA11,SA,D,D17,R02,25.00,0,,45,0,0
SA11/D17_SA11_R03.csv,SA11,SA,D,D17,R03,25.00,0,,45,0,0
SA11/D17_SA11_R04.csv,SA11,SA,D,D17,R04,25.00,0,,45,0,0
SA11/D17_SA11_R05.csv,SA11,SA,D,D17,R05,25.00,0,,45,0,0
SA11/D18_SA11_R01.csv,SA11,SA,D,D18,R01,12.00,1,6.98,19,15,1
SA11/D18_SA11_R02.csv,SA11,SA,D,D18,R02,12.00,0,,19,0,0
SA11/D18_SA11_R03.csv,SA11,SA,D,D18,R03,12.00,1,6.98,19,15,1
SA11/D18_SA11_R04.csv,SA11,SA,D,D18,R04,12.00,0,,19,0,0
SA11/D18_SA11_R05.csv,SA11,SA,D,D18,R05,12.00,0,,19,0,0
SA11/D19_SA11_R01.csv,SA11,SA,D,D19,R01,12.00,0,,19,0,0
SA11/D19_SA11_R02.csv,SA11,SA,D,D19,R02,12.00,1,4.98,19,19,1
SA11/D19_SA11_R03.csv,SA11,SA,D,D19,R03,12.00,1,11.48,19,6,1
SA11/D19_SA11_R04.csv,SA11,SA,D,D19,R04,12.00,1,6.48,19,16,1
SA11/D19_SA11_R05.csv,SA11,SA,D,D19,R05,12.00,0,,19,0,0
SA11/F01_SA11_R01.csv,SA11,SA,F,F01,R01,15.00,1,7.48,25,19,1
SA11/F01_SA11_R02.csv,SA11,SA,F,F01,R02,15.00,0,,25,1,0
SA11/F01_SA11_R03.csv,SA11,SA,F,F01,R03,15.00,1,14.48,25,2,1
SA11/F01_SA11_R04.csv,SA11,SA,F,F01,R04,15.00,1,7.48,25,20,1
SA11/F01_SA11_R05.csv,SA11,SA,F,F01,R05,14.99,1,7.48,25,20,1
SA11/F02_SA11_R01.csv,SA11,SA,F,F02,R01,15.00,1,6.98,25,20,1
SA11/F02_SA11_R02.csv,SA11,SA,F,F02,R02,15.00,1,6.48,25,20,1
SA11/F02_SA11_R03.csv,SA11,SA,F,F02,R03,15.00,1,6.48,25,19,1
SA11/F02_SA11_R04.csv,SA11,SA,F,F02,R04,15.00,1,6.48,25,20,1
SA11/F02_SA11_R05.csv,SA11,SA,F,F02,R05,15.00,1,6.98,25,19,1
SA11/F03_SA11_R01.csv,SA11,SA,F,F03,R01,15.00,1,7.98,25,19,1
SA11/F03_SA11_R02.csv,SA11,SA,F,F03,R02,15.00,1,7.98,25,20,1
SA11/F03_SA11_R03.csv,SA11,SA,F,F03,R03,15.00,1,7.48,25,20,1
SA11/F03_SA11_R04.csv,SA11,SA,F,F03,R04,15.00,1,14.48,25,2,1
SA11/F03_SA11_R05.csv,SA11,SA,F,F03,R05,15.00,1,7.98,25,20,1
SA11/F04_SA11_R01.csv,SA11,SA,F,F04,R01,15.00,0,,25,1,0
SA11/F04_SA11_R02.csv,SA11,SA,F,F04,R02,15.00,0,,25,0,0
SA11/F04_SA11_R03.csv,SA11,SA,F,F04,R03,15.00,1,8.98,25,18,1
SA11/F04_SA11_R04.csv,SA11,SA,F,F04,R04,15.00,1,9.48,25,16,1
SA11/F04_SA11_R05.csv,SA11,SA,F,F04,R05,15.00,1,8.48,25,18,1
SA11/F05_SA11_R01.csv,SA11,SA,F,F05,R01,15.00,0,,25,0,0
SA11/F05_SA11_R02.csv,SA11,SA,F,F05,R02,14.99,0,,25,1,0
SA11/F05_SA11_R03.csv,SA11,SA,F,F05,R03,15.00,0,,25,0,0
SA11/F05_SA11_R04.csv,SA11,SA,F,F05,R04,15.00,0,,25,1,0
SA11/F05_SA11_R05.csv,SA11,SA,F,F05,R05,15.00,0,,25,1,0
SA11/F06_SA11_R01.csv,SA11,SA,F,F06,R01,14.99,0,,25,17,0
SA11/F06_SA11_R02.csv,SA11,SA,F,F06,R02,15.00,0,,25,1,0
SA11/F06_SA11_R03.csv,SA11,SA,F,F06,R03,15.00,1,9.48,25,17,1
SA11/F06_SA11_R04.csv,SA11,SA,F,F06,R04,15.00,1,9.98,25,15,1
SA11/F06_SA11_R05.csv,SA11,SA,F,F06,R05,15.00,1,9.98,25,16,1
SA11/F07_SA11_R01.csv,SA11,SA,F,F07,R01,15.00,0,,25,0,0
SA11/F07_SA11_R02.csv,SA11,SA,F,F07,R02,15.00,1,8.48,25,18,1
SA11/F07_SA11_R03.csv,SA11,SA,F,F07,R03,15.00,1,8.98,25,17,1
SA11/F07_SA11_R04.csv,SA11,SA,F,F07,R04,15.00,0,,25,0,0
SA11/F07_SA11_R05.csv,SA11,SA,F,F07,R05,15.00,1,8.98,25,17,1
SA11/F08_SA11_R01.csv,SA11,SA,F,F08,R01,15.00,1,9.48,25,17,1
SA11/F08_SA11_R02.csv,SA11,SA,F,F08,R02,15.00,1,12.98,25,15,1
SA11/F08_SA11_R03.csv,SA11,SA,F,F08,R03,15.00,1,9.48,25,16,1
SA11/F08_SA11_R04.csv,SA11,SA,F,F08,R04,15.00,1,9.48,25,17,1
SA11/F08_SA11_R05.csv,SA11,SA,F,F08,R05,15.00,1,9.48,25,16,1
SA11/F09_SA11_R01.csv,SA11,SA,F,F09,R01,15.00,1,7.98,25,19,1
SA11/F09_SA11_R02.csv,SA11,SA,F,F09,R02,15.00,1,9.48,25,16,1
SA11/F09_SA11_R03.csv,SA11,SA,F,F09,R03,15.00,1,9.98,25,15,1
SA11/F09_SA11_R04.csv,SA11,SA,F,F09,R04,15.00,1,8.98,25,17,1
SA11/F09_SA11_R05.csv,SA11,SA,F,F09,R05,15.00,1,8.98,25,17,1
SA11/F10_SA11_R01.csv,SA11,SA,F,F10,R01,15.00,1,6.98,25,19,1
SA11/F10_SA11_R02.csv,SA11,SA,F,F10,R02,15.00,1,5.48,25,20,1
SA11/F10_SA11_R03.csv,SA11,SA,F,F10,R03,15.00,0,,25,0,0
SA11/F10_SA11_R04.csv,SA11,SA,F,F10,R04,15.00,1,8.48,25,18,1
SA11/F10_SA11_R05.csv,SA11,SA,F,F10,R05,15.00,1,6.98,25,19,1
SA11/F11_SA11_R01.csv,SA11,SA,F,F11,R01,14.99,1,7.98,25,19,1
SA11/F11_SA11_R02.csv,SA11,SA,F,F11,R02,15.00,1,7.48,25,20,1
SA11/F11_SA11_R03.csv,SA11,SA,F,F11,R03,15.00,0,,25,0,0
SA11/F11_SA11_R04.csv,SA11,SA,F,F11,R04,15.00,1,6.48,25,19,1
SA11/F11_SA11_R05.csv,SA11,SA,F,F11,R05,15.00,1,9.48,25,17,1
SA11/F12_SA11_R01.csv,SA11,SA,F,F12,R01,15.00,1,6.48,25,20,1
SA11/F12_SA11_R02.csv,SA11,SA,F,F12,R02,15.00,1,7.48,25,19,1
SA11/F12_SA11_R03.csv,SA11,SA,F,F12,R03,15.00,1,7.48,25,20,1
SA11/F12_SA11_R04.csv,SA11,SA,F,F12,R04,15.00,1,4.98,25,20,1
SA11/F12_SA11_R05.csv,SA11,SA,F,F12,R05,15.00,1,7.98,25,20,1
SA11/F13_SA11_R01.csv,SA11,SA,F,F13,R01,14.99,1,6.48,25,20,1
SA11/F13_SA11_R02.csv,SA11,SA,F,F13,R02,15.00,1,7.48,25,20,1
SA11/F13_SA11_R03.csv,SA11,SA,F,F13,R03,15.00,1,6.48,25,20,1
SA11/F13_SA11_R04.csv,SA11,SA,F,F13,R04,15.00,1,5.48,25,20,1
SA11/F13_SA11_R05.csv,SA11,SA,F,F13,R05,15.00,1,9.48,25,16,1
SA11/F14_SA11_R01.csv,SA11,SA,F,F14,R01,15.00,1,6.48,25,20,1
SA11/F14_SA11_R02.csv,SA11,SA,F,F14,R02,15.00,1,8.48,25,18,1
SA11/F14_SA11_R03.csv,SA11,SA,F,F14,R03,15.00,1,8.98,25,17,1
SA11/F14_SA11_R04.csv,SA11,SA,F,F14,R04,15.00,1,7.48,25,20,1
SA11/F14_SA11_R05.csv,SA11,SA,F,F14,R05,15.00,1,8.98,25,17,1
SA11/F15_SA11_R01.csv,SA11,SA,F,F15,R01,15.00,1,7.98,25,19,1
SA11/F15_SA11_R02.csv,SA11,SA,F,F15,R02,15.00,1,9.48,25,17,1
SA11/F15_SA11_R03.csv,SA11,SA,F,F15,R03,15.00,1,6.98,25,20,1
SA11/F15_SA11_R04.csv,SA11,SA,F,F15,R04,15.00,1,8.98,25,17,1
SA11/F15_SA11_R05.csv,SA11,SA,F,F15,R05,15.00,1,7.48,25,20,1
SA12/D01_SA12_R01.csv,SA12,SA,D,D01,R01,100.00,0,,195,0,0
SA12/D02_SA12_R01.csv,SA12,SA,D,D02,R01,100.00,0,,195,0,0
SA12/D03_SA12_R01.csv,SA12,SA,D,D03,R01,100.00,0,,195,0,0
SA12/D04_SA12_R01.csv,SA12,SA,D,D04,R01,100.00,6,20.98 28.98 52.48 67.98 70.48 93.98,195,136,6
SA12/D05_SA12_R01.csv,SA12,SA,D,D05,R01,25.00,0,,45,0,0
SA12/D05_SA12_R02.csv,SA12,SA,D,D05,R02,25.00,0,,45,0,0
SA12/D05_SA12_R03.csv,SA12,SA,D,D05,R03,25.00,0,,45,0,0
SA12/D05_SA12_R04.csv,SA12,SA,D,D05,R04,25.00,0,,45,0,0
SA12/D05_SA12_R05.csv,SA12,SA,D,D05,R05,25.00,0,,45,0,0
SA12/D06_SA12_R01.csv,SA12,SA,D,D06,R01,25.00,2,6.48 15.98,45,42,2
SA12/D06_SA12_R02.csv,SA12,SA,D,D06,R02,25.00,1,6.98,45,20,1
SA12/D06_SA12_R03.csv,SA12,SA,D,D06,R03,25.00,2,8.48 18.48,45,38,2
SA12/D06_SA12_R04.csv,SA12,SA,D,D06,R04,25.00,2,15.98 17.98,45,39,2
SA12/D06_SA12_R05.csv,SA12,SA,D,D06,R05,25.00,1,17.48,45,20,1
SA12/D07_SA12_R01.csv,SA12,SA,D,D07,R01,12.00,0,,19,0,0
SA12/D07_SA12_R02.csv,SA12,SA,D,D07,R02,12.00,0,,19,0,0
SA12/D07_SA12_R03.csv,SA12,SA,D,D07,R03,12.00,0,,19,0,0
SA12/D07_SA12_R04.csv,SA12,SA,D,D07,R04,12.00,0,,19,0,0
SA12/D07_SA12_R05.csv,SA12,SA,D,D07,R05,12.00,0,,19,0,0
SA12/D08_SA12_R01.csv,SA12,SA,D,D08,R01,12.00,0,,19,0,0
SA12/D08_SA12_R02.csv,SA12,SA,D,D08,R02,12.00,0,,19,0,0
SA12/D08_SA12_R03.csv,SA12,SA,D,D08,R03,12.00,0,,19,0,0
SA12/D08_SA12_R04.csv,SA12,SA,D,D08,R04,12.00,1,5.48,19,18,1
SA12/D08_SA12_R05.csv,SA12,SA,D,D08,R05,12.00,0,,19,0,0
SA12/D09_SA12_R01.csv,SA12,SA,D,D09,R01,12.00,0,,19,0,0
SA12/D09_SA12_R02.csv,SA12,SA,D,D09,R02,12.00,0,,19,0,0
SA12/D09_SA12_R03.csv,SA12,SA,D,D09,R03,11.99,0,,19,0,0
SA12/D09_SA12_R04.csv,SA12,SA,D,D09,R04,12.00,0,,19,0,0
SA12/D09_SA12_R05.csv,SA12,SA,D,D09,R05,12.00,0,,19,0,0
SA12/D10_SA12_R01.csv,SA12,SA,D,D10,R01,12.00,0,,19,0,0
SA12/D10_SA12_R02.csv,SA12,SA,D,D10,R02,12.00,0,,19,0,0
SA12/D10_SA12_R03.csv,SA12,SA,D,D10,R03,12.00,0,,19,0,0
SA12/D10_SA12_R04.csv,SA12,SA,D,D10,R04,12.00,0,,19,0,0
SA12/D10_SA12_R05.csv,SA12,SA,D,D10,R05,12.00,0,,19,0,0
SA12/D11_SA12_R01.csv,SA12,SA,D,D11,R01,11.99,1,7.48,19,14,1
SA12/D11_SA12_R02.csv,SA12,SA,D,D11,R02,12.00,1,7.98,19,13,1
SA12/D11_SA12_R03.csv,SA12,SA,D,D11,R03,12.00,1,7.98,19,13,1
SA12/D11_SA12_R04.csv,SA12,SA,D,D11,R04,12.00,1,6.98,19,15,1
SA12/D11_SA12_R05.csv,SA12,SA,D,D11,R05,12.00,1,6.98,19,15,1
SA12/D12_SA12_R01.csv,SA12,SA,D,D12,R01,12.00,0,,19,0,0
SA12/D12_SA12_R02.csv,SA12,SA,D,D12,R02,12.00,0,,19,0,0
SA12/D12_SA12_R03.csv,SA12,SA,D,D12,R03,12.00,0,,19,0,0
SA12/D12_SA12_R04.csv,SA12,SA,D,D12,R04,12.00,0,,19,0,0
SA12/D12_SA12_R05.csv,SA12,SA,D,D12,R05,12.00,0,,19,0,0
SA12/D13_SA12_R01.csv,SA12,SA,D,D13,R01,12.00,0,,19,0,0
SA12/D13_SA12_R02.csv,SA12,SA,D,D13,R02,12.00,0,,19,0,0
SA12/D13_SA12_R03.csv,SA12,SA,D,D13,R03,12.00,0,,19,0,0
SA12/D13_SA12_R04.csv,SA12,SA,D,D13,R04,12.00,0,,19,0,0
SA12/D13_SA12_R05.csv,SA12,SA,D,D13,R05,12.00,0,,19,0,0
SA12/D14_SA12_R01.csv,SA12,SA,D,D14,R01,12.00,0,,19,0,0
SA12/D14_SA12_R02.csv,SA12,SA,D,D14,R02,12.00,0,,19,0,0
SA12/D14_SA12_R03.csv,SA12,SA,D,D14,R03,12.00,0,,19,0,0
SA12/D14_SA12_R04.csv,SA12,SA,D,D14,R04,12.00,0,,19,0,0
SA12/D14_SA12_R05.csv,SA12,SA,D,D14,R05,12.00,0,,19,0,0
SA12/D15_SA12_R01.csv,SA12,SA,D,D15,R01,12.00,0,,19,0,0
SA12/D15_SA12_R02.csv,SA12,SA,D,D15,R02,12.00,0,,19,0,0
SA12/D15_SA12_R03.csv,SA12,SA,D,D15,R03,12.00,0,,19,0,0
SA12/D15_SA12_R04.csv,SA12,SA,D,D15,R04,12.00,0,,19,0,0
SA12/D15_SA12_R05.csv,SA12,SA,D,D15,R05,12.00,0,,19,0,0
SA12/D16_SA12_R01.csv,SA12,SA,D,D16,R01,11.99,0,,19,0,0
SA12/D16_SA12_R02.csv,SA12,SA,D,D16,R02,12.00,0,,19,0,0
SA12/D16_SA12_R03.csv,SA12,SA,D,D16,R03,12.00,0,,19,0,0
SA12/D16_SA12_R04.csv,SA12,SA,D,D16,R04,12.00,0,,19,0,0
SA12/D16_SA12_R05.csv,SA12,SA,D,D16,R05,12.00,0,,19,0,0
SA12/D17_SA12_R01.csv,SA12,SA,D,D17,R01,25.00,0,,45,0,0
SA12/D17_SA12_R02.csv,SA12,SA,D,D17,R02,25.00,0,,45,0,0
SA12/D17_SA12_R03.csv,SA12,SA,D,D17,R03,25.00,0,,45,0,0
SA12/D17_SA12_R04.csv,SA12,SA,D,D17,R04,25.00,0,,45,0,0
SA12/D17_SA12_R05.csv,SA12,SA,D,D17,R05,25.00,0,,45,0,0
SA12/D18_SA12_R01.csv,SA12,SA,D,D18,R01,12.00,1,7.98,19,13,1
SA12/D18_SA12_R02.csv,SA12,SA,D,D18,R02,12.00,1,8.98,19,11,1
SA12/D18_SA12_R03.csv,SA12,SA,D,D18,R03,12.00,1,9.98,19,9,1
SA12/D18_SA12_R04.csv,SA12,SA,D,D18,R04,12.00,1,9.98,19,9,1
SA12/D18_SA12_R05.csv,SA12,SA,D,D18,R05,12.00,1,10.98,19,7,1
SA12/D19_SA12_R01.csv,SA12,SA,D,D19,R01,12.00,0,,19,19,0
SA12/D19_SA12_R02.csv,SA12,SA,D,D19,R02,12.00,0,,19,18,0
SA12/D19_SA12_R03.csv,SA12,SA,D,D19,R03,12.00,1,5.98,19,18,1
SA12/D19_SA12_R04.csv,SA12,SA,D,D19,R04,12.00,0,,19,0,0
SA12/D19_SA12_R05.csv,SA12,SA,D,D19,R05,12.00,1,8.98,19,11,1
SA12/F01_SA12_R01.csv,SA12,SA,F,F01,R01,15.00,1,9.48,25,16,1
SA12/F01_SA12_R02.csv,SA12,SA,F,F01,R02,15.00,1,10.48,25,14,1
SA12/F01_SA12_R03.csv,SA12,SA,F,F01,R03,15.00,1,10.98,25,13,1
SA12/F01_SA12_R04.csv,SA12,SA,F,F01,R04,15.00,1,11.48,25,13,1
SA12/F01_SA12_R05.csv,SA12,SA,F,F01,R05,15.00,1,10.48,25,14,1
SA12/F02_SA12_R01.csv,SA12,SA,F,F02,R01,15.00,1,12.48,25,10,1
SA12/F02_SA12_R02.csv,SA12,SA,F,F02,R02,15.00,1,13.48,25,8,1
SA12/F02_SA12_R03.csv,SA12,SA,F,F02,R03,15.00,1,13.48,25,8,1
SA12/F02_SA12_R04.csv,SA12,SA,F,F02,R04,15.00,1,11.98,25,11,1
SA12/F02_SA12_R05.csv,SA12,SA,F,F02,R05,15.00,1,12.48,25,10,1
SA12/F03_SA12_R01.csv,SA12,SA,F,F03,R01,15.00,1,10.98,25,13,1
SA12/F03_SA12_R02.csv,SA12,SA,F,F03,R02,15.00,1,11.48,25,12,1
SA12/F03_SA12_R03.csv,SA12,SA,F,F03,R03,15.00,1,11.98,25,12,1
SA12/F03_SA12_R04.csv,SA12,SA,F,F03,R04,15.00,1,11.98,25,11,1
SA12/F03_SA12_R05.csv,SA12,SA,F,F03,R05,15.00,1,13.98,25,7,1
SA12/F04_SA12_R01.csv,SA12,SA,F,F04,R01,15.00,1,10.48,25,15,1
SA12/F04_SA12_R02.csv,SA12,SA,F,F04,R02,15.00,1,10.48,25,15,1
SA12/F04_SA12_R03.csv,SA12,SA,F,F04,R03,14.99,1,11.48,25,13,1
SA12/F04_SA12_R04.csv,SA12,SA,F,F04,R04,15.00,1,10.98,25,14,1
SA12/F04_SA12_R05.csv,SA12,SA,F,F04,R05,15.00,1,10.98,25,13,1
SA12/F05_SA12_R01.csv,SA12,SA,F,F05,R01,15.00,1,5.98,25,20,1
SA12/F05_SA12_R02.csv,SA12,SA,F,F05,R02,15.00,1,6.98,25,19,1
SA12/F05_SA12_R03.csv,SA12,SA,F,F05,R03,15.00,1,6.98,25,21,1
SA12/F05_SA12_R04.csv,SA12,SA,F,F05,R04,15.00,1,6.48,25,22,1
SA12/F05_SA12_R05.csv,SA12,SA,F,F05,R05,15.00,1,13.48,25,6,1
SA12/F06_SA12_R01.csv,SA12,SA,F,F06,R01,14.99,1,10.48,25,14,1
SA12/F06_SA12_R02.csv,SA12,SA,F,F06,R02,15.00,0,,25,11,0
SA12/F06_SA12_R03.csv,SA12,SA,F,F06,R03,14.99,1,9.48,25,16,1
SA12/F06_SA12_R04.csv,SA12,SA,F,F06,R04,14.99,1,10.98,25,14,1
SA12/F06_SA12_R05.csv,SA12,SA,F,F06,R05,15.00,1,10.48,25,14,1
SA12/F07_SA12_R01.csv,SA12,SA,F,F07,R01,15.00,1,9.48,25,16,1
SA12/F07_SA12_R02.csv,SA12,SA,F,F07,R02,15.00,1,9.98,25,15,1
SA12/F07_SA12_R03.csv,SA12,SA,F,F07,R03,15.00,1,8.98,25,17,1
SA12/F07_SA12_R04.csv,SA12,SA,F,F07,R04,15.00,1,9.98,25,15,1
SA12/F07_SA12_R05.csv,SA12,SA,F,F07,R05,14.99,1,9.98,25,15,1
SA12/F08_SA12_R01.csv,SA12,SA,F,F08,R01,15.00,1,8.48,25,18,1
SA12/F08_SA12_R02.csv,SA12,SA,F,F08,R02,15.00,1,8.48,25,18,1
SA12/F08_SA12_R03.csv,SA12,SA,F,F08,R03,15.00,1,7.98,25,19,1
SA12/F08_SA12_R04.csv,SA12,SA,F,F08,R04,15.00,1,7.98,25,20,1
SA12/F08_SA12_R05.csv,SA12,SA,F,F08,R05,15.00,1,7.98,25,19,1
SA12/F09_SA12_R01.csv,SA12,SA,F,F09,R01,15.00,1,8.48,25,19,1
SA12/F09_SA12_R02.csv,SA12,SA,F,F09,R02,15.00,1,7.98,25,19,1
SA12/F09_SA12_R03.csv,SA12,SA,F,F09,R03,15.00,1,8.48,25,18,1
SA12/F09_SA12_R04.csv,SA12,SA,F,F09,R04,15.00,1,7.48,25,20,1
SA12/F09_SA12_R05.csv,SA12,SA,F,F09,R05,15.00,1,7.98,25,19,1
SA12/F10_SA12_R01.csv,SA12,SA,F,F10,R01,15.00,1,8.48,25,18,1
SA12/F10_SA12_R02.csv,SA12,SA,F,F10,R02,15.00,1,8.48,25,19,1
SA12/F10_SA12_R03.csv,SA12,SA,F,F10,R03,15.00,1,7.98,25,19,1
SA12/F10_SA12_R04.csv,SA12,SA,F,F10,R04,15.00,1,8.48,25,18,1
SA12/F10_SA12_R05.csv,SA12,SA,F,F10,R05,15.00,1,7.98,25,19,1
SA12/F11_SA12_R01.csv,SA12,SA,F,F11,R01,14.99,1,7.98,25,19,1
SA12/F11_SA12_R02.csv,SA12,SA,F,F11,R02,15.00,1,7.98,25,19,1
SA12/F11_SA12_R03.csv,SA12,SA,F,F11,R03,15.00,1,6.98,25,20,1
SA12/F11_SA12_R04.csv,SA12,SA,F,F11,R04,15.00,1,6.98,25,20,1
SA12/F11_SA12_R05.csv,SA12,SA,F,F11,R05,15.00,1,7.98,25,19,1
SA12/F12_SA12_R01.csv,SA12,SA,F,F12,R01,15.00,1,7.48,25,19,1
SA12/F12_SA12_R02.csv,SA12,SA,F,F12,R02,15.00,1,7.48,25,20,1
SA12/F12_SA12_R03.csv,SA12,SA,F,F12,R03,15.00,1,8.48,25,18,1
SA12/F12_SA12_R04.csv,SA12,SA,F,F12,R04,15.00,1,7.98,25,19,1
SA12/F12_SA12_R05.csv,SA12,SA,F,F12,R05,15.00,1,8.48,25,18,1
SA12/F13_SA12_R01.csv,SA12,SA,F,F13,R01,15.00,1,10.98,25,13,1
SA12/F13_SA12_R02.csv,SA12,SA,F,F13,R02,15.00,1,6.98,25,20,1
SA12/F13_SA12_R03.csv,SA12,SA,F,F13,R03,15.00,1,7.98,25,19,1
SA12/F13_SA12_R04.csv,SA12,SA,F,F13,R04,15.00,1,7.48,25,20,1
SA12/F13_SA12_R05.csv,SA12,SA,F,F13,R05,15.00,1,9.98,25,15,1
SA12/F14_SA12_R01.csv,SA12,SA,F,F14,R01,15.00,1,6.48,25,20,1
SA12/F14_SA12_R02.csv,SA12,SA,F,F14,R02,15.00,1,6.98,25,20,1
SA12/F14_SA12_R03.csv,SA12,SA,F,F14,R03,15.00,1,7.98,25,19,1
SA12/F14_SA12_R04.csv,SA12,SA,F,F14,R04,15.00,1,7.98,25,19,1
SA12/F14_SA12_R05.csv,SA12,SA,F,F14,R05,15.00,1,7.98,25,19,1
SA12/F15_SA12_R01.csv,SA12,SA,F,F15,R01,15.00,1,8.48,25,18,1
SA12/F15_SA12_R02.csv,SA12,SA,F,F15,R02,15.00,1,8.98,25,17,1
SA12/F15_SA12_R03.csv,SA12,SA,F,F15,R03,15.00,1,8.48,25,18,1
SA12/F15_SA12_R04.csv,SA12,SA,F,F15,R04,15.00,1,8.48,25,18,1
SA12/F15_SA12_R05.csv,SA12,SA,F,F15,R05,15.00,1,8.48,25,18,1
SA13/D01_SA13_R01.csv,SA13,SA,D,D01,R01,100.00,0,,195,0,0
SA13/D02_SA13_R01.csv,SA13,SA,D,D02,R01,100.00,0,,195,0,0
SA13/D03_SA13_R01.csv,SA13,SA,D,D03,R01,100.00,10,2.98 20.98 30.98 34.48 45.98 52.48 63.98 70.48 72.48 96.48,195,89,10
SA13/D04_SA13_R01.csv,SA13,SA,D,D04,R01,100.00,2,23.48 66.98,195,166,2
SA13/D05_SA13_R01.csv,SA13,SA,D,D05,R01,25.00,0,,45,0,0
SA13/D05_SA13_R02.csv,SA13,SA,D,D05,R02,25.00,0,,45,0,0
SA13/D05_SA13_R03.csv,SA13,SA,D,D05,R03,25.00,0,,45,0,0
SA13/D05_SA13_R04.csv,SA13,SA,D,D05,R04,25.00,0,,45,0,0
SA13/D05_SA13_R05.csv,SA13,SA,D,D05,R05,25.00,0,,45,0,0
SA13/D06_SA13_R01.csv,SA13,SA,D,D06,R01,25.00,1,23.98,45,41,1
SA13/D06_SA13_R02.csv,SA13,SA,D,D06,R02,25.00,0,,45,39,0
SA13/D06_SA13_R03.csv,SA13,SA,D,D06,R03,25.00,2,17.48 24.98,45,39,2
SA13/D06_SA13_R04.csv,SA13,SA,D,D06,R04,25.00,2,17.48 23.98,45,38,2
SA13/D06_SA13_R05.csv,SA13,SA,D,D06,R05,25.00,1,24.98,45,41,1
SA13/D07_SA13_R01.csv,SA13,SA,D,D07,R01,12.00,0,,19,0,0
SA13/D07_SA13_R02.csv,SA13,SA,D,D07,R02,12.00,0,,19,0,0
SA13/D07_SA13_R03.csv,SA13,SA,D,D07,R03,12.00,0,,19,0,0
SA13/D07_SA13_R04.csv,SA13,SA,D,D07,R04,12.00,0,,19,0,0
SA13/D07_SA13_R05.csv,SA13,SA,D,D07,R05,12.00,0,,19,0,0
SA13/D08_SA13_R01.csv,SA13,SA,D,D08,R01,12.00,0,,19,0,0
SA13/D08_SA13_R02.csv,SA13,SA,D,D08,R02,12.00,0,,19,0,0
SA13/D08_SA13_R03.csv,SA13,SA,D,D08,R03,12.00,0,,19,0,0
SA13/D08_SA13_R04.csv,SA13,SA,D,D08,R04,12.00,0,,19,0,0
SA13/D08_SA13_R05.csv,SA13,SA,D,D08,R05,12.00,0,,19,0,0
SA13/D09_SA13_R01.csv,SA13,SA,D,D09,R01,12.00,0,,19,0,0
SA13/D09_SA13_R02.csv,SA13,SA,D,D09,R02,12.00,0,,19,0,0
SA13/D09_SA13_R03.csv,SA13,SA,D,D09,R03,12.00,0,,19,0,0
SA13/D09_SA13_R04.csv,SA13,SA,D,D09,R04,12.00,0,,19,0,0
SA13/D09_SA13_R05.csv,SA13,SA,D,D09,R05,12.00,0,,19,0,0
SA13/D10_SA13_R01.csv,SA13,SA,D,D10,R01,12.00,0,,19,0,0
SA13/D10_SA13_R02.csv,SA13,SA,D,D10,R02,12.00,0,,19,0,0
SA13/D10_SA13_R03.csv,SA13,SA,D,D10,R03,11.99,0,,19,0,0
SA13/D10_SA13_R04.csv,SA13,SA,D,D10,R04,12.00,0,,19,0,0
SA13/D10_SA13_R05.csv,SA13,SA,D,D10,R05,12.00,0,,19,0,0
SA13/D11_SA13_R01.csv,SA13,SA,D,D11,R01,11.99,1,7.48,19,14,1
SA13/D11_SA13_R02.csv,SA13,SA,D,D11,R02,12.00,1,8.98,19,11,1
SA13/D11_SA13_R03.csv,SA13,SA,D,D11,R03,12.00,0,,19,0,0
SA13/D11_SA13_R04.csv,SA13,SA,D,D11,R04,12.00,0,,19,0,0
SA13/D11_SA13_R05.csv,SA13,SA,D,D11,R05,12.00,0,,19,0,0
SA13/D12_SA13_R01.csv,SA13,SA,D,D12,R01,12.00,0,,19,0,0
SA13/D12_SA13_R02.csv,SA13,SA,D,D12,R02,12.00,0,,19,0,0
SA13/D12_SA13_R03.csv,SA13,SA,D,D12,R03,12.00,0,,19,0,0
SA13/D12_SA13_R04.csv,SA13,SA,D,D12,R04,12.00,0,,19,0,0
SA13/D12_SA13_R05.csv,SA13,SA,D,D12,R05,12.00,0,,19,0,0
SA13/D13_SA13_R01.csv,SA13,SA,D,D13,R01,12.00,0,,19,0,0
SA13/D13_SA13_R02.csv,SA13,SA,D,D13,R02,12.00,0,,19,0,0
SA13/D13_SA13_R03.csv,SA13,SA,D,D13,R03,12.00,0,,19,0,0
SA13/D13_SA13_R04.csv,SA13,SA,D,D13,R04,12.00,0,,19,0,0
SA13/D13_SA13_R05.csv,SA13,SA,D,D13,R05,12.00,0,,19,0,0
SA13/D14_SA13_R01.csv,SA13,SA,D,D14,R01,12.00,0,,19,0,0
SA13/D14_SA13_R02.csv,SA13,SA,D,D14,R02,12.00,0,,19,0,0
SA13/D14_SA13_R03.csv,SA13,SA,D,D14,R03,12.00,0,,19,0,0
SA13/D14_SA13_R04.csv,SA13,SA,D,D14,R04,12.00,0,,19,0,0
SA13/D14_SA13_R05.csv,SA13,SA,D,D14,R05,12.00,0,,19,0,0
SA13/D15_SA13_R01.csv,SA13,SA,D,D15,R01,12.00,0,,19,0,0
SA13/D15_SA13_R02.csv,SA13,SA,D,D15,R02,12.00,0,,19,0,0
SA13/D15_SA13_R03.csv,SA13,SA,D,D15,R03,12.00,0,,19,0,0
SA13/D15_SA13_R04.csv,SA13,SA,D,D15,R04,12.00,0,,19,0,0
SA13/D15_SA13_R05.csv,SA13,SA,D,D15,R05,12.00,0,,19,0,0
SA13/D16_SA13_R01.csv,SA13,SA,D,D16,R01,11.99,0,,19,0,0
SA13/D16_SA13_R02.csv,SA13,SA,D,D16,R02,12.00,0,,19,0,0
SA13/D16_SA13_R03.csv,SA13,SA,D,D16,R03,12.00,0,,19,0,0
SA13/D16_SA13_R04.csv,SA13,SA,D,D16,R04,12.00,0,,19,0,0
SA13/D16_SA13_R05.csv,SA13,SA,D,D16,R05,12.00,0,,19,0,0
SA13/D17_SA13_R01.csv,SA13,SA,D,D17,R01,25.00,0,,45,0,0
SA13/D17_SA13_R02.csv,SA13,SA,D,D17,R02,25.00,0,,45,0,0
SA13/D17_SA13_R03.csv,SA13,SA,D,D17,R03,25.00,0,,45,0,0
SA13/D17_SA13_R04.csv,SA13,SA,D,D17,R04,25.00,0,,45,0,0
SA13/D17_SA13_R05.csv,SA13,SA,D,D17,R05,25.00,0,,45,0,0
SA13/D18_SA13_R01.csv,SA13,SA,D,D18,R01,12.00,0,,19,0,0
SA13/D18_SA13_R02.csv,SA13,SA,D,D18,R02,12.00,0,,19,0,0
SA13/D18_SA13_R03.csv,SA13,SA,D,D18,R03,12.00,0,,19,0,0
SA13/D18_SA13_R04.csv,SA13,SA,D,D18,R04,12.00,0,,19,0,0
SA13/D18_SA13_R05.csv,SA13,SA,D,D18,R05,12.00,1,8.98,19,11,1
SA13/D19_SA13_R01.csv,SA13,SA,D,D19,R01,12.00,2,4.98 7.98,19,19,2
SA13/D19_SA13_R02.csv,SA13,SA,D,D19,R02,12.00,2,5.48 8.98,19,18,2
SA13/D19_SA13_R03.csv,SA13,SA,D,D19,R03,12.00,2,5.98 8.98,19,17,2
SA13/D19_SA13_R04.csv,SA13,SA,D,D19,R04,12.00,1,6.48,19,16,1
SA13/D19_SA13_R05.csv,SA13,SA,D,D19,R05,12.00,0,,19,18,0
SA13/F01_SA13_R01.csv,SA13,SA,F,F01,R01,15.00,0,,25,0,0
SA13/F01_SA13_R02.csv,SA13,SA,F,F01,R02,15.00,1,8.98,25,17,1
SA13/F01_SA13_R03.csv,SA13,SA,F,F01,R03,15.00,1,9.48,25,17,1
SA13/F01_SA13_R04.csv,SA13,SA,F,F01,R04,15.00,1,10.48,25,15,1
SA13/F01_SA13_R05.csv,SA13,SA,F,F01,R05,14.99,1,10.48,25,15,1
SA13/F02_SA13_R01.csv,SA13,SA,F,F02,R01,15.00,1,12.98,25,9,1
SA13/F02_SA13_R02.csv,SA13,SA,F,F02,R02,15.00,1,12.48,25,10,1
SA13/F02_SA13_R03.csv,SA13,SA,F,F02,R03,15.00,1,12.48,25,10,1
SA13/F02_SA13_R04.csv,SA13,SA,F,F02,R04,15.00,1,12.48,25,10,1
SA13/F02_SA13_R05.csv,SA13,SA,F,F02,R05,15.00,1,12.98,25,9,1
SA13/F03_SA13_R01.csv,SA13,SA,F,F03,R01,15.00,1,10.98,25,13,1
SA13/F03_SA13_R02.csv,SA13,SA,F,F03,R02,15.00,1,10.48,25,14,1
SA13/F03_SA13_R03.csv,SA13,SA,F,F03,R03,15.00,1,11.48,25,12,1
SA13/F03_SA13_R04.csv,SA13,SA,F,F03,R04,15.00,1,9.48,25,16,1
SA13/F03_SA13_R05.csv,SA13,SA,F,F03,R05,15.00,1,10.98,25,13,1
SA13/F04_SA13_R01.csv,SA13,SA,F,F04,R01,15.00,1,10.48,25,15,1
SA13/F04_SA13_R02.csv,SA13,SA,F,F04,R02,15.00,1,9.98,25,15,1
SA13/F04_SA13_R03.csv,SA13,SA,F,F04,R03,15.00,1,10.48,25,15,1
SA13/F04_SA13_R04.csv,SA13,SA,F,F04,R04,15.00,1,10.98,25,13,1
SA13/F04_SA13_R05.csv,SA13,SA,F,F04,R05,15.00,1,10.98,25,14,1
SA13/F05_SA13_R01.csv,SA13,SA,F,F05,R01,15.00,1,7.48,25,19,1
SA13/F05_SA13_R02.csv,SA13,SA,F,F05,R02,15.00,1,12.98,25,22,1
SA13/F05_SA13_R03.csv,SA13,SA,F,F05,R03,15.00,1,13.48,25,23,1
SA13/F05_SA13_R04.csv,SA13,SA,F,F05,R04,15.00,1,11.98,25,23,1
SA13/F05_SA13_R05.csv,SA13,SA,F,F05,R05,15.00,1,12.98,25,22,1
SA13/F06_SA13_R01.csv,SA13,SA,F,F06,R01,15.00,0,,25,0,0
SA13/F06_SA13_R02.csv,SA13,SA,F,F06,R02,15.00,1,10.48,25,14,1
SA13/F06_SA13_R03.csv,SA13,SA,F,F06,R03,15.00,1,10.98,25,13,1
SA13/F06_SA13_R04.csv,SA13,SA,F,F06,R04,14.99,0,,25,0,0
SA13/F06_SA13_R05.csv,SA13,SA,F,F06,R05,15.00,1,10.48,25,14,1
SA13/F07_SA13_R01.csv,SA13,SA,F,F07,R01,15.00,1,9.48,25,17,1
SA13/F07_SA13_R02.csv,SA13,SA,F,F07,R02,15.00,1,9.48,25,16,1
SA13/F07_SA13_R03.csv,SA13,SA,F,F07,R03,15.00,1,8.98,25,17,1
SA13/F07_SA13_R04.csv,SA13,SA,F,F07,R04,15.00,0,,25,0,0
SA13/F07_SA13_R05.csv,SA13,SA,F,F07,R05,15.00,1,8.98,25,17,1
SA13/F08_SA13_R01.csv,SA13,SA,F,F08,R01,14.99,1,9.48,25,17,1
SA13/F08_SA13_R02.csv,SA13,SA,F,F08,R02,15.00,1,9.48,25,17,1
SA13/F08_SA13_R03.csv,SA13,SA,F,F08,R03,15.00,1,8.98,25,18,1
SA13/F08_SA13_R04.csv,SA13,SA,F,F08,R04,15.00,1,8.98,25,18,1
SA13/F08_SA13_R05.csv,SA13,SA,F,F08,R05,14.99,1,7.98,25,19,1
SA13/F09_SA13_R01.csv,SA13,SA,F,F09,R01,15.00,1,7.48,25,20,1
SA13/F09_SA13_R02.csv,SA13,SA,F,F09,R02,15.00,1,7.48,25,19,1
SA13/F09_SA13_R03.csv,SA13,SA,F,F09,R03,15.00,0,,25,0,0
SA13/F09_SA13_R04.csv,SA13,SA,F,F09,R04,15.00,1,7.98,25,19,1
SA13/F09_SA13_R05.csv,SA13,SA,F,F09,R05,15.00,1,8.98,25,17,1
SA13/F10_SA13_R01.csv,SA13,SA,F,F10,R01,15.00,1,5.98,25,20,1
SA13/F10_SA13_R02.csv,SA13,SA,F,F10,R02,15.00,0,,25,0,0
SA13/F10_SA13_R03.csv,SA13,SA,F,F10,R03,15.00,1,6.48,25,20,1
SA13/F10_SA13_R04.csv,SA13,SA,F,F10,R04,15.00,0,,25,0,0
SA13/F10_SA13_R05.csv,SA13,SA,F,F10,R05,15.00,1,4.98,25,19,1
SA13/F11_SA13_R01.csv,SA13,SA,F,F11,R01,15.00,1,8.48,25,18,1
SA13/F11_SA13_R02.csv,SA13,SA,F,F11,R02,14.99,0,,25,0,0
SA13/F11_SA13_R03.csv,SA13,SA,F,F11,R03,15.00,1,6.48,25,20,1
SA13/F11_SA13_R04.csv,SA13,SA,F,F11,R04,15.00,1,5.98,25,20,1
SA13/F11_SA13_R05.csv,SA13,SA,F,F11,R05,15.00,1,4.98,25,19,1
SA13/F12_SA13_R01.csv,SA13,SA,F,F12,R01,15.00,1,5.48,25,19,1
SA13/F12_SA13_R02.csv,SA13,SA,F,F12,R02,15.00,1,5.98,25,19,1
SA13/F12_SA13_R03.csv,SA13,SA,F,F12,R03,15.00,1,5.98,25,20,1
SA13/F12_SA13_R04.csv,SA13,SA,F,F12,R04,15.00,1,5.98,25,19,1
SA13/F12_SA13_R05.csv,SA13,SA,F,F12,R05,15.00,0,,25,0,0
SA13/F13_SA13_R01.csv,SA13,SA,F,F13,R01,15.00,1,5.98,25,21,1
SA13/F13_SA13_R02.csv,SA13,SA,F,F13,R02,15.00,0,,25,0,0
SA13/F13_SA13_R03.csv,SA13,SA,F,F13,R03,15.00,1,6.98,25,20,1
SA13/F13_SA13_R04.csv,SA13,SA,F,F13,R04,15.00,0,,25,0,0
SA13/F13_SA13_R05.csv,SA13,SA,F,F13,R05,15.00,1,7.48,25,20,1
SA13/F14_SA13_R01.csv,SA13,SA,F,F14,R01,15.00,1,5.98,25,19,1
SA13/F14_SA13_R02.csv,SA13,SA,F,F14,R02,15.00,1,5.98,25,20,1
SA13/F14_SA13_R03.csv,SA13,SA,F,F14,R03,15.00,1,5.48,25,20,1
SA13/F14_SA13_R04.csv,SA13,SA,F,F14,R04,15.00,1,5.48,25,20,1
SA13/F14_SA13_R05.csv,SA13,SA,F,F14,R05,15.00,1,5.48,25,20,1
SA13/F15_SA13_R01.csv,SA13,SA,F,F15,R01,15.00,1,5.48,25,20,1
SA13/F15_SA13_R02.csv,SA13,SA,F,F15,R02,15.00,1,5.48,25,20,1
SA13/F15_SA13_R03.csv,SA13,SA,F,F15,R03,15.00,1,6.48,25,19,1
SA13/F15_SA13_R04.csv,SA13,SA,F,F15,R04,15.00,1,6.48,25,20,1
SA13/F15_SA13_R05.csv,SA13,SA,F,F15,R05,15.00,1,5.98,25,20,1
SA14/D01_SA14_R01.csv,SA14,SA,D,D01,R01,100.00,0,,195,0,0
SA14/D02_SA14_R01.csv,SA14,SA,D,D02,R01,100.00,0,,195,0,0
SA14/D03_SA14_R01.csv,SA14,SA,D,D03,R01,100.00,0,,195,0,0
SA14/D04_SA14_R01.csv,SA14,SA,D,D04,R01,100.00,6,17.98 23.48 39.98 67.48 89.48 99.48,195,31,6
SA14/D05_SA14_R01.csv,SA14,SA,D,D05,R01,25.00,0,,45,0,0
SA14/D05_SA14_R02.csv,SA14,SA,D,D05,R02,25.00,0,,45,0,0
SA14/D05_SA14_R03.csv,SA14,SA,D,D05,R03,25.00,0,,45,0,0
SA14/D05_SA14_R04.csv,SA14,SA,D,D05,R04,25.00,0,,45,0,0
SA14/D05_SA14_R05.csv,SA14,SA,D,D05,R05,25.00,0,,45,0,0
SA14/D06_SA14_R01.csv,SA14,SA,D,D06,R01,25.00,1,19.98,45,39,1
SA14/D06_SA14_R02.csv,SA14,SA,D,D06,R02,25.00,1,19.98,45,23,1
SA14/D06_SA14_R03.csv,SA14,SA,D,D06,R03,25.00,1,20.98,45,23,1
SA14/D06_SA14_R04.csv,SA14,SA,D,D06,R04,25.00,2,5.98 21.98,45,39,2
SA14/D06_SA14_R05.csv,SA14,SA,D,D06,R05,25.00,2,12.98 22.48,45,25,2
SA14/D07_SA14_R01.csv,SA14,SA,D,D07,R01,12.00,0,,19,0,0
SA14/D07_SA14_R02.csv,SA14,SA,D,D07,R02,12.00,0,,19,0,0
SA14/D07_SA14_R03.csv,SA14,SA,D,D07,R03,12.00,0,,19,0,0
SA14/D07_SA14_R04.csv,SA14,SA,D,D07,R04,12.00,0,,19,0,0
SA14/D07_SA14_R05.csv,SA14,SA,D,D07,R05,12.00,0,,19,0,0
SA14/D08_SA14_R01.csv,SA14,SA,D,D08,R01,12.00,0,,19,0,0
SA14/D08_SA14_R02.csv,SA14,SA,D,D08,R02,12.00,1,5.48,19,18,1
SA14/D08_SA14_R03.csv,SA14,SA,D,D08,R03,12.00,1,5.48,19,18,1
SA14/D08_SA14_R04.csv,SA14,SA,D,D08,R04,12.00,0,,19,0,0
SA14/D08_SA14_R05.csv,SA14,SA,D,D08,R05,12.00,0,,19,0,0
SA14/D09_SA14_R01.csv,SA14,SA,D,D09,R01,12.00,0,,19,0,0
SA14/D09_SA14_R02.csv,SA14,SA,D,D09,R02,12.00,0,,19,0,0
SA14/D09_SA14_R03.csv,SA14,SA,D,D09,R03,12.00,0,,19,0,0
SA14/D09_SA14_R04.csv,SA14,SA,D,D09,R04,12.00,0,,19,0,0
SA14/D09_SA14_R05.csv,SA14,SA,D,D09,R05,12.00,0,,19,0,0
SA14/D10_SA14_R01.csv,SA14,SA,D,D10,R01,12.00,1,5.98,19,17,1
SA14/D10_SA14_R02.csv,SA14,SA,D,D10,R02,12.00,0,,19,0,0
SA14/D10_SA14_R03.csv,SA14,SA,D,D10,R03,12.00,0,,19,0,0
SA14/D10_SA14_R04.csv,SA14,SA,D,D10,R04,12.00,0,,19,0,0
SA14/D10_SA14_R05.csv,SA14,SA,D,D10,R05,12.00,0,,19,0,0
SA14/D11_SA14_R01.csv,SA14,SA,D,D11,R01,11.99,1,8.98,19,11,1
SA14/D11_SA14_R02.csv,SA14,SA,D,D11,R02,12.00,1,9.98,19,9,1
SA14/D11_SA14_R03.csv,SA14,SA,D,D11,R03,12.00,1,8.48,19,12,1
SA14/D11_SA14_R04.csv,SA14,SA,D,D11,R04,12.00,1,9.48,19,10,1
SA14/D11_SA14_R05.csv,SA14,SA,D,D11,R05,12.00,1,7.98,19,13,1
SA14/D12_SA14_R01.csv,SA14,SA,D,D12,R01,12.00,0,,19,0,0
SA14/D12_SA14_R02.csv,SA14,SA,D,D12,R02,12.00,0,,19,0,0
SA14/D12_SA14_R03.csv,SA14,SA,D,D12,R03,12.00,0,,19,0,0
SA14/D12_SA14_R04.csv,SA14,SA,D,D12,R04,12.00,0,,19,0,0
SA14/D12_SA14_R05.csv,SA14,SA,D,D12,R05,12.00,0,,19,0,0
SA14/D13_SA14_R01.csv,SA14,SA,D,D13,R01,12.00,0,,19,0,0
SA14/D13_SA14_R02.csv,SA14,SA,D,D13,R02,12.00,0,,19,0,0
SA14/D13_SA14_R03.csv,SA14,SA,D,D13,R03,12.00,0,,19,0,0
SA14/D13_SA14_R04.csv,SA14,SA,D,D13,R04,12.00,0,,19,0,0
SA14/D13_SA14_R05.csv,SA14,SA,D,D13,R05,12.00,0,,19,0,0
SA14/D14_SA14_R01.csv,SA14,SA,D,D14,R01,12.00,0,,19,0,0
SA14/D14_SA14_R02.csv,SA14,SA,D,D14,R02,12.00,0,,19,0,0
SA14/D14_SA14_R03.csv,SA14,SA,D,D14,R03,12.00,0,,19,0,0
SA14/D14_SA14_R04.csv,SA14,SA,D,D14,R04,12.00,0,,19,0,0
SA14/D14_SA14_R05.csv,SA14,SA,D,D14,R05,12.00,0,,19,0,0
SA14/D15_SA14_R01.csv,SA14,SA,D,D15,R01,12.00,0,,19,0,0
SA14/D15_SA14_R02.csv,SA14,SA,D,D15,R02,12.00,0,,19,0,0
SA14/D15_SA14_R03.csv,SA14,SA,D,D15,R03,12.00,0,,19,0,0
SA14/D15_SA14_R04.csv,SA14,SA,D,D15,R04,12.00,0,,19,0,0
SA14/D15_SA14_R05.csv,SA14,SA,D,D15,R05,12.00,0,,19,0,0
SA14/D16_SA14_R01.csv,SA14,SA,D,D16,R01,11.99,0,,19,0,0
SA14/D16_SA14_R02.csv,SA14,SA,D,D16,R02,12.00,0,,19,0,0
SA14/D16_SA14_R03.csv,SA14,SA,D,D16,R03,12.00,0,,19,0,0
SA14/D16_SA14_R04.csv,SA14,SA,D,D16,R04,12.00,0,,19,0,0
SA14/D16_SA14_R05.csv,SA14,SA,D,D16,R05,12.00,0,,19,0,0
SA14/D17_SA14_R01.csv,SA14,SA,D,D17,R01,25.00,0,,45,0,0
SA14/D17_SA14_R02.csv,SA14,SA,D,D17,R02,25.00,0,,45,0,0
SA14/D17_SA14_R03.csv,SA14,SA,D,D17,R03,25.00,0,,45,0,0
SA14/D17_SA14_R04.csv,SA14,SA,D,D17,R04,25.00,0,,45,0,0
SA14/D17_SA14_R05.csv,SA14,SA,D,D17,R05,25.00,0,,45,0,0
SA14/D18_SA14_R01.csv,SA14,SA,D,D18,R01,12.00,1,6.48,19,16,1
SA14/D18_SA14_R02.csv,SA14,SA,D,D18,R02,12.00,1,7.98,19,13,1
SA14/D18_SA14_R03.csv,SA14,SA,D,D18,R03,12.00,1,8.98,19,12,1
SA14/D18_SA14_R04.csv,SA14,SA,D,D18,R04,12.00,1,7.48,19,14,1
SA14/D18_SA14_R05.csv,SA14,SA,D,D18,R05,12.00,1,11.98,19,15,1
SA14/D19_SA14_R01.csv,SA14,SA,D,D19,R01,12.00,2,10.48 11.48,19,19,2
SA14/D19_SA14_R02.csv,SA14,SA,D,D19,R02,12.00,1,8.48,19,18,1
SA14/D19_SA14_R03.csv,SA14,SA,D,D19,R03,12.00,0,,19,16,0
SA14/D19_SA14_R04.csv,SA14,SA,D,D19,R04,12.00,2,6.48 11.48,19,16,2
SA14/D19_SA14_R05.csv,SA14,SA,D,D19,R05,12.00,1,5.98,19,18,1
SA14/F01_SA14_R01.csv,SA14,SA,F,F01,R01,14.99,1,8.98,25,17,1
SA14/F01_SA14_R02.csv,SA14,SA,F,F01,R02,14.91,0,,24,0,0
SA14/F01_SA14_R03.csv,SA14,SA,F,F01,R03,15.00,1,9.48,25,16,1
SA14/F01_SA14_R04.csv,SA14,SA,F,F01,R04,15.00,1,8.48,25,18,1
SA14/F01_SA14_R05.csv,SA14,SA,F,F01,R05,15.00,1,8.48,25,18,1
SA14/F02_SA14_R01.csv,SA14,SA,F,F02,R01,15.00,1,10.98,25,13,1
SA14/F02_SA14_R02.csv,SA14,SA,F,F02,R02,15.00,1,10.48,25,14,1
SA14/F02_SA14_R03.csv,SA14,SA,F,F02,R03,15.00,1,9.98,25,15,1
SA14/F02_SA14_R04.csv,SA14,SA,F,F02,R04,15.00,1,9.98,25,15,1
SA14/F02_SA14_R05.csv,SA14,SA,F,F02,R05,15.00,1,9.48,25,16,1
SA14/F03_SA14_R01.csv,SA14,SA,F,F03,R01,15.00,1,5.48,25,20,1
SA14/F03_SA14_R02.csv,SA14,SA,F,F03,R02,15.00,1,6.48,25,20,1
SA14/F03_SA14_R03.csv,SA14,SA,F,F03,R03,15.00,1,6.48,25,20,1
SA14/F03_SA14_R04.csv,SA14,SA,F,F03,R04,15.00,0,,25,0,0
SA14/F03_SA14_R05.csv,SA14,SA,F,F03,R05,15.00,1,6.48,25,19,1
SA14/F04_SA14_R01.csv,SA14,SA,F,F04,R01,15.00,1,7.98,25,19,1
SA14/F04_SA14_R02.csv,SA14,SA,F,F04,R02,15.00,1,7.48,25,20,1
SA14/F04_SA14_R03.csv,SA14,SA,F,F04,R03,15.00,1,7.98,25,19,1
SA14/F04_SA14_R04.csv,SA14,SA,F,F04,R04,15.00,1,7.98,25,19,1
SA14/F04_SA14_R05.csv,SA14,SA,F,F04,R05,14.99,1,8.48,25,19,1
SA14/F05_SA14_R01.csv,SA14,SA,F,F05,R01,15.00,1,13.48,25,4,1
SA14/F05_SA14_R02.csv,SA14,SA,F,F05,R02,15.00,1,13.48,25,1,1
SA14/F05_SA14_R03.csv,SA14,SA,F,F05,R03,15.00,1,13.48,25,4,1
SA14/F05_SA14_R04.csv,SA14,SA,F,F05,R04,15.00,1,13.98,25,3,1
SA14/F05_SA14_R05.csv,SA14,SA,F,F05,R05,15.00,1,13.48,25,2,1
SA14/F06_SA14_R01.csv,SA14,SA,F,F06,R01,14.99,0,,25,0,0
SA14/F06_SA14_R02.csv,SA14,SA,F,F06,R02,14.90,1,8.98,24,16,1
SA14/F06_SA14_R03.csv,SA14,SA,F,F06,R03,15.00,1,8.98,25,17,1
SA14/F06_SA14_R04.csv,SA14,SA,F,F06,R04,15.00,1,8.98,25,17,1
SA14/F06_SA14_R05.csv,SA14,SA,F,F06,R05,15.00,1,8.98,25,17,1
SA14/F07_SA14_R01.csv,SA14,SA,F,F07,R01,15.00,1,8.98,25,17,1
SA14/F07_SA14_R02.csv,SA14,SA,F,F07,R02,15.00,1,9.48,25,16,1
SA14/F07_SA14_R03.csv,SA14,SA,F,F07,R03,15.00,1,8.48,25,18,1
SA14/F07_SA14_R04.csv,SA14,SA,F,F07,R04,15.00,1,9.48,25,16,1
SA14/F07_SA14_R05.csv,SA14,SA,F,F07,R05,15.00,1,8.98,25,17,1
SA14/F08_SA14_R01.csv,SA14,SA,F,F08,R01,15.00,1,5.48,25,20,1
SA14/F08_SA14_R02.csv,SA14,SA,F,F08,R02,15.00,1,7.98,25,19,1
SA14/F08_SA14_R03.csv,SA14,SA,F,F08,R03,15.00,0,,25,0,0
SA14/F08_SA14_R04.csv,SA14,SA,F,F08,R04,15.00,1,9.48,25,16,1
SA14/F08_SA14_R05.csv,SA14,SA,F,F08,R05,14.99,1,7.48,25,19,1
SA14/F09_SA14_R01.csv,SA14,SA,F,F09,R01,15.00,1,6.98,25,19,1
SA14/F09_SA14_R02.csv,SA14,SA,F,F09,R02,15.00,1,7.98,25,19,1
SA14/F09_SA14_R03.csv,SA14,SA,F,F09,R03,15.00,1,6.98,25,19,1
SA14/F09_SA14_R04.csv,SA14,SA,F,F09,R04,15.00,1,6.48,25,19,1
SA14/F09_SA14_R05.csv,SA14,SA,F,F09,R05,15.00,1,6.98,25,19,1
SA14/F10_SA14_R01.csv,SA14,SA,F,F10,R01,15.00,1,7.48,25,19,1
SA14/F10_SA14_R02.csv,SA14,SA,F,F10,R02,15.00,1,5.98,25,20,1
SA14/F10_SA14_R03.csv,SA14,SA,F,F10,R03,15.00,1,7.48,25,20,1
SA14/F10_SA14_R04.csv,SA14,SA,F,F10,R04,15.00,1,5.98,25,20,1
SA14/F10_SA14_R05.csv,SA14,SA,F,F10,R05,15.00,1,6.98,25,19,1
SA14/F11_SA14_R01.csv,SA14,SA,F,F11,R01,14.99,1,5.98,25,19,1
SA14/F11_SA14_R02.csv,SA14,SA,F,F11,R02,14.91,1,6.48,24,19,1
SA14/F11_SA14_R03.csv,SA14,SA,F,F11,R03,15.00,1,7.48,25,20,1
SA14/F11_SA14_R04.csv,SA14,SA,F,F11,R04,15.00,1,6.48,25,19,1
SA14/F11_SA14_R05.csv,SA14,SA,F,F11,R05,15.00,1,6.98,25,20,1
SA14/F12_SA14_R01.csv,SA14,SA,F,F12,R01,14.99,0,,25,19,0
SA14/F12_SA14_R02.csv,SA14,SA,F,F12,R02,15.00,0,,25,0,0
SA14/F12_SA14_R03.csv,SA14,SA,F,F12,R03,15.00,0,,25,0,0
SA14/F12_SA14_R04.csv,SA14,SA,F,F12,R04,15.00,0,,25,0,0
SA14/F12_SA14_R05.csv,SA14,SA,F,F12,R05,15.00,0,,25,0,0
SA14/F13_SA14_R01.csv,SA14,SA,F,F13,R01,15.00,1,6.98,25,21,1
SA14/F13_SA14_R02.csv,SA14,SA,F,F13,R02,15.00,1,6.98,25,19,1
SA14/F13_SA14_R03.csv,SA14,SA,F,F13,R03,15.00,1,7.98,25,19,1
SA14/F13_SA14_R04.csv,SA14,SA,F,F13,R04,15.00,1,6.48,25,20,1
SA14/F13_SA14_R05.csv,SA14,SA,F,F13,R05,15.00,0,,25,0,0
SA14/F14_SA14_R01.csv,SA14,SA,F,F14,R01,15.00,1,5.48,25,20,1
SA14/F14_SA14_R02.csv,SA14,SA,F,F14,R02,15.00,1,5.98,25,20,1
SA14/F14_SA14_R03.csv,SA14,SA,F,F14,R03,15.00,1,6.98,25,19,1
SA14/F14_SA14_R04.csv,SA14,SA,F,F14,R04,15.00,1,5.48,25,20,1
SA14/F14_SA14_R05.csv,SA14,SA,F,F14,R05,15.00,1,6.98,25,20,1
SA14/F15_SA14_R01.csv,SA14,SA,F,F15,R01,15.00,1,6.48,25,20,1
SA14/F15_SA14_R02.csv,SA14,SA,F,F15,R02,15.00,1,6.48,25,20,1
SA14/F15_SA14_R03.csv,SA14,SA,F,F15,R03,15.00,1,5.98,25,19,1
SA14/F15_SA14_R04.csv,SA14,SA,F,F15,R04,15.00,1,5.48,25,20,1
SA14/F15_SA14_R05.csv,SA14,SA,F,F15,R05,15.00,1,6.48,25,20,1
SA15/D01_SA15_R01.csv,SA15,SA,D,D01,R01,100.00,0,,195,0,0
SA15/D02_SA15_R01.csv,SA15,SA,D,D02,R01,100.00,0,,195,0,0
SA15/D03_SA15_R01.csv,SA15,SA,D,D03,R01,100.00,6,18.98 32.48 37.48 43.98 57.48 76.98,195,31,6
SA15/D04_SA15_R01.csv,SA15,SA,D,D04,R01,100.00,9,12.98 17.98 23.48 29.98 40.48 53.48 62.98 72.48 89.98,195,160,9
SA15/D05_SA15_R01.csv,SA15,SA,D,D05,R01,25.00,0,,45,0,0
SA15/D05_SA15_R02.csv,SA15,SA,D,D05,R02,25.00,0,,45,0,0
SA15/D05_SA15_R03.csv,SA15,SA,D,D05,R03,25.00,0,,45,0,0
SA15/D05_SA15_R04.csv,SA15,SA,D,D05,R04,25.00,0,,45,0,0
SA15/D05_SA15_R05.csv,SA15,SA,D,D05,R05,25.00,0,,45,0,0
SA15/D06_SA15_R01.csv,SA15,SA,D,D06,R01,25.00,1,19.98,45,24,1
SA15/D06_SA15_R02.csv,SA15,SA,D,D06,R02,25.00,2,4.48 19.98,45,36,2
SA15/D06_SA15_R03.csv,SA15,SA,D,D06,R03,25.00,2,3.98 20.48,45,38,2
SA15/D06_SA15_R04.csv,SA15,SA,D,D06,R04,25.00,1,20.98,45,24,1
SA15/D06_SA15_R05.csv,SA15,SA,D,D06,R05,25.00,2,3.98 20.98,45,37,2
SA15/D07_SA15_R01.csv,SA15,SA,D,D07,R01,12.00,0,,19,0,0
SA15/D07_SA15_R02.csv,SA15,SA,D,D07,R02,12.00,0,,19,0,0
SA15/D07_SA15_R03.csv,SA15,SA,D,D07,R03,12.00,0,,19,0,0
SA15/D07_SA15_R04.csv,SA15,SA,D,D07,R04,12.00,0,,19,0,0
SA15/D07_SA15_R05.csv,SA15,SA,D,D07,R05,12.00,0,,19,0,0
SA15/D08_SA15_R01.csv,SA15,SA,D,D08,R01,12.00,0,,19,0,0
SA15/D08_SA15_R02.csv,SA15,SA,D,D08,R02,12.00,0,,19,0,0
SA15/D08_SA15_R03.csv,SA15,SA,D,D08,R03,12.00,0,,19,0,0
SA15/D08_SA15_R04.csv,SA15,SA,D,D08,R04,12.00,0,,19,0,0
SA15/D08_SA15_R05.csv,SA15,SA,D,D08,R05,12.00,0,,19,0,0
SA15/D09_SA15_R01.csv,SA15,SA,D,D09,R01,12.00,0,,19,0,0
SA15/D09_SA15_R02.csv,SA15,SA,D,D09,R02,12.00,0,,19,0,0
SA15/D09_SA15_R03.csv,SA15,SA,D,D09,R03,12.00,0,,19,0,0
SA15/D09_SA15_R04.csv,SA15,SA,D,D09,R04,12.00,0,,19,0,0
SA15/D09_SA15_R05.csv,SA15,SA,D,D09,R05,12.00,0,,19,0,0
SA15/D10_SA15_R01.csv,SA15,SA,D,D10,R01,12.00,0,,19,0,0
SA15/D10_SA15_R02.csv,SA15,SA,D,D10,R02,12.00,0,,19,0,0
SA15/D10_SA15_R03.csv,SA15,SA,D,D10,R03,12.00,0,,19,0,0
SA15/D10_SA15_R04.csv,SA15,SA,D,D10,R04,12.00,0,,19,0,0
SA15/D10_SA15_R05.csv,SA15,SA,D,D10,R05,12.00,0,,19,0,0
SA15/D11_SA15_R01.csv,SA15,SA,D,D11,R01,11.99,1,8.48,19,12,1
SA15/D11_SA15_R02.csv,SA15,SA,D,D11,R02,12.00,1,9.98,19,9,1
SA15/D11_SA15_R03.csv,SA15,SA,D,D11,R03,12.00,1,9.48,19,10,1
SA15/D11_SA15_R04.csv,SA15,SA,D,D11,R04,12.00,0,,19,0,0
SA15/D11_SA15_R05.csv,SA15,SA,D,D11,R05,12.00,0,,19,0,0
SA15/D12_SA15_R01.csv,SA15,SA,D,D12,R01,12.00,0,,19,0,0
SA15/D12_SA15_R02.csv,SA15,SA,D,D12,R02,12.00,0,,19,0,0
SA15/D12_SA15_R03.csv,SA15,SA,D,D12,R03,12.00,0,,19,0,0
SA15/D12_SA15_R04.csv,SA15,SA,D,D12,R04,11.99,0,,19,0,0
SA15/D12_SA15_R05.csv,SA15,SA,D,D12,R05,12.00,0,,19,0,0
SA15/D13_SA15_R01.csv,SA15,SA,D,D13,R01,12.00,0,,19,0,0
SA15/D13_SA15_R02.csv,SA15,SA,D,D13,R02,12.00,0,,19,0,0
SA15/D13_SA15_R03.csv,SA15,SA,D,D13,R03,12.00,0,,19,0,0
SA15/D13_SA15_R04.csv,SA15,SA,D,D13,R04,12.00,0,,19,0,0
SA15/D13_SA15_R05.csv,SA15,SA,D,D13,R05,12.00,0,,19,0,0
SA15/D14_SA15_R01.csv,SA15,SA,D,D14,R01,12.00,0,,19,0,0
SA15/D14_SA15_R02.csv,SA15,SA,D,D14,R02,12.00,0,,19,0,0
SA15/D14_SA15_R03.csv,SA15,SA,D,D14,R03,12.00,0,,19,0,0
SA15/D14_SA15_R04.csv,SA15,SA,D,D14,R04,12.00,0,,19,0,0
SA15/D14_SA15_R05.csv,SA15,SA,D,D14,R05,12.00,0,,19,0,0
SA15/D15_SA15_R01.csv,SA15,SA,D,D15,R01,12.00,0,,19,0,0
SA15/D15_SA15_R02.csv,SA15,SA,D,D15,R02,12.00,0,,19,0,0
SA15/D15_SA15_R03.csv,SA15,SA,D,D15,R03,12.00,0,,19,0,0
SA15/D15_SA15_R04.csv,SA15,SA,D,D15,R04,12.00,0,,19,0,0
SA15/D15_SA15_R05.csv,SA15,SA,D,D15,R05,12.00,0,,19,0,0
SA15/D16_SA15_R01.csv,SA15,SA,D,D16,R01,11.99,0,,19,0,0
SA15/D16_SA15_R02.csv,SA15,SA,D,D16,R02,12.00,0,,19,0,0
SA15/D16_SA15_R03.csv,SA15,SA,D,D16,R03,12.00,0,,19,0,0
SA15/D16_SA15_R04.csv,SA15,SA,D,D16,R04,12.00,0,,19,0,0
SA15/D16_SA15_R05.csv,SA15,SA,D,D16,R05,12.00,0,,19,0,0
SA15/D17_SE15_R01.csv,SA15,SA,D,D17,R01,25.00,0,,45,0,0
SA15/D17_SE15_R02.csv,SA15,SA,D,D17,R02,25.00,0,,45,0,0
SA15/D17_SE15_R03.csv,SA15,SA,D,D17,R03,25.00,0,,45,0,0
SA15/D17_SE15_R04.csv,SA15,SA,D,D17,R04,25.00,0,,45,0,0
SA15/D17_SE15_R05.csv,SA15,SA,D,D17,R05,25.00,0,,45,0,0
SA15/D18_SA15_R01.csv,SA15,SA,D,D18,R01,12.00,1,5.98,19,17,1
SA15/D18_SA15_R02.csv,SA15,SA,D,D18,R02,12.00,1,7.48,19,15,1
SA15/D18_SA15_R03.csv,SA15,SA,D,D18,R03,12.00,1,7.98,19,14,1
SA15/D18_SA15_R04.csv,SA15,SA,D,D18,R04,12.00,1,7.48,19,15,1
SA15/D18_SA15_R05.csv,SA15,SA,D,D18,R05,12.00,0,,19,15,0
SA15/D19_SA15_R01.csv,SA15,SA,D,D19,R01,12.00,1,5.98,19,18,1
SA15/D19_SA15_R02.csv,SA15,SA,D,D19,R02,12.00,1,7.98,19,18,1
SA15/D19_SA15_R03.csv,SA15,SA,D,D19,R03,12.00,1,5.98,19,18,1
SA15/D19_SA15_R04.csv,SA15,SA,D,D19,R04,12.00,1,7.98,19,18,1
SA15/D19_SA15_R05.csv,SA15,SA,D,D19,R05,12.00,2,5.98 8.98,19,18,2
SA15/F01_SA15_R01.csv,SA15,SA,F,F01,R01,14.99,1,9.48,25,16,1
SA15/F01_SA15_R02.csv,SA15,SA,F,F01,R02,15.00,0,,25,0,0
SA15/F01_SA15_R03.csv,SA15,SA,F,F01,R03,15.00,1,9.98,25,15,1
SA15/F01_SA15_R04.csv,SA15,SA,F,F01,R04,15.00,1,9.98,25,15,1
SA15/F01_SA15_R05.csv,SA15,SA,F,F01,R05,15.00,1,9.48,25,16,1
SA15/F02_SA15_R01.csv,SA15,SA,F,F02,R01,15.00,1,8.98,25,17,1
SA15/F02_SA15_R02.csv,SA15,SA,F,F02,R02,15.00,1,9.48,25,16,1
SA15/F02_SA15_R03.csv,SA15,SA,F,F02,R03,15.00,1,9.98,25,15,1
SA15/F02_SA15_R04.csv,SA15,SA,F,F02,R04,15.00,1,9.98,25,15,1
SA15/F02_SA15_R05.csv,SA15,SA,F,F02,R05,15.00,1,9.98,25,15,1
SA15/F03_SA15_R01.csv,SA15,SA,F,F03,R01,15.00,1,9.48,25,16,1
SA15/F03_SA15_R02.csv,SA15,SA,F,F03,R02,15.00,1,6.98,25,20,1
SA15/F03_SA15_R03.csv,SA15,SA,F,F03,R03,15.00,1,7.48,25,20,1
SA15/F03_SA15_R04.csv,SA15,SA,F,F03,R04,15.00,1,7.98,25,19,1
SA15/F03_SA15_R05.csv,SA15,SA,F,F03,R05,15.00,1,8.48,25,18,1
SA15/F04_SA15_R01.csv,SA15,SA,F,F04,R01,15.00,1,9.48,25,16,1
SA15/F04_SA15_R02.csv,SA15,SA,F,F04,R02,15.00,1,8.98,25,17,1
SA15/F04_SA15_R03.csv,SA15,SA,F,F04,R03,15.00,1,9.48,25,16,1
SA15/F04_SA15_R04.csv,SA15,SA,F,F04,R04,15.00,1,9.48,25,16,1
SA15/F04_SA15_R05.csv,SA15,SA,F,F04,R05,15.00,1,9.48,25,16,1
SA15/F05_SA15_R01.csv,SA15,SA,F,F05,R01,15.00,1,14.48,25,2,1
SA15/F05_SA15_R02.csv,SA15,SA,F,F05,R02,15.00,0,,25,0,0
SA15/F05_SA15_R03.csv,SA15,SA,F,F05,R03,15.00,1,7.98,25,19,1
SA15/F05_SA15_R04.csv,SA15,SA,F,F05,R04,15.00,1,14.98,25,1,1
SA15/F05_SA15_R05.csv,SA15,SA,F,F05,R05,15.00,1,14.48,25,3,1
SA15/F06_SA15_R01.csv,SA15,SA,F,F06,R01,14.99,1,9.98,25,15,1
SA15/F06_SA15_R02.csv,SA15,SA,F,F06,R02,15.00,1,9.98,25,15,1
SA15/F06_SA15_R03.csv,SA15,SA,F,F06,R03,15.00,1,9.98,25,15,1
SA15/F06_SA15_R04.csv,SA15,SA,F,F06,R04,15.00,1,10.48,25,14,1
SA15/F06_SA15_R05.csv,SA15,SA,F,F06,R05,15.00,1,9.98,25,15,1
SA15/F07_SA15_R01.csv,SA15,SA,F,F07,R01,15.00,1,8.98,25,17,1
SA15/F07_SA15_R02.csv,SA15,SA,F,F07,R02,15.00,1,9.48,25,16,1
SA15/F07_SA15_R03.csv,SA15,SA,F,F07,R03,15.00,1,9.98,25,15,1
SA15/F07_SA15_R04.csv,SA15,SA,F,F07,R04,15.00,1,10.48,25,14,1
SA15/F07_SA15_R05.csv,SA15,SA,F,F07,R05,15.00,1,10.48,25,14,1
SA15/F08_SA15_R01.csv,SA15,SA,F,F08,R01,14.99,1,8.98,25,17,1
SA15/F08_SA15_R02.csv,SA15,SA,F,F08,R02,15.00,1,8.98,25,17,1
SA15/F08_SA15_R03.csv,SA15,SA,F,F08,R03,15.00,1,9.48,25,16,1
SA15/F08_SA15_R04.csv,SA15,SA,F,F08,R04,15.00,1,9.98,25,15,1
SA15/F08_SA15_R05.csv,SA15,SA,F,F08,R05,15.00,0,,25,0,0
SA15/F09_SA15_R01.csv,SA15,SA,F,F09,R01,15.00,1,7.98,25,19,1
SA15/F09_SA15_R02.csv,SA15,SA,F,F09,R02,15.00,1,8.48,25,18,1
SA15/F09_SA15_R03.csv,SA15,SA,F,F09,R03,15.00,1,8.48,25,18,1
SA15/F09_SA15_R04.csv,SA15,SA,F,F09,R04,15.00,1,8.48,25,18,1
SA15/F09_SA15_R05.csv,SA15,SA,F,F09,R05,15.00,1,8.98,25,17,1
SA15/F10_SA15_R01.csv,SA15,SA,F,F10,R01,15.00,1,8.48,25,18,1
SA15/F10_SA15_R02.csv,SA15,SA,F,F10,R02,15.00,1,12.48,25,10,1
SA15/F10_SA15_R03.csv,SA15,SA,F,F10,R03,15.00,1,8.48,25,18,1
SA15/F10_SA15_R04.csv,SA15,SA,F,F10,R04,15.00,1,9.48,25,16,1
SA15/F10_SA15_R05.csv,SA15,SA,F,F10,R05,15.00,1,8.48,25,19,1
SA15/F11_SA15_R01.csv,SA15,SA,F,F11,R01,14.99,1,7.98,25,19,1
SA15/F11_SA15_R02.csv,SA15,SA,F,F11,R02,15.00,1,8.48,25,18,1
SA15/F11_SA15_R03.csv,SA15,SA,F,F11,R03,15.00,0,,25,0,0
SA15/F11_SA15_R04.csv,SA15,SA,F,F11,R04,15.00,1,7.48,25,20,1
SA15/F11_SA15_R05.csv,SA15,SA,F,F11,R05,15.00,1,7.98,25,19,1
SA15/F12_SA15_R01.csv,SA15,SA,F,F12,R01,15.00,1,7.98,25,19,1
SA15/F12_SA15_R02.csv,SA15,SA,F,F12,R02,15.00,0,,25,0,0
SA15/F12_SA15_R03.csv,SA15,SA,F,F12,R03,15.00,1,7.98,25,19,1
SA15/F12_SA15_R04.csv,SA15,SA,F,F12,R04,15.00,0,,25,0,0
SA15/F12_SA15_R05.csv,SA15,SA,F,F12,R05,15.00,1,6.98,25,20,1
SA15/F13_SA15_R01.csv,SA15,SA,F,F13,R01,15.00,1,7.98,25,19,1
SA15/F13_SA15_R02.csv,SA15,SA,F,F13,R02,15.00,1,8.48,25,18,1
SA15/F13_SA15_R03.csv,SA15,SA,F,F13,R03,15.00,1,8.48,25,18,1
SA15/F13_SA15_R04.csv,SA15,SA,F,F13,R04,15.00,0,,25,0,0
SA15/F13_SA15_R05.csv,SA15,SA,F,F13,R05,15.00,1,8.98,25,17,1
SA15/F14_SA15_R01.csv,SA15,SA,F,F14,R01,15.00,1,7.48,25,19,1
SA15/F14_SA15_R02.csv,SA15,SA,F,F14,R02,15.00,1,7.48,25,20,1
SA15/F14_SA15_R03.csv,SA15,SA,F,F14,R03,15.00,1,7.48,25,20,1
SA15/F14_SA15_R04.csv,SA15,SA,F,F14,R04,15.00,1,7.98,25,19,1
SA15/F14_SA15_R05.csv,SA15,SA,F,F14,R05,15.00,1,7.48,25,20,1
SA15/F15_SA15_R01.csv,SA15,SA,F,F15,R01,15.00,1,9.48,25,16,1
SA15/F15_SA15_R02.csv,SA15,SA,F,F15,R02,15.00,1,8.98,25,17,1
SA15/F15_SA15_R03.csv,SA15,SA,F,F15,R03,15.00,1,9.48,25,16,1
SA15/F15_SA15_R04.csv,SA15,SA,F,F15,R04,15.00,1,8.98,25,17,1
SA15/F15_SA15_R05.csv,SA15,SA,F,F15,R05,15.00,1,9.48,25,16,1
SA16/D01_SA16_R01.csv,SA16,SA,D,D01,R01,100.00,0,,195,0,0
SA16/D02_SA16_R01.csv,SA16,SA,D,D02,R01,100.00,0,,195,0,0
SA16/D03_SA16_R01.csv,SA16,SA,D,D03,R01,100.00,5,18.48 21.98 24.48 40.98 95.48,195,154,5
SA16/D04_SA16_R01.csv,SA16,SA,D,D04,R01,100.00,1,37.48,195,167,1
SA16/D05_SA16_R01.csv,SA16,SA,D,D05,R01,25.00,0,,45,0,0
SA16/D05_SA16_R02.csv,SA16,SA,D,D05,R02,25.00,0,,45,0,0
SA16/D05_SA16_R03.csv,SA16,SA,D,D05,R03,25.00,0,,45,0,0
SA16/D05_SA16_R04.csv,SA16,SA,D,D05,R04,25.00,0,,45,0,0
SA16/D05_SA16_R05.csv,SA16,SA,D,D05,R05,25.00,0,,45,0,0
SA16/D06_SA16_R01.csv,SA16,SA,D,D06,R01,25.00,1,18.48,45,31,1
SA16/D06_SA16_R02.csv,SA16,SA,D,D06,R02,25.00,1,21.48,45,37,1
SA16/D06_SA16_R03.csv,SA16,SA,D,D06,R03,25.00,2,14.48 20.98,45,37,2
SA16/D06_SA16_R04.csv,SA16,SA,D,D06,R04,25.00,1,21.48,45,36,1
SA16/D06_SA16_R05.csv,SA16,SA,D,D06,R05,25.00,1,21.98,45,38,1
SA16/D07_SA16_R01.csv,SA16,SA,D,D07,R01,12.00,0,,19,0,0
SA16/D07_SA16_R02.csv,SA16,SA,D,D07,R02,12.00,0,,19,0,0
SA16/D07_SA16_R03.csv,SA16,SA,D,D07,R03,12.00,0,,19,0,0
SA16/D07_SA16_R04.csv,SA16,SA,D,D07,R04,12.00,0,,19,0,0
SA16/D07_SA16_R05.csv,SA16,SA,D,D07,R05,12.00,0,,19,0,0
SA16/D08_SA16_R01.csv,SA16,SA,D,D08,R01,12.00,0,,19,0,0
SA16/D08_SA16_R02.csv,SA16,SA,D,D08,R02,12.00,0,,19,0,0
SA16/D08_SA16_R03.csv,SA16,SA,D,D08,R03,12.00,0,,19,0,0
SA16/D08_SA16_R04.csv,SA16,SA,D,D08,R04,12.00,0,,19,0,0
SA16/D08_SA16_R05.csv,SA16,SA,D,D08,R05,12.00,0,,19,0,0
SA16/D09_SA16_R01.csv,SA16,SA,D,D09,R01,12.00,0,,19,0,0
SA16/D09_SA16_R02.csv,SA16,SA,D,D09,R02,12.00,0,,19,0,0
SA16/D09_SA16_R03.csv,SA16,SA,D,D09,R03,12.00,0,,19,0,0
SA16/D09_SA16_R04.csv,SA16,SA,D,D09,R04,12.00,0,,19,0,0
SA16/D09_SA16_R05.csv,SA16,SA,D,D09,R05,12.00,0,,19,0,0
SA16/D10_SA16_R01.csv,SA16,SA,D,D10,R01,12.00,0,,19,0,0
SA16/D10_SA16_R02.csv,SA16,SA,D,D10,R02,12.00,0,,19,0,0
SA16/D10_SA16_R03.csv,SA16,SA,D,D10,R03,12.00,0,,19,0,0
SA16/D10_SA16_R04.csv,SA16,SA,D,D10,R04,12.00,0,,19,0,0
SA16/D10_SA16_R05.csv,SA16,SA,D,D10,R05,12.00,0,,19,0,0
SA16/D11_SA16_R01.csv,SA16,SA,D,D11,R01,11.99,1,10.48,19,8,1
SA16/D11_SA16_R02.csv,SA16,SA,D,D11,R02,12.00,1,8.48,19,12,1
SA16/D11_SA16_R03.csv,SA16,SA,D,D11,R03,12.00,0,,19,0,0
SA16/D11_SA16_R04.csv,SA16,SA,D,D11,R04,12.00,0,,19,0,0
SA16/D11_SA16_R05.csv,SA16,SA,D,D11,R05,12.00,0,,19,0,0
SA16/D12_SA16_R01.csv,SA16,SA,D,D12,R01,12.00,0,,19,0,0
SA16/D12_SA16_R02.csv,SA16,SA,D,D12,R02,12.00,0,,19,0,0
SA16/D12_SA16_R03.csv,SA16,SA,D,D12,R03,12.00,0,,19,0,0
SA16/D12_SA16_R04.csv,SA16,SA,D,D12,R04,12.00,0,,19,0,0
SA16/D12_SA16_R05.csv,SA16,SA,D,D12,R05,12.00,0,,19,0,0
SA16/D13_SA16_R01.csv,SA16,SA,D,D13,R01,12.00,0,,19,0,0
SA16/D13_SA16_R02.csv,SA16,SA,D,D13,R02,12.00,0,,19,0,0
SA16/D13_SA16_R03.csv,SA16,SA,D,D13,R03,12.00,0,,19,0,0
SA16/D13_SA16_R04.csv,SA16,SA,D,D13,R04,12.00,0,,19,0,0
SA16/D13_SA16_R05.csv,SA16,SA,D,D13,R05,12.00,0,,19,0,0
SA16/D14_SA16_R01.csv,SA16,SA,D,D14,R01,12.00,0,,19,0,0
SA16/D14_SA16_R02.csv,SA16,SA,D,D14,R02,12.00,0,,19,0,0
SA16/D14_SA16_R03.csv,SA16,SA,D,D14,R03,12.00,0,,19,0,0
SA16/D14_SA16_R04.csv,SA16,SA,D,D14,R04,12.00,0,,19,0,0
SA16/D14_SA16_R05.csv,SA16,SA,D,D14,R05,12.00,0,,19,0,0
SA16/D15_SA16_R01.csv,SA16,SA,D,D15,R01,12.00,0,,19,0,0
SA16/D15_SA16_R02.csv,SA16,SA,D,D15,R02,12.00,0,,19,0,0
SA16/D15_SA16_R03.csv,SA16,SA,D,D15,R03,12.00,0,,19,0,0
SA16/D15_SA16_R04.csv,SA16,SA,D,D15,R04,12.00,0,,19,0,0
SA16/D15_SA16_R05.csv,SA16,SA,D,D15,R05,12.00,0,,19,0,0
SA16/D16_SA16_R01.csv,SA16,SA,D,D16,R01,11.99,0,,19,0,0
SA16/D16_SA16_R02.csv,SA16,SA,D,D16,R02,12.00,0,,19,0,0
SA16/D16_SA16_R03.csv,SA16,SA,D,D16,R03,12.00,0,,19,0,0
SA16/D16_SA16_R04.csv,SA16,SA,D,D16,R04,12.00,0,,19,0,0
SA16/D16_SA16_R05.csv,SA16,SA,D,D16,R05,12.00,0,,19,0,0
SA16/D17_SA16_R01.csv,SA16,SA,D,D17,R01,25.00,0,,45,0,0
SA16/D17_SA16_R02.csv,SA16,SA,D,D17,R02,25.00,0,,45,0,0
SA16/D17_SA16_R03.csv,SA16,SA,D,D17,R03,25.00,0,,45,0,0
SA16/D17_SA16_R04.csv,SA16,SA,D,D17,R04,25.00,0,,45,0,0
SA16/D17_SA16_R05.csv,SA16,SA,D,D17,R05,25.00,0,,45,0,0
SA16/D18_SA16_R01.csv,SA16,SA,D,D18,R01,12.00,1,6.48,19,16,1
SA16/D18_SA16_R02.csv,SA16,SA,D,D18,R02,12.00,1,8.48,19,12,1
SA16/D18_SA16_R03.csv,SA16,SA,D,D18,R03,12.00,1,9.48,19,10,1
SA16/D18_SA16_R04.csv,SA16,SA,D,D18,R04,12.00,1,8.48,19,12,1
SA16/D18_SA16_R05.csv,SA16,SA,D,D18,R05,12.00,1,8.98,19,11,1
SA16/D19_SA16_R01.csv,SA16,SA,D,D19,R01,12.00,1,5.98,19,17,1
SA16/D19_SA16_R02.csv,SA16,SA,D,D19,R02,12.00,1,8.48,19,16,1
SA16/D19_SA16_R03.csv,SA16,SA,D,D19,R03,12.00,2,6.48 8.98,19,16,2
SA16/D19_SA16_R04.csv,SA16,SA,D,D19,R04,12.00,1,9.98,19,12,1
SA16/D19_SA16_R05.csv,SA16,SA,D,D19,R05,12.00,1,9.98,19,12,1
SA16/F01_SA16_R01.csv,SA16,SA,F,F01,R01,15.00,1,9.48,25,16,1
SA16/F01_SA16_R02.csv,SA16,SA,F,F01,R02,15.00,1,8.98,25,17,1
SA16/F01_SA16_R03.csv,SA16,SA,F,F01,R03,15.00,1,7.98,25,19,1
SA16/F01_SA16_R04.csv,SA16,SA,F,F01,R04,15.00,1,9.48,25,17,1
SA16/F01_SA16_R05.csv,SA16,SA,F,F01,R05,15.00,1,9.48,25,16,1
SA16/F02_SA16_R01.csv,SA16,SA,F,F02,R01,14.99,1,8.48,25,18,1
SA16/F02_SA16_R02.csv,SA16,SA,F,F02,R02,15.00,1,7.98,25,19,1
SA16/F02_SA16_R03.csv,SA16,SA,F,F02,R03,15.00,1,7.48,25,20,1
SA16/F02_SA16_R04.csv,SA16,SA,F,F02,R04,15.00,1,6.98,25,20,1
SA16/F02_SA16_R05.csv,SA16,SA,F,F02,R05,15.00,1,6.98,25,20,1
SA16/F03_SA16_R01.csv,SA16,SA,F,F03,R01,15.00,1,9.48,25,16,1
SA16/F03_SA16_R02.csv,SA16,SA,F,F03,R02,15.00,1,8.48,25,18,1
SA16/F03_SA16_R03.csv,SA16,SA,F,F03,R03,15.00,1,7.48,25,20,1
SA16/F03_SA16_R04.csv,SA16,SA,F,F03,R04,15.00,1,7.48,25,19,1
SA16/F03_SA16_R05.csv,SA16,SA,F,F03,R05,15.00,1,8.48,25,18,1
SA16/F04_SA16_R01.csv,SA16,SA,F,F04,R01,14.99,1,8.98,25,18,1
SA16/F04_SA16_R02.csv,SA16,SA,F,F04,R02,15.00,1,8.98,25,18,1
SA16/F04_SA16_R03.csv,SA16,SA,F,F04,R03,15.00,1,8.48,25,19,1
SA16/F04_SA16_R04.csv,SA16,SA,F,F04,R04,15.00,1,7.98,25,19,1
SA16/F04_SA16_R05.csv,SA16,SA,F,F04,R05,15.00,1,7.98,25,20,1
SA16/F05_SA16_R01.csv,SA16,SA,F,F05,R01,15.00,1,13.98,25,4,1
SA16/F05_SA16_R02.csv,SA16,SA,F,F05,R02,15.00,1,7.48,25,20,1
SA16/F05_SA16_R03.csv,SA16,SA,F,F05,R03,15.00,1,6.98,25,19,1
SA16/F05_SA16_R04.csv,SA16,SA,F,F05,R04,15.00,2,3.98 6.98,25,23,2
SA16/F05_SA16_R05.csv,SA16,SA,F,F05,R05,15.00,1,13.98,25,2,1
SA16/F06_SA16_R01.csv,SA16,SA,F,F06,R01,14.99,1,7.48,25,19,1
SA16/F06_SA16_R02.csv,SA16,SA,F,F06,R02,15.00,1,9.48,25,16,1
SA16/F06_SA16_R03.csv,SA16,SA,F,F06,R03,15.00,1,8.48,25,18,1
SA16/F06_SA16_R04.csv,SA16,SA,F,F06,R04,15.00,1,8.98,25,17,1
SA16/F06_SA16_R05.csv,SA16,SA,F,F06,R05,15.00,1,8.98,25,17,1
SA16/F07_SA16_R01.csv,SA16,SA,F,F07,R01,15.00,1,7.98,25,19,1
SA16/F07_SA16_R02.csv,SA16,SA,F,F07,R02,15.00,1,8.98,25,18,1
SA16/F07_SA16_R03.csv,SA16,SA,F,F07,R03,15.00,1,8.98,25,17,1
SA16/F07_SA16_R04.csv,SA16,SA,F,F07,R04,15.00,1,9.48,25,16,1
SA16/F07_SA16_R05.csv,SA16,SA,F,F07,R05,15.00,1,9.48,25,16,1
SA16/F08_SA16_R01.csv,SA16,SA,F,F08,R01,15.00,1,8.98,25,17,1
SA16/F08_SA16_R02.csv,SA16,SA,F,F08,R02,15.00,1,9.98,25,16,1
SA16/F08_SA16_R03.csv,SA16,SA,F,F08,R03,15.00,1,9.48,25,16,1
SA16/F08_SA16_R04.csv,SA16,SA,F,F08,R04,15.00,1,8.48,25,18,1
SA16/F08_SA16_R05.csv,SA16,SA,F,F08,R05,15.00,1,9.48,25,16,1
SA16/F09_SA16_R01.csv,SA16,SA,F,F09,R01,15.00,1,8.48,25,18,1
SA16/F09_SA16_R02.csv,SA16,SA,F,F09,R02,15.00,1,9.48,25,16,1
SA16/F09_SA16_R03.csv,SA16,SA,F,F09,R03,15.00,1,9.98,25,15,1
SA16/F09_SA16_R04.csv,SA16,SA,F,F09,R04,15.00,1,11.98,25,12,1
SA16/F09_SA16_R05.csv,SA16,SA,F,F09,R05,15.00,1,10.48,25,14,1
SA16/F10_SA16_R01.csv,SA16,SA,F,F10,R01,15.00,1,6.48,25,19,1
SA16/F10_SA16_R02.csv,SA16,SA,F,F10,R02,15.00,1,6.48,25,19,1
SA16/F10_SA16_R03.csv,SA16,SA,F,F10,R03,15.00,1,5.98,25,20,1
SA16/F10_SA16_R04.csv,SA16,SA,F,F10,R04,15.00,1,5.48,25,19,1
SA16/F10_SA16_R05.csv,SA16,SA,F,F10,R05,15.00,1,6.98,25,20,1
SA16/F11_SA16_R01.csv,SA16,SA,F,F11,R01,14.99,1,5.48,25,20,1
SA16/F11_SA16_R02.csv,SA16,SA,F,F11,R02,15.00,0,,25,0,0
SA16/F11_SA16_R03.csv,SA16,SA,F,F11,R03,15.00,1,4.98,25,20,1
SA16/F11_SA16_R04.csv,SA16,SA,F,F11,R04,15.00,1,4.98,25,20,1
SA16/F11_SA16_R05.csv,SA16,SA,F,F11,R05,15.00,1,5.48,25,20,1
SA16/F12_SA16_R01.csv,SA16,SA,F,F12,R01,15.00,1,6.98,25,20,1
SA16/F12_SA16_R02.csv,SA16,SA,F,F12,R02,15.00,1,6.48,25,20,1
SA16/F12_SA16_R03.csv,SA16,SA,F,F12,R03,15.00,1,6.98,25,20,1
SA16/F12_SA16_R04.csv,SA16,SA,F,F12,R04,15.00,1,6.98,25,20,1
SA16/F12_SA16_R05.csv,SA16,SA,F,F12,R05,15.00,1,6.98,25,20,1
SA16/F13_SA16_R01.csv,SA16,SA,F,F13,R01,15.00,1,8.48,25,18,1
SA16/F13_SA16_R02.csv,SA16,SA,F,F13,R02,15.00,1,8.98,25,17,1
SA16/F13_SA16_R03.csv,SA16,SA,F,F13,R03,15.00,1,9.48,25,16,1
SA16/F13_SA16_R04.csv,SA16,SA,F,F13,R04,15.00,1,7.98,25,19,1
SA16/F13_SA16_R05.csv,SA16,SA,F,F13,R05,15.00,1,9.98,25,15,1
SA16/F14_SA16_R01.csv,SA16,SA,F,F14,R01,15.00,1,8.98,25,17,1
SA16/F14_SA16_R02.csv,SA16,SA,F,F14,R02,15.00,1,11.48,25,12,1
SA16/F14_SA16_R03.csv,SA16,SA,F,F14,R03,15.00,1,9.98,25,15,1
SA16/F14_SA16_R04.csv,SA16,SA,F,F14,R04,15.00,1,10.98,25,13,1
SA16/F14_SA16_R05.csv,SA16,SA,F,F14,R05,15.00,1,8.98,25,17,1
SA16/F15_SA16_R01.csv,SA16,SA,F,F15,R01,15.00,0,,25,0,0
SA16/F15_SA16_R02.csv,SA16,SA,F,F15,R02,15.00,1,10.48,25,14,1
SA16/F15_SA16_R03.csv,SA16,SA,F,F15,R03,15.00,1,9.48,25,16,1
SA16/F15_SA16_R04.csv,SA16,SA,F,F15,R04,15.00,1,8.48,25,18,1
SA16/F15_SA16_R05.csv,SA16,SA,F,F15,R05,15.00,1,7.48,25,20,1
SA17/D01_SA17_R01.csv,SA17,SA,D,D01,R01,100.00,0,,195,0,0
SA17/D02_SA17_R01.csv,SA17,SA,D,D02,R01,100.00,0,,195,0,0
SA17/D03_SA17_R01.csv,SA17,SA,D,D03,R01,100.00,4,22.98 49.98 55.48 69.48,195,16,4
SA17/D04_SA17_R01.csv,SA17,SA,D,D04,R01,100.00,7,15.98 20.48 41.48 44.48 57.48 72.98 79.98,195,168,7
SA17/D05_SA17_R01.csv,SA17,SA,D,D05,R01,25.00,0,,45,0,0
SA17/D05_SA17_R02.csv,SA17,SA,D,D05,R02,25.00,0,,45,0,0
SA17/D05_SA17_R03.csv,SA17,SA,D,D05,R03,25.00,0,,45,0,0
SA17/D05_SA17_R04.csv,SA17,SA,D,D05,R04,24.91,0,,44,0,0
SA17/D05_SA17_R05.csv,SA17,SA,D,D05,R05,25.00,0,,45,0,0
SA17/D06_SA17_R02.csv,SA17,SA,D,D06,R02,25.00,2,5.98 13.48,45,35,2
SA17/D06_SA17_R03.csv,SA17,SA,D,D06,R03,25.00,1,14.48,45,22,1
SA17/D06_SA17_R04.csv,SA17,SA,D,D06,R04,25.00,1,13.98,45,22,1
SA17/D06_SA17_R05.csv,SA17,SA,D,D06,R05,25.00,1,14.48,45,21,1
SA17/D07_SA17_R01.csv,SA17,SA,D,D07,R01,12.00,0,,19,0,0
SA17/D07_SA17_R02.csv,SA17,SA,D,D07,R02,12.00,0,,19,0,0
SA17/D07_SA17_R03.csv,SA17,SA,D,D07,R03,12.00,0,,19,0,0
SA17/D07_SA17_R04.csv,SA17,SA,D,D07,R04,12.00,0,,19,0,0
SA17/D07_SA17_R05.csv,SA17,SA,D,D07,R05,12.00,0,,19,0,0
SA17/D08_SA17_R01.csv,SA17,SA,D,D08,R01,12.00,0,,19,0,0
SA17/D08_SA17_R02.csv,SA17,SA,D,D08,R02,12.00,0,,19,0,0
SA17/D08_SA17_R03.csv,SA17,SA,D,D08,R03,12.00,0,,19,0,0
SA17/D08_SA17_R04.csv,SA17,SA,D,D08,R04,12.00,0,,19,0,0
SA17/D08_SA17_R05.csv,SA17,SA,D,D08,R05,12.00,0,,19,0,0
SA17/D09_SA17_R01.csv,SA17,SA,D,D09,R01,12.00,0,,19,0,0
SA17/D09_SA17_R02.csv,SA17,SA,D,D09,R02,12.00,0,,19,0,0
SA17/D09_SA17_R03.csv,SA17,SA,D,D09,R03,12.00,0,,19,0,0
SA17/D09_SA17_R04.csv,SA17,SA,D,D09,R04,12.00,0,,19,0,0
SA17/D09_SA17_R05.csv,SA17,SA,D,D09,R05,12.00,0,,19,0,0
SA17/D10_SA17_R01.csv,SA17,SA,D,D10,R01,12.00,0,,19,0,0
SA17/D10_SA17_R02.csv,SA17,SA,D,D10,R02,12.00,0,,19,0,0
SA17/D10_SA17_R03.csv,SA17,SA,D,D10,R03,12.00,0,,19,0,0
SA17/D10_SA17_R04.csv,SA17,SA,D,D10,R04,12.00,0,,19,0,0
SA17/D10_SA17_R05.csv,SA17,SA,D,D10,R05,12.00,0,,19,0,0
SA17/D11_SA17_R01.csv,SA17,SA,D,D11,R01,11.99,0,,19,0,0
SA17/D11_SA17_R02.csv,SA17,SA,D,D11,R02,12.00,0,,19,0,0
SA17/D11_SA17_R03.csv,SA17,SA,D,D11,R03,12.00,0,,19,0,0
SA17/D11_SA17_R04.csv,SA17,SA,D,D11,R04,12.00,1,9.48,19,10,1
SA17/D11_SA17_R05.csv,SA17,SA,D,D11,R05,12.00,0,,19,0,0
SA17/D12_SA17_R01.csv,SA17,SA,D,D12,R01,12.00,0,,19,0,0
SA17/D12_SA17_R02.csv,SA17,SA,D,D12,R02,12.00,0,,19,0,0
SA17/D12_SA17_R03.csv,SA17,SA,D,D12,R03,12.00,0,,19,0,0
SA17/D12_SA17_R04.csv,SA17,SA,D,D12,R04,12.00,0,,19,0,0
SA17/D12_SA17_R05.csv,SA17,SA,D,D12,R05,11.99,0,,19,0,0
SA17/D13_SA17_R01.csv,SA17,SA,D,D13,R01,12.00,0,,19,0,0
SA17/D13_SA17_R02.csv,SA17,SA,D,D13,R02,12.00,0,,19,0,0
SA17/D13_SA17_R03.csv,SA17,SA,D,D13,R03,12.00,0,,19,0,0
SA17/D13_SA17_R04.csv,SA17,SA,D,D13,R04,12.00,0,,19,0,0
SA17/D13_SA17_R05.csv,SA17,SA,D,D13,R05,12.00,0,,19,0,0
SA17/D14_SA17_R01.csv,SA17,SA,D,D14,R01,12.00,0,,19,0,0
SA17/D14_SA17_R02.csv,SA17,SA,D,D14,R02,12.00,0,,19,0,0
SA17/D14_SA17_R03.csv,SA17,SA,D,D14,R03,12.00,0,,19,0,0
SA17/D14_SA17_R04.csv,SA17,SA,D,D14,R04,12.00,0,,19,0,0
SA17/D14_SA17_R05.csv,SA17,SA,D,D14,R05,12.00,0,,19,0,0
SA17/D15_SA17_R01.csv,SA17,SA,D,D15,R01,12.00,0,,19,0,0
SA17/D15_SA17_R02.csv,SA17,SA,D,D15,R02,12.00,0,,19,0,0
SA17/D15_SA17_R03.csv,SA17,SA,D,D15,R03,12.00,0,,19,0,0
SA17/D15_SA17_R04.csv,SA17,SA,D,D15,R04,12.00,0,,19,0,0
SA17/D15_SA17_R05.csv,SA17,SA,D,D15,R05,12.00,0,,19,0,0
SA17/D16_SA17_R01.csv,SA17,SA,D,D16,R01,11.99,0,,19,0,0
SA17/D16_SA17_R02.csv,SA17,SA,D,D16,R02,12.00,0,,19,0,0
SA17/D16_SA17_R03.csv,SA17,SA,D,D16,R03,12.00,0,,19,0,0
SA17/D16_SA17_R04.csv,SA17,SA,D,D16,R04,12.00,0,,19,0,0
SA17/D16_SA17_R05.csv,SA17,SA,D,D16,R05,12.00,0,,19,0,0
SA17/D17_SA17_R01.csv,SA17,SA,D,D17,R01,25.00,0,,45,0,0
SA17/D17_SA17_R02.csv,SA17,SA,D,D17,R02,25.00,0,,45,0,0
SA17/D17_SA17_R03.csv,SA17,SA,D,D17,R03,25.00,0,,45,0,0
SA17/D17_SA17_R04.csv,SA17,SA,D,D17,R04,25.00,0,,45,0,0
SA17/D17_SA17_R05.csv,SA17,SA,D,D17,R05,25.00,0,,45,0,0
SA17/D18_SA17_R01.csv,SA17,SA,D,D18,R01,12.00,1,7.98,19,13,1
SA17/D18_SA17_R02.csv,SA17,SA,D,D18,R02,12.00,1,8.48,19,12,1
SA17/D18_SA17_R03.csv,SA17,SA,D,D18,R03,12.00,1,8.48,19,12,1
SA17/D18_SA17_R04.csv,SA17,SA,D,D18,R04,12.00,1,8.98,19,11,1
SA17/D18_SA17_R05.csv,SA17,SA,D,D18,R05,12.00,1,8.98,19,12,1
SA17/D19_SA17_R01.csv,SA17,SA,D,D19,R01,12.00,1,5.98,19,17,1
SA17/D19_SA17_R02.csv,SA17,SA,D,D19,R02,12.00,0,,19,0,0
SA17/D19_SA17_R03.csv,SA17,SA,D,D19,R03,12.00,1,7.98,19,18,1
SA17/D19_SA17_R04.csv,SA17,SA,D,D19,R04,12.00,2,6.48 8.98,19,17,2
SA17/D19_SA17_R05.csv,SA17,SA,D,D19,R05,12.00,1,8.98,19,16,1
SA17/F01_SA17_R01.csv,SA17,SA,F,F01,R01,14.99,1,9.48,25,16,1
SA17/F01_SA17_R02.csv,SA17,SA,F,F01,R02,15.00,1,9.48,25,16,1
SA17/F01_SA17_R03.csv,SA17,SA,F,F01,R03,15.00,1,9.48,25,16,1
SA17/F01_SA17_R04.csv,SA17,SA,F,F01,R04,15.00,1,9.48,25,16,1
SA17/F01_SA17_R05.csv,SA17,SA,F,F01,R05,15.00,1,9.48,25,17,1
SA17/F02_SA17_R01.csv,SA17,SA,F,F02,R01,14.99,1,10.98,25,13,1
SA17/F02_SA17_R02.csv,SA17,SA,F,F02,R02,15.00,1,10.48,25,15,1
SA17/F02_SA17_R03.csv,SA17,SA,F,F02,R03,15.00,1,9.98,25,15,1
SA17/F02_SA17_R04.csv,SA17,SA,F,F02,R04,15.00,1,8.98,25,17,1
SA17/F02_SA17_R05.csv,SA17,SA,F,F02,R05,15.00,1,8.98,25,18,1
SA17/F03_SA17_R01.csv,SA17,SA,F,F03,R01,15.00,1,9.48,25,16,1
SA17/F03_SA17_R02.csv,SA17,SA,F,F03,R02,15.00,1,10.48,25,14,1
SA17/F03_SA17_R03.csv,SA17,SA,F,F03,R03,15.00,1,11.98,25,12,1
SA17/F03_SA17_R04.csv,SA17,SA,F,F03,R04,15.00,1,10.98,25,13,1
SA17/F03_SA17_R05.csv,SA17,SA,F,F03,R05,15.00,1,12.98,25,10,1
SA17/F04_SA17_R01.csv,SA17,SA,F,F04,R01,14.99,1,7.98,25,19,1
SA17/F04_SA17_R02.csv,SA17,SA,F,F04,R02,15.00,1,8.48,25,18,1
SA17/F04_SA17_R03.csv,SA17,SA,F,F04,R03,15.00,1,8.98,25,18,1
SA17/F04_SA17_R04.csv,SA17,SA,F,F04,R04,15.00,1,9.48,25,17,1
SA17/F04_SA17_R05.csv,SA17,SA,F,F04,R05,15.00,1,8.48,25,18,1
SA17/F05_SA17_R01.csv,SA17,SA,F,F05,R01,15.00,1,6.98,25,19,1
SA17/F05_SA17_R02.csv,SA17,SA,F,F05,R02,15.00,1,13.98,25,2,1
SA17/F05_SA17_R03.csv,SA17,SA,F,F05,R03,15.00,1,7.48,25,21,1
SA17/F05_SA17_R04.csv,SA17,SA,F,F05,R04,15.00,1,7.48,25,20,1
SA17/F05_SA17_R05.csv,SA17,SA,F,F05,R05,15.00,1,7.48,25,20,1
SA17/F06_SA17_R01.csv,SA17,SA,F,F06,R01,14.99,1,9.48,25,16,1
SA17/F06_SA17_R02.csv,SA17,SA,F,F06,R02,15.00,1,10.98,25,14,1
SA17/F06_SA17_R03.csv,SA17,SA,F,F06,R03,14.98,1,8.98,24,16,1
SA17/F06_SA17_R04.csv,SA17,SA,F,F06,R04,15.00,1,9.48,25,16,1
SA17/F06_SA17_R05.csv,SA17,SA,F,F06,R05,15.00,1,9.48,25,16,1
SA17/F07_SA17_R01.csv,SA17,SA,F,F07,R01,15.00,0,,25,18,0
SA17/F07_SA17_R02.csv,SA17,SA,F,F07,R02,15.00,1,9.48,25,16,1
SA17/F07_SA17_R03.csv,SA17,SA,F,F07,R03,15.00,1,8.98,25,17,1
SA17/F07_SA17_R04.csv,SA17,SA,F,F07,R04,15.00,1,8.98,25,17,1
SA17/F07_SA17_R05.csv,SA17,SA,F,F07,R05,15.00,1,9.48,25,16,1
SA17/F08_SA17_R01.csv,SA17,SA,F,F08,R01,15.00,1,9.48,25,16,1
SA17/F08_SA17_R02.csv,SA17,SA,F,F08,R02,15.00,1,9.98,25,15,1
SA17/F08_SA17_R03.csv,SA17,SA,F,F08,R03,14.99,1,9.48,25,16,1
SA17/F08_SA17_R04.csv,SA17,SA,F,F08,R04,15.00,1,8.98,25,17,1
SA17/F08_SA17_R05.csv,SA17,SA,F,F08,R05,15.00,1,9.48,25,16,1
SA17/F09_SA17_R01.csv,SA17,SA,F,F09,R01,15.00,1,7.98,25,19,1
SA17/F09_SA17_R02.csv,SA17,SA,F,F09,R02,15.00,1,8.48,25,19,1
SA17/F09_SA17_R03.csv,SA17,SA,F,F09,R03,15.00,1,8.48,25,18,1
SA17/F09_SA17_R04.csv,SA17,SA,F,F09,R04,15.00,1,8.48,25,18,1
SA17/F09_SA17_R05.csv,SA17,SA,F,F09,R05,15.00,1,8.98,25,17,1
SA17/F10_SA17_R01.csv,SA17,SA,F,F10,R01,15.00,1,6.48,25,20,1
SA17/F10_SA17_R02.csv,SA17,SA,F,F10,R02,15.00,1,5.98,25,20,1
SA17/F10_SA17_R03.csv,SA17,SA,F,F10,R03,14.99,1,6.48,25,20,1
SA17/F10_SA17_R04.csv,SA17,SA,F,F10,R04,15.00,1,5.98,25,20,1
SA17/F10_SA17_R05.csv,SA17,SA,F,F10,R05,15.00,1,5.98,25,19,1
SA17/F11_SA17_R01.csv,SA17,SA,F,F11,R01,14.99,1,5.48,25,20,1
SA17/F11_SA17_R02.csv,SA17,SA,F,F11,R02,15.00,1,5.48,25,20,1
SA17/F11_SA17_R03.csv,SA17,SA,F,F11,R03,15.00,1,6.98,25,20,1
SA17/F11_SA17_R04.csv,SA17,SA,F,F11,R04,15.00,1,5.98,25,19,1
SA17/F11_SA17_R05.csv,SA17,SA,F,F11,R05,15.00,1,5.48,25,20,1
SA17/F12_SA17_R01.csv,SA17,SA,F,F12,R01,15.00,1,6.48,25,20,1
SA17/F12_SA17_R02.csv,SA17,SA,F,F12,R02,15.00,1,6.98,25,20,1
SA17/F12_SA17_R03.csv,SA17,SA,F,F12,R03,15.00,1,7.48,25,20,1
SA17/F12_SA17_R04.csv,SA17,SA,F,F12,R04,15.00,1,5.48,25,20,1
SA17/F12_SA17_R05.csv,SA17,SA,F,F12,R05,15.00,1,6.48,25,20,1
SA17/F13_SA17_R01.csv,SA17,SA,F,F13,R01,15.00,1,6.48,25,20,1
SA17/F13_SA17_R02.csv,SA17,SA,F,F13,R02,15.00,1,9.48,25,16,1
SA17/F13_SA17_R03.csv,SA17,SA,F,F13,R03,15.00,1,8.98,25,17,1
SA17/F13_SA17_R04.csv,SA17,SA,F,F13,R04,15.00,1,8.48,25,18,1
SA17/F13_SA17_R05.csv,SA17,SA,F,F13,R05,15.00,1,8.98,25,17,1
SA17/F14_SA17_R01.csv,SA17,SA,F,F14,R01,15.00,1,6.98,25,20,1
SA17/F14_SA17_R02.csv,SA17,SA,F,F14,R02,15.00,1,7.48,25,20,1
SA17/F14_SA17_R03.csv,SA17,SA,F,F14,R03,14.99,1,8.48,25,18,1
SA17/F14_SA17_R04.csv,SA17,SA,F,F14,R04,15.00,1,9.48,25,16,1
SA17/F14_SA17_R05.csv,SA17,SA,F,F14,R05,15.00,1,9.48,25,16,1
SA17/F15_SA17_R01.csv,SA17,SA,F,F15,R01,15.00,1,7.48,25,20,1
SA17/F15_SA17_R02.csv,SA17,SA,F,F15,R02,15.00,1,10.48,25,15,1
SA17/F15_SA17_R03.csv,SA17,SA,F,F15,R03,14.99,1,9.98,25,15,1
SA17/F15_SA17_R04.csv,SA17,SA,F,F15,R04,15.00,1,5.98,25,20,1
SA17/F15_SA17_R05.csv,SA17,SA,F,F15,R05,15.00,1,8.48,25,18,1
SA18/D01_SA18_R01.csv,SA18,SA,D,D01,R01,100.00,0,,195,0,0
SA18/D02_SA18_R01.csv,SA18,SA,D,D02,R01,100.00,0,,195,0,0
SA18/D03_SA18_R01.csv,SA18,SA,D,D03,R01,100.00,6,11.98 32.98 38.48 72.98 86.98 94.98,195,40,6
SA18/D04_SA18_R01.csv,SA18,SA,D,D04,R01,100.00,9,13.98 20.98 24.48 41.98 53.98 59.48 65.98 79.48 90.48,195,94,9
SA18/D05_SA18_R01.csv,SA18,SA,D,D05,R01,25.00,0,,45,0,0
SA18/D05_SA18_R02.csv,SA18,SA,D,D05,R02,25.00,1,21.98,45,11,1
SA18/D05_SA18_R03.csv,SA18,SA,D,D05,R03,25.00,0,,45,0,0
SA18/D05_SA18_R04.csv,SA18,SA,D,D05,R04,25.00,0,,45,0,0
SA18/D05_SA18_R05.csv,SA18,SA,D,D05,R05,25.00,0,,45,0,0
SA18/D06_SA18_R01.csv,SA18,SA,D,D06,R01,25.00,1,22.48,45,21,1
SA18/D06_SA18_R02.csv,SA18,SA,D,D06,R02,25.00,1,18.48,45,5,1
SA18/D06_SA18_R03.csv,SA18,SA,D,D06,R03,25.00,1,18.98,45,4,1
SA18/D06_SA18_R04.csv,SA18,SA,D,D06,R04,25.00,2,3.48 18.98,45,19,2
SA18/D06_SA18_R05.csv,SA18,SA,D,D06,R05,25.00,2,4.98 20.48,45,35,2
SA18/D07_SA18_R01.csv,SA18,SA,D,D07,R01,12.00,0,,19,0,0
SA18/D07_SA18_R02.csv,SA18,SA,D,D07,R02,12.00,0,,19,0,0
SA18/D07_SA18_R03.csv,SA18,SA,D,D07,R03,12.00,0,,19,0,0
SA18/D07_SA18_R04.csv,SA18,SA,D,D07,R04,12.00,0,,19,0,0
SA18/D07_SA18_R05.csv,SA18,SA,D,D07,R05,12.00,0,,19,0,0
SA18/D08_SA18_R01.csv,SA18,SA,D,D08,R01,12.00,1,4.98,19,19,1
SA18/D08_SA18_R02.csv,SA18,SA,D,D08,R02,12.00,1,3.48,19,17,1
SA18/D08_SA18_R03.csv,SA18,SA,D,D08,R03,12.00,0,,19,0,0
SA18/D08_SA18_R04.csv,SA18,SA,D,D08,R04,12.00,0,,19,0,0
SA18/D08_SA18_R05.csv,SA18,SA,D,D08,R05,12.00,1,5.48,19,18,1
SA18/D09_SA18_R01.csv,SA18,SA,D,D09,R01,12.00,0,,19,0,0
SA18/D09_SA18_R02.csv,SA18,SA,D,D09,R02,12.00,0,,19,0,0
SA18/D09_SA18_R03.csv,SA18,SA,D,D09,R03,12.00,0,,19,0,0
SA18/D09_SA18_R04.csv,SA18,SA,D,D09,R04,12.00,0,,19,0,0
SA18/D09_SA18_R05.csv,SA18,SA,D,D09,R05,12.00,0,,19,0,0
SA18/D10_SA18_R01.csv,SA18,SA,D,D10,R01,12.00,0,,19,0,0
SA18/D10_SA18_R02.csv,SA18,SA,D,D10,R02,12.00,0,,19,0,0
SA18/D10_SA18_R03.csv,SA18,SA,D,D10,R03,12.00,1,5.48,19,18,1
SA18/D10_SA18_R04.csv,SA18,SA,D,D10,R04,12.00,1,5.48,19,18,1
SA18/D10_SA18_R05.csv,SA18,SA,D,D10,R05,12.00,1,5.48,19,18,1
SA18/D11_SA18_R01.csv,SA18,SA,D,D11,R01,11.99,0,,19,0,0
SA18/D11_SA18_R02.csv,SA18,SA,D,D11,R02,12.00,0,,19,0,0
SA18/D11_SA18_R03.csv,SA18,SA,D,D11,R03,12.00,1,8.98,19,11,1
SA18/D11_SA18_R04.csv,SA18,SA,D,D11,R04,12.00,1,8.48,19,12,1
SA18/D11_SA18_R05.csv,SA18,SA,D,D11,R05,12.00,1,8.98,19,11,1
SA18/D12_SA18_R01.csv,SA18,SA,D,D12,R01,12.00,0,,19,0,0
SA18/D12_SA18_R02.csv,SA18,SA,D,D12,R02,12.00,0,,19,0,0
SA18/D12_SA18_R03.csv,SA18,SA,D,D12,R03,12.00,0,,19,0,0
SA18/D12_SA18_R04.csv,SA18,SA,D,D12,R04,12.00,0,,19,0,0
SA18/D12_SA18_R05.csv,SA18,SA,D,D12,R05,12.00,0,,19,0,0
SA18/D13_SA18_R01.csv,SA18,SA,D,D13,R01,12.00,0,,19,0,0
SA18/D13_SA18_R02.csv,SA18,SA,D,D13,R02,12.00,0,,19,0,0
SA18/D13_SA18_R03.csv,SA18,SA,D,D13,R03,12.00,0,,19,0,0
SA18/D13_SA18_R04.csv,SA18,SA,D,D13,R04,12.00,0,,19,0,0
SA18/D13_SA18_R05.csv,SA18,SA,D,D13,R05,12.00,0,,19,0,0
SA18/D14_SA18_R01.csv,SA18,SA,D,D14,R01,12.00,0,,19,0,0
SA18/D14_SA18_R02.csv,SA18,SA,D,D14,R02,12.00,0,,19,0,0
SA18/D14_SA18_R03.csv,SA18,SA,D,D14,R03,12.00,0,,19,0,0
SA18/D14_SA18_R04.csv,SA18,SA,D,D14,R04,12.00,0,,19,0,0
SA18/D14_SA18_R05.csv,SA18,SA,D,D14,R05,12.00,0,,19,0,0
SA18/D15_SA18_R01.csv,SA18,SA,D,D15,R01,12.00,0,,19,0,0
SA18/D15_SA18_R02.csv,SA18,SA,D,D15,R02,12.00,0,,19,0,0
SA18/D15_SA18_R03.csv,SA18,SA,D,D15,R03,12.00,0,,19,0,0
SA18/D15_SA18_R04.csv,SA18,SA,D,D15,R04,12.00,0,,19,0,0
SA18/D15_SA18_R05.csv,SA18,SA,D,D15,R05,12.00,0,,19,0,0
SA18/D16_SA18_R01.csv,SA18,SA,D,D16,R01,11.99,0,,19,0,0
SA18/D16_SA18_R02.csv,SA18,SA,D,D16,R02,12.00,0,,19,0,0
SA18/D16_SA18_R03.csv,SA18,SA,D,D16,R03,12.00,0,,19,0,0
SA18/D16_SA18_R04.csv,SA18,SA,D,D16,R04,12.00,0,,19,0,0
SA18/D16_SA18_R05.csv,SA18,SA,D,D16,R05,12.00,0,,19,0,0
SA18/D17_SA18_R01.csv,SA18,SA,D,D17,R01,25.00,0,,45,0,0
SA18/D17_SA18_R02.csv,SA18,SA,D,D17,R02,25.00,0,,45,0,0
SA18/D17_SA18_R03.csv,SA18,SA,D,D17,R03,25.00,0,,45,0,0
SA18/D17_SA18_R04.csv,SA18,SA,D,D17,R04,25.00,0,,45,0,0
SA18/D17_SA18_R05.csv,SA18,SA,D,D17,R05,25.00,0,,45,0,0
SA18/D18_SA18_R01.csv,SA18,SA,D,D18,R01,12.00,0,,19,0,0
SA18/D18_SA18_R02.csv,SA18,SA,D,D18,R02,12.00,1,8.48,19,12,1
SA18/D18_SA18_R03.csv,SA18,SA,D,D18,R03,12.00,1,6.98,19,15,1
SA18/D18_SA18_R04.csv,SA18,SA,D,D18,R04,12.00,1,7.48,19,14,1
SA18/D18_SA18_R05.csv,SA18,SA,D,D18,R05,12.00,1,6.98,19,16,1
SA18/D19_SA18_R01.csv,SA18,SA,D,D19,R01,12.00,1,5.48,19,18,1
SA18/D19_SA18_R02.csv,SA18,SA,D,D19,R02,12.00,0,,19,19,0
SA18/D19_SA18_R03.csv,SA18,SA,D,D19,R03,12.00,1,8.98,19,19,1
SA18/D19_SA18_R04.csv,SA18,SA,D,D19,R04,12.00,0,,19,19,0
SA18/D19_SA18_R05.csv,SA18,SA,D,D19,R05,12.00,2,5.48 8.48,19,18,2
SA18/F01_SA18_R01.csv,SA18,SA,F,F01,R01,14.99,1,9.48,25,16,1
SA18/F01_SA18_R02.csv,SA18,SA,F,F01,R02,15.00,1,7.48,25,20,1
SA18/F01_SA18_R03.csv,SA18,SA,F,F01,R03,15.00,1,8.98,25,17,1
SA18/F01_SA18_R04.csv,SA18,SA,F,F01,R04,15.00,1,8.48,25,18,1
SA18/F01_SA18_R05.csv,SA18,SA,F,F01,R05,15.00,1,7.98,25,19,1
SA18/F02_SA18_R01.csv,SA18,SA,F,F02,R01,15.00,1,8.98,25,17,1
SA18/F02_SA18_R02.csv,SA18,SA,F,F02,R02,15.00,0,,25,17,0
SA18/F02_SA18_R03.csv,SA18,SA,F,F02,R03,15.00,1,9.48,25,16,1
SA18/F02_SA18_R04.csv,SA18,SA,F,F02,R04,15.00,1,9.48,25,16,1
SA18/F02_SA18_R05.csv,SA18,SA,F,F02,R05,15.00,1,8.98,25,17,1
SA18/F03_SA18_R01.csv,SA18,SA,F,F03,R01,15.00,1,7.48,25,19,1
SA18/F03_SA18_R02.csv,SA18,SA,F,F03,R02,15.00,1,8.48,25,18,1
SA18/F03_SA18_R03.csv,SA18,SA,F,F03,R03,15.00,1,8.48,25,19,1
SA18/F03_SA18_R04.csv,SA18,SA,F,F03,R04,15.00,1,8.48,25,18,1
SA18/F03_SA18_R05.csv,SA18,SA,F,F03,R05,15.00,1,8.48,25,18,1
SA18/F04_SA18_R01.csv,SA18,SA,F,F04,R01,15.00,1,8.48,25,18,1
SA18/F04_SA18_R02.csv,SA18,SA,F,F04,R02,15.00,1,7.98,25,20,1
SA18/F04_SA18_R03.csv,SA18,SA,F,F04,R03,15.00,1,8.48,25,18,1
SA18/F04_SA18_R04.csv,SA18,SA,F,F04,R04,15.00,1,8.48,25,18,1
SA18/F04_SA18_R05.csv,SA18,SA,F,F04,R05,15.00,1,9.48,25,19,1
SA18/F05_SA18_R01.csv,SA18,SA,F,F05,R01,15.00,1,14.48,25,25,1
SA18/F05_SA18_R02.csv,SA18,SA,F,F05,R02,15.00,1,14.98,25,25,1
SA18/F05_SA18_R03.csv,SA18,SA,F,F05,R03,15.00,1,14.98,25,22,1
SA18/F05_SA18_R04.csv,SA18,SA,F,F05,R04,15.00,0,,25,11,0
SA18/F05_SA18_R05.csv,SA18,SA,F,F05,R05,15.00,0,,25,25,0
SA18/F06_SA18_R01.csv,SA18,SA,F,F06,R01,14.99,1,9.48,25,16,1
SA18/F06_SA18_R02.csv,SA18,SA,F,F06,R02,15.00,1,8.98,25,17,1
SA18/F06_SA18_R03.csv,SA18,SA,F,F06,R03,15.00,1,9.98,25,15,1
SA18/F06_SA18_R04.csv,SA18,SA,F,F06,R04,15.00,1,8.98,25,17,1
SA18/F06_SA18_R05.csv,SA18,SA,F,F06,R05,15.00,1,10.48,25,14,1
SA18/F07_SA18_R01.csv,SA18,SA,F,F07,R01,15.00,1,9.98,25,15,1
SA18/F07_SA18_R02.csv,SA18,SA,F,F07,R02,15.00,1,8.98,25,17,1
SA18/F07_SA18_R03.csv,SA18,SA,F,F07,R03,15.00,1,9.48,25,16,1
SA18/F07_SA18_R04.csv,SA18,SA,F,F07,R04,15.00,1,9.98,25,16,1
SA18/F07_SA18_R05.csv,SA18,SA,F,F07,R05,15.00,1,8.48,25,18,1
SA18/F08_SA18_R01.csv,SA18,SA,F,F08,R01,15.00,1,9.48,25,16,1
SA18/F08_SA18_R02.csv,SA18,SA,F,F08,R02,15.00,1,8.48,25,18,1
SA18/F08_SA18_R03.csv,SA18,SA,F,F08,R03,15.00,1,8.48,25,18,1
SA18/F08_SA18_R04.csv,SA18,SA,F,F08,R04,15.00,1,8.98,25,17,1
SA18/F08_SA18_R05.csv,SA18,SA,F,F08,R05,15.00,1,8.48,25,18,1
SA18/F09_SA18_R01.csv,SA18,SA,F,F09,R01,15.00,1,7.48,25,20,1
SA18/F09_SA18_R02.csv,SA18,SA,F,F09,R02,15.00,1,8.48,25,18,1
SA18/F09_SA18_R03.csv,SA18,SA,F,F09,R03,15.00,1,8.48,25,18,1
SA18/F09_SA18_R04.csv,SA18,SA,F,F09,R04,15.00,1,8.48,25,18,1
SA18/F09_SA18_R05.csv,SA18,SA,F,F09,R05,15.00,1,8.98,25,17,1
SA18/F10_SA18_R01.csv,SA18,SA,F,F10,R01,15.00,0,,25,0,0
SA18/F10_SA18_R02.csv,SA18,SA,F,F10,R02,15.00,1,8.98,25,17,1
SA18/F10_SA18_R03.csv,SA18,SA,F,F10,R03,15.00,1,8.98,25,17,1
SA18/F10_SA18_R04.csv,SA18,SA,F,F10,R04,15.00,1,9.48,25,16,1
SA18/F10_SA18_R05.csv,SA18,SA,F,F10,R05,15.00,1,9.48,25,16,1
SA18/F11_SA18_R01.csv,SA18,SA,F,F11,R01,14.99,0,,25,0,0
SA18/F11_SA18_R02.csv,SA18,SA,F,F11,R02,15.00,1,7.98,25,19,1
SA18/F11_SA18_R03.csv,SA18,SA,F,F11,R03,15.00,0,,25,0,0
SA18/F11_SA18_R04.csv,SA18,SA,F,F11,R04,15.00,1,8.98,25,17,1
SA18/F11_SA18_R05.csv,SA18,SA,F,F11,R05,15.00,1,7.98,25,19,1
SA18/F12_SA18_R01.csv,SA18,SA,F,F12,R01,15.00,1,6.98,25,20,1
SA18/F12_SA18_R02.csv,SA18,SA,F,F12,R02,15.00,1,7.98,25,19,1
SA18/F12_SA18_R03.csv,SA18,SA,F,F12,R03,15.00,1,7.98,25,19,1
SA18/F12_SA18_R04.csv,SA18,SA,F,F12,R04,15.00,1,7.98,25,19,1
SA18/F12_SA18_R05.csv,SA18,SA,F,F12,R05,15.00,1,7.98,25,19,1
SA18/F13_SA18_R01.csv,SA18,SA,F,F13,R01,15.00,1,7.98,25,19,1
SA18/F13_SA18_R02.csv,SA18,SA,F,F13,R02,15.00,1,8.48,25,18,1
SA18/F13_SA18_R03.csv,SA18,SA,F,F13,R03,15.00,0,,25,0,0
SA18/F13_SA18_R04.csv,SA18,SA,F,F13,R04,15.00,0,,25,0,0
SA18/F13_SA18_R05.csv,SA18,SA,F,F13,R05,15.00,1,8.48,25,18,1
SA18/F14_SA18_R01.csv,SA18,SA,F,F14,R01,15.00,1,8.48,25,18,1
SA18/F14_SA18_R02.csv,SA18,SA,F,F14,R02,15.00,1,7.48,25,20,1
SA18/F14_SA18_R03.csv,SA18,SA,F,F14,R03,15.00,1,6.98,25,20,1
SA18/F14_SA18_R04.csv,SA18,SA,F,F14,R04,15.00,1,7.48,25,19,1
SA18/F14_SA18_R05.csv,SA18,SA,F,F14,R05,15.00,1,7.48,25,20,1
SA18/F15_SA18_R01.csv,SA18,SA,F,F15,R01,15.00,1,7.98,25,19,1
SA18/F15_SA18_R02.csv,SA18,SA,F,F15,R02,15.00,1,7.98,25,19,1
SA18/F15_SA18_R03.csv,SA18,SA,F,F15,R03,15.00,1,9.48,25,16,1
SA18/F15_SA18_R04.csv,SA18,SA,F,F15,R04,15.00,1,7.98,25,19,1
SA18/F15_SA18_R05.csv,SA18,SA,F,F15,R05,15.00,1,8.98,25,17,1
SA19/D01_SA19_R01.csv,SA19,SA,D,D01,R01,100.00,0,,195,0,0
SA19/D02_SA19_R01.csv,SA19,SA,D,D02,R01,100.00,0,,195,0,0
SA19/D03_SA19_R01.csv,SA19,SA,D,D03,R01,100.00,4,10.98 68.98 71.98 83.48,195,28,4
SA19/D04_SA19_R01.csv,SA19,SA,D,D04,R01,100.00,7,14.48 16.98 22.48 44.98 50.48 63.98 86.48,195,191,7
SA19/D05_SA19_R01.csv,SA19,SA,D,D05,R01,25.00,0,,45,0,0
SA19/D05_SA19_R02.csv,SA19,SA,D,D05,R02,25.00,0,,45,0,0
SA19/D05_SA19_R03.csv,SA19,SA,D,D05,R03,25.00,0,,45,0,0
SA19/D05_SA19_R04.csv,SA19,SA,D,D05,R04,25.00,0,,45,0,0
SA19/D05_SA19_R05.csv,SA19,SA,D,D05,R05,25.00,0,,45,0,0
SA19/D06_SA19_R01.csv,SA19,SA,D,D06,R01,25.00,2,13.48 19.48,45,34,2
SA19/D06_SA19_R02.csv,SA19,SA,D,D06,R02,25.00,2,14.48 19.98,45,36,2
SA19/D06_SA19_R03.csv,SA19,SA,D,D06,R03,25.00,1,15.48,45,34,1
SA19/D06_SA19_R04.csv,SA19,SA,D,D06,R04,25.00,2,13.98 18.98,45,34,2
SA19/D06_SA19_R05.csv,SA19,SA,D,D06,R05,25.00,1,19.48,45,35,1
SA19/D07_SA19_R01.csv,SA19,SA,D,D07,R01,11.99,0,,19,0,0
SA19/D07_SA19_R02.csv,SA19,SA,D,D07,R02,12.00,0,,19,0,0
SA19/D07_SA19_R03.csv,SA19,SA,D,D07,R03,12.00,0,,19,0,0
SA19/D07_SA19_R04.csv,SA19,SA,D,D07,R04,12.00,0,,19,0,0
SA19/D07_SA19_R05.csv,SA19,SA,D,D07,R05,12.00,0,,19,0,0
SA19/D08_SA19_R01.csv,SA19,SA,D,D08,R01,11.99,1,4.98,19,19,1
SA19/D08_SA19_R02.csv,SA19,SA,D,D08,R02,12.00,0,,19,0,0
SA19/D08_SA19_R03.csv,SA19,SA,D,D08,R03,12.00,0,,19,0,0
SA19/D08_SA19_R04.csv,SA19,SA,D,D08,R04,12.00,0,,19,0,0
SA19/D08_SA19_R05.csv,SA19,SA,D,D08,R05,12.00,0,,19,0,0
SA19/D09_SA19_R01.csv,SA19,SA,D,D09,R01,11.99,0,,19,0,0
SA19/D09_SA19_R02.csv,SA19,SA,D,D09,R02,12.00,0,,19,0,0
SA19/D09_SA19_R03.csv,SA19,SA,D,D09,R03,12.00,0,,19,0,0
SA19/D09_SA19_R04.csv,SA19,SA,D,D09,R04,12.00,0,,19,0,0
SA19/D09_SA19_R05.csv,SA19,SA,D,D09,R05,12.00,0,,19,0,0
SA19/D10_SA19_R01.csv,SA19,SA,D,D10,R01,12.00,0,,19,0,0
SA19/D10_SA19_R02.csv,SA19,SA,D,D10,R02,12.00,0,,19,0,0
SA19/D10_SA19_R03.csv,SA19,SA,D,D10,R03,12.00,0,,19,0,0
SA19/D10_SA19_R04.csv,SA19,SA,D,D10,R04,12.00,0,,19,0,0
SA19/D10_SA19_R05.csv,SA19,SA,D,D10,R05,12.00,0,,19,0,0
SA19/D11_SA19_R01.csv,SA19,SA,D,D11,R01,11.99,0,,19,0,0
SA19/D11_SA19_R02.csv,SA19,SA,D,D11,R02,12.00,1,6.98,19,15,1
SA19/D11_SA19_R03.csv,SA19,SA,D,D11,R03,12.00,0,,19,0,0
SA19/D11_SA19_R04.csv,SA19,SA,D,D11,R04,12.00,1,6.98,19,15,1
SA19/D11_SA19_R05.csv,SA19,SA,D,D11,R05,12.00,0,,19,0,0
SA19/D12_SA19_R01.csv,SA19,SA,D,D12,R01,12.00,0,,19,0,0
SA19/D12_SA19_R02.csv,SA19,SA,D,D12,R02,12.00,0,,19,0,0
SA19/D12_SA19_R03.csv,SA19,SA,D,D12,R03,12.00,0,,19,0,0
SA19/D12_SA19_R04.csv,SA19,SA,D,D12,R04,12.00,0,,19,0,0
SA19/D12_SA19_R05.csv,SA19,SA,D,D12,R05,12.00,0,,19,0,0
SA19/D13_SA19_R01.csv,SA19,SA,D,D13,R01,12.00,0,,19,0,0
SA19/D13_SA19_R02.csv,SA19,SA,D,D13,R02,12.00,0,,19,0,0
SA19/D13_SA19_R03.csv,SA19,SA,D,D13,R03,12.00,0,,19,0,0
SA19/D13_SA19_R04.csv,SA19,SA,D,D13,R04,12.00,0,,19,0,0
SA19/D13_SA19_R05.csv,SA19,SA,D,D13,R05,12.00,0,,19,0,0
SA19/D14_SA19_R01.csv,SA19,SA,D,D14,R01,12.00,0,,19,0,0
SA19/D14_SA19_R02.csv,SA19,SA,D,D14,R02,12.00,0,,19,0,0
SA19/D14_SA19_R03.csv,SA19,SA,D,D14,R03,12.00,0,,19,0,0
SA19/D14_SA19_R04.csv,SA19,SA,D,D14,R04,12.00,0,,19,0,0
SA19/D14_SA19_R05.csv,SA19,SA,D,D14,R05,12.00,0,,19,0,0
SA19/D15_SA19_R01.csv,SA19,SA,D,D15,R01,12.00,0,,19,0,0
SA19/D15_SA19_R02.csv,SA19,SA,D,D15,R02,12.00,0,,19,0,0
SA19/D15_SA19_R03.csv,SA19,SA,D,D15,R03,12.00,0,,19,0,0
SA19/D15_SA19_R04.csv,SA19,SA,D,D15,R04,12.00,0,,19,0,0
SA19/D15_SA19_R05.csv,SA19,SA,D,D15,R05,12.00,0,,19,0,0
SA19/D16_SA19_R01.csv,SA19,SA,D,D16,R01,11.97,0,,18,0,0
SA19/D16_SA19_R02.csv,SA19,SA,D,D16,R02,12.00,0,,19,0,0
SA19/D16_SA19_R03.csv,SA19,SA,D,D16,R03,12.00,0,,19,0,0
SA19/D16_SA19_R04.csv,SA19,SA,D,D16,R04,12.00,0,,19,0,0
SA19/D16_SA19_R05.csv,SA19,SA,D,D16,R05,12.00,0,,19,0,0
SA19/D17_SA19_R01.csv,SA19,SA,D,D17,R01,25.00,0,,45,0,0
SA19/D17_SA19_R02.csv,SA19,SA,D,D17,R02,25.00,0,,45,0,0
SA19/D17_SA19_R03.csv,SA19,SA,D,D17,R03,25.00,0,,45,0,0
SA19/D17_SA19_R04.csv,SA19,SA,D,D17,R04,25.00,0,,45,0,0
SA19/D17_SA19_R05.csv,SA19,SA,D,D17,R05,25.00,0,,45,0,0
SA19/D18_SA19_R01.csv,SA19,SA,D,D18,R01,11.99,1,5.98,19,17,1
SA19/D18_SA19_R02.csv,SA19,SA,D,D18,R02,12.00,1,7.48,19,14,1
SA19/D18_SA19_R03.csv,SA19,SA,D,D18,R03,12.00,1,6.98,19,15,1
SA19/D18_SA19_R04.csv,SA19,SA,D,D18,R04,12.00,0,,19,18,0
SA19/D18_SA19_R05.csv,SA19,SA,D,D18,R05,12.00,1,6.48,19,17,1
SA19/D19_SA19_R01.csv,SA19,SA,D,D19,R01,12.00,1,5.98,19,17,1
SA19/D19_SA19_R02.csv,SA19,SA,D,D19,R02,12.00,2,6.48 9.48,19,17,2
SA19/D19_SA19_R03.csv,SA19,SA,D,D19,R03,12.00,1,5.98,19,18,1
SA19/D19_SA19_R04.csv,SA19,SA,D,D19,R04,12.00,2,5.98 9.48,19,17,2
SA19/D19_SA19_R05.csv,SA19,SA,D,D19,R05,12.00,2,5.48 8.48,19,18,2
SA19/F01_SA19_R01.csv,SA19,SA,F,F01,R01,14.99,1,8.98,25,18,1
SA19/F01_SA19_R02.csv,SA19,SA,F,F01,R02,15.00,1,8.48,25,18,1
SA19/F01_SA19_R03.csv,SA19,SA,F,F01,R03,15.00,1,8.48,25,19,1
SA19/F01_SA19_R04.csv,SA19,SA,F,F01,R04,15.00,1,9.48,25,16,1
SA19/F01_SA19_R05.csv,SA19,SA,F,F01,R05,15.00,1,8.98,25,18,1
SA19/F02_SA19_R01.csv,SA19,SA,F,F02,R01,15.00,1,8.98,25,17,1
SA19/F02_SA19_R02.csv,SA19,SA,F,F02,R02,15.00,1,10.98,25,13,1
SA19/F02_SA19_R03.csv,SA19,SA,F,F02,R03,15.00,1,9.98,25,15,1
SA19/F02_SA19_R04.csv,SA19,SA,F,F02,R04,15.00,1,10.48,25,15,1
SA19/F02_SA19_R05.csv,SA19,SA,F,F02,R05,15.00,1,10.98,25,13,1
SA19/F03_SA19_R01.csv,SA19,SA,F,F03,R01,15.00,1,8.48,25,18,1
SA19/F03_SA19_R02.csv,SA19,SA,F,F03,R02,15.00,1,8.48,25,19,1
SA19/F03_SA19_R03.csv,SA19,SA,F,F03,R03,14.99,1,8.48,25,18,1
SA19/F03_SA19_R04.csv,SA19,SA,F,F03,R04,15.00,1,8.98,25,17,1
SA19/F03_SA19_R05.csv,SA19,SA,F,F03,R05,15.00,1,8.98,25,17,1
SA19/F04_SA19_R01.csv,SA19,SA,F,F04,R01,15.00,1,8.48,25,18,1
SA19/F04_SA19_R02.csv,SA19,SA,F,F04,R02,15.00,1,9.48,25,16,1
SA19/F04_SA19_R03.csv,SA19,SA,F,F04,R03,14.98,0,,25,1,0
SA19/F04_SA19_R04.csv,SA19,SA,F,F04,R04,15.00,1,10.48,25,15,1
SA19/F04_SA19_R05.csv,SA19,SA,F,F04,R05,15.00,1,10.98,25,13,1
SA19/F05_SA19_R01.csv,SA19,SA,F,F05,R01,15.00,1,14.48,25,9,1
SA19/F05_SA19_R02.csv,SA19,SA,F,F05,R02,15.00,1,8.98,25,17,1
SA19/F05_SA19_R03.csv,SA19,SA,F,F05,R03,14.99,0,,25,6,0
SA19/F05_SA19_R04.csv,SA19,SA,F,F05,R04,15.00,0,,25,0,0
SA19/F05_SA19_R05.csv,SA19,SA,F,F05,R05,15.00,0,,25,0,0
SA19/F06_SA19_R01.csv,SA19,SA,F,F06,R01,14.99,1,8.48,25,18,1
SA19/F06_SA19_R02.csv,SA19,SA,F,F06,R02,15.00,1,9.48,25,16,1
SA19/F06_SA19_R03.csv,SA19,SA,F,F06,R03,15.00,1,8.98,25,17,1
SA19/F06_SA19_R04.csv,SA19,SA,F,F06,R04,15.00,1,9.48,25,16,1
SA19/F06_SA19_R05.csv,SA19,SA,F,F06,R05,15.00,1,9.98,25,15,1
SA19/F07_SA19_R01.csv,SA19,SA,F,F07,R01,14.99,0,,25,0,0
SA19/F07_SA19_R02.csv,SA19,SA,F,F07,R02,15.00,1,8.48,25,18,1
SA19/F07_SA19_R03.csv,SA19,SA,F,F07,R03,15.00,0,,25,0,0
SA19/F07_SA19_R04.csv,SA19,SA,F,F07,R04,15.00,1,8.98,25,17,1
SA19/F07_SA19_R05.csv,SA19,SA,F,F07,R05,14.99,0,,25,0,0
SA19/F08_SA19_R01.csv,SA19,SA,F,F08,R01,14.99,1,7.48,25,20,1
SA19/F08_SA19_R02.csv,SA19,SA,F,F08,R02,15.00,0,,25,0,0
SA19/F08_SA19_R03.csv,SA19,SA,F,F08,R03,15.00,1,8.48,25,18,1
SA19/F08_SA19_R04.csv,SA19,SA,F,F08,R04,15.00,1,8.98,25,17,1
SA19/F08_SA19_R05.csv,SA19,SA,F,F08,R05,15.00,1,8.98,25,17,1
SA19/F09_SA19_R01.csv,SA19,SA,F,F09,R01,15.00,1,7.98,25,19,1
SA19/F09_SA19_R02.csv,SA19,SA,F,F09,R02,15.00,1,8.48,25,18,1
SA19/F09_SA19_R03.csv,SA19,SA,F,F09,R03,15.00,1,9.48,25,16,1
SA19/F09_SA19_R04.csv,SA19,SA,F,F09,R04,15.00,1,7.98,25,19,1
SA19/F09_SA19_R05.csv,SA19,SA,F,F09,R05,15.00,1,8.98,25,17,1
SA19/F10_SA19_R01.csv,SA19,SA,F,F10,R01,15.00,0,,25,0,0
SA19/F10_SA19_R02.csv,SA19,SA,F,F10,R02,15.00,0,,25,0,0
SA19/F10_SA19_R03.csv,SA19,SA,F,F10,R03,15.00,1,8.48,25,18,1
SA19/F10_SA19_R04.csv,SA19,SA,F,F10,R04,15.00,0,,25,0,0
SA19/F10_SA19_R05.csv,SA19,SA,F,F10,R05,15.00,1,7.98,25,19,1
SA19/F11_SA19_R01.csv,SA19,SA,F,F11,R01,14.99,1,8.98,25,17,1
SA19/F11_SA19_R02.csv,SA19,SA,F,F11,R02,15.00,1,7.48,25,20,1
SA19/F11_SA19_R03.csv,SA19,SA,F,F11,R03,15.00,1,7.98,25,19,1
SA19/F11_SA19_R04.csv,SA19,SA,F,F11,R04,15.00,1,8.48,25,18,1
SA19/F11_SA19_R05.csv,SA19,SA,F,F11,R05,14.99,1,8.98,25,17,1
SA19/F12_SA19_R01.csv,SA19,SA,F,F12,R01,15.00,1,7.98,25,19,1
SA19/F12_SA19_R02.csv,SA19,SA,F,F12,R02,15.00,1,7.48,25,19,1
SA19/F12_SA19_R03.csv,SA19,SA,F,F12,R03,15.00,1,7.98,25,20,1
SA19/F12_SA19_R04.csv,SA19,SA,F,F12,R04,14.98,1,7.98,25,19,1
SA19/F12_SA19_R05.csv,SA19,SA,F,F12,R05,15.00,1,8.48,25,18,1
SA19/F13_SA19_R01.csv,SA19,SA,F,F13,R01,15.00,0,,25,0,0
SA19/F13_SA19_R02.csv,SA19,SA,F,F13,R02,15.00,1,9.48,25,16,1
SA19/F13_SA19_R03.csv,SA19,SA,F,F13,R03,15.00,0,,25,0,0
SA19/F13_SA19_R04.csv,SA19,SA,F,F13,R04,15.00,1,8.98,25,18,1
SA19/F13_SA19_R05.csv,SA19,SA,F,F13,R05,15.00,1,8.48,25,18,1
SA19/F14_SA19_R01.csv,SA19,SA,F,F14,R01,15.00,1,6.98,25,20,1
SA19/F14_SA19_R02.csv,SA19,SA,F,F14,R02,15.00,1,7.98,25,19,1
SA19/F14_SA19_R03.csv,SA19,SA,F,F14,R03,15.00,1,7.48,25,20,1
SA19/F14_SA19_R04.csv,SA19,SA,F,F14,R04,15.00,1,8.98,25,17,1
SA19/F14_SA19_R05.csv,SA19,SA,F,F14,R05,15.00,1,6.98,25,20,1
SA19/F15_SA19_R01.csv,SA19,SA,F,F15,R01,15.00,1,7.98,25,19,1
SA19/F15_SA19_R02.csv,SA19,SA,F,F15,R02,15.00,1,8.48,25,18,1
SA19/F15_SA19_R03.csv,SA19,SA,F,F15,R03,15.00,1,7.98,25,19,1
SA19/F15_SA19_R04.csv,SA19,SA,F,F15,R04,15.00,1,6.98,25,20,1
SA19/F15_SA19_R05.csv,SA19,SA,F,F15,R05,15.00,1,8.48,25,18,1
SA20/D01_SA20_R01.csv,SA20,SA,D,D01,R01,99.98,0,,195,0,0
SA20/D02_SA20_R01.csv,SA20,SA,D,D02,R01,100.00,0,,195,0,0
SA20/D03_SA20_R01.csv,SA20,SA,D,D03,R01,100.00,7,23.48 39.48 48.98 61.48 68.48 89.98 92.48,195,66,7
SA20/D04_SA20_R01.csv,SA20,SA,D,D04,R01,100.00,4,50.48 69.98 70.48 82.98,195,174,4
SA20/D05_SA20_R01.csv,SA20,SA,D,D05,R01,25.00,0,,45,0,0
SA20/D05_SA20_R02.csv,SA20,SA,D,D05,R02,25.00,0,,45,0,0
SA20/D05_SA20_R03.csv,SA20,SA,D,D05,R03,25.00,0,,45,0,0
SA20/D05_SA20_R04.csv,SA20,SA,D,D05,R04,25.00,0,,45,0,0
SA20/D05_SA20_R05.csv,SA20,SA,D,D05,R05,25.00,0,,45,0,0
SA20/D06_SA20_R01.csv,SA20,SA,D,D06,R01,25.00,2,13.98 19.98,45,32,2
SA20/D06_SA20_R03.csv,SA20,SA,D,D06,R03,24.99,2,15.98 21.48,45,34,2
SA20/D06_SA20_R04.csv,SA20,SA,D,D06,R04,25.00,2,13.98 19.98,45,35,2
SA20/D06_SA20_R05.csv,SA20,SA,D,D06,R05,25.00,1,19.98,45,26,1
SA20/D07_SA20_R01.csv,SA20,SA,D,D07,R01,12.00,0,,19,0,0
SA20/D07_SA20_R02.csv,SA20,SA,D,D07,R02,12.00,0,,19,0,0
SA20/D07_SA20_R03.csv,SA20,SA,D,D07,R03,12.00,0,,19,0,0
SA20/D07_SA20_R04.csv,SA20,SA,D,D07,R04,12.00,0,,19,0,0
SA20/D07_SA20_R05.csv,SA20,SA,D,D07,R05,12.00,0,,19,0,0
SA20/D08_SA20_R01.csv,SA20,SA,D,D08,R01,12.00,0,,19,0,0
SA20/D08_SA20_R02.csv,SA20,SA,D,D08,R02,12.00,0,,19,0,0
SA20/D08_SA20_R03.csv,SA20,SA,D,D08,R03,12.00,0,,19,0,0
SA20/D08_SA20_R04.csv,SA20,SA,D,D08,R04,12.00,0,,19,0,0
SA20/D08_SA20_R05.csv,SA20,SA,D,D08,R05,12.00,0,,19,0,0
SA20/D09_SA20_R01.csv,SA20,SA,D,D09,R01,12.00,0,,19,0,0
SA20/D09_SA20_R02.csv,SA20,SA,D,D09,R02,12.00,0,,19,0,0
SA20/D09_SA20_R03.csv,SA20,SA,D,D09,R03,12.00,0,,19,0,0
SA20/D09_SA20_R04.csv,SA20,SA,D,D09,R04,12.00,0,,19,0,0
SA20/D09_SA20_R05.csv,SA20,SA,D,D09,R05,12.00,0,,19,0,0
SA20/D10_SA20_R01.csv,SA20,SA,D,D10,R01,12.00,0,,19,0,0
SA20/D10_SA20_R02.csv,SA20,SA,D,D10,R02,12.00,0,,19,0,0
SA20/D10_SA20_R03.csv,SA20,SA,D,D10,R03,11.97,0,,18,0,0
SA20/D10_SA20_R04.csv,SA20,SA,D,D10,R04,12.00,0,,19,0,0
SA20/D10_SA20_R05.csv,SA20,SA,D,D10,R05,12.00,0,,19,0,0
SA20/D11_SA20_R01.csv,SA20,SA,D,D11,R01,11.99,0,,19,0,0
SA20/D11_SA20_R02.csv,SA20,SA,D,D11,R02,12.00,1,7.98,19,13,1
SA20/D11_SA20_R03.csv,SA20,SA,D,D11,R03,12.00,1,9.48,19,10,1
SA20/D11_SA20_R04.csv,SA20,SA,D,D11,R04,12.00,1,7.48,19,14,1
SA20/D11_SA20_R05.csv,SA20,SA,D,D11,R05,12.00,0,,19,0,0
SA20/D12_SA20_R01.csv,SA20,SA,D,D12,R01,12.00,0,,19,0,0
SA20/D12_SA20_R02.csv,SA20,SA,D,D12,R02,12.00,0,,19,0,0
SA20/D12_SA20_R03.csv,SA20,SA,D,D12,R03,12.00,0,,19,0,0
SA20/D12_SA20_R04.csv,SA20,SA,D,D12,R04,12.00,0,,19,0,0
SA20/D12_SA20_R05.csv,SA20,SA,D,D12,R05,12.00,0,,19,0,0
SA20/D13_SA20_R01.csv,SA20,SA,D,D13,R01,12.00,0,,19,0,0
SA20/D13_SA20_R02.csv,SA20,SA,D,D13,R02,11.98,0,,18,0,0
SA20/D13_SA20_R03.csv,SA20,SA,D,D13,R03,12.00,0,,19,0,0
SA20/D13_SA20_R04.csv,SA20,SA,D,D13,R04,12.00,0,,19,0,0
SA20/D13_SA20_R05.csv,SA20,SA,D,D13,R05,12.00,0,,19,0,0
SA20/D14_SA20_R01.csv,SA20,SA,D,D14,R01,12.00,0,,19,0,0
SA20/D14_SA20_R02.csv,SA20,SA,D,D14,R02,12.00,0,,19,0,0
SA20/D14_SA20_R03.csv,SA20,SA,D,D14,R03,12.00,0,,19,0,0
SA20/D14_SA20_R04.csv,SA20,SA,D,D14,R04,12.00,0,,19,0,0
SA20/D14_SA20_R05.csv,SA20,SA,D,D14,R05,12.00,0,,19,0,0
SA20/D15_SA20_R01.csv,SA20,SA,D,D15,R01,12.00,0,,19,0,0
SA20/D15_SA20_R02.csv,SA20,SA,D,D15,R02,12.00,0,,19,0,0
SA20/D15_SA20_R03.csv,SA20,SA,D,D15,R03,12.00,0,,19,0,0
SA20/D15_SA20_R04.csv,SA20,SA,D,D15,R04,12.00,0,,19,0,0
SA20/D15_SA20_R05.csv,SA20,SA,D,D15,R05,12.00,0,,19,0,0
SA20/D16_SA20_R01.csv,SA20,SA,D,D16,R01,11.99,0,,19,0,0
SA20/D16_SA20_R02.csv,SA20,SA,D,D16,R02,12.00,0,,19,0,0
SA20/D16_SA20_R03.csv,SA20,SA,D,D16,R03,12.00,0,,19,0,0
SA20/D16_SA20_R04.csv,SA20,SA,D,D16,R04,12.00,0,,19,0,0
SA20/D16_SA20_R05.csv,SA20,SA,D,D16,R05,12.00,0,,19,0,0
SA20/D17_SA20_R01.csv,SA20,SA,D,D17,R01,25.00,0,,45,0,0
SA20/D17_SA20_R03.csv,SA20,SA,D,D17,R03,25.00,0,,45,0,0
SA20/D17_SA20_R04.csv,SA20,SA,D,D17,R04,25.00,0,,45,0,0
SA20/D17_SA20_R05.csv,SA20,SA,D,D17,R05,25.00,0,,45,0,0
SA20/D18_SA20_R01.csv,SA20,SA,D,D18,R01,12.00,1,7.98,19,13,1
SA20/D18_SA20_R02.csv,SA20,SA,D,D18,R02,12.00,1,8.98,19,12,1
SA20/D18_SA20_R03.csv,SA20,SA,D,D18,R03,12.00,0,,19,0,0
SA20/D18_SA20_R04.csv,SA20,SA,D,D18,R04,12.00,1,8.48,19,12,1
SA20/D18_SA20_R05.csv,SA20,SA,D,D18,R05,11.99,1,8.48,19,12,1
SA20/D19_SA20_R01.csv,SA20,SA,D,D19,R01,12.00,1,6.48,19,16,1
SA20/D19_SA20_R02.csv,SA20,SA,D,D19,R02,12.00,1,5.48,19,18,1
SA20/D19_SA20_R03.csv,SA20,SA,D,D19,R03,12.00,0,,19,17,0
SA20/D19_SA20_R04.csv,SA20,SA,D,D19,R04,12.00,0,,19,17,0
SA20/D19_SA20_R05.csv,SA20,SA,D,D19,R05,12.00,1,5.98,19,18,1
SA20/F01_SA20_R01.csv,SA20,SA,F,F01,R01,14.99,1,7.98,25,19,1
SA20/F01_SA20_R02.csv,SA20,SA,F,F01,R02,15.00,1,11.48,25,13,1
SA20/F01_SA20_R04.csv,SA20,SA,F,F01,R04,15.00,1,13.48,25,8,1
SA20/F01_SA20_R05.csv,SA20,SA,F,F01,R05,15.00,1,10.48,25,14,1
SA20/F02_SA20_R01.csv,SA20,SA,F,F02,R01,15.00,1,9.98,25,15,1
SA20/F02_SA20_R02.csv,SA20,SA,F,F02,R02,15.00,1,12.48,25,10,1
SA20/F02_SA20_R03.csv,SA20,SA,F,F02,R03,15.00,1,12.48,25,11,1
SA20/F02_SA20_R04.csv,SA20,SA,F,F02,R04,15.00,1,11.48,25,12,1
SA20/F02_SA20_R05.csv,SA20,SA,F,F02,R05,14.99,1,9.98,25,15,1
SA20/F03_SA20_R01.csv,SA20,SA,F,F03,R01,15.00,1,10.98,25,14,1
SA20/F03_SA20_R02.csv,SA20,SA,F,F03,R02,15.00,1,10.48,25,14,1
SA20/F03_SA20_R03.csv,SA20,SA,F,F03,R03,15.00,1,11.48,25,12,1
SA20/F03_SA20_R04.csv,SA20,SA,F,F03,R04,15.00,1,12.98,25,9,1
SA20/F03_SA20_R05.csv,SA20,SA,F,F03,R05,14.99,1,10.48,25,14,1
SA20/F04_SA20_R01.csv,SA20,SA,F,F04,R01,15.00,1,8.98,25,17,1
SA20/F04_SA20_R02.csv,SA20,SA,F,F04,R02,15.00,1,9.98,25,15,1
SA20/F04_SA20_R03.csv,SA20,SA,F,F04,R03,15.00,1,10.48,25,14,1
SA20/F04_SA20_R04.csv,SA20,SA,F,F04,R04,15.00,1,9.98,25,15,1
SA20/F04_SA20_R05.csv,SA20,SA,F,F04,R05,15.00,1,9.48,25,16,1
SA20/F05_SA20_R01.csv,SA20,SA,F,F05,R01,15.00,1,7.48,25,25,1
SA20/F05_SA20_R02.csv,SA20,SA,F,F05,R02,15.00,1,6.98,25,23,1
SA20/F05_SA20_R03.csv,SA20,SA,F,F05,R03,15.00,1,13.48,25,23,1
SA20/F05_SA20_R04.csv,SA20,SA,F,F05,R04,15.00,1,6.98,25,23,1
SA20/F05_SA20_R05.csv,SA20,SA,F,F05,R05,15.00,1,7.98,25,21,1
SA20/F06_SA20_R01.csv,SA20,SA,F,F06,R01,14.99,1,10.48,25,14,1
SA20/F06_SA20_R02.csv,SA20,SA,F,F06,R02,15.00,1,11.48,25,13,1
SA20/F06_SA20_R03.csv,SA20,SA,F,F06,R03,15.00,1,10.48,25,14,1
SA20/F06_SA20_R04.csv,SA20,SA,F,F06,R04,15.00,0,,25,0,0
SA20/F06_SA20_R05.csv,SA20,SA,F,F06,R05,15.00,1,11.98,25,11,1
SA20/F07_SA20_R01.csv,SA20,SA,F,F07,R01,15.00,1,10.48,25,14,1
SA20/F07_SA20_R02.csv,SA20,SA,F,F07,R02,15.00,1,10.98,25,13,1
SA20/F07_SA20_R03.csv,SA20,SA,F,F07,R03,15.00,1,10.98,25,13,1
SA20/F07_SA20_R04.csv,SA20,SA,F,F07,R04,15.00,1,11.98,25,11,1
SA20/F07_SA20_R05.csv,SA20,SA,F,F07,R05,14.99,1,10.48,25,14,1
SA20/F08_SA20_R01.csv,SA20,SA,F,F08,R01,15.00,1,9.48,25,16,1
SA20/F08_SA20_R02.csv,SA20,SA,F,F08,R02,15.00,1,8.48,25,18,1
SA20/F08_SA20_R03.csv,SA20,SA,F,F08,R03,15.00,1,9.98,25,15,1
SA20/F08_SA20_R04.csv,SA20,SA,F,F08,R04,15.00,1,10.98,25,13,1
SA20/F08_SA20_R05.csv,SA20,SA,F,F08,R05,14.99,1,9.48,25,16,1
SA20/F09_SA20_R01.csv,SA20,SA,F,F09,R01,15.00,1,7.48,25,20,1
SA20/F09_SA20_R02.csv,SA20,SA,F,F09,R02,15.00,1,8.48,25,18,1
SA20/F09_SA20_R03.csv,SA20,SA,F,F09,R03,15.00,1,8.98,25,17,1
SA20/F09_SA20_R04.csv,SA20,SA,F,F09,R04,15.00,1,7.48,25,20,1
SA20/F09_SA20_R05.csv,SA20,SA,F,F09,R05,15.00,1,8.48,25,18,1
SA20/F10_SA20_R01.csv,SA20,SA,F,F10,R01,15.00,1,7.48,25,20,1
SA20/F10_SA20_R02.csv,SA20,SA,F,F10,R02,15.00,1,7.98,25,19,1
SA20/F10_SA20_R03.csv,SA20,SA,F,F10,R03,15.00,1,7.98,25,19,1
SA20/F10_SA20_R05.csv,SA20,SA,F,F10,R05,15.00,1,7.98,25,19,1
SA20/F11_SA20_R01.csv,SA20,SA,F,F11,R01,14.99,1,7.98,25,19,1
SA20/F11_SA20_R02.csv,SA20,SA,F,F11,R02,15.00,1,7.98,25,19,1
SA20/F11_SA20_R03.csv,SA20,SA,F,F11,R03,15.00,1,7.48,25,20,1
SA20/F11_SA20_R04.csv,SA20,SA,F,F11,R04,15.00,1,9.98,25,15,1
SA20/F11_SA20_R05.csv,SA20,SA,F,F11,R05,15.00,1,9.98,25,15,1
SA20/F12_SA20_R01.csv,SA20,SA,F,F12,R01,15.00,1,6.98,25,20,1
SA20/F12_SA20_R02.csv,SA20,SA,F,F12,R02,15.00,1,7.48,25,19,1
SA20/F12_SA20_R03.csv,SA20,SA,F,F12,R03,15.00,1,7.48,25,20,1
SA20/F12_SA20_R04.csv,SA20,SA,F,F12,R04,15.00,1,8.48,25,18,1
SA20/F12_SA20_R05.csv,SA20,SA,F,F12,R05,14.99,1,8.48,25,18,1
SA20/F13_SA20_R01.csv,SA20,SA,F,F13,R01,15.00,1,10.48,25,14,1
SA20/F13_SA20_R02.csv,SA20,SA,F,F13,R02,15.00,1,8.98,25,17,1
SA20/F13_SA20_R03.csv,SA20,SA,F,F13,R03,15.00,1,8.98,25,17,1
SA20/F13_SA20_R04.csv,SA20,SA,F,F13,R04,15.00,1,8.48,25,18,1
SA20/F13_SA20_R05.csv,SA20,SA,F,F13,R05,15.00,0,,25,0,0
SA20/F14_SA20_R01.csv,SA20,SA,F,F14,R01,15.00,1,6.98,25,20,1
SA20/F14_SA20_R02.csv,SA20,SA,F,F14,R02,15.00,1,5.48,25,20,1
SA20/F14_SA20_R03.csv,SA20,SA,F,F14,R03,15.00,1,6.48,25,19,1
SA20/F14_SA20_R04.csv,SA20,SA,F,F14,R04,15.00,1,7.48,25,20,1
SA20/F14_SA20_R05.csv,SA20,SA,F,F14,R05,15.00,1,7.98,25,19,1
SA20/F15_SA20_R01.csv,SA20,SA,F,F15,R01,15.00,1,7.48,25,20,1
SA20/F15_SA20_R02.csv,SA20,SA,F,F15,R02,15.00,1,7.48,25,20,1
SA20/F15_SA20_R03.csv,SA20,SA,F,F15,R03,15.00,1,6.98,25,20,1
SA20/F15_SA20_R04.csv,SA20,SA,F,F15,R04,15.00,1,7.48,25,19,1
SA20/F15_SA20_R05.csv,SA20,SA,F,F15,R05,15.00,1,6.98,25,20,1
SA21/D01_SA21_R01.csv,SA21,SA,D,D01,R01,100.00,0,,195,0,0
SA21/D02_SA21_R01.csv,SA21,SA,D,D02,R01,100.00,0,,195,0,0
SA21/D03_SA21_R01.csv,SA21,SA,D,D03,R01,100.00,0,,195,0,0
SA21/D04_SA21_R01.csv,SA21,SA,D,D04,R01,100.00,7,29.98 34.48 42.48 54.98 69.48 80.48 83.48,195,75,7
SA21/D05_SA21_R01.csv,SA21,SA,D,D05,R01,25.00,0,,45,0,0
SA21/D05_SA21_R02.csv,SA21,SA,D,D05,R02,25.00,0,,45,0,0
SA21/D05_SA21_R03.csv,SA21,SA,D,D05,R03,25.00,0,,45,0,0
SA21/D05_SA21_R04.csv,SA21,SA,D,D05,R04,25.00,0,,45,0,0
SA21/D05_SA21_R05.csv,SA21,SA,D,D05,R05,25.00,0,,45,0,0
SA21/D06_SA21_R01.csv,SA21,SA,D,D06,R01,25.00,2,13.48 14.48,45,33,2
SA21/D06_SA21_R02.csv,SA21,SA,D,D06,R02,25.00,1,13.98,45,2,1
SA21/D06_SA21_R03.csv,SA21,SA,D,D06,R03,25.00,2,13.48 14.48,45,34,2
SA21/D06_SA21_R04.csv,SA21,SA,D,D06,R04,25.00,1,13.48,45,23,1
SA21/D06_SA21_R05.csv,SA21,SA,D,D06,R05,25.00,2,12.98 14.98,45,27,2
SA21/D07_SA21_R01.csv,SA21,SA,D,D07,R01,12.00,0,,19,0,0
SA21/D07_SA21_R02.csv,SA21,SA,D,D07,R02,12.00,0,,19,0,0
SA21/D07_SA21_R03.csv,SA21,SA,D,D07,R03,12.00,0,,19,0,0
SA21/D07_SA21_R04.csv,SA21,SA,D,D07,R04,12.00,0,,19,0,0
SA21/D07_SA21_R05.csv,SA21,SA,D,D07,R05,12.00,0,,19,0,0
SA21/D08_SA21_R01.csv,SA21,SA,D,D08,R01,12.00,1,3.98,19,18,1
SA21/D08_SA21_R02.csv,SA21,SA,D,D08,R02,12.00,1,4.48,19,18,1
SA21/D08_SA21_R03.csv,SA21,SA,D,D08,R03,12.00,0,,19,0,0
SA21/D08_SA21_R04.csv,SA21,SA,D,D08,R04,12.00,0,,19,0,0
SA21/D08_SA21_R05.csv,SA21,SA,D,D08,R05,12.00,0,,19,0,0
SA21/D09_SA21_R01.csv,SA21,SA,D,D09,R01,12.00,0,,19,0,0
SA21/D09_SA21_R02.csv,SA21,SA,D,D09,R02,12.00,0,,19,0,0
SA21/D09_SA21_R03.csv,SA21,SA,D,D09,R03,12.00,0,,19,0,0
SA21/D09_SA21_R04.csv,SA21,SA,D,D09,R04,12.00,0,,19,0,0
SA21/D09_SA21_R05.csv,SA21,SA,D,D09,R05,12.00,0,,19,0,0
SA21/D10_SA21_R01.csv,SA21,SA,D,D10,R01,12.00,0,,19,0,0
SA21/D10_SA21_R02.csv,SA21,SA,D,D10,R02,12.00,0,,19,0,0
SA21/D10_SA21_R03.csv,SA21,SA,D,D10,R03,12.00,0,,19,0,0
SA21/D10_SA21_R04.csv,SA21,SA,D,D10,R04,12.00,0,,19,0,0
SA21/D10_SA21_R05.csv,SA21,SA,D,D10,R05,12.00,0,,19,0,0
SA21/D11_SA21_R01.csv,SA21,SA,D,D11,R01,11.99,1,7.98,19,13,1
SA21/D11_SA21_R02.csv,SA21,SA,D,D11,R02,12.00,1,7.98,19,13,1
SA21/D11_SA21_R03.csv,SA21,SA,D,D11,R03,12.00,1,7.48,19,14,1
SA21/D11_SA21_R04.csv,SA21,SA,D,D11,R04,12.00,1,8.48,19,12,1
SA21/D11_SA21_R05.csv,SA21,SA,D,D11,R05,12.00,1,7.98,19,13,1
SA21/D12_SA21_R01.csv,SA21,SA,D,D12,R01,12.00,0,,19,0,0
SA21/D12_SA21_R02.csv,SA21,SA,D,D12,R02,12.00,0,,19,0,0
SA21/D12_SA21_R03.csv,SA21,SA,D,D12,R03,12.00,0,,19,0,0
SA21/D12_SA21_R04.csv,SA21,SA,D,D12,R04,12.00,0,,19,0,0
SA21/D12_SA21_R05.csv,SA21,SA,D,D12,R05,12.00,0,,19,0,0
SA21/D13_SA21_R01.csv,SA21,SA,D,D13,R01,12.00,0,,19,0,0
SA21/D13_SA21_R02.csv,SA21,SA,D,D13,R02,12.00,0,,19,0,0
SA21/D13_SA21_R03.csv,SA21,SA,D,D13,R03,12.00,0,,19,0,0
SA21/D13_SA21_R04.csv,SA21,SA,D,D13,R04,12.00,0,,19,0,0
SA21/D13_SA21_R05.csv,SA21,SA,D,D13,R05,12.00,0,,19,0,0
SA21/D14_SA21_R01.csv,SA21,SA,D,D14,R01,12.00,0,,19,0,0
SA21/D14_SA21_R02.csv,SA21,SA,D,D14,R02,12.00,0,,19,0,0
SA21/D14_SA21_R03.csv,SA21,SA,D,D14,R03,12.00,0,,19,0,0
SA21/D14_SA21_R04.csv,SA21,SA,D,D14,R04,12.00,0,,19,0,0
SA21/D14_SA21_R05.csv,SA21,SA,D,D14,R05,12.00,0,,19,0,0
SA21/D15_SA21_R01.csv,SA21,SA,D,D15,R01,12.00,0,,19,0,0
SA21/D15_SA21_R02.csv,SA21,SA,D,D15,R02,12.00,0,,19,0,0
SA21/D15_SA21_R03.csv,SA21,SA,D,D15,R03,12.00,0,,19,0,0
SA21/D15_SA21_R04.csv,SA21,SA,D,D15,R04,12.00,0,,19,0,0
SA21/D15_SA21_R05.csv,SA21,SA,D,D15,R05,12.00,0,,19,0,0
SA21/D16_SA21_R01.csv,SA21,SA,D,D16,R01,11.99,0,,19,0,0
SA21/D16_SA21_R02.csv,SA21,SA,D,D16,R02,12.00,0,,19,0,0
SA21/D16_SA21_R03.csv,SA21,SA,D,D16,R03,12.00,0,,19,0,0
SA21/D16_SA21_R04.csv,SA21,SA,D,D16,R04,12.00,0,,19,0,0
SA21/D16_SA21_R05.csv,SA21,SA,D,D16,R05,12.00,0,,19,0,0
SA21/D17_SA21_R01.csv,SA21,SA,D,D17,R01,25.00,0,,45,0,0
SA21/D17_SA21_R02.csv,SA21,SA,D,D17,R02,25.00,0,,45,0,0
SA21/D17_SA21_R03.csv,SA21,SA,D,D17,R03,25.00,0,,45,0,0
SA21/D17_SA21_R04.csv,SA21,SA,D,D17,R04,25.00,0,,45,0,0
SA21/D17_SA21_R05.csv,SA21,SA,D,D17,R05,25.00,0,,45,0,0
SA21/D18_SA21_R01.csv,SA21,SA,D,D18,R01,12.00,1,6.98,19,15,1
SA21/D18_SA21_R02.csv,SA21,SA,D,D18,R02,12.00,1,8.98,19,11,1
SA21/D18_SA21_R03.csv,SA21,SA,D,D18,R03,12.00,1,8.48,19,12,1
SA21/D18_SA21_R04.csv,SA21,SA,D,D18,R04,12.00,1,8.48,19,12,1
SA21/D18_SA21_R05.csv,SA21,SA,D,D18,R05,12.00,1,7.98,19,13,1
SA21/D19_SA21_R01.csv,SA21,SA,D,D19,R01,12.00,0,,19,16,0
SA21/D19_SA21_R02.csv,SA21,SA,D,D19,R02,12.00,1,10.48,19,19,1
SA21/D19_SA21_R03.csv,SA21,SA,D,D19,R03,12.00,0,,19,17,0
SA21/D19_SA21_R04.csv,SA21,SA,D,D19,R04,12.00,0,,19,17,0
SA21/D19_SA21_R05.csv,SA21,SA,D,D19,R05,12.00,2,5.98 9.48,19,18,2
SA21/F01_SA21_R01.csv,SA21,SA,F,F01,R01,15.00,1,8.98,25,18,1
SA21/F01_SA21_R02.csv,SA21,SA,F,F01,R02,15.00,1,8.48,25,18,1
SA21/F01_SA21_R03.csv,SA21,SA,F,F01,R03,15.00,1,7.98,25,19,1
SA21/F01_SA21_R04.csv,SA21,SA,F,F01,R04,15.00,1,8.98,25,18,1
SA21/F01_SA21_R05.csv,SA21,SA,F,F01,R05,15.00,1,9.48,25,16,1
SA21/F02_SA21_R01.csv,SA21,SA,F,F02,R01,15.00,1,9.98,25,15,1
SA21/F02_SA21_R02.csv,SA21,SA,F,F02,R02,15.00,1,10.98,25,13,1
SA21/F02_SA21_R03.csv,SA21,SA,F,F02,R03,15.00,1,13.48,25,8,1
SA21/F02_SA21_R04.csv,SA21,SA,F,F02,R04,15.00,1,10.98,25,13,1
SA21/F02_SA21_R05.csv,SA21,SA,F,F02,R05,15.00,1,8.98,25,17,1
SA21/F03_SA21_R01.csv,SA21,SA,F,F03,R01,15.00,1,8.98,25,17,1
SA21/F03_SA21_R02.csv,SA21,SA,F,F03,R02,15.00,1,9.48,25,16,1
SA21/F03_SA21_R03.csv,SA21,SA,F,F03,R03,15.00,1,8.98,25,17,1
SA21/F03_SA21_R04.csv,SA21,SA,F,F03,R04,15.00,1,8.98,25,17,1
SA21/F03_SA21_R05.csv,SA21,SA,F,F03,R05,15.00,1,8.48,25,18,1
SA21/F04_SA21_R01.csv,SA21,SA,F,F04,R01,15.00,1,8.98,25,18,1
SA21/F04_SA21_R02.csv,SA21,SA,F,F04,R02,15.00,1,10.48,25,15,1
SA21/F04_SA21_R03.csv,SA21,SA,F,F04,R03,15.00,1,8.98,25,18,1
SA21/F04_SA21_R04.csv,SA21,SA,F,F04,R04,15.00,1,9.48,25,16,1
SA21/F04_SA21_R05.csv,SA21,SA,F,F04,R05,15.00,1,8.48,25,18,1
SA21/F05_SA21_R01.csv,SA21,SA,F,F05,R01,15.00,1,14.98,25,1,1
SA21/F05_SA21_R02.csv,SA21,SA,F,F05,R02,15.00,1,7.98,25,19,1
SA21/F05_SA21_R03.csv,SA21,SA,F,F05,R03,15.00,1,7.98,25,19,1
SA21/F05_SA21_R04.csv,SA21,SA,F,F05,R04,15.00,1,14.98,25,1,1
SA21/F05_SA21_R05.csv,SA21,SA,F,F05,R05,15.00,1,14.98,25,2,1
SA21/F06_SA21_R01.csv,SA21,SA,F,F06,R01,15.00,0,,25,17,0
SA21/F06_SA21_R02.csv,SA21,SA,F,F06,R02,15.00,1,8.98,25,17,1
SA21/F06_SA21_R03.csv,SA21,SA,F,F06,R03,15.00,1,9.98,25,15,1
SA21/F06_SA21_R04.csv,SA21,SA,F,F06,R04,15.00,1,12.98,25,10,1
SA21/F06_SA21_R05.csv,SA21,SA,F,F06,R05,15.00,1,11.98,25,11,1
SA21/F07_SA21_R01.csv,SA21,SA,F,F07,R01,15.00,0,,25,0,0
SA21/F07_SA21_R02.csv,SA21,SA,F,F07,R02,15.00,1,12.48,25,10,1
SA21/F07_SA21_R03.csv,SA21,SA,F,F07,R03,15.00,1,11.98,25,11,1
SA21/F07_SA21_R04.csv,SA21,SA,F,F07,R04,15.00,1,11.48,25,12,1
SA21/F07_SA21_R05.csv,SA21,SA,F,F07,R05,15.00,1,12.98,25,9,1
SA21/F08_SA21_R01.csv,SA21,SA,F,F08,R01,15.00,1,7.98,25,19,1
SA21/F08_SA21_R02.csv,SA21,SA,F,F08,R02,15.00,1,7.98,25,19,1
SA21/F08_SA21_R03.csv,SA21,SA,F,F08,R03,15.00,0,,25,0,0
SA21/F08_SA21_R04.csv,SA21,SA,F,F08,R04,15.00,1,8.48,25,18,1
SA21/F08_SA21_R05.csv,SA21,SA,F,F08,R05,15.00,1,9.98,25,16,1
SA21/F09_SA21_R01.csv,SA21,SA,F,F09,R01,15.00,1,7.48,25,19,1
SA21/F09_SA21_R02.csv,SA21,SA,F,F09,R02,15.00,1,9.98,25,15,1
SA21/F09_SA21_R03.csv,SA21,SA,F,F09,R03,15.00,1,8.98,25,17,1
SA21/F09_SA21_R04.csv,SA21,SA,F,F09,R04,15.00,1,8.48,25,18,1
SA21/F09_SA21_R05.csv,SA21,SA,F,F09,R05,15.00,1,9.48,25,16,1
SA21/F10_SA21_R01.csv,SA21,SA,F,F10,R01,15.00,0,,25,0,0
SA21/F10_SA21_R02.csv,SA21,SA,F,F10,R02,15.00,1,8.48,25,18,1
SA21/F10_SA21_R03.csv,SA21,SA,F,F10,R03,15.00,1,7.48,25,20,1
SA21/F10_SA21_R04.csv,SA21,SA,F,F10,R04,15.00,1,8.48,25,18,1
SA21/F10_SA21_R05.csv,SA21,SA,F,F10,R05,15.00,1,8.48,25,18,1
SA21/F11_SA21_R01.csv,SA21,SA,F,F11,R01,14.99,0,,25,0,0
SA21/F11_SA21_R02.csv,SA21,SA,F,F11,R02,15.00,1,9.48,25,16,1
SA21/F11_SA21_R03.csv,SA21,SA,F,F11,R03,15.00,1,6.98,25,20,1
SA21/F11_SA21_R04.csv,SA21,SA,F,F11,R04,15.00,0,,25,0,0
SA21/F11_SA21_R05.csv,SA21,SA,F,F11,R05,15.00,0,,25,0,0
SA21/F12_SA21_R01.csv,SA21,SA,F,F12,R01,15.00,0,,25,0,0
SA21/F12_SA21_R02.csv,SA21,SA,F,F12,R02,15.00,1,8.98,25,17,1
SA21/F12_SA21_R03.csv,SA21,SA,F,F12,R03,15.00,0,,25,0,0
SA21/F12_SA21_R04.csv,SA21,SA,F,F12,R04,15.00,1,6.98,25,20,1
SA21/F12_SA21_R05.csv,SA21,SA,F,F12,R05,15.00,1,8.48,25,18,1
SA21/F13_SA21_R01.csv,SA21,SA,F,F13,R01,15.00,0,,25,0,0
SA21/F13_SA21_R02.csv,SA21,SA,F,F13,R02,15.00,0,,25,0,0
SA21/F13_SA21_R03.csv,SA21,SA,F,F13,R03,15.00,1,6.48,25,20,1
SA21/F13_SA21_R04.csv,SA21,SA,F,F13,R04,15.00,1,7.98,25,19,1
SA21/F13_SA21_R05.csv,SA21,SA,F,F13,R05,15.00,0,,25,0,0
SA21/F14_SA21_R01.csv,SA21,SA,F,F14,R01,15.00,1,6.98,25,20,1
SA21/F14_SA21_R02.csv,SA21,SA,F,F14,R02,15.00,1,7.98,25,20,1
SA21/F14_SA21_R03.csv,SA21,SA,F,F14,R03,15.00,1,6.98,25,20,1
SA21/F14_SA21_R04.csv,SA21,SA,F,F14,R04,15.00,1,6.98,25,20,1
SA21/F14_SA21_R05.csv,SA21,SA,F,F14,R05,15.00,1,8.48,25,18,1
SA21/F15_SA21_R01.csv,SA21,SA,F,F15,R01,15.00,1,7.48,25,20,1
SA21/F15_SA21_R02.csv,SA21,SA,F,F15,R02,15.00,1,6.98,25,20,1
SA21/F15_SA21_R03.csv,SA21,SA,F,F15,R03,15.00,1,6.48,25,20,1
SA21/F15_SA21_R04.csv,SA21,SA,F,F15,R04,15.00,0,,25,0,0
SA21/F15_SA21_R05.csv,SA21,SA,F,F15,R05,15.00,1,7.48,25,20,1
SA22/D01_SA22_R01.csv,SA22,SA,D,D01,R01,100.00,0,,195,0,0
SA22/D02_SA22_R01.csv,SA22,SA,D,D02,R01,100.00,0,,195,0,0
SA22/D03_SA22_R01.csv,SA22,SA,D,D03,R01,100.00,1,35.48,195,171,1
SA22/D04_SA22_R01.csv,SA22,SA,D,D04,R01,99.98,0,,195,163,0
SA22/D05_SA22_R01.csv,SA22,SA,D,D05,R01,25.00,0,,45,0,0
SA22/D05_SA22_R02.csv,SA22,SA,D,D05,R02,25.00,1,24.98,45,5,1
SA22/D05_SA22_R03.csv,SA22,SA,D,D05,R03,25.00,1,23.48,45,8,1
SA22/D05_SA22_R04.csv,SA22,SA,D,D05,R04,25.00,1,18.48,45,18,1
SA22/D05_SA22_R05.csv,SA22,SA,D,D05,R05,25.00,0,,45,1,0
SA22/D06_SA22_R01.csv,SA22,SA,D,D06,R01,25.00,1,23.98,45,23,1
SA22/D06_SA22_R02.csv,SA22,SA,D,D06,R02,25.00,2,12.98 24.48,45,26,2
SA22/D06_SA22_R03.csv,SA22,SA,D,D06,R03,25.00,2,12.48 24.48,45,41,2
SA22/D06_SA22_R04.csv,SA22,SA,D,D06,R04,25.00,1,13.98,45,42,1
SA22/D06_SA22_R05.csv,SA22,SA,D,D06,R05,25.00,1,12.48,45,44,1
SA22/D07_SA22_R01.csv,SA22,SA,D,D07,R01,11.99,0,,19,0,0
SA22/D07_SA22_R02.csv,SA22,SA,D,D07,R02,12.00,0,,19,0,0
SA22/D07_SA22_R03.csv,SA22,SA,D,D07,R03,12.00,0,,19,0,0
SA22/D07_SA22_R04.csv,SA22,SA,D,D07,R04,12.00,0,,19,0,0
SA22/D07_SA22_R05.csv,SA22,SA,D,D07,R05,12.00,0,,19,0,0
SA22/D08_SA22_R01.csv,SA22,SA,D,D08,R01,12.00,0,,19,0,0
SA22/D08_SA22_R02.csv,SA22,SA,D,D08,R02,12.00,0,,19,0,0
SA22/D08_SA22_R03.csv,SA22,SA,D,D08,R03,12.00,0,,19,0,0
SA22/D08_SA22_R04.csv,SA22,SA,D,D08,R04,12.00,0,,19,0,0
SA22/D08_SA22_R05.csv,SA22,SA,D,D08,R05,11.99,0,,19,0,0
SA22/D09_SA22_R01.csv,SA22,SA,D,D09,R01,11.99,0,,19,0,0
SA22/D09_SA22_R02.csv,SA22,SA,D,D09,R02,12.00,0,,19,0,0
SA22/D09_SA22_R03.csv,SA22,SA,D,D09,R03,12.00,0,,19,0,0
SA22/D09_SA22_R04.csv,SA22,SA,D,D09,R04,12.00,0,,19,0,0
SA22/D09_SA22_R05.csv,SA22,SA,D,D09,R05,12.00,0,,19,0,0
SA22/D10_SA22_R01.csv,SA22,SA,D,D10,R01,12.00,1,5.48,19,18,1
SA22/D10_SA22_R02.csv,SA22,SA,D,D10,R02,12.00,1,5.48,19,18,1
SA22/D10_SA22_R03.csv,SA22,SA,D,D10,R03,12.00,1,5.48,19,18,1
SA22/D10_SA22_R04.csv,SA22,SA,D,D10,R04,12.00,1,5.98,19,17,1
SA22/D10_SA22_R05.csv,SA22,SA,D,D10,R05,12.00,1,5.48,19,18,1
SA22/D11_SA22_R01.csv,SA22,SA,D,D11,R01,11.99,0,,19,0,0
SA22/D11_SA22_R02.csv,SA22,SA,D,D11,R02,12.00,0,,19,0,0
SA22/D11_SA22_R03.csv,SA22,SA,D,D11,R03,12.00,0,,19,0,0
SA22/D11_SA22_R04.csv,SA22,SA,D,D11,R04,12.00,0,,19,0,0
SA22/D11_SA22_R05.csv,SA22,SA,D,D11,R05,12.00,1,8.98,19,11,1
SA22/D12_SA22_R01.csv,SA22,SA,D,D12,R01,12.00,0,,19,0,0
SA22/D12_SA22_R02.csv,SA22,SA,D,D12,R02,12.00,0,,19,0,0
SA22/D12_SA22_R03.csv,SA22,SA,D,D12,R03,12.00,0,,19,0,0
SA22/D12_SA22_R04.csv,SA22,SA,D,D12,R04,12.00,0,,19,0,0
SA22/D12_SA22_R05.csv,SA22,SA,D,D12,R05,12.00,0,,19,0,0
SA22/D13_SA22_R01.csv,SA22,SA,D,D13,R01,12.00,0,,19,0,0
SA22/D13_SA22_R02.csv,SA22,SA,D,D13,R02,12.00,0,,19,0,0
SA22/D13_SA22_R03.csv,SA22,SA,D,D13,R03,12.00,0,,19,0,0
SA22/D13_SA22_R04.csv,SA22,SA,D,D13,R04,12.00,0,,19,0,0
SA22/D13_SA22_R05.csv,SA22,SA,D,D13,R05,12.00,0,,19,0,0
SA22/D14_SA22_R01.csv,SA22,SA,D,D14,R01,12.00,0,,19,0,0
SA22/D14_SA22_R02.csv,SA22,SA,D,D14,R02,12.00,0,,19,0,0
SA22/D14_SA22_R03.csv,SA22,SA,D,D14,R03,12.00,0,,19,0,0
SA22/D14_SA22_R04.csv,SA22,SA,D,D14,R04,12.00,0,,19,0,0
SA22/D14_SA22_R05.csv,SA22,SA,D,D14,R05,12.00,0,,19,0,0
SA22/D15_SA22_R01.csv,SA22,SA,D,D15,R01,12.00,0,,19,0,0
SA22/D15_SA22_R02.csv,SA22,SA,D,D15,R02,12.00,0,,19,0,0
SA22/D15_SA22_R03.csv,SA22,SA,D,D15,R03,12.00,0,,19,0,0
SA22/D15_SA22_R04.csv,SA22,SA,D,D15,R04,12.00,0,,19,0,0
SA22/D15_SA22_R05.csv,SA22,SA,D,D15,R05,11.99,0,,19,0,0
SA22/D16_SA22_R01.csv,SA22,SA,D,D16,R01,11.99,0,,19,0,0
SA22/D16_SA22_R02.csv,SA22,SA,D,D16,R02,12.00,0,,19,0,0
SA22/D16_SA22_R03.csv,SA22,SA,D,D16,R03,12.00,0,,19,0,0
SA22/D16_SA22_R04.csv,SA22,SA,D,D16,R04,12.00,0,,19,0,0
SA22/D16_SA22_R05.csv,SA22,SA,D,D16,R05,12.00,0,,19,0,0
SA22/D17_SA22_R01.csv,SA22,SA,D,D17,R01,25.00,0,,45,0,0
SA22/D17_SA22_R02.csv,SA22,SA,D,D17,R02,25.00,0,,45,0,0
SA22/D17_SA22_R03.csv,SA22,SA,D,D17,R03,25.00,0,,45,0,0
SA22/D17_SA22_R04.csv,SA22,SA,D,D17,R04,25.00,0,,45,0,0
SA22/D17_SA22_R05.csv,SA22,SA,D,D17,R05,25.00,0,,45,0,0
SA22/D18_SA22_R01.csv,SA22,SA,D,D18,R01,11.97,1,7.98,18,13,1
SA22/D18_SA22_R02.csv,SA22,SA,D,D18,R02,12.00,1,7.98,19,13,1
SA22/D18_SA22_R03.csv,SA22,SA,D,D18,R03,12.00,1,9.48,19,11,1
SA22/D18_SA22_R04.csv,SA22,SA,D,D18,R04,12.00,1,8.48,19,13,1
SA22/D18_SA22_R05.csv,SA22,SA,D,D18,R05,12.00,1,8.48,19,13,1
SA22/D19_SA22_R01.csv,SA22,SA,D,D19,R01,12.00,2,5.98 10.48,19,18,2
SA22/D19_SA22_R02.csv,SA22,SA,D,D19,R02,12.00,2,5.48 9.48,19,18,2
SA22/D19_SA22_R03.csv,SA22,SA,D,D19,R03,12.00,2,4.98 8.98,19,19,2
SA22/D19_SA22_R04.csv,SA22,SA,D,D19,R04,12.00,2,4.98 8.48,19,19,2
SA22/D19_SA22_R05.csv,SA22,SA,D,D19,R05,12.00,2,5.98 9.98,19,18,2
SA22/F01_SA22_R01.csv,SA22,SA,F,F01,R01,14.99,1,9.48,25,17,1
SA22/F01_SA22_R02.csv,SA22,SA,F,F01,R02,15.00,1,9.48,25,16,1
SA22/F01_SA22_R03.csv,SA22,SA,F,F01,R03,15.00,1,9.98,25,15,1
SA22/F01_SA22_R04.csv,SA22,SA,F,F01,R04,15.00,1,9.48,25,16,1
SA22/F01_SA22_R05.csv,SA22,SA,F,F01,R05,15.00,1,9.98,25,15,1
SA22/F02_SA22_R01.csv,SA22,SA,F,F02,R01,15.00,1,10.48,25,14,1
SA22/F02_SA22_R02.csv,SA22,SA,F,F02,R02,15.00,1,9.98,25,15,1
SA22/F02_SA22_R03.csv,SA22,SA,F,F02,R03,15.00,1,9.98,25,15,1
SA22/F02_SA22_R04.csv,SA22,SA,F,F02,R04,15.00,1,8.98,25,17,1
SA22/F02_SA22_R05.csv,SA22,SA,F,F02,R05,15.00,1,8.98,25,17,1
SA22/F03_SA22_R01.csv,SA22,SA,F,F03,R01,15.00,1,10.98,25,13,1
SA22/F03_SA22_R02.csv,SA22,SA,F,F03,R02,15.00,1,7.98,25,19,1
SA22/F03_SA22_R03.csv,SA22,SA,F,F03,R03,15.00,1,8.98,25,17,1
SA22/F03_SA22_R04.csv,SA22,SA,F,F03,R04,14.98,1,7.98,25,19,1
SA22/F03_SA22_R05.csv,SA22,SA,F,F03,R05,15.00,1,8.98,25,17,1
SA22/F04_SA22_R01.csv,SA22,SA,F,F04,R01,15.00,1,9.48,25,16,1
SA22/F04_SA22_R02.csv,SA22,SA,F,F04,R02,15.00,0,,25,0,0
SA22/F04_SA22_R03.csv,SA22,SA,F,F04,R03,15.00,1,9.98,25,15,1
SA22/F04_SA22_R04.csv,SA22,SA,F,F04,R04,15.00,1,11.48,25,13,1
SA22/F04_SA22_R05.csv,SA22,SA,F,F04,R05,15.00,1,10.98,25,14,1
SA22/F05_SA22_R01.csv,SA22,SA,F,F05,R01,15.00,1,13.48,25,23,1
SA22/F05_SA22_R02.csv,SA22,SA,F,F05,R02,15.00,1,13.48,25,22,1
SA22/F05_SA22_R03.csv,SA22,SA,F,F05,R03,15.00,1,6.48,25,22,1
SA22/F05_SA22_R04.csv,SA22,SA,F,F05,R04,15.00,1,6.48,25,20,1
SA22/F05_SA22_R05.csv,SA22,SA,F,F05,R05,14.99,1,13.48,25,21,1
SA22/F06_SA22_R01.csv,SA22,SA,F,F06,R01,14.99,1,9.98,25,15,1
SA22/F06_SA22_R02.csv,SA22,SA,F,F06,R02,15.00,1,10.98,25,13,1
SA22/F06_SA22_R03.csv,SA22,SA,F,F06,R03,15.00,1,11.48,25,12,1
SA22/F06_SA22_R04.csv,SA22,SA,F,F06,R04,15.00,1,9.98,25,15,1
SA22/F06_SA22_R05.csv,SA22,SA,F,F06,R05,14.99,1,10.98,25,13,1
SA22/F07_SA22_R01.csv,SA22,SA,F,F07,R01,15.00,0,,25,16,0
SA22/F07_SA22_R02.csv,SA22,SA,F,F07,R02,15.00,1,8.48,25,18,1
SA22/F07_SA22_R03.csv,SA22,SA,F,F07,R03,15.00,1,9.98,25,15,1
SA22/F07_SA22_R04.csv,SA22,SA,F,F07,R04,15.00,1,9.48,25,16,1
SA22/F07_SA22_R05.csv,SA22,SA,F,F07,R05,14.99,1,9.48,25,16,1
SA22/F08_SA22_R01.csv,SA22,SA,F,F08,R01,15.00,1,10.48,25,14,1
SA22/F08_SA22_R02.csv,SA22,SA,F,F08,R02,15.00,1,9.48,25,16,1
SA22/F08_SA22_R03.csv,SA22,SA,F,F08,R03,15.00,1,8.48,25,18,1
SA22/F08_SA22_R04.csv,SA22,SA,F,F08,R04,15.00,1,8.48,25,18,1
SA22/F08_SA22_R05.csv,SA22,SA,F,F08,R05,15.00,1,8.48,25,18,1
SA22/F09_SA22_R01.csv,SA22,SA,F,F09,R01,15.00,1,7.98,25,19,1
SA22/F09_SA22_R02.csv,SA22,SA,F,F09,R02,15.00,1,8.48,25,18,1
SA22/F09_SA22_R03.csv,SA22,SA,F,F09,R03,15.00,1,8.48,25,19,1
SA22/F09_SA22_R04.csv,SA22,SA,F,F09,R04,15.00,1,6.98,25,20,1
SA22/F09_SA22_R05.csv,SA22,SA,F,F09,R05,15.00,1,8.48,25,18,1
SA22/F10_SA22_R01.csv,SA22,SA,F,F10,R01,15.00,1,9.48,25,16,1
SA22/F10_SA22_R02.csv,SA22,SA,F,F10,R02,15.00,1,8.48,25,18,1
SA22/F10_SA22_R03.csv,SA22,SA,F,F10,R03,15.00,1,8.48,25,18,1
SA22/F10_SA22_R04.csv,SA22,SA,F,F10,R04,15.00,1,8.48,25,18,1
SA22/F10_SA22_R05.csv,SA22,SA,F,F10,R05,15.00,1,9.48,25,16,1
SA22/F11_SA22_R01.csv,SA22,SA,F,F11,R01,14.99,1,8.98,25,17,1
SA22/F11_SA22_R02.csv,SA22,SA,F,F11,R02,15.00,1,8.98,25,17,1
SA22/F11_SA22_R03.csv,SA22,SA,F,F11,R03,15.00,1,9.98,25,15,1
SA22/F11_SA22_R04.csv,SA22,SA,F,F11,R04,15.00,1,8.98,25,18,1
SA22/F11_SA22_R05.csv,SA22,SA,F,F11,R05,15.00,1,9.48,25,17,1
SA22/F12_SA22_R01.csv,SA22,SA,F,F12,R01,15.00,1,7.48,25,20,1
SA22/F12_SA22_R02.csv,SA22,SA,F,F12,R02,15.00,1,8.98,25,17,1
SA22/F12_SA22_R03.csv,SA22,SA,F,F12,R03,15.00,1,9.48,25,16,1
SA22/F12_SA22_R04.csv,SA22,SA,F,F12,R04,15.00,1,8.98,25,17,1
SA22/F12_SA22_R05.csv,SA22,SA,F,F12,R05,15.00,1,9.98,25,15,1
SA22/F13_SA22_R01.csv,SA22,SA,F,F13,R01,15.00,0,,25,0,0
SA22/F13_SA22_R02.csv,SA22,SA,F,F13,R02,15.00,0,,25,0,0
SA22/F13_SA22_R03.csv,SA22,SA,F,F13,R03,15.00,1,10.48,25,14,1
SA22/F13_SA22_R04.csv,SA22,SA,F,F13,R04,15.00,1,9.48,25,16,1
SA22/F13_SA22_R05.csv,SA22,SA,F,F13,R05,15.00,0,,25,0,0
SA22/F14_SA22_R01.csv,SA22,SA,F,F14,R01,15.00,1,11.98,25,11,1
SA22/F14_SA22_R02.csv,SA22,SA,F,F14,R02,14.99,1,9.48,25,16,1
SA22/F14_SA22_R03.csv,SA22,SA,F,F14,R03,15.00,1,10.48,25,14,1
SA22/F14_SA22_R04.csv,SA22,SA,F,F14,R04,15.00,1,10.98,25,13,1
SA22/F14_SA22_R05.csv,SA22,SA,F,F14,R05,15.00,1,7.98,25,19,1
SA22/F15_SA22_R01.csv,SA22,SA,F,F15,R01,14.46,1,8.48,23,16,1
SA22/F15_SA22_R02.csv,SA22,SA,F,F15,R02,15.00,1,6.98,25,20,1
SA22/F15_SA22_R03.csv,SA22,SA,F,F15,R03,15.00,1,8.98,25,17,1
SA22/F15_SA22_R04.csv,SA22,SA,F,F15,R04,15.00,1,10.98,25,13,1
SA22/F15_SA22_R05.csv,SA22,SA,F,F15,R05,14.99,1,7.98,25,19,1
SA23/D01_SA23_R01.csv,SA23,SA,D,D01,R01,100.00,0,,195,0,0
SA23/D02_SA23_R01.csv,SA23,SA,D,D02,R01,100.00,0,,195,0,0
SA23/D03_SA23_R01.csv,SA23,SA,D,D03,R01,100.00,0,,195,0,0
SA23/D04_SA23_R01.csv,SA23,SA,D,D04,R01,100.00,3,33.98 48.98 70.98,195,157,3
SA23/D05_SA23_R01.csv,SA23,SA,D,D05,R01,25.00,0,,45,0,0
SA23/D05_SA23_R02.csv,SA23,SA,D,D05,R02,25.00,0,,45,0,0
SA23/D05_SA23_R03.csv,SA23,SA,D,D05,R03,25.00,0,,45,0,0
SA23/D05_SA23_R04.csv,SA23,SA,D,D05,R04,25.00,0,,45,0,0
SA23/D05_SA23_R05.csv,SA23,SA,D,D05,R05,25.00,0,,45,0,0
SA23/D06_SA23_R01.csv,SA23,SA,D,D06,R01,25.00,2,13.98 19.98,45,37,2
SA23/D06_SA23_R02.csv,SA23,SA,D,D06,R02,25.00,1,19.48,45,33,1
SA23/D06_SA23_R03.csv,SA23,SA,D,D06,R03,25.00,1,18.48,45,32,1
SA23/D06_SA23_R04.csv,SA23,SA,D,D06,R04,25.00,0,,45,35,0
SA23/D06_SA23_R05.csv,SA23,SA,D,D06,R05,25.00,1,19.48,45,35,1
SA23/D07_SA23_R01.csv,SA23,SA,D,D07,R01,11.99,0,,19,0,0
SA23/D07_SA23_R02.csv,SA23,SA,D,D07,R02,12.00,0,,19,0,0
SA23/D07_SA23_R03.csv,SA23,SA,D,D07,R03,12.00,0,,19,0,0
SA23/D07_SA23_R04.csv,SA23,SA,D,D07,R04,12.00,0,,19,0,0
SA23/D07_SA23_R05.csv,SA23,SA,D,D07,R05,12.00,0,,19,0,0
SA23/D08_SA23_R01.csv,SA23,SA,D,D08,R01,12.00,0,,19,0,0
SA23/D08_SA23_R02.csv,SA23,SA,D,D08,R02,12.00,0,,19,0,0
SA23/D08_SA23_R03.csv,SA23,SA,D,D08,R03,12.00,0,,19,0,0
SA23/D08_SA23_R04.csv,SA23,SA,D,D08,R04,12.00,0,,19,0,0
SA23/D08_SA23_R05.csv,SA23,SA,D,D08,R05,12.00,0,,19,0,0
SA23/D09_SA23_R01.csv,SA23,SA,D,D09,R01,12.00,0,,19,0,0
SA23/D09_SA23_R02.csv,SA23,SA,D,D09,R02,12.00,0,,19,0,0
SA23/D09_SA23_R03.csv,SA23,SA,D,D09,R03,12.00,0,,19,0,0
SA23/D09_SA23_R04.csv,SA23,SA,D,D09,R04,12.00,0,,19,0,0
SA23/D09_SA23_R05.csv,SA23,SA,D,D09,R05,12.00,0,,19,0,0
SA23/D10_SA23_R01.csv,SA23,SA,D,D10,R01,12.00,0,,19,0,0
SA23/D10_SA23_R02.csv,SA23,SA,D,D10,R02,12.00,0,,19,0,0
SA23/D10_SA23_R03.csv,SA23,SA,D,D10,R03,12.00,0,,19,0,0
SA23/D10_SA23_R04.csv,SA23,SA,D,D10,R04,12.00,0,,19,0,0
SA23/D10_SA23_R05.csv,SA23,SA,D,D10,R05,12.00,0,,19,0,0
SA23/D11_SA23_R01.csv,SA23,SA,D,D11,R01,11.99,1,8.98,19,11,1
SA23/D11_SA23_R02.csv,SA23,SA,D,D11,R02,12.00,1,7.98,19,13,1
SA23/D11_SA23_R03.csv,SA23,SA,D,D11,R03,12.00,0,,19,0,0
SA23/D11_SA23_R04.csv,SA23,SA,D,D11,R04,12.00,0,,19,0,0
SA23/D11_SA23_R05.csv,SA23,SA,D,D11,R05,12.00,1,7.98,19,13,1
SA23/D12_SA23_R01.csv,SA23,SA,D,D12,R01,12.00,0,,19,0,0
SA23/D12_SA23_R02.csv,SA23,SA,D,D12,R02,12.00,0,,19,0,0
SA23/D12_SA23_R03.csv,SA23,SA,D,D12,R03,12.00,0,,19,0,0
SA23/D12_SA23_R04.csv,SA23,SA,D,D12,R04,12.00,0,,19,0,0
SA23/D12_SA23_R05.csv,SA23,SA,D,D12,R05,12.00,0,,19,0,0
SA23/D13_SA23_R01.csv,SA23,SA,D,D13,R01,12.00,0,,19,0,0
SA23/D13_SA23_R02.csv,SA23,SA,D,D13,R02,12.00,0,,19,0,0
SA23/D13_SA23_R03.csv,SA23,SA,D,D13,R03,12.00,0,,19,0,0
SA23/D13_SA23_R04.csv,SA23,SA,D,D13,R04,12.00,0,,19,0,0
SA23/D13_SA23_R05.csv,SA23,SA,D,D13,R05,12.00,0,,19,0,0
SA23/D14_SA23_R01.csv,SA23,SA,D,D14,R01,12.00,0,,19,0,0
SA23/D14_SA23_R02.csv,SA23,SA,D,D14,R02,12.00,0,,19,0,0
SA23/D14_SA23_R03.csv,SA23,SA,D,D14,R03,12.00,0,,19,0,0
SA23/D14_SA23_R04.csv,SA23,SA,D,D14,R04,12.00,0,,19,0,0
SA23/D14_SA23_R05.csv,SA23,SA,D,D14,R05,12.00,0,,19,0,0
SA23/D15_SA23_R01.csv,SA23,SA,D,D15,R01,12.00,0,,19,0,0
SA23/D15_SA23_R02.csv,SA23,SA,D,D15,R02,12.00,0,,19,0,0
SA23/D15_SA23_R03.csv,SA23,SA,D,D15,R03,12.00,0,,19,0,0
SA23/D15_SA23_R04.csv,SA23,SA,D,D15,R04,12.00,0,,19,0,0
SA23/D15_SA23_R05.csv,SA23,SA,D,D15,R05,12.00,0,,19,0,0
SA23/D16_SA23_R01.csv,SA23,SA,D,D16,R01,11.99,0,,19,0,0
SA23/D16_SA23_R02.csv,SA23,SA,D,D16,R02,12.00,0,,19,0,0
SA23/D16_SA23_R03.csv,SA23,SA,D,D16,R03,12.00,0,,19,0,0
SA23/D16_SA23_R04.csv,SA23,SA,D,D16,R04,12.00,0,,19,0,0
SA23/D16_SA23_R05.csv,SA23,SA,D,D16,R05,12.00,0,,19,0,0
SA23/D17_SA23_R01.csv,SA23,SA,D,D17,R01,25.00,0,,45,0,0
SA23/D17_SA23_R02.csv,SA23,SA,D,D17,R02,25.00,0,,45,0,0
SA23/D17_SA23_R03.csv,SA23,SA,D,D17,R03,25.00,0,,45,0,0
SA23/D17_SA23_R04.csv,SA23,SA,D,D17,R04,25.00,0,,45,0,0
SA23/D17_SA23_R05.csv,SA23,SA,D,D17,R05,25.00,0,,45,0,0
SA23/D18_SA23_R01.csv,SA23,SA,D,D18,R01,12.00,1,7.98,19,13,1
SA23/D18_SA23_R02.csv,SA23,SA,D,D18,R02,12.00,1,6.98,19,15,1
SA23/D18_SA23_R03.csv,SA23,SA,D,D18,R03,12.00,1,7.48,19,14,1
SA23/D18_SA23_R04.csv,SA23,SA,D,D18,R04,12.00,0,,19,13,0
SA23/D18_SA23_R05.csv,SA23,SA,D,D18,R05,12.00,1,7.98,19,13,1
SA23/D19_SA23_R01.csv,SA23,SA,D,D19,R01,12.00,2,5.48 7.98,19,19,2
SA23/D19_SA23_R02.csv,SA23,SA,D,D19,R02,12.00,1,5.98,19,18,1
SA23/D19_SA23_R03.csv,SA23,SA,D,D19,R03,12.00,2,6.48 9.98,19,17,2
SA23/D19_SA23_R04.csv,SA23,SA,D,D19,R04,12.00,2,5.98 9.48,19,18,2
SA23/D19_SA23_R05.csv,SA23,SA,D,D19,R05,12.00,1,6.48,19,17,1
SA23/F01_SA23_R01.csv,SA23,SA,F,F01,R01,14.99,1,10.48,25,15,1
SA23/F01_SA23_R02.csv,SA23,SA,F,F01,R02,15.00,1,10.48,25,14,1
SA23/F01_SA23_R03.csv,SA23,SA,F,F01,R03,15.00,0,,25,0,0
SA23/F01_SA23_R04.csv,SA23,SA,F,F01,R04,15.00,0,,25,0,0
SA23/F01_SA23_R05.csv,SA23,SA,F,F01,R05,15.00,1,10.48,25,14,1
SA23/F02_SA23_R01.csv,SA23,SA,F,F02,R01,15.00,1,9.48,25,16,1
SA23/F02_SA23_R02.csv,SA23,SA,F,F02,R02,15.00,1,9.98,25,15,1
SA23/F02_SA23_R03.csv,SA23,SA,F,F02,R03,15.00,1,9.48,25,16,1
SA23/F02_SA23_R04.csv,SA23,SA,F,F02,R04,15.00,1,9.48,25,16,1
SA23/F02_SA23_R05.csv,SA23,SA,F,F02,R05,15.00,1,9.98,25,15,1
SA23/F03_SA23_R01.csv,SA23,SA,F,F03,R01,15.00,1,8.48,25,18,1
SA23/F03_SA23_R02.csv,SA23,SA,F,F03,R02,15.00,0,,25,0,0
SA23/F03_SA23_R03.csv,SA23,SA,F,F03,R03,15.00,0,,25,0,0
SA23/F03_SA23_R04.csv,SA23,SA,F,F03,R04,15.00,0,,25,0,0
SA23/F03_SA23_R05.csv,SA23,SA,F,F03,R05,15.00,1,8.98,25,17,1
SA23/F04_SA23_R01.csv,SA23,SA,F,F04,R01,15.00,1,10.48,25,14,1
SA23/F04_SA23_R02.csv,SA23,SA,F,F04,R02,15.00,1,9.48,25,16,1
SA23/F04_SA23_R03.csv,SA23,SA,F,F04,R03,15.00,1,10.98,25,13,1
SA23/F04_SA23_R04.csv,SA23,SA,F,F04,R04,15.00,1,10.48,25,14,1
SA23/F04_SA23_R05.csv,SA23,SA,F,F04,R05,15.00,1,10.48,25,15,1
SA23/F05_SA23_R01.csv,SA23,SA,F,F05,R01,15.00,1,11.98,25,23,1
SA23/F05_SA23_R02.csv,SA23,SA,F,F05,R02,15.00,1,13.48,25,21,1
SA23/F05_SA23_R03.csv,SA23,SA,F,F05,R03,15.00,1,12.48,25,23,1
SA23/F05_SA23_R04.csv,SA23,SA,F,F05,R04,15.00,1,12.98,25,23,1
SA23/F05_SA23_R05.csv,SA23,SA,F,F05,R05,15.00,1,12.48,25,23,1
SA23/F06_SA23_R01.csv,SA23,SA,F,F06,R01,14.99,1,10.48,25,14,1
SA23/F06_SA23_R02.csv,SA23,SA,F,F06,R02,15.00,1,11.48,25,12,1
SA23/F06_SA23_R03.csv,SA23,SA,F,F06,R03,15.00,1,11.48,25,12,1
SA23/F06_SA23_R04.csv,SA23,SA,F,F06,R04,15.00,1,11.48,25,12,1
SA23/F06_SA23_R05.csv,SA23,SA,F,F06,R05,15.00,1,11.48,25,12,1
SA23/F07_SA23_R01.csv,SA23,SA,F,F07,R01,15.00,1,10.98,25,14,1
SA23/F07_SA23_R02.csv,SA23,SA,F,F07,R02,15.00,1,10.48,25,14,1
SA23/F07_SA23_R03.csv,SA23,SA,F,F07,R03,15.00,0,,25,0,0
SA23/F07_SA23_R04.csv,SA23,SA,F,F07,R04,15.00,0,,25,0,0
SA23/F07_SA23_R05.csv,SA23,SA,F,F07,R05,15.00,1,10.48,25,14,1
SA23/F08_SA23_R01.csv,SA23,SA,F,F08,R01,15.00,1,7.98,25,19,1
SA23/F08_SA23_R02.csv,SA23,SA,F,F08,R02,15.00,0,,25,0,0
SA23/F08_SA23_R03.csv,SA23,SA,F,F08,R03,15.00,0,,25,0,0
SA23/F08_SA23_R04.csv,SA23,SA,F,F08,R04,15.00,0,,25,0,0
SA23/F08_SA23_R05.csv,SA23,SA,F,F08,R05,15.00,0,,25,0,0
SA23/F09_SA23_R01.csv,SA23,SA,F,F09,R01,15.00,0,,25,0,0
SA23/F09_SA23_R02.csv,SA23,SA,F,F09,R02,15.00,1,8.98,25,17,1
SA23/F09_SA23_R03.csv,SA23,SA,F,F09,R03,15.00,0,,25,0,0
SA23/F09_SA23_R04.csv,SA23,SA,F,F09,R04,15.00,0,,25,0,0
SA23/F09_SA23_R05.csv,SA23,SA,F,F09,R05,15.00,0,,25,0,0
SA23/F10_SA23_R01.csv,SA23,SA,F,F10,R01,15.00,0,,25,0,0
SA23/F10_SA23_R02.csv,SA23,SA,F,F10,R02,15.00,1,8.48,25,18,1
SA23/F10_SA23_R03.csv,SA23,SA,F,F10,R03,15.00,1,8.48,25,18,1
SA23/F10_SA23_R04.csv,SA23,SA,F,F10,R04,15.00,0,,25,0,0
SA23/F10_SA23_R05.csv,SA23,SA,F,F10,R05,15.00,0,,25,0,0
SA23/F11_SA23_R01.csv,SA23,SA,F,F11,R01,15.00,1,7.98,25,19,1
SA23/F11_SA23_R02.csv,SA23,SA,F,F11,R02,15.00,1,8.48,25,18,1
SA23/F11_SA23_R03.csv,SA23,SA,F,F11,R03,15.00,1,8.48,25,18,1
SA23/F11_SA23_R04.csv,SA23,SA,F,F11,R04,15.00,0,,25,0,0
SA23/F11_SA23_R05.csv,SA23,SA,F,F11,R05,15.00,0,,25,0,0
SA23/F12_SA23_R01.csv,SA23,SA,F,F12,R01,15.00,0,,25,0,0
SA23/F12_SA23_R02.csv,SA23,SA,F,F12,R02,15.00,1,7.98,25,19,1
SA23/F12_SA23_R03.csv,SA23,SA,F,F12,R03,15.00,1,9.48,25,16,1
SA23/F12_SA23_R04.csv,SA23,SA,F,F12,R04,15.00,0,,25,0,0
SA23/F12_SA23_R05.csv,SA23,SA,F,F12,R05,15.00,0,,25,0,0
SA23/F13_SA23_R01.csv,SA23,SA,F,F13,R01,15.00,0,,25,0,0
SA23/F13_SA23_R02.csv,SA23,SA,F,F13,R02,15.00,0,,25,0,0
SA23/F13_SA23_R03.csv,SA23,SA,F,F13,R03,15.00,0,,25,0,0
SA23/F13_SA23_R04.csv,SA23,SA,F,F13,R04,15.00,0,,25,0,0
SA23/F13_SA23_R05.csv,SA23,SA,F,F13,R05,15.00,0,,25,0,0
SA23/F14_SA23_R01.csv,SA23,SA,F,F14,R01,15.00,0,,25,0,0
SA23/F14_SA23_R02.csv,SA23,SA,F,F14,R02,15.00,0,,25,0,0
SA23/F14_SA23_R03.csv,SA23,SA,F,F14,R03,15.00,0,,25,0,0
SA23/F14_SA23_R04.csv,SA23,SA,F,F14,R04,15.00,0,,25,0,0
SA23/F14_SA23_R05.csv,SA23,SA,F,F14,R05,15.00,0,,25,0,0
SA23/F15_SA23_R01.csv,SA23,SA,F,F15,R01,15.00,0,,25,0,0
SA23/F15_SA23_R02.csv,SA23,SA,F,F15,R02,15.00,0,,25,0,0
SA23/F15_SA23_R03.csv,SA23,SA,F,F15,R03,15.00,0,,25,0,0
SA23/F15_SA23_R04.csv,SA23,SA,F,F15,R04,15.00,0,,25,0,0
SA23/F15_SA23_R05.csv,SA23,SA,F,F15,R05,15.00,0,,25,0,0
SE01/D01_SE01_R01.csv,SE01,SE,D,D01,R01,180.00,0,,355,0,0
SE01/D02_SE01_R01.csv,SE01,SE,D,D02,R01,180.00,0,,355,0,0
SE01/D03_SE01_R01.csv,SE01,SE,D,D03,R01,180.00,18,18.48 22.48 31.98 41.48 46.48 67.98 76.48 81.98 92.48 101.98 109.98 126.48 130.98 142.48 146.48 160.48 170.98 176.98,355,214,18
SE01/D04_SE01_R01.csv,SE01,SE,D,D04,R01,180.00,13,19.98 36.48 40.48 42.98 54.98 72.98 76.98 116.48 128.98 135.48 138.98 151.98 176.98,355,308,13
SE01/D05_SE01_R01.csv,SE01,SE,D,D05,R01,25.00,0,,45,0,0
SE01/D05_SE01_R02.csv,SE01,SE,D,D05,R02,25.00,0,,45,0,0
SE01/D05_SE01_R03.csv,SE01,SE,D,D05,R03,25.00,0,,45,0,0
SE01/D05_SE01_R04.csv,SE01,SE,D,D05,R04,25.00,0,,45,0,0
SE01/D05_SE01_R05.csv,SE01,SE,D,D05,R05,25.00,0,,45,0,0
SE01/D07_SE01_R01.csv,SE01,SE,D,D07,R01,11.99,0,,19,0,0
SE01/D07_SE01_R02.csv,SE01,SE,D,D07,R02,12.00,0,,19,0,0
SE01/D07_SE01_R03.csv,SE01,SE,D,D07,R03,12.01,0,,19,0,0
SE01/D07_SE01_R04.csv,SE01,SE,D,D07,R04,12.00,0,,19,0,0
SE01/D07_SE01_R05.csv,SE01,SE,D,D07,R05,12.00,0,,19,0,0
SE01/D08_SE01_R01.csv,SE01,SE,D,D08,R01,12.00,0,,19,0,0
SE01/D08_SE01_R02.csv,SE01,SE,D,D08,R02,12.00,0,,19,0,0
SE01/D08_SE01_R03.csv,SE01,SE,D,D08,R03,12.00,0,,19,0,0
SE01/D08_SE01_R04.csv,SE01,SE,D,D08,R04,12.00,0,,19,0,0
SE01/D08_SE01_R05.csv,SE01,SE,D,D08,R05,12.00,0,,19,0,0
SE01/D09_SE01_R01.csv,SE01,SE,D,D09,R01,12.00,0,,19,0,0
SE01/D09_SE01_R02.csv,SE01,SE,D,D09,R02,12.00,0,,19,0,0
SE01/D09_SE01_R03.csv,SE01,SE,D,D09,R03,12.00,0,,19,0,0
SE01/D09_SE01_R04.csv,SE01,SE,D,D09,R04,12.00,0,,19,0,0
SE01/D09_SE01_R05.csv,SE01,SE,D,D09,R05,12.00,0,,19,0,0
SE01/D10_SE01_R01.csv,SE01,SE,D,D10,R01,12.00,0,,19,0,0
SE01/D10_SE01_R02.csv,SE01,SE,D,D10,R02,12.00,0,,19,0,0
SE01/D10_SE01_R03.csv,SE01,SE,D,D10,R03,12.00,0,,19,0,0
SE01/D10_SE01_R04.csv,SE01,SE,D,D10,R04,12.00,0,,19,0,0
SE01/D10_SE01_R05.csv,SE01,SE,D,D10,R05,12.00,0,,19,0,0
SE01/D11_SE01_R01.csv,SE01,SE,D,D11,R01,12.00,0,,19,0,0
SE01/D11_SE01_R02.csv,SE01,SE,D,D11,R02,10.01,0,,15,0,0
SE01/D11_SE01_R03.csv,SE01,SE,D,D11,R03,9.99,0,,15,0,0
SE01/D11_SE01_R04.csv,SE01,SE,D,D11,R04,10.01,0,,15,0,0
SE01/D11_SE01_R05.csv,SE01,SE,D,D11,R05,10.00,0,,15,0,0
SE01/D12_SE01_R01.csv,SE01,SE,D,D12,R01,12.00,0,,19,0,0
SE01/D12_SE01_R02.csv,SE01,SE,D,D12,R02,12.00,0,,19,0,0
SE01/D12_SE01_R03.csv,SE01,SE,D,D12,R03,12.00,0,,19,0,0
SE01/D12_SE01_R04.csv,SE01,SE,D,D12,R04,12.00,0,,19,0,0
SE01/D12_SE01_R05.csv,SE01,SE,D,D12,R05,12.00,0,,19,0,0
SE01/D14_SE01_R01.csv,SE01,SE,D,D14,R01,12.00,0,,19,0,0
SE01/D14_SE01_R02.csv,SE01,SE,D,D14,R02,12.00,0,,19,0,0
SE01/D14_SE01_R03.csv,SE01,SE,D,D14,R03,12.00,0,,19,0,0
SE01/D14_SE01_R04.csv,SE01,SE,D,D14,R04,12.00,0,,19,0,0
SE01/D14_SE01_R05.csv,SE01,SE,D,D14,R05,12.00,0,,19,0,0
SE01/D15_SE01_R01.csv,SE01,SE,D,D15,R01,10.00,0,,15,0,0
SE01/D15_SE01_R02.csv,SE01,SE,D,D15,R02,10.00,0,,15,0,0
SE01/D15_SE01_R03.csv,SE01,SE,D,D15,R03,10.00,0,,15,0,0
SE01/D15_SE01_R04.csv,SE01,SE,D,D15,R04,10.00,0,,15,0,0
SE01/D15_SE01_R05.csv,SE01,SE,D,D15,R05,10.00,0,,15,0,0
SE01/D16_SE01_R01.csv,SE01,SE,D,D16,R01,9.99,0,,15,0,0
SE01/D16_SE01_R02.csv,SE01,SE,D,D16,R02,10.00,0,,15,0,0
SE01/D16_SE01_R03.csv,SE01,SE,D,D16,R03,10.00,0,,15,0,0
SE01/D16_SE01_R04.csv,SE01,SE,D,D16,R04,10.00,0,,15,0,0
SE01/D16_SE01_R05.csv,SE01,SE,D,D16,R05,10.00,0,,15,0,0
SE01/D17_SE01_R01.csv,SE01,SE,D,D17,R01,27.03,0,,49,0,0
SE01/D17_SE01_R02.csv,SE01,SE,D,D17,R02,23.02,0,,41,0,0
SE01/D17_SE01_R03.csv,SE01,SE,D,D17,R03,25.04,0,,45,0,0
SE01/D17_SE01_R04.csv,SE01,SE,D,D17,R04,21.02,0,,37,0,0
SE01/D17_SE01_R05.csv,SE01,SE,D,D17,R05,23.02,0,,41,0,0
SE02/D01_SE02_R01.csv,SE02,SE,D,D01,R01,100.00,0,,195,0,0
SE02/D02_SE02_R01.csv,SE02,SE,D,D02,R01,100.00,0,,195,0,0
SE02/D03_SE02_R01.csv,SE02,SE,D,D03,R01,100.00,9,17.98 39.48 42.48 54.98 58.98 67.48 83.98 88.48 92.48,195,68,9
SE02/D05_SE02_R01.csv,SE02,SE,D,D05,R01,25.00,0,,45,0,0
SE02/D05_SE02_R02.csv,SE02,SE,D,D05,R02,25.00,0,,45,0,0
SE02/D05_SE02_R03.csv,SE02,SE,D,D05,R03,25.00,0,,45,0,0
SE02/D05_SE02_R04.csv,SE02,SE,D,D05,R04,25.00,0,,45,0,0
SE02/D05_SE02_R05.csv,SE02,SE,D,D05,R05,25.00,0,,45,0,0
SE02/D07_SE02_R01.csv,SE02,SE,D,D07,R01,12.00,0,,19,0,0
SE02/D07_SE02_R02.csv,SE02,SE,D,D07,R02,12.00,0,,19,0,0
SE02/D07_SE02_R03.csv,SE02,SE,D,D07,R03,12.00,0,,19,0,0
SE02/D07_SE02_R04.csv,SE02,SE,D,D07,R04,12.00,0,,19,0,0
SE02/D07_SE02_R05.csv,SE02,SE,D,D07,R05,12.00,0,,19,0,0
SE02/D08_SE02_R01.csv,SE02,SE,D,D08,R01,12.00,0,,19,0,0
SE02/D08_SE02_R02.csv,SE02,SE,D,D08,R02,12.00,0,,19,0,0
SE02/D08_SE02_R03.csv,SE02,SE,D,D08,R03,12.00,0,,19,0,0
SE02/D08_SE02_R04.csv,SE02,SE,D,D08,R04,12.01,0,,19,0,0
SE02/D08_SE02_R05.csv,SE02,SE,D,D08,R05,12.00,0,,19,0,0
SE02/D11_SE02_R01.csv,SE02,SE,D,D11,R01,12.00,1,6.48,19,16,1
SE02/D11_SE02_R02.csv,SE02,SE,D,D11,R02,12.00,1,7.48,19,14,1
SE02/D11_SE02_R03.csv,SE02,SE,D,D11,R03,12.00,1,7.48,19,14,1
SE02/D11_SE02_R04.csv,SE02,SE,D,D11,R04,12.00,1,6.98,19,15,1
SE02/D11_SE02_R05.csv,SE02,SE,D,D11,R05,12.00,1,6.98,19,15,1
SE02/D12_SE02_R01.csv,SE02,SE,D,D12,R01,12.00,0,,19,0,0
SE02/D12_SE02_R02.csv,SE02,SE,D,D12,R02,12.00,0,,19,0,0
SE02/D12_SE02_R03.csv,SE02,SE,D,D12,R03,12.00,0,,19,0,0
SE02/D12_SE02_R04.csv,SE02,SE,D,D12,R04,12.01,0,,19,0,0
SE02/D12_SE02_R05.csv,SE02,SE,D,D12,R05,12.00,0,,19,0,0
SE02/D14_SE02_R01.csv,SE02,SE,D,D14,R01,12.00,0,,19,0,0
SE02/D14_SE02_R02.csv,SE02,SE,D,D14,R02,12.00,0,,19,0,0
SE02/D14_SE02_R03.csv,SE02,SE,D,D14,R03,12.00,0,,19,0,0
SE02/D14_SE02_R04.csv,SE02,SE,D,D14,R04,12.00,0,,19,0,0
SE02/D14_SE02_R05.csv,SE02,SE,D,D14,R05,12.00,0,,19,0,0
SE02/D15_SE02_R01.csv,SE02,SE,D,D15,R01,12.00,0,,19,0,0
SE02/D15_SE02_R02.csv,SE02,SE,D,D15,R02,12.00,0,,19,0,0
SE02/D15_SE02_R03.csv,SE02,SE,D,D15,R03,12.00,0,,19,0,0
SE02/D15_SE02_R04.csv,SE02,SE,D,D15,R04,12.00,0,,19,0,0
SE02/D15_SE02_R05.csv,SE02,SE,D,D15,R05,12.00,0,,19,0,0
SE02/D16_SE02_R01.csv,SE02,SE,D,D16,R01,11.99,0,,19,0,0
SE02/D16_SE02_R02.csv,SE02,SE,D,D16,R02,12.01,0,,19,0,0
SE02/D16_SE02_R03.csv,SE02,SE,D,D16,R03,12.01,0,,19,0,0
SE02/D16_SE02_R04.csv,SE02,SE,D,D16,R04,11.99,0,,19,0,0
SE02/D16_SE02_R05.csv,SE02,SE,D,D16,R05,12.00,0,,19,0,0
SE02/D17_SE02_R01.csv,SE02,SE,D,D17,R01,16.02,0,,27,0,0
SE02/D17_SE02_R02.csv,SE02,SE,D,D17,R02,16.02,0,,27,0,0
SE02/D17_SE02_R03.csv,SE02,SE,D,D17,R03,16.02,0,,27,0,0
SE02/D17_SE02_R04.csv,SE02,SE,D,D17,R04,16.02,0,,27,0,0
SE02/D17_SE02_R05.csv,SE02,SE,D,D17,R05,18.04,0,,31,0,0
SE03/D01_SE03_R01.csv,SE03,SE,D,D01,R01,100.00,0,,195,0,0
SE03/D02_SE03_R01.csv,SE03,SE,D,D02,R01,100.00,0,,195,0,0
SE03/D03_SE03_R01.csv,SE03,SE,D,D03,R01,100.00,3,18.98 61.48 88.48,195,18,3
SE03/D04_SE03_R01.csv,SE03,SE,D,D04,R01,110.03,4,46.48 78.98 90.98 98.48,215,155,4
SE03/D05_SE03_R01.csv,SE03,SE,D,D05,R01,25.00,0,,45,0,0
SE03/D05_SE03_R02.csv,SE03,SE,D,D05,R02,25.00,0,,45,0,0
SE03/D05_SE03_R03.csv,SE03,SE,D,D05,R03,25.00,0,,45,0,0
SE03/D05_SE03_R04.csv,SE03,SE,D,D05,R04,25.00,0,,45,0,0
SE03/D05_SE03_R05.csv,SE03,SE,D,D05,R05,25.00,0,,45,0,0
SE03/D07_SE03_R01.csv,SE03,SE,D,D07,R01,12.00,0,,19,0,0
SE03/D07_SE03_R02.csv,SE03,SE,D,D07,R02,12.00,0,,19,0,0
SE03/D07_SE03_R03.csv,SE03,SE,D,D07,R03,12.00,0,,19,0,0
SE03/D07_SE03_R04.csv,SE03,SE,D,D07,R04,12.00,0,,19,0,0
SE03/D07_SE03_R05.csv,SE03,SE,D,D07,R05,12.00,0,,19,0,0
SE03/D08_SE03_R01.csv,SE03,SE,D,D08,R01,12.00,1,5.48,19,18,1
SE03/D08_SE03_R02.csv,SE03,SE,D,D08,R02,12.00,0,,19,0,0
SE03/D08_SE03_R03.csv,SE03,SE,D,D08,R03,11.99,0,,19,0,0
SE03/D08_SE03_R04.csv,SE03,SE,D,D08,R04,12.00,0,,19,0,0
SE03/D08_SE03_R05.csv,SE03,SE,D,D08,R05,12.00,0,,19,0,0
SE03/D09_SE03_R01.csv,SE03,SE,D,D09,R01,12.01,0,,19,0,0
SE03/D09_SE03_R02.csv,SE03,SE,D,D09,R02,12.00,0,,19,0,0
SE03/D09_SE03_R03.csv,SE03,SE,D,D09,R03,12.00,0,,19,0,0
SE03/D09_SE03_R04.csv,SE03,SE,D,D09,R04,12.00,0,,19,0,0
SE03/D09_SE03_R05.csv,SE03,SE,D,D09,R05,12.00,0,,19,0,0
SE03/D10_SE03_R01.csv,SE03,SE,D,D10,R01,12.00,0,,19,0,0
SE03/D10_SE03_R02.csv,SE03,SE,D,D10,R02,11.99,0,,19,0,0
SE03/D10_SE03_R03.csv,SE03,SE,D,D10,R03,11.99,0,,19,0,0
SE03/D10_SE03_R04.csv,SE03,SE,D,D10,R04,12.01,0,,19,0,0
SE03/D10_SE03_R05.csv,SE03,SE,D,D10,R05,12.00,0,,19,0,0
SE03/D11_SE03_R01.csv,SE03,SE,D,D11,R01,11.99,0,,19,0,0
SE03/D11_SE03_R02.csv,SE03,SE,D,D11,R02,12.01,1,6.48,19,16,1
SE03/D11_SE03_R03.csv,SE03,SE,D,D11,R03,12.00,0,,19,0,0
SE03/D11_SE03_R04.csv,SE03,SE,D,D11,R04,12.00,1,6.98,19,15,1
SE03/D11_SE03_R05.csv,SE03,SE,D,D11,R05,12.00,0,,19,0,0
SE03/D12_SE03_R01.csv,SE03,SE,D,D12,R01,12.00,0,,19,0,0
SE03/D12_SE03_R02.csv,SE03,SE,D,D12,R02,12.00,0,,19,0,0
SE03/D12_SE03_R03.csv,SE03,SE,D,D12,R03,12.00,0,,19,0,0
SE03/D12_SE03_R04.csv,SE03,SE,D,D12,R04,12.00,0,,19,0,0
SE03/D12_SE03_R05.csv,SE03,SE,D,D12,R05,12.00,0,,19,0,0
SE03/D14_SE03_R01.csv,SE03,SE,D,D14,R01,12.00,0,,19,0,0
SE03/D14_SE03_R02.csv,SE03,SE,D,D14,R02,12.00,0,,19,0,0
SE03/D14_SE03_R03.csv,SE03,SE,D,D14,R03,12.00,0,,19,0,0
SE03/D14_SE03_R04.csv,SE03,SE,D,D14,R04,12.00,0,,19,0,0
SE03/D14_SE03_R05.csv,SE03,SE,D,D14,R05,12.00,0,,19,0,0
SE03/D15_SE03_R01.csv,SE03,SE,D,D15,R01,12.00,0,,19,0,0
SE03/D15_SE03_R02.csv,SE03,SE,D,D15,R02,12.00,0,,19,0,0
SE03/D15_SE03_R03.csv,SE03,SE,D,D15,R03,12.00,0,,19,0,0
SE03/D15_SE03_R04.csv,SE03,SE,D,D15,R04,12.00,0,,19,0,0
SE03/D15_SE03_R05.csv,SE03,SE,D,D15,R05,12.00,0,,19,0,0
SE03/D16_SE03_R01.csv,SE03,SE,D,D16,R01,12.00,0,,19,0,0
SE03/D16_SE03_R02.csv,SE03,SE,D,D16,R02,12.00,0,,19,0,0
SE03/D16_SE03_R03.csv,SE03,SE,D,D16,R03,12.00,0,,19,0,0
SE03/D16_SE03_R04.csv,SE03,SE,D,D16,R04,12.00,0,,19,0,0
SE03/D16_SE03_R05.csv,SE03,SE,D,D16,R05,12.00,0,,19,0,0
SE03/D17_SE03_R01.csv,SE03,SE,D,D17,R01,23.03,0,,41,0,0
SE03/D17_SE03_R02.csv,SE03,SE,D,D17,R02,21.02,0,,37,0,0
SE03/D17_SE03_R03.csv,SE03,SE,D,D17,R03,25.02,0,,45,0,0
SE03/D17_SE03_R04.csv,SE03,SE,D,D17,R04,25.05,0,,45,0,0
SE03/D17_SE03_R05.csv,SE03,SE,D,D17,R05,24.03,0,,43,0,0
SE04/D01_SE04_R01.csv,SE04,SE,D,D01,R01,100.00,0,,195,0,0
SE04/D02_SE04_R01.csv,SE04,SE,D,D02,R01,100.00,0,,195,0,0
SE04/D03_SE04_R01.csv,SE04,SE,D,D03,R01,100.00,2,30.98 68.48,195,170,2
SE04/D04_SE04_R01.csv,SE04,SE,D,D04,R01,100.00,2,32.98 93.48,195,169,2
SE04/D05_SE04_R01.csv,SE04,SE,D,D05,R01,25.00,0,,45,0,0
SE04/D05_SE04_R02.csv,SE04,SE,D,D05,R02,25.00,0,,45,0,0
SE04/D05_SE04_R03.csv,SE04,SE,D,D05,R03,25.00,0,,45,0,0
SE04/D05_SE04_R04.csv,SE04,SE,D,D05,R04,25.00,0,,45,0,0
SE04/D05_SE04_R05.csv,SE04,SE,D,D05,R05,25.00,0,,45,0,0
SE04/D07_SE04_R01.csv,SE04,SE,D,D07,R01,11.99,0,,19,0,0
SE04/D07_SE04_R02.csv,SE04,SE,D,D07,R02,12.00,0,,19,0,0
SE04/D07_SE04_R03.csv,SE04,SE,D,D07,R03,12.00,0,,19,0,0
SE04/D07_SE04_R04.csv,SE04,SE,D,D07,R04,12.00,0,,19,0,0
SE04/D07_SE04_R05.csv,SE04,SE,D,D07,R05,12.01,0,,19,0,0
SE04/D08_SE04_R01.csv,SE04,SE,D,D08,R01,12.00,0,,19,0,0
SE04/D08_SE04_R02.csv,SE04,SE,D,D08,R02,12.00,0,,19,0,0
SE04/D08_SE04_R03.csv,SE04,SE,D,D08,R03,12.00,0,,19,0,0
SE04/D08_SE04_R04.csv,SE04,SE,D,D08,R04,12.00,0,,19,0,0
SE04/D08_SE04_R05.csv,SE04,SE,D,D08,R05,12.00,0,,19,0,0
SE04/D09_SE04_R01.csv,SE04,SE,D,D09,R01,12.00,0,,19,0,0
SE04/D09_SE04_R02.csv,SE04,SE,D,D09,R02,12.00,0,,19,0,0
SE04/D09_SE04_R03.csv,SE04,SE,D,D09,R03,12.00,0,,19,0,0
SE04/D09_SE04_R04.csv,SE04,SE,D,D09,R04,12.00,0,,19,0,0
SE04/D09_SE04_R05.csv,SE04,SE,D,D09,R05,12.00,0,,19,0,0
SE04/D10_SE04_R01.csv,SE04,SE,D,D10,R01,12.00,0,,19,0,0
SE04/D10_SE04_R02.csv,SE04,SE,D,D10,R02,12.00,0,,19,0,0
SE04/D10_SE04_R03.csv,SE04,SE,D,D10,R03,12.00,0,,19,0,0
SE04/D10_SE04_R04.csv,SE04,SE,D,D10,R04,12.00,0,,19,0,0
SE04/D10_SE04_R05.csv,SE04,SE,D,D10,R05,11.99,0,,19,0,0
SE04/D11_SE04_R01.csv,SE04,SE,D,D11,R01,12.00,0,,19,0,0
SE04/D11_SE04_R02.csv,SE04,SE,D,D11,R02,12.00,1,6.48,19,16,1
SE04/D11_SE04_R03.csv,SE04,SE,D,D11,R03,12.00,0,,19,0,0
SE04/D11_SE04_R04.csv,SE04,SE,D,D11,R04,12.00,1,6.98,19,15,1
SE04/D11_SE04_R05.csv,SE04,SE,D,D11,R05,12.00,0,,19,0,0
SE04/D12_SE04_R01.csv,SE04,SE,D,D12,R01,12.00,0,,19,0,0
SE04/D12_SE04_R02.csv,SE04,SE,D,D12,R02,12.00,0,,19,0,0
SE04/D12_SE04_R03.csv,SE04,SE,D,D12,R03,12.00,0,,19,0,0
SE04/D12_SE04_R04.csv,SE04,SE,D,D12,R04,12.00,0,,19,0,0
SE04/D12_SE04_R05.csv,SE04,SE,D,D12,R05,12.00,0,,19,0,0
SE04/D14_SE04_R01.csv,SE04,SE,D,D14,R01,11.99,0,,19,0,0
SE04/D14_SE04_R02.csv,SE04,SE,D,D14,R02,12.00,0,,19,0,0
SE04/D14_SE04_R03.csv,SE04,SE,D,D14,R03,12.00,0,,19,0,0
SE04/D14_SE04_R04.csv,SE04,SE,D,D14,R04,12.00,0,,19,0,0
SE04/D14_SE04_R05.csv,SE04,SE,D,D14,R05,12.00,0,,19,0,0
SE04/D15_SE04_R01.csv,SE04,SE,D,D15,R01,12.00,0,,19,0,0
SE04/D15_SE04_R02.csv,SE04,SE,D,D15,R02,12.00,0,,19,0,0
SE04/D15_SE04_R03.csv,SE04,SE,D,D15,R03,12.00,0,,19,0,0
SE04/D15_SE04_R04.csv,SE04,SE,D,D15,R04,12.00,0,,19,0,0
SE04/D15_SE04_R05.csv,SE04,SE,D,D15,R05,12.00,0,,19,0,0
SE04/D16_SE04_R01.csv,SE04,SE,D,D16,R01,11.99,0,,19,0,0
SE04/D16_SE04_R02.csv,SE04,SE,D,D16,R02,12.00,0,,19,0,0
SE04/D16_SE04_R03.csv,SE04,SE,D,D16,R03,12.00,0,,19,0,0
SE04/D16_SE04_R04.csv,SE04,SE,D,D16,R04,12.00,0,,19,0,0
SE04/D16_SE04_R05.csv,SE04,SE,D,D16,R05,12.00,0,,19,0,0
SE04/D17_SE04_R01.csv,SE04,SE,D,D17,R01,21.03,0,,37,0,0
SE04/D17_SE04_R02.csv,SE04,SE,D,D17,R02,19.04,0,,33,0,0
SE04/D17_SE04_R03.csv,SE04,SE,D,D17,R03,16.02,0,,27,0,0
SE04/D17_SE04_R04.csv,SE04,SE,D,D17,R04,16.02,0,,27,0,0
SE04/D17_SE04_R05.csv,SE04,SE,D,D17,R05,16.02,0,,27,0,0
SE05/D01_SE05_R01.csv,SE05,SE,D,D01,R01,100.00,0,,195,0,0
SE05/D02_SE05_R01.csv,SE05,SE,D,D02,R01,100.00,0,,195,0,0
SE05/D03_SE05_R01.csv,SE05,SE,D,D03,R01,100.00,0,,195,149,0
SE05/D04_SE05_R01.csv,SE05,SE,D,D04,R01,100.00,1,35.48,195,153,1
SE05/D05_SE05_R01.csv,SE05,SE,D,D05,R01,25.00,0,,45,0,0
SE05/D05_SE05_R02.csv,SE05,SE,D,D05,R02,25.00,0,,45,0,0
SE05/D05_SE05_R03.csv,SE05,SE,D,D05,R03,25.00,0,,45,0,0
SE05/D05_SE05_R04.csv,SE05,SE,D,D05,R04,25.00,0,,45,0,0
SE05/D05_SE05_R05.csv,SE05,SE,D,D05,R05,25.00,0,,45,0,0
SE05/D07_SE05_R01.csv,SE05,SE,D,D07,R01,11.99,0,,19,0,0
SE05/D07_SE05_R02.csv,SE05,SE,D,D07,R02,12.00,0,,19,0,0
SE05/D07_SE05_R03.csv,SE05,SE,D,D07,R03,12.00,0,,19,0,0
SE05/D07_SE05_R04.csv,SE05,SE,D,D07,R04,12.00,0,,19,0,0
SE05/D07_SE05_R05.csv,SE05,SE,D,D07,R05,11.99,0,,19,0,0
SE05/D08_SE05_R01.csv,SE05,SE,D,D08,R01,12.00,0,,19,0,0
SE05/D08_SE05_R02.csv,SE05,SE,D,D08,R02,12.00,0,,19,0,0
SE05/D08_SE05_R03.csv,SE05,SE,D,D08,R03,12.01,0,,19,0,0
SE05/D08_SE05_R04.csv,SE05,SE,D,D08,R04,12.00,0,,19,0,0
SE05/D08_SE05_R05.csv,SE05,SE,D,D08,R05,12.00,0,,19,0,0
SE05/D09_SE05_R01.csv,SE05,SE,D,D09,R01,12.00,0,,19,0,0
SE05/D09_SE05_R02.csv,SE05,SE,D,D09,R02,12.00,0,,19,0,0
SE05/D09_SE05_R03.csv,SE05,SE,D,D09,R03,12.00,0,,19,0,0
SE05/D09_SE05_R04.csv,SE05,SE,D,D09,R04,12.00,0,,19,0,0
SE05/D09_SE05_R05.csv,SE05,SE,D,D09,R05,12.00,0,,19,0,0
SE05/D10_SE05_R01.csv,SE05,SE,D,D10,R01,12.00,0,,19,0,0
SE05/D10_SE05_R02.csv,SE05,SE,D,D10,R02,12.00,0,,19,0,0
SE05/D10_SE05_R03.csv,SE05,SE,D,D10,R03,12.00,0,,19,0,0
SE05/D10_SE05_R04.csv,SE05,SE,D,D10,R04,12.00,0,,19,0,0
SE05/D10_SE05_R05.csv,SE05,SE,D,D10,R05,12.00,0,,19,0,0
SE05/D11_SE05_R01.csv,SE05,SE,D,D11,R01,11.99,0,,19,0,0
SE05/D11_SE05_R02.csv,SE05,SE,D,D11,R02,12.00,0,,19,0,0
SE05/D11_SE05_R03.csv,SE05,SE,D,D11,R03,12.00,0,,19,0,0
SE05/D11_SE05_R04.csv,SE05,SE,D,D11,R04,12.00,0,,19,0,0
SE05/D11_SE05_R05.csv,SE05,SE,D,D11,R05,12.00,0,,19,0,0
SE05/D12_SE05_R01.csv,SE05,SE,D,D12,R01,12.00,0,,19,0,0
SE05/D12_SE05_R02.csv,SE05,SE,D,D12,R02,12.00,0,,19,0,0
SE05/D12_SE05_R03.csv,SE05,SE,D,D12,R03,12.00,0,,19,0,0
SE05/D12_SE05_R04.csv,SE05,SE,D,D12,R04,12.00,0,,19,0,0
SE05/D12_SE05_R05.csv,SE05,SE,D,D12,R05,12.00,0,,19,0,0
SE05/D14_SE05_R01.csv,SE05,SE,D,D14,R01,12.00,0,,19,0,0
SE05/D14_SE05_R02.csv,SE05,SE,D,D14,R02,12.00,0,,19,0,0
SE05/D14_SE05_R03.csv,SE05,SE,D,D14,R03,12.00,0,,19,0,0
SE05/D14_SE05_R04.csv,SE05,SE,D,D14,R04,12.00,0,,19,0,0
SE05/D14_SE05_R05.csv,SE05,SE,D,D14,R05,12.00,0,,19,0,0
SE05/D15_SE05_R01.csv,SE05,SE,D,D15,R01,12.00,0,,19,0,0
SE05/D15_SE05_R02.csv,SE05,SE,D,D15,R02,12.00,0,,19,0,0
SE05/D15_SE05_R03.csv,SE05,SE,D,D15,R03,12.00,0,,19,0,0
SE05/D15_SE05_R04.csv,SE05,SE,D,D15,R04,12.00,0,,19,0,0
SE05/D15_SE05_R05.csv,SE05,SE,D,D15,R05,12.00,0,,19,0,0
SE05/D16_SE05_R01.csv,SE05,SE,D,D16,R01,11.99,0,,19,0,0
SE05/D16_SE05_R02.csv,SE05,SE,D,D16,R02,12.00,0,,19,0,0
SE05/D16_SE05_R03.csv,SE05,SE,D,D16,R03,12.00,0,,19,0,0
SE05/D16_SE05_R04.csv,SE05,SE,D,D16,R04,12.00,0,,19,0,0
SE05/D16_SE05_R05.csv,SE05,SE,D,D16,R05,12.00,0,,19,0,0
SE05/D17_SE05_R01.csv,SE05,SE,D,D17,R01,20.03,0,,35,0,0
SE05/D17_SE05_R02.csv,SE05,SE,D,D17,R02,25.04,0,,45,0,0
SE05/D17_SE05_R03.csv,SE05,SE,D,D17,R03,17.02,0,,29,0,0
SE05/D17_SE05_R04.csv,SE05,SE,D,D17,R04,17.02,0,,29,0,0
SE05/D17_SE05_R05.csv,SE05,SE,D,D17,R05,19.02,0,,33,0,0
SE06/D01_SE06_R01.csv,SE06,SE,D,D01,R01,100.00,0,,195,0,0
SE06/D02_SE06_R01.csv,SE06,SE,D,D02,R01,100.00,0,,195,0,0
SE06/D03_SE06_R01.csv,SE06,SE,D,D03,R01,100.00,0,,195,0,0
SE06/D04_SE06_R01.csv,SE06,SE,D,D04,R01,100.00,1,18.98,195,5,1
SE06/D05_SE06_R01.csv,SE06,SE,D,D05,R01,25.00,0,,45,0,0
SE06/D05_SE06_R02.csv,SE06,SE,D,D05,R02,25.00,0,,45,0,0
SE06/D05_SE06_R03.csv,SE06,SE,D,D05,R03,25.00,0,,45,0,0
SE06/D05_SE06_R04.csv,SE06,SE,D,D05,R04,25.00,0,,45,0,0
SE06/D05_SE06_R05.csv,SE06,SE,D,D05,R05,25.00,0,,45,0,0
SE06/D06_SE06_R01.csv,SE06,SE,D,D06,R01,25.00,1,17.48,45,3,1
SE06/D06_SE06_R02.csv,SE06,SE,D,D06,R02,25.00,0,,45,0,0
SE06/D06_SE06_R03.csv,SE06,SE,D,D06,R03,25.00,0,,45,0,0
SE06/D06_SE06_R04.csv,SE06,SE,D,D06,R04,25.00,1,17.48,45,20,1
SE06/D06_SE06_R05.csv,SE06,SE,D,D06,R05,25.00,0,,45,0,0
SE06/D07_SE06_R01.csv,SE06,SE,D,D07,R01,11.99,0,,19,0,0
SE06/D07_SE06_R02.csv,SE06,SE,D,D07,R02,12.00,0,,19,0,0
SE06/D07_SE06_R03.csv,SE06,SE,D,D07,R03,12.00,0,,19,0,0
SE06/D07_SE06_R04.csv,SE06,SE,D,D07,R04,12.00,0,,19,0,0
SE06/D07_SE06_R05.csv,SE06,SE,D,D07,R05,12.00,0,,19,0,0
SE06/D08_SE06_R01.csv,SE06,SE,D,D08,R01,12.00,0,,19,0,0
SE06/D08_SE06_R02.csv,SE06,SE,D,D08,R02,12.00,0,,19,0,0
SE06/D08_SE06_R03.csv,SE06,SE,D,D08,R03,12.00,0,,19,0,0
SE06/D08_SE06_R04.csv,SE06,SE,D,D08,R04,12.00,0,,19,0,0
SE06/D08_SE06_R05.csv,SE06,SE,D,D08,R05,12.00,0,,19,0,0
SE06/D09_SE06_R01.csv,SE06,SE,D,D09,R01,12.00,0,,19,0,0
SE06/D09_SE06_R02.csv,SE06,SE,D,D09,R02,12.00,0,,19,0,0
SE06/D09_SE06_R03.csv,SE06,SE,D,D09,R03,12.00,0,,19,0,0
SE06/D09_SE06_R04.csv,SE06,SE,D,D09,R04,12.00,0,,19,0,0
SE06/D09_SE06_R05.csv,SE06,SE,D,D09,R05,12.00,0,,19,0,0
SE06/D10_SE06_R01.csv,SE06,SE,D,D10,R01,12.00,0,,19,0,0
SE06/D10_SE06_R02.csv,SE06,SE,D,D10,R02,12.00,0,,19,0,0
SE06/D10_SE06_R03.csv,SE06,SE,D,D10,R03,12.00,0,,19,0,0
SE06/D10_SE06_R04.csv,SE06,SE,D,D10,R04,12.00,0,,19,0,0
SE06/D10_SE06_R05.csv,SE06,SE,D,D10,R05,12.00,0,,19,0,0
SE06/D11_SE06_R01.csv,SE06,SE,D,D11,R01,12.02,0,,19,0,0
SE06/D11_SE06_R02.csv,SE06,SE,D,D11,R02,12.00,0,,19,0,0
SE06/D11_SE06_R03.csv,SE06,SE,D,D11,R03,12.00,0,,19,0,0
SE06/D11_SE06_R04.csv,SE06,SE,D,D11,R04,12.00,0,,19,0,0
SE06/D11_SE06_R05.csv,SE06,SE,D,D11,R05,12.00,0,,19,0,0
SE06/D12_SE06_R01.csv,SE06,SE,D,D12,R01,12.00,0,,19,0,0
SE06/D12_SE06_R02.csv,SE06,SE,D,D12,R02,12.00,0,,19,0,0
SE06/D12_SE06_R03.csv,SE06,SE,D,D12,R03,12.00,0,,19,0,0
SE06/D12_SE06_R04.csv,SE06,SE,D,D12,R04,12.00,0,,19,0,0
SE06/D12_SE06_R05.csv,SE06,SE,D,D12,R05,12.00,0,,19,0,0
SE06/D13_SE06_R01.csv,SE06,SE,D,D13,R01,12.00,0,,19,0,0
SE06/D13_SE06_R02.csv,SE06,SE,D,D13,R02,12.00,0,,19,0,0
SE06/D13_SE06_R03.csv,SE06,SE,D,D13,R03,12.00,0,,19,0,0
SE06/D13_SE06_R04.csv,SE06,SE,D,D13,R04,12.00,0,,19,0,0
SE06/D13_SE06_R05.csv,SE06,SE,D,D13,R05,12.00,0,,19,0,0
SE06/D14_SE06_R01.csv,SE06,SE,D,D14,R01,12.00,0,,19,0,0
SE06/D14_SE06_R02.csv,SE06,SE,D,D14,R02,12.00,0,,19,0,0
SE06/D14_SE06_R03.csv,SE06,SE,D,D14,R03,12.00,0,,19,0,0
SE06/D14_SE06_R04.csv,SE06,SE,D,D14,R04,12.00,0,,19,0,0
SE06/D14_SE06_R05.csv,SE06,SE,D,D14,R05,12.00,0,,19,0,0
SE06/D15_SE06_R01.csv,SE06,SE,D,D15,R01,12.00,0,,19,0,0
SE06/D15_SE06_R02.csv,SE06,SE,D,D15,R02,12.00,0,,19,0,0
SE06/D15_SE06_R03.csv,SE06,SE,D,D15,R03,12.00,0,,19,0,0
SE06/D15_SE06_R04.csv,SE06,SE,D,D15,R04,12.00,0,,19,0,0
SE06/D15_SE06_R05.csv,SE06,SE,D,D15,R05,12.00,0,,19,0,0
SE06/D16_SE06_R01.csv,SE06,SE,D,D16,R01,11.99,0,,19,0,0
SE06/D16_SE06_R02.csv,SE06,SE,D,D16,R02,12.00,0,,19,0,0
SE06/D16_SE06_R03.csv,SE06,SE,D,D16,R03,12.00,0,,19,0,0
SE06/D16_SE06_R04.csv,SE06,SE,D,D16,R04,12.00,0,,19,0,0
SE06/D16_SE06_R05.csv,SE06,SE,D,D16,R05,12.00,0,,19,0,0
SE06/D17_SE06_R01.csv,SE06,SE,D,D17,R01,25.00,0,,45,0,0
SE06/D17_SE06_R02.csv,SE06,SE,D,D17,R02,25.00,0,,45,0,0
SE06/D17_SE06_R03.csv,SE06,SE,D,D17,R03,25.00,0,,45,0,0
SE06/D17_SE06_R04.csv,SE06,SE,D,D17,R04,25.00,0,,45,0,0
SE06/D17_SE06_R05.csv,SE06,SE,D,D17,R05,25.00,0,,45,0,0
SE06/D18_SE06_R01.csv,SE06,SE,D,D18,R01,12.00,0,,19,0,0
SE06/D18_SE06_R02.csv,SE06,SE,D,D18,R02,12.00,1,6.48,19,16,1
SE06/D18_SE06_R03.csv,SE06,SE,D,D18,R03,12.00,1,6.48,19,16,1
SE06/D18_SE06_R04.csv,SE06,SE,D,D18,R04,12.00,0,,19,0,0
SE06/D18_SE06_R05.csv,SE06,SE,D,D18,R05,12.00,1,6.48,19,16,1
SE06/D19_SE06_R01.csv,SE06,SE,D,D19,R01,12.00,2,4.98 8.48,19,19,2
SE06/D19_SE06_R02.csv,SE06,SE,D,D19,R02,12.00,2,5.48 7.98,19,18,2
SE06/D19_SE06_R03.csv,SE06,SE,D,D19,R03,12.00,1,7.98,19,17,1
SE06/D19_SE06_R04.csv,SE06,SE,D,D19,R04,12.00,1,6.98,19,19,1
SE06/D19_SE06_R05.csv,SE06,SE,D,D19,R05,12.00,1,7.48,19,18,1
SE06/F01_SE06_R01.csv,SE06,SE,F,F01,R01,15.00,0,,25,0,0
SE06/F01_SE06_R02.csv,SE06,SE,F,F01,R02,15.00,1,11.98,25,11,1
SE06/F01_SE06_R03.csv,SE06,SE,F,F01,R03,15.00,1,11.48,25,12,1
SE06/F01_SE06_R04.csv,SE06,SE,F,F01,R04,15.00,0,,25,0,0
SE06/F01_SE06_R05.csv,SE06,SE,F,F01,R05,15.00,1,12.98,25,9,1
SE06/F02_SE06_R01.csv,SE06,SE,F,F02,R01,15.00,1,14.98,25,1,1
SE06/F02_SE06_R02.csv,SE06,SE,F,F02,R02,15.00,1,8.98,25,17,1
SE06/F02_SE06_R03.csv,SE06,SE,F,F02,R03,15.00,1,8.98,25,17,1
SE06/F02_SE06_R04.csv,SE06,SE,F,F02,R04,15.00,1,10.48,25,14,1
SE06/F02_SE06_R05.csv,SE06,SE,F,F02,R05,15.00,1,10.48,25,14,1
SE06/F03_SE06_R01.csv,SE06,SE,F,F03,R01,15.00,0,,25,0,0
SE06/F03_SE06_R02.csv,SE06,SE,F,F03,R02,15.00,0,,25,1,0
SE06/F03_SE06_R03.csv,SE06,SE,F,F03,R03,15.00,1,8.98,25,17,1
SE06/F03_SE06_R04.csv,SE06,SE,F,F03,R04,15.00,1,9.48,25,17,1
SE06/F03_SE06_R05.csv,SE06,SE,F,F03,R05,15.00,1,8.48,25,18,1
SE06/F04_SE06_R01.csv,SE06,SE,F,F04,R01,15.00,1,10.98,25,13,1
SE06/F04_SE06_R02.csv,SE06,SE,F,F04,R02,15.00,0,,25,1,0
SE06/F04_SE06_R03.csv,SE06,SE,F,F04,R03,15.00,1,12.98,25,9,1
SE06/F04_SE06_R04.csv,SE06,SE,F,F04,R04,15.00,1,12.98,25,10,1
SE06/F04_SE06_R05.csv,SE06,SE,F,F04,R05,15.00,1,11.48,25,12,1
SE06/F05_SE06_R01.csv,SE06,SE,F,F05,R01,15.00,0,,25,0,0
SE06/F05_SE06_R02.csv,SE06,SE,F,F05,R02,15.00,0,,25,0,0
SE06/F05_SE06_R03.csv,SE06,SE,F,F05,R03,15.00,0,,25,0,0
SE06/F05_SE06_R04.csv,SE06,SE,F,F05,R04,15.00,0,,25,0,0
SE06/F05_SE06_R05.csv,SE06,SE,F,F05,R05,15.00,0,,25,2,0
SE06/F06_SE06_R01.csv,SE06,SE,F,F06,R01,14.99,1,14.98,25,5,1
SE06/F06_SE06_R02.csv,SE06,SE,F,F06,R02,15.00,0,,25,0,0
SE06/F06_SE06_R03.csv,SE06,SE,F,F06,R03,15.00,1,12.48,25,10,1
SE06/F06_SE06_R04.csv,SE06,SE,F,F06,R04,15.00,0,,25,0,0
SE06/F06_SE06_R05.csv,SE06,SE,F,F06,R05,15.00,1,11.48,25,12,1
SE06/F07_SE06_R01.csv,SE06,SE,F,F07,R01,15.00,1,10.48,25,14,1
SE06/F07_SE06_R02.csv,SE06,SE,F,F07,R02,15.00,0,,25,0,0
SE06/F07_SE06_R03.csv,SE06,SE,F,F07,R03,15.00,0,,25,0,0
SE06/F07_SE06_R04.csv,SE06,SE,F,F07,R04,15.00,0,,25,0,0
SE06/F07_SE06_R05.csv,SE06,SE,F,F07,R05,14.99,0,,25,0,0
SE06/F08_SE06_R01.csv,SE06,SE,F,F08,R01,15.00,0,,25,0,0
SE06/F08_SE06_R02.csv,SE06,SE,F,F08,R02,15.00,0,,25,0,0
SE06/F08_SE06_R03.csv,SE06,SE,F,F08,R03,15.00,0,,25,0,0
SE06/F08_SE06_R04.csv,SE06,SE,F,F08,R04,15.00,0,,25,0,0
SE06/F08_SE06_R05.csv,SE06,SE,F,F08,R05,15.00,0,,25,0,0
SE06/F09_SE06_R01.csv,SE06,SE,F,F09,R01,14.99,1,6.98,25,20,1
SE06/F09_SE06_R02.csv,SE06,SE,F,F09,R02,15.00,1,5.98,25,20,1
SE06/F09_SE06_R03.csv,SE06,SE,F,F09,R03,15.00,0,,25,0,0
SE06/F09_SE06_R04.csv,SE06,SE,F,F09,R04,15.00,0,,25,0,0
SE06/F09_SE06_R05.csv,SE06,SE,F,F09,R05,15.00,1,7.48,25,19,1
SE06/F10_SE06_R01.csv,SE06,SE,F,F10,R01,15.00,0,,25,0,0
SE06/F10_SE06_R02.csv,SE06,SE,F,F10,R02,15.00,0,,25,0,0
SE06/F10_SE06_R03.csv,SE06,SE,F,F10,R03,15.00,0,,25,0,0
SE06/F10_SE06_R04.csv,SE06,SE,F,F10,R04,15.00,0,,25,0,0
SE06/F10_SE06_R05.csv,SE06,SE,F,F10,R05,15.00,0,,25,0,0
SE06/F11_SE06_R01.csv,SE06,SE,F,F11,R01,14.99,1,8.98,25,17,1
SE06/F11_SE06_R02.csv,SE06,SE,F,F11,R02,15.00,1,7.98,25,20,1
SE06/F11_SE06_R03.csv,SE06,SE,F,F11,R03,15.00,1,8.98,25,17,1
SE06/F11_SE06_R04.csv,SE06,SE,F,F11,R04,15.00,1,5.48,25,19,1
SE06/F11_SE06_R05.csv,SE06,SE,F,F11,R05,14.99,1,6.98,25,20,1
SE06/F12_SE06_R01.csv,SE06,SE,F,F12,R01,15.00,0,,25,0,0
SE06/F12_SE06_R02.csv,SE06,SE,F,F12,R02,15.00,1,8.98,25,17,1
SE06/F12_SE06_R03.csv,SE06,SE,F,F12,R03,15.00,1,5.98,25,20,1
SE06/F12_SE06_R04.csv,SE06,SE,F,F12,R04,15.00,1,4.98,25,20,1
SE06/F12_SE06_R05.csv,SE06,SE,F,F12,R05,15.00,0,,25,0,0
SE06/F13_SE06_R01.csv,SE06,SE,F,F13,R01,15.00,0,,25,0,0
SE06/F13_SE06_R02.csv,SE06,SE,F,F13,R02,14.99,0,,25,0,0
SE06/F13_SE06_R03.csv,SE06,SE,F,F13,R03,15.00,1,12.48,25,10,1
SE06/F13_SE06_R04.csv,SE06,SE,F,F13,R04,15.00,0,,25,0,0
SE06/F13_SE06_R05.csv,SE06,SE,F,F13,R05,15.00,0,,25,0,0
SE06/F14_SE06_R01.csv,SE06,SE,F,F14,R01,15.00,1,4.48,25,19,1
SE06/F14_SE06_R02.csv,SE06,SE,F,F14,R02,15.00,1,7.98,25,20,1
SE06/F14_SE06_R03.csv,SE06,SE,F,F14,R03,15.00,1,6.98,25,20,1
SE06/F14_SE06_R04.csv,SE06,SE,F,F14,R04,15.00,1,8.48,25,18,1
SE06/F14_SE06_R05.csv,SE06,SE,F,F14,R05,15.00,1,6.48,25,20,1
SE06/F15_SE06_R01.csv,SE06,SE,F,F15,R01,15.00,1,8.98,25,18,1
SE06/F15_SE06_R02.csv,SE06,SE,F,F15,R02,15.00,1,10.48,25,14,1
SE06/F15_SE06_R03.csv,SE06,SE,F,F15,R03,15.00,1,7.98,25,19,1
SE06/F15_SE06_R04.csv,SE06,SE,F,F15,R04,15.00,1,10.48,25,14,1
SE06/F15_SE06_R05.csv,SE06,SE,F,F15,R05,15.00,1,11.48,25,12,1
SE07/D01_SE07_R01.csv,SE07,SE,D,D01,R01,100.00,0,,195,0,0
SE07/D02_SE07_R01.csv,SE07,SE,D,D02,R01,100.00,0,,195,0,0
SE07/D03_SE07_R01.csv,SE07,SE,D,D03,R01,99.97,8,13.98 28.48 42.48 48.48 75.48 84.98 86.98 98.98,194,74,8
SE07/D04_SE07_R01.csv,SE07,SE,D,D04,R01,99.98,7,11.98 37.48 46.48 65.98 79.98 84.98 87.98,195,144,7
SE07/D05_SE07_R01.csv,SE07,SE,D,D05,R01,25.00,0,,45,0,0
SE07/D05_SE07_R02.csv,SE07,SE,D,D05,R02,25.00,0,,45,0,0
SE07/D05_SE07_R03.csv,SE07,SE,D,D05,R03,25.00,1,18.48,45,18,1
SE07/D05_SE07_R04.csv,SE07,SE,D,D05,R04,25.00,0,,45,0,0
SE07/D05_SE07_R05.csv,SE07,SE,D,D05,R05,25.00,0,,45,0,0
SE07/D07_SE07_R01.csv,SE07,SE,D,D07,R01,12.00,0,,19,0,0
SE07/D07_SE07_R02.csv,SE07,SE,D,D07,R02,12.00,0,,19,0,0
SE07/D07_SE07_R03.csv,SE07,SE,D,D07,R03,12.00,0,,19,0,0
SE07/D07_SE07_R04.csv,SE07,SE,D,D07,R04,12.00,0,,19,0,0
SE07/D07_SE07_R05.csv,SE07,SE,D,D07,R05,12.00,0,,19,0,0
SE07/D08_SE07_R01.csv,SE07,SE,D,D08,R01,12.00,0,,19,0,0
SE07/D08_SE07_R02.csv,SE07,SE,D,D08,R02,12.00,0,,19,0,0
SE07/D08_SE07_R03.csv,SE07,SE,D,D08,R03,11.99,0,,19,0,0
SE07/D08_SE07_R04.csv,SE07,SE,D,D08,R04,12.00,0,,19,0,0
SE07/D08_SE07_R05.csv,SE07,SE,D,D08,R05,12.00,0,,19,0,0
SE07/D09_SE07_R01.csv,SE07,SE,D,D09,R01,12.00,0,,19,0,0
SE07/D09_SE07_R02.csv,SE07,SE,D,D09,R02,12.00,0,,19,0,0
SE07/D09_SE07_R03.csv,SE07,SE,D,D09,R03,12.00,0,,19,0,0
SE07/D09_SE07_R04.csv,SE07,SE,D,D09,R04,12.00,0,,19,0,0
SE07/D09_SE07_R05.csv,SE07,SE,D,D09,R05,12.00,0,,19,0,0
SE07/D10_SE07_R01.csv,SE07,SE,D,D10,R01,12.00,0,,19,0,0
SE07/D10_SE07_R02.csv,SE07,SE,D,D10,R02,12.00,0,,19,0,0
SE07/D10_SE07_R03.csv,SE07,SE,D,D10,R03,12.00,0,,19,0,0
SE07/D10_SE07_R04.csv,SE07,SE,D,D10,R04,12.00,0,,19,0,0
SE07/D10_SE07_R05.csv,SE07,SE,D,D10,R05,12.00,0,,19,0,0
SE07/D11_SE07_R01.csv,SE07,SE,D,D11,R01,12.00,0,,19,0,0
SE07/D11_SE07_R02.csv,SE07,SE,D,D11,R02,12.00,0,,19,0,0
SE07/D11_SE07_R03.csv,SE07,SE,D,D11,R03,12.00,0,,19,0,0
SE07/D11_SE07_R04.csv,SE07,SE,D,D11,R04,12.00,0,,19,0,0
SE07/D11_SE07_R05.csv,SE07,SE,D,D11,R05,12.00,0,,19,0,0
SE07/D12_SE07_R01.csv,SE07,SE,D,D12,R01,12.00,0,,19,0,0
SE07/D12_SE07_R02.csv,SE07,SE,D,D12,R02,12.00,0,,19,0,0
SE07/D12_SE07_R03.csv,SE07,SE,D,D12,R03,12.00,0,,19,0,0
SE07/D12_SE07_R04.csv,SE07,SE,D,D12,R04,12.00,0,,19,0,0
SE07/D12_SE07_R05.csv,SE07,SE,D,D12,R05,12.00,0,,19,0,0
SE07/D14_SE07_R01.csv,SE07,SE,D,D14,R01,12.00,0,,19,0,0
SE07/D14_SE07_R02.csv,SE07,SE,D,D14,R02,12.00,0,,19,0,0
SE07/D14_SE07_R03.csv,SE07,SE,D,D14,R03,12.00,0,,19,0,0
SE07/D14_SE07_R04.csv,SE07,SE,D,D14,R04,12.00,0,,19,0,0
SE07/D14_SE07_R05.csv,SE07,SE,D,D14,R05,12.00,0,,19,0,0
SE07/D15_SE07_R01.csv,SE07,SE,D,D15,R01,12.00,0,,19,0,0
SE07/D15_SE07_R02.csv,SE07,SE,D,D15,R02,12.00,0,,19,0,0
SE07/D15_SE07_R03.csv,SE07,SE,D,D15,R03,12.00,0,,19,0,0
SE07/D15_SE07_R04.csv,SE07,SE,D,D15,R04,12.00,0,,19,0,0
SE07/D15_SE07_R05.csv,SE07,SE,D,D15,R05,12.00,0,,19,0,0
SE07/D16_SE07_R01.csv,SE07,SE,D,D16,R01,12.00,0,,19,0,0
SE07/D16_SE07_R02.csv,SE07,SE,D,D16,R02,12.00,0,,19,0,0
SE07/D16_SE07_R03.csv,SE07,SE,D,D16,R03,12.00,0,,19,0,0
SE07/D16_SE07_R04.csv,SE07,SE,D,D16,R04,12.00,0,,19,0,0
SE07/D16_SE07_R05.csv,SE07,SE,D,D16,R05,12.00,0,,19,0,0
SE07/D17_SE07_R01.csv,SE07,SE,D,D17,R01,25.00,0,,45,0,0
SE07/D17_SE07_R02.csv,SE07,SE,D,D17,R02,25.00,0,,45,0,0
SE07/D17_SE07_R03.csv,SE07,SE,D,D17,R03,25.00,0,,45,0,0
SE07/D17_SE07_R04.csv,SE07,SE,D,D17,R04,25.00,0,,45,0,0
SE07/D17_SE07_R05.csv,SE07,SE,D,D17,R05,25.00,0,,45,0,0
SE08/D01_SE08_R01.csv,SE08,SE,D,D01,R01,100.00,0,,195,0,0
SE08/D02_SE08_R01.csv,SE08,SE,D,D02,R01,100.00,0,,195,0,0
SE08/D03_SE08_R01.csv,SE08,SE,D,D03,R01,100.00,7,22.48 34.98 56.98 68.48 72.48 88.48 94.48,195,170,7
SE08/D04_SE08_R01.csv,SE08,SE,D,D04,R01,100.00,3,15.98 24.98 30.48,195,160,3
SE08/D05_SE08_R01.csv,SE08,SE,D,D05,R01,25.00,0,,45,0,0
SE08/D05_SE08_R02.csv,SE08,SE,D,D05,R02,25.00,0,,45,0,0
SE08/D05_SE08_R03.csv,SE08,SE,D,D05,R03,25.00,0,,45,0,0
SE08/D05_SE08_R04.csv,SE08,SE,D,D05,R04,25.00,1,21.98,45,7,1
SE08/D05_SE08_R05.csv,SE08,SE,D,D05,R05,25.00,0,,45,0,0
SE08/D07_SE08_R01.csv,SE08,SE,D,D07,R01,12.00,0,,19,0,0
SE08/D07_SE08_R02.csv,SE08,SE,D,D07,R02,12.00,0,,19,0,0
SE08/D07_SE08_R03.csv,SE08,SE,D,D07,R03,12.00,0,,19,0,0
SE08/D07_SE08_R04.csv,SE08,SE,D,D07,R04,11.99,0,,19,0,0
SE08/D07_SE08_R05.csv,SE08,SE,D,D07,R05,12.00,0,,19,0,0
SE08/D08_SE08_R01.csv,SE08,SE,D,D08,R01,11.99,0,,19,0,0
SE08/D08_SE08_R02.csv,SE08,SE,D,D08,R02,11.99,0,,19,0,0
SE08/D08_SE08_R03.csv,SE08,SE,D,D08,R03,12.00,0,,19,0,0
SE08/D08_SE08_R04.csv,SE08,SE,D,D08,R04,12.00,0,,19,0,0
SE08/D08_SE08_R05.csv,SE08,SE,D,D08,R05,12.00,1,5.98,19,17,1
SE08/D09_SE08_R01.csv,SE08,SE,D,D09,R01,12.00,0,,19,0,0
SE08/D09_SE08_R02.csv,SE08,SE,D,D09,R02,12.00,0,,19,0,0
SE08/D09_SE08_R03.csv,SE08,SE,D,D09,R03,12.00,0,,19,0,0
SE08/D09_SE08_R04.csv,SE08,SE,D,D09,R04,12.00,0,,19,0,0
SE08/D09_SE08_R05.csv,SE08,SE,D,D09,R05,12.00,0,,19,0,0
SE08/D10_SE08_R01.csv,SE08,SE,D,D10,R01,12.00,0,,19,0,0
SE08/D10_SE08_R02.csv,SE08,SE,D,D10,R02,12.00,0,,19,0,0
SE08/D10_SE08_R03.csv,SE08,SE,D,D10,R03,12.00,0,,19,0,0
SE08/D10_SE08_R04.csv,SE08,SE,D,D10,R04,12.00,0,,19,0,0
SE08/D10_SE08_R05.csv,SE08,SE,D,D10,R05,12.00,0,,19,0,0
SE08/D11_SE08_R01.csv,SE08,SE,D,D11,R01,12.00,0,,19,0,0
SE08/D11_SE08_R02.csv,SE08,SE,D,D11,R02,12.00,0,,19,0,0
SE08/D11_SE08_R03.csv,SE08,SE,D,D11,R03,12.00,0,,19,0,0
SE08/D11_SE08_R04.csv,SE08,SE,D,D11,R04,12.00,0,,19,0,0
SE08/D11_SE08_R05.csv,SE08,SE,D,D11,R05,12.00,0,,19,0,0
SE08/D12_SE08_R01.csv,SE08,SE,D,D12,R01,12.00,0,,19,0,0
SE08/D12_SE08_R02.csv,SE08,SE,D,D12,R02,12.00,0,,19,0,0
SE08/D12_SE08_R03.csv,SE08,SE,D,D12,R03,12.00,0,,19,0,0
SE08/D12_SE08_R04.csv,SE08,SE,D,D12,R04,12.00,0,,19,0,0
SE08/D12_SE08_R05.csv,SE08,SE,D,D12,R05,12.00,0,,19,0,0
SE08/D14_SE08_R01.csv,SE08,SE,D,D14,R01,12.00,0,,19,0,0
SE08/D14_SE08_R02.csv,SE08,SE,D,D14,R02,12.00,0,,19,0,0
SE08/D14_SE08_R03.csv,SE08,SE,D,D14,R03,12.00,0,,19,0,0
SE08/D14_SE08_R04.csv,SE08,SE,D,D14,R04,12.00,0,,19,0,0
SE08/D14_SE08_R05.csv,SE08,SE,D,D14,R05,12.00,0,,19,0,0
SE08/D15_SE08_R01.csv,SE08,SE,D,D15,R01,12.00,0,,19,0,0
SE08/D15_SE08_R02.csv,SE08,SE,D,D15,R02,12.00,0,,19,0,0
SE08/D15_SE08_R03.csv,SE08,SE,D,D15,R03,12.00,0,,19,0,0
SE08/D15_SE08_R04.csv,SE08,SE,D,D15,R04,12.00,0,,19,0,0
SE08/D15_SE08_R05.csv,SE08,SE,D,D15,R05,12.00,0,,19,0,0
SE08/D16_SE08_R01.csv,SE08,SE,D,D16,R01,12.00,0,,19,0,0
SE08/D16_SE08_R02.csv,SE08,SE,D,D16,R02,12.00,0,,19,0,0
SE08/D16_SE08_R03.csv,SE08,SE,D,D16,R03,12.00,0,,19,0,0
SE08/D16_SE08_R04.csv,SE08,SE,D,D16,R04,12.00,0,,19,0,0
SE08/D16_SE08_R05.csv,SE08,SE,D,D16,R05,12.00,0,,19,0,0
SE08/D17_SE08_R01.csv,SE08,SE,D,D17,R01,25.00,0,,45,0,0
SE08/D17_SE08_R02.csv,SE08,SE,D,D17,R02,25.00,0,,45,0,0
SE08/D17_SE08_R03.csv,SE08,SE,D,D17,R03,25.00,0,,45,0,0
SE08/D17_SE08_R04.csv,SE08,SE,D,D17,R04,25.00,0,,45,0,0
SE08/D17_SE08_R05.csv,SE08,SE,D,D17,R05,25.00,0,,45,0,0
SE09/D01_SE09_R01.csv,SE09,SE,D,D01,R01,99.92,0,,194,0,0
SE09/D02_SE09_R01.csv,SE09,SE,D,D02,R01,100.00,0,,195,0,0
SE09/D03_SE09_R01.csv,SE09,SE,D,D03,R01,100.00,7,39.48 44.48 55.98 60.48 67.98 72.98 83.48,195,160,7
SE09/D04_SE09_R01.csv,SE09,SE,D,D04,R01,100.00,7,23.48 27.98 50.48 56.98 68.48 81.48 97.98,195,132,7
SE09/D05_SE09_R01.csv,SE09,SE,D,D05,R01,25.00,0,,45,0,0
SE09/D05_SE09_R02.csv,SE09,SE,D,D05,R02,25.00,0,,45,0,0
SE09/D05_SE09_R03.csv,SE09,SE,D,D05,R03,25.00,0,,45,0,0
SE09/D05_SE09_R04.csv,SE09,SE,D,D05,R04,25.00,0,,45,0,0
SE09/D05_SE09_R05.csv,SE09,SE,D,D05,R05,25.00,0,,45,0,0
SE09/D07_SE09_R01.csv,SE09,SE,D,D07,R01,12.00,0,,19,0,0
SE09/D07_SE09_R02.csv,SE09,SE,D,D07,R02,11.99,0,,19,0,0
SE09/D07_SE09_R03.csv,SE09,SE,D,D07,R03,12.00,0,,19,0,0
SE09/D07_SE09_R04.csv,SE09,SE,D,D07,R04,12.00,0,,19,0,0
SE09/D07_SE09_R05.csv,SE09,SE,D,D07,R05,12.00,0,,19,0,0
SE09/D08_SE09_R01.csv,SE09,SE,D,D08,R01,12.00,0,,19,0,0
SE09/D08_SE09_R02.csv,SE09,SE,D,D08,R02,12.00,0,,19,0,0
SE09/D08_SE09_R03.csv,SE09,SE,D,D08,R03,12.00,0,,19,0,0
SE09/D08_SE09_R04.csv,SE09,SE,D,D08,R04,12.00,0,,19,0,0
SE09/D08_SE09_R05.csv,SE09,SE,D,D08,R05,12.00,0,,19,0,0
SE09/D09_SE09_R01.csv,SE09,SE,D,D09,R01,12.00,0,,19,0,0
SE09/D09_SE09_R02.csv,SE09,SE,D,D09,R02,12.00,0,,19,0,0
SE09/D09_SE09_R03.csv,SE09,SE,D,D09,R03,12.00,0,,19,0,0
SE09/D09_SE09_R04.csv,SE09,SE,D,D09,R04,12.00,0,,19,0,0
SE09/D09_SE09_R05.csv,SE09,SE,D,D09,R05,12.00,0,,19,0,0
SE09/D10_SE09_R01.csv,SE09,SE,D,D10,R01,12.00,0,,19,0,0
SE09/D10_SE09_R02.csv,SE09,SE,D,D10,R02,12.00,0,,19,0,0
SE09/D10_SE09_R03.csv,SE09,SE,D,D10,R03,12.00,0,,19,0,0
SE09/D10_SE09_R04.csv,SE09,SE,D,D10,R04,12.00,0,,19,0,0
SE09/D10_SE09_R05.csv,SE09,SE,D,D10,R05,12.00,0,,19,0,0
SE09/D11_SE09_R01.csv,SE09,SE,D,D11,R01,11.99,0,,19,0,0
SE09/D11_SE09_R02.csv,SE09,SE,D,D11,R02,12.00,0,,19,0,0
SE09/D11_SE09_R03.csv,SE09,SE,D,D11,R03,12.00,0,,19,0,0
SE09/D11_SE09_R04.csv,SE09,SE,D,D11,R04,12.00,0,,19,0,0
SE09/D11_SE09_R05.csv,SE09,SE,D,D11,R05,12.00,0,,19,0,0
SE09/D12_SE09_R01.csv,SE09,SE,D,D12,R01,12.00,0,,19,0,0
SE09/D12_SE09_R02.csv,SE09,SE,D,D12,R02,12.00,0,,19,0,0
SE09/D12_SE09_R03.csv,SE09,SE,D,D12,R03,12.00,0,,19,0,0
SE09/D12_SE09_R04.csv,SE09,SE,D,D12,R04,12.00,0,,19,0,0
SE09/D12_SE09_R05.csv,SE09,SE,D,D12,R05,12.00,0,,19,0,0
SE09/D14_SE09_R01.csv,SE09,SE,D,D14,R01,12.00,0,,19,0,0
SE09/D14_SE09_R02.csv,SE09,SE,D,D14,R02,12.00,0,,19,0,0
SE09/D14_SE09_R03.csv,SE09,SE,D,D14,R03,12.00,0,,19,0,0
SE09/D14_SE09_R04.csv,SE09,SE,D,D14,R04,12.00,0,,19,0,0
SE09/D14_SE09_R05.csv,SE09,SE,D,D14,R05,12.00,0,,19,0,0
SE09/D15_SE09_R01.csv,SE09,SE,D,D15,R01,12.00,0,,19,0,0
SE09/D15_SE09_R02.csv,SE09,SE,D,D15,R02,12.00,0,,19,0,0
SE09/D15_SE09_R03.csv,SE09,SE,D,D15,R03,12.00,0,,19,0,0
SE09/D15_SE09_R04.csv,SE09,SE,D,D15,R04,12.00,0,,19,0,0
SE09/D15_SE09_R05.csv,SE09,SE,D,D15,R05,12.00,0,,19,0,0
SE09/D16_SE09_R01.csv,SE09,SE,D,D16,R01,11.99,0,,19,0,0
SE09/D16_SE09_R02.csv,SE09,SE,D,D16,R02,12.00,0,,19,0,0
SE09/D16_SE09_R03.csv,SE09,SE,D,D16,R03,12.00,0,,19,0,0
SE09/D16_SE09_R04.csv,SE09,SE,D,D16,R04,12.00,0,,19,0,0
SE09/D16_SE09_R05.csv,SE09,SE,D,D16,R05,12.00,0,,19,0,0
SE09/D17_SE09_R01.csv,SE09,SE,D,D17,R01,25.00,0,,45,0,0
SE09/D17_SE09_R02.csv,SE09,SE,D,D17,R02,25.00,0,,45,0,0
SE09/D17_SE09_R03.csv,SE09,SE,D,D17,R03,25.00,0,,45,0,0
SE09/D17_SE09_R04.csv,SE09,SE,D,D17,R04,25.00,0,,45,0,0
SE09/D17_SE09_R05.csv,SE09,SE,D,D17,R05,25.00,0,,45,0,0
SE10/D01_SE10_R01.csv,SE10,SE,D,D01,R01,100.00,0,,195,0,0
SE10/D02_SE10_R01.csv,SE10,SE,D,D02,R01,100.00,0,,195,0,0
SE10/D03_SE10_R01.csv,SE10,SE,D,D03,R01,100.00,1,31.98,195,20,1
SE10/D04_SE10_R01.csv,SE10,SE,D,D04,R01,100.00,2,10.98 38.48,195,22,2
SE10/D05_SE10_R01.csv,SE10,SE,D,D05,R01,25.00,0,,45,0,0
SE10/D05_SE10_R02.csv,SE10,SE,D,D05,R02,25.00,0,,45,0,0
SE10/D05_SE10_R03.csv,SE10,SE,D,D05,R03,25.00,0,,45,0,0
SE10/D05_SE10_R04.csv,SE10,SE,D,D05,R04,25.00,0,,45,0,0
SE10/D05_SE10_R05.csv,SE10,SE,D,D05,R05,25.00,0,,45,0,0
SE10/D07_SE10_R01.csv,SE10,SE,D,D07,R01,12.00,0,,19,0,0
SE10/D07_SE10_R02.csv,SE10,SE,D,D07,R02,11.99,0,,19,0,0
SE10/D07_SE10_R03.csv,SE10,SE,D,D07,R03,12.00,0,,19,0,0
SE10/D07_SE10_R04.csv,SE10,SE,D,D07,R04,12.00,0,,19,0,0
SE10/D07_SE10_R05.csv,SE10,SE,D,D07,R05,12.00,0,,19,0,0
SE10/D08_SE10_R01.csv,SE10,SE,D,D08,R01,12.00,0,,19,0,0
SE10/D08_SE10_R02.csv,SE10,SE,D,D08,R02,12.00,0,,19,0,0
SE10/D08_SE10_R03.csv,SE10,SE,D,D08,R03,12.00,0,,19,0,0
SE10/D08_SE10_R04.csv,SE10,SE,D,D08,R04,12.00,0,,19,0,0
SE10/D08_SE10_R05.csv,SE10,SE,D,D08,R05,12.00,0,,19,0,0
SE10/D09_SE10_R01.csv,SE10,SE,D,D09,R01,12.00,0,,19,0,0
SE10/D09_SE10_R02.csv,SE10,SE,D,D09,R02,12.00,0,,19,0,0
SE10/D09_SE10_R03.csv,SE10,SE,D,D09,R03,12.00,0,,19,0,0
SE10/D09_SE10_R04.csv,SE10,SE,D,D09,R04,12.00,0,,19,0,0
SE10/D09_SE10_R05.csv,SE10,SE,D,D09,R05,12.00,0,,19,0,0
SE10/D10_SE10_R01.csv,SE10,SE,D,D10,R01,12.00,0,,19,0,0
SE10/D10_SE10_R02.csv,SE10,SE,D,D10,R02,12.00,0,,19,0,0
SE10/D10_SE10_R03.csv,SE10,SE,D,D10,R03,12.00,0,,19,0,0
SE10/D10_SE10_R04.csv,SE10,SE,D,D10,R04,12.00,0,,19,0,0
SE10/D10_SE10_R05.csv,SE10,SE,D,D10,R05,12.00,0,,19,0,0
SE10/D11_SE10_R01.csv,SE10,SE,D,D11,R01,11.99,0,,19,0,0
SE10/D11_SE10_R02.csv,SE10,SE,D,D11,R02,12.00,1,6.98,19,15,1
SE10/D11_SE10_R03.csv,SE10,SE,D,D11,R03,12.00,0,,19,0,0
SE10/D11_SE10_R04.csv,SE10,SE,D,D11,R04,12.00,0,,19,0,0
SE10/D11_SE10_R05.csv,SE10,SE,D,D11,R05,12.00,0,,19,0,0
SE10/D12_SE10_R01.csv,SE10,SE,D,D12,R01,12.00,0,,19,0,0
SE10/D12_SE10_R02.csv,SE10,SE,D,D12,R02,12.00,0,,19,0,0
SE10/D12_SE10_R03.csv,SE10,SE,D,D12,R03,12.00,0,,19,0,0
SE10/D12_SE10_R04.csv,SE10,SE,D,D12,R04,12.00,0,,19,0,0
SE10/D12_SE10_R05.csv,SE10,SE,D,D12,R05,12.00,0,,19,0,0
SE10/D14_SE10_R01.csv,SE10,SE,D,D14,R01,12.00,0,,19,0,0
SE10/D14_SE10_R02.csv,SE10,SE,D,D14,R02,12.00,0,,19,0,0
SE10/D14_SE10_R03.csv,SE10,SE,D,D14,R03,12.00,0,,19,0,0
SE10/D14_SE10_R04.csv,SE10,SE,D,D14,R04,12.00,0,,19,0,0
SE10/D14_SE10_R05.csv,SE10,SE,D,D14,R05,12.00,0,,19,0,0
SE10/D15_SE10_R01.csv,SE10,SE,D,D15,R01,12.00,0,,19,0,0
SE10/D15_SE10_R02.csv,SE10,SE,D,D15,R02,12.00,0,,19,0,0
SE10/D15_SE10_R03.csv,SE10,SE,D,D15,R03,12.00,0,,19,0,0
SE10/D15_SE10_R04.csv,SE10,SE,D,D15,R04,12.00,0,,19,0,0
SE10/D15_SE10_R05.csv,SE10,SE,D,D15,R05,12.00,0,,19,0,0
SE10/D16_SE10_R01.csv,SE10,SE,D,D16,R01,11.99,0,,19,0,0
SE10/D16_SE10_R02.csv,SE10,SE,D,D16,R02,12.00,0,,19,0,0
SE10/D16_SE10_R03.csv,SE10,SE,D,D16,R03,12.00,0,,19,0,0
SE10/D16_SE10_R04.csv,SE10,SE,D,D16,R04,12.00,0,,19,0,0
SE10/D16_SE10_R05.csv,SE10,SE,D,D16,R05,12.00,0,,19,0,0
SE10/D17_SE10_R01.csv,SE10,SE,D,D17,R01,25.00,0,,45,0,0
SE10/D17_SE10_R02.csv,SE10,SE,D,D17,R02,25.00,0,,45,0,0
SE10/D17_SE10_R03.csv,SE10,SE,D,D17,R03,25.00,0,,45,0,0
SE10/D17_SE10_R04.csv,SE10,SE,D,D17,R04,25.00,0,,45,0,0
SE10/D17_SE10_R05.csv,SE10,SE,D,D17,R05,25.00,0,,45,0,0
SE11/D01_SE11_R01.csv,SE11,SE,D,D01,R01,100.00,0,,195,0,0
SE11/D02_SE11_R01.csv,SE11,SE,D,D02,R01,100.00,0,,195,0,0
SE11/D03_SE11_R01.csv,SE11,SE,D,D03,R01,100.00,5,41.98 43.48 63.98 72.48 75.98,195,119,5
SE11/D04_SE11_R01.csv,SE11,SE,D,D04,R01,100.00,10,12.98 25.48 34.98 37.48 58.48 63.98 67.48 71.98 82.48 98.98,195,150,10
SE11/D05_SE11_R01.csv,SE11,SE,D,D05,R01,25.00,0,,45,0,0
SE11/D05_SE11_R02.csv,SE11,SE,D,D05,R02,25.00,0,,45,0,0
SE11/D05_SE11_R03.csv,SE11,SE,D,D05,R03,25.00,0,,45,0,0
SE11/D05_SE11_R04.csv,SE11,SE,D,D05,R04,25.00,0,,45,0,0
SE11/D05_SE11_R05.csv,SE11,SE,D,D05,R05,25.00,0,,45,0,0
SE11/D07_SE11_R01.csv,SE11,SE,D,D07,R01,11.99,0,,19,0,0
SE11/D07_SE11_R02.csv,SE11,SE,D,D07,R02,12.00,0,,19,0,0
SE11/D07_SE11_R03.csv,SE11,SE,D,D07,R03,11.99,0,,19,0,0
SE11/D07_SE11_R04.csv,SE11,SE,D,D07,R04,12.00,0,,19,0,0
SE11/D07_SE11_R05.csv,SE11,SE,D,D07,R05,12.00,0,,19,0,0
SE11/D08_SE11_R01.csv,SE11,SE,D,D08,R01,12.00,0,,19,0,0
SE11/D08_SE11_R02.csv,SE11,SE,D,D08,R02,12.00,0,,19,0,0
SE11/D08_SE11_R03.csv,SE11,SE,D,D08,R03,12.00,0,,19,0,0
SE11/D08_SE11_R04.csv,SE11,SE,D,D08,R04,12.00,0,,19,0,0
SE11/D08_SE11_R05.csv,SE11,SE,D,D08,R05,12.00,0,,19,0,0
SE11/D09_SE11_R01.csv,SE11,SE,D,D09,R01,12.00,0,,19,0,0
SE11/D09_SE11_R02.csv,SE11,SE,D,D09,R02,12.00,0,,19,0,0
SE11/D09_SE11_R03.csv,SE11,SE,D,D09,R03,12.00,0,,19,0,0
SE11/D09_SE11_R04.csv,SE11,SE,D,D09,R04,12.00,0,,19,0,0
SE11/D09_SE11_R05.csv,SE11,SE,D,D09,R05,12.00,0,,19,0,0
SE11/D10_SE11_R01.csv,SE11,SE,D,D10,R01,12.00,0,,19,0,0
SE11/D10_SE11_R02.csv,SE11,SE,D,D10,R02,12.00,0,,19,0,0
SE11/D10_SE11_R03.csv,SE11,SE,D,D10,R03,12.00,0,,19,0,0
SE11/D10_SE11_R04.csv,SE11,SE,D,D10,R04,12.00,0,,19,0,0
SE11/D10_SE11_R05.csv,SE11,SE,D,D10,R05,12.00,0,,19,0,0
SE11/D11_SE11_R01.csv,SE11,SE,D,D11,R01,11.99,0,,19,0,0
SE11/D11_SE11_R02.csv,SE11,SE,D,D11,R02,12.00,0,,19,0,0
SE11/D11_SE11_R03.csv,SE11,SE,D,D11,R03,12.00,0,,19,0,0
SE11/D11_SE11_R04.csv,SE11,SE,D,D11,R04,12.00,0,,19,0,0
SE11/D11_SE11_R05.csv,SE11,SE,D,D11,R05,12.00,0,,19,0,0
SE11/D12_SE11_R01.csv,SE11,SE,D,D12,R01,12.00,0,,19,0,0
SE11/D12_SE11_R02.csv,SE11,SE,D,D12,R02,12.00,0,,19,0,0
SE11/D12_SE11_R03.csv,SE11,SE,D,D12,R03,12.00,0,,19,0,0
SE11/D12_SE11_R04.csv,SE11,SE,D,D12,R04,12.00,0,,19,0,0
SE11/D12_SE11_R05.csv,SE11,SE,D,D12,R05,12.00,0,,19,0,0
SE11/D14_SE11_R01.csv,SE11,SE,D,D14,R01,12.00,0,,19,0,0
SE11/D14_SE11_R02.csv,SE11,SE,D,D14,R02,12.00,0,,19,0,0
SE11/D14_SE11_R03.csv,SE11,SE,D,D14,R03,12.00,0,,19,0,0
SE11/D14_SE11_R04.csv,SE11,SE,D,D14,R04,12.00,0,,19,0,0
SE11/D14_SE11_R05.csv,SE11,SE,D,D14,R05,12.00,0,,19,0,0
SE11/D15_SE11_R01.csv,SE11,SE,D,D15,R01,12.00,0,,19,0,0
SE11/D15_SE11_R02.csv,SE11,SE,D,D15,R02,12.00,0,,19,0,0
SE11/D15_SE11_R03.csv,SE11,SE,D,D15,R03,12.00,0,,19,0,0
SE11/D15_SE11_R04.csv,SE11,SE,D,D15,R04,12.00,0,,19,0,0
SE11/D15_SE11_R05.csv,SE11,SE,D,D15,R05,12.00,0,,19,0,0
SE11/D16_SE11_R01.csv,SE11,SE,D,D16,R01,11.99,0,,19,0,0
SE11/D16_SE11_R02.csv,SE11,SE,D,D16,R02,12.00,0,,19,0,0
SE11/D16_SE11_R03.csv,SE11,SE,D,D16,R03,12.00,0,,19,0,0
SE11/D16_SE11_R04.csv,SE11,SE,D,D16,R04,12.00,0,,19,0,0
SE11/D16_SE11_R05.csv,SE11,SE,D,D16,R05,12.00,0,,19,0,0
SE11/D17_SE11_R01.csv,SE11,SE,D,D17,R01,25.00,0,,45,0,0
SE11/D17_SE11_R02.csv,SE11,SE,D,D17,R02,25.00,0,,45,0,0
SE11/D17_SE11_R03.csv,SE11,SE,D,D17,R03,25.00,0,,45,0,0
SE11/D17_SE11_R04.csv,SE11,SE,D,D17,R04,25.00,0,,45,0,0
SE11/D17_SE11_R05.csv,SE11,SE,D,D17,R05,25.00,0,,45,0,0
SE12/D01_SE12_R01.csv,SE12,SE,D,D01,R01,99.99,0,,195,0,0
SE12/D02_SE12_R01.csv,SE12,SE,D,D02,R01,100.00,0,,195,0,0
SE12/D03_SE12_R01.csv,SE12,SE,D,D03,R01,100.00,2,66.98 88.98,195,9,2
SE12/D04_SE12_R01.csv,SE12,SE,D,D04,R01,99.98,3,33.98 62.48 97.98,194,152,3
SE12/D05_SE12_R01.csv,SE12,SE,D,D05,R01,25.00,0,,45,0,0
SE12/D05_SE12_R02.csv,SE12,SE,D,D05,R02,24.96,0,,44,0,0
SE12/D05_SE12_R03.csv,SE12,SE,D,D05,R03,25.00,1,19.48,45,16,1
SE12/D05_SE12_R04.csv,SE12,SE,D,D05,R04,25.00,0,,45,0,0
SE12/D05_SE12_R05.csv,SE12,SE,D,D05,R05,25.00,0,,45,0,0
SE12/D07_SE12_R01.csv,SE12,SE,D,D07,R01,11.99,0,,19,0,0
SE12/D07_SE12_R02.csv,SE12,SE,D,D07,R02,12.00,0,,19,0,0
SE12/D07_SE12_R03.csv,SE12,SE,D,D07,R03,12.00,0,,19,0,0
SE12/D07_SE12_R04.csv,SE12,SE,D,D07,R04,12.00,0,,19,0,0
SE12/D07_SE12_R05.csv,SE12,SE,D,D07,R05,12.00,0,,19,0,0
SE12/D08_SE12_R01.csv,SE12,SE,D,D08,R01,12.00,1,5.48,19,18,1
SE12/D08_SE12_R02.csv,SE12,SE,D,D08,R02,12.00,0,,19,0,0
SE12/D08_SE12_R03.csv,SE12,SE,D,D08,R03,12.00,0,,19,0,0
SE12/D08_SE12_R04.csv,SE12,SE,D,D08,R04,12.00,0,,19,0,0
SE12/D08_SE12_R05.csv,SE12,SE,D,D08,R05,12.00,0,,19,0,0
SE12/D09_SE12_R01.csv,SE12,SE,D,D09,R01,12.00,0,,19,0,0
SE12/D09_SE12_R02.csv,SE12,SE,D,D09,R02,12.00,0,,19,0,0
SE12/D09_SE12_R03.csv,SE12,SE,D,D09,R03,12.00,0,,19,0,0
SE12/D09_SE12_R04.csv,SE12,SE,D,D09,R04,12.00,0,,19,0,0
SE12/D09_SE12_R05.csv,SE12,SE,D,D09,R05,12.00,0,,19,0,0
SE12/D10_SE12_R01.csv,SE12,SE,D,D10,R01,12.00,0,,19,0,0
SE12/D10_SE12_R02.csv,SE12,SE,D,D10,R02,12.00,0,,19,0,0
SE12/D10_SE12_R03.csv,SE12,SE,D,D10,R03,12.00,0,,19,0,0
SE12/D10_SE12_R04.csv,SE12,SE,D,D10,R04,12.00,0,,19,0,0
SE12/D10_SE12_R05.csv,SE12,SE,D,D10,R05,12.00,0,,19,0,0
SE12/D11_SE12_R01.csv,SE12,SE,D,D11,R01,11.99,0,,19,0,0
SE12/D11_SE12_R02.csv,SE12,SE,D,D11,R02,12.00,0,,19,0,0
SE12/D11_SE12_R03.csv,SE12,SE,D,D11,R03,12.00,0,,19,0,0
SE12/D11_SE12_R04.csv,SE12,SE,D,D11,R04,12.00,0,,19,0,0
SE12/D11_SE12_R05.csv,SE12,SE,D,D11,R05,12.00,0,,19,0,0
SE12/D12_SE12_R01.csv,SE12,SE,D,D12,R01,11.99,0,,19,0,0
SE12/D12_SE12_R02.csv,SE12,SE,D,D12,R02,12.00,0,,19,0,0
SE12/D12_SE12_R03.csv,SE12,SE,D,D12,R03,12.00,0,,19,0,0
SE12/D12_SE12_R04.csv,SE12,SE,D,D12,R04,12.00,0,,19,0,0
SE12/D12_SE12_R05.csv,SE12,SE,D,D12,R05,12.00,0,,19,0,0
SE12/D14_SE12_R01.csv,SE12,SE,D,D14,R01,12.00,0,,19,0,0
SE12/D14_SE12_R02.csv,SE12,SE,D,D14,R02,12.00,0,,19,0,0
SE12/D14_SE12_R03.csv,SE12,SE,D,D14,R03,12.00,0,,19,0,0
SE12/D14_SE12_R04.csv,SE12,SE,D,D14,R04,12.00,0,,19,0,0
SE12/D14_SE12_R05.csv,SE12,SE,D,D14,R05,12.00,0,,19,0,0
SE12/D15_SE12_R01.csv,SE12,SE,D,D15,R01,12.00,0,,19,0,0
SE12/D15_SE12_R02.csv,SE12,SE,D,D15,R02,12.00,0,,19,0,0
SE12/D15_SE12_R03.csv,SE12,SE,D,D15,R03,12.00,0,,19,0,0
SE12/D15_SE12_R04.csv,SE12,SE,D,D15,R04,12.00,0,,19,0,0
SE12/D15_SE12_R05.csv,SE12,SE,D,D15,R05,12.00,0,,19,0,0
SE12/D16_SE12_R01.csv,SE12,SE,D,D16,R01,11.99,0,,19,0,0
SE12/D16_SE12_R02.csv,SE12,SE,D,D16,R02,12.00,0,,19,0,0
SE12/D16_SE12_R03.csv,SE12,SE,D,D16,R03,11.99,0,,19,0,0
SE12/D16_SE12_R04.csv,SE12,SE,D,D16,R04,12.00,0,,19,0,0
SE12/D16_SE12_R05.csv,SE12,SE,D,D16,R05,12.00,0,,19,0,0
SE12/D17_SE12_R01.csv,SE12,SE,D,D17,R01,25.00,0,,45,0,0
SE12/D17_SE12_R02.csv,SE12,SE,D,D17,R02,25.00,0,,45,0,0
SE12/D17_SE12_R03.csv,SE12,SE,D,D17,R03,24.98,0,,45,0,0
SE12/D17_SE12_R04.csv,SE12,SE,D,D17,R04,25.00,0,,45,0,0
SE12/D17_SE12_R05.csv,SE12,SE,D,D17,R05,25.00,0,,45,0,0
SE13/D01_SE13_R01.csv,SE13,SE,D,D01,R01,100.00,0,,195,0,0
SE13/D02_SE13_R01.csv,SE13,SE,D,D02,R01,100.00,0,,195,0,0
SE13/D03_SE13_R01.csv,SE13,SE,D,D03,R01,100.00,0,,195,0,0
SE13/D04_SE13_R01.csv,SE13,SE,D,D04,R01,100.00,2,10.98 91.98,195,161,2
SE13/D05_SE13_R01.csv,SE13,SE,D,D05,R01,25.00,0,,45,0,0
SE13/D05_SE13_R02.csv,SE13,SE,D,D05,R02,25.00,0,,45,0,0
SE13/D05_SE13_R03.csv,SE13,SE,D,D05,R03,25.00,0,,45,0,0
SE13/D05_SE13_R04.csv,SE13,SE,D,D05,R04,25.00,0,,45,0,0
SE13/D05_SE13_R05.csv,SE13,SE,D,D05,R05,25.00,0,,45,0,0
SE13/D07_SE13_R01.csv,SE13,SE,D,D07,R01,11.99,0,,19,0,0
SE13/D07_SE13_R02.csv,SE13,SE,D,D07,R02,12.00,0,,19,0,0
SE13/D07_SE13_R03.csv,SE13,SE,D,D07,R03,12.00,0,,19,0,0
SE13/D07_SE13_R04.csv,SE13,SE,D,D07,R04,12.00,0,,19,0,0
SE13/D07_SE13_R05.csv,SE13,SE,D,D07,R05,12.00,0,,19,0,0
SE13/D08_SE13_R01.csv,SE13,SE,D,D08,R01,12.00,0,,19,0,0
SE13/D08_SE13_R02.csv,SE13,SE,D,D08,R02,12.00,0,,19,0,0
SE13/D08_SE13_R03.csv,SE13,SE,D,D08,R03,12.00,0,,19,0,0
SE13/D08_SE13_R04.csv,SE13,SE,D,D08,R04,12.00,0,,19,0,0
SE13/D08_SE13_R05.csv,SE13,SE,D,D08,R05,12.00,0,,19,0,0
SE13/D09_SE13_R01.csv,SE13,SE,D,D09,R01,12.00,0,,19,0,0
SE13/D09_SE13_R02.csv,SE13,SE,D,D09,R02,12.00,0,,19,0,0
SE13/D09_SE13_R03.csv,SE13,SE,D,D09,R03,12.00,0,,19,0,0
SE13/D09_SE13_R04.csv,SE13,SE,D,D09,R04,12.00,0,,19,0,0
SE13/D09_SE13_R05.csv,SE13,SE,D,D09,R05,12.00,0,,19,0,0
SE13/D10_SE13_R01.csv,SE13,SE,D,D10,R01,12.00,0,,19,0,0
SE13/D10_SE13_R02.csv,SE13,SE,D,D10,R02,12.00,0,,19,0,0
SE13/D10_SE13_R03.csv,SE13,SE,D,D10,R03,12.00,0,,19,0,0
SE13/D10_SE13_R04.csv,SE13,SE,D,D10,R04,12.00,0,,19,0,0
SE13/D10_SE13_R05.csv,SE13,SE,D,D10,R05,12.00,0,,19,0,0
SE13/D11_SE13_R01.csv,SE13,SE,D,D11,R01,11.99,0,,19,0,0
SE13/D11_SE13_R02.csv,SE13,SE,D,D11,R02,12.00,0,,19,0,0
SE13/D11_SE13_R03.csv,SE13,SE,D,D11,R03,12.00,0,,19,0,0
SE13/D11_SE13_R04.csv,SE13,SE,D,D11,R04,12.00,0,,19,0,0
SE13/D11_SE13_R05.csv,SE13,SE,D,D11,R05,12.00,0,,19,0,0
SE13/D12_SE13_R01.csv,SE13,SE,D,D12,R01,12.00,0,,19,0,0
SE13/D12_SE13_R02.csv,SE13,SE,D,D12,R02,12.00,0,,19,0,0
SE13/D12_SE13_R03.csv,SE13,SE,D,D12,R03,12.00,0,,19,0,0
SE13/D12_SE13_R04.csv,SE13,SE,D,D12,R04,12.00,0,,19,0,0
SE13/D12_SE13_R05.csv,SE13,SE,D,D12,R05,12.00,0,,19,0,0
SE13/D14_SE13_R01.csv,SE13,SE,D,D14,R01,12.00,0,,19,0,0
SE13/D14_SE13_R02.csv,SE13,SE,D,D14,R02,12.00,0,,19,0,0
SE13/D14_SE13_R03.csv,SE13,SE,D,D14,R03,12.00,0,,19,0,0
SE13/D14_SE13_R04.csv,SE13,SE,D,D14,R04,12.00,0,,19,0,0
SE13/D14_SE13_R05.csv,SE13,SE,D,D14,R05,12.00,0,,19,0,0
SE13/D15_SE13_R01.csv,SE13,SE,D,D15,R01,12.00,0,,19,0,0
SE13/D15_SE13_R02.csv,SE13,SE,D,D15,R02,12.00,0,,19,0,0
SE13/D15_SE13_R03.csv,SE13,SE,D,D15,R03,12.00,0,,19,0,0
SE13/D15_SE13_R04.csv,SE13,SE,D,D15,R04,12.00,0,,19,0,0
SE13/D15_SE13_R05.csv,SE13,SE,D,D15,R05,12.00,0,,19,0,0
SE13/D16_SE13_R01.csv,SE13,SE,D,D16,R01,11.99,0,,19,0,0
SE13/D16_SE13_R02.csv,SE13,SE,D,D16,R02,12.00,0,,19,0,0
SE13/D16_SE13_R03.csv,SE13,SE,D,D16,R03,12.00,0,,19,0,0
SE13/D16_SE13_R04.csv,SE13,SE,D,D16,R04,12.00,0,,19,0,0
SE13/D16_SE13_R05.csv,SE13,SE,D,D16,R05,12.00,0,,19,0,0
SE13/D17_SE13_R01.csv,SE13,SE,D,D17,R01,25.00,0,,45,0,0
SE13/D17_SE13_R02.csv,SE13,SE,D,D17,R02,25.00,0,,45,0,0
SE13/D17_SE13_R03.csv,SE13,SE,D,D17,R03,25.00,0,,45,0,0
SE13/D17_SE13_R04.csv,SE13,SE,D,D17,R04,25.00,0,,45,0,0
SE13/D17_SE13_R05.csv,SE13,SE,D,D17,R05,25.00,0,,45,0,0
SE14/D01_SE14_R01.csv,SE14,SE,D,D01,R01,100.00,0,,195,0,0
SE14/D02_SE14_R01.csv,SE14,SE,D,D02,R01,100.00,0,,195,0,0
SE14/D03_SE14_R01.csv,SE14,SE,D,D03,R01,99.95,5,18.98 55.48 62.98 76.48 85.98,194,171,5
SE14/D04_SE14_R01.csv,SE14,SE,D,D04,R01,99.97,2,4.48 53.48,194,176,2
SE14/D05_SE14_R01.csv,SE14,SE,D,D05,R01,25.00,0,,45,0,0
SE14/D05_SE14_R02.csv,SE14,SE,D,D05,R02,25.00,0,,45,0,0
SE14/D05_SE14_R03.csv,SE14,SE,D,D05,R03,25.00,0,,45,0,0
SE14/D05_SE14_R04.csv,SE14,SE,D,D05,R04,25.00,0,,45,0,0
SE14/D05_SE14_R05.csv,SE14,SE,D,D05,R05,25.00,0,,45,0,0
SE14/D07_SE14_R01.csv,SE14,SE,D,D07,R01,11.99,0,,19,0,0
SE14/D07_SE14_R02.csv,SE14,SE,D,D07,R02,12.00,0,,19,0,0
SE14/D07_SE14_R03.csv,SE14,SE,D,D07,R03,12.00,0,,19,0,0
SE14/D07_SE14_R05.csv,SE14,SE,D,D07,R05,12.00,0,,19,0,0
SE14/D07_SE14_R06.csv,SE14,SE,D,D07,R06,12.00,0,,19,0,0
SE14/D08_SE14_R01.csv,SE14,SE,D,D08,R01,12.00,0,,19,0,0
SE14/D08_SE14_R02.csv,SE14,SE,D,D08,R02,12.00,0,,19,0,0
SE14/D08_SE14_R03.csv,SE14,SE,D,D08,R03,12.00,0,,19,0,0
SE14/D08_SE14_R04.csv,SE14,SE,D,D08,R04,12.00,0,,19,0,0
SE14/D08_SE14_R05.csv,SE14,SE,D,D08,R05,12.00,0,,19,0,0
SE14/D09_SE14_R01.csv,SE14,SE,D,D09,R01,12.00,0,,19,0,0
SE14/D09_SE14_R02.csv,SE14,SE,D,D09,R02,12.00,0,,19,0,0
SE14/D09_SE14_R03.csv,SE14,SE,D,D09,R03,12.00,0,,19,0,0
SE14/D09_SE14_R04.csv,SE14,SE,D,D09,R04,12.00,0,,19,0,0
SE14/D09_SE14_R05.csv,SE14,SE,D,D09,R05,12.00,0,,19,0,0
SE14/D10_SE14_R01.csv,SE14,SE,D,D10,R01,12.00,0,,19,0,0
SE14/D10_SE14_R02.csv,SE14,SE,D,D10,R02,12.00,0,,19,0,0
SE14/D10_SE14_R03.csv,SE14,SE,D,D10,R03,12.00,0,,19,0,0
SE14/D10_SE14_R04.csv,SE14,SE,D,D10,R04,12.00,0,,19,0,0
SE14/D10_SE14_R05.csv,SE14,SE,D,D10,R05,12.00,0,,19,0,0
SE14/D11_SE14_R01.csv,SE14,SE,D,D11,R01,11.99,1,8.98,19,11,1
SE14/D11_SE14_R02.csv,SE14,SE,D,D11,R02,12.00,0,,19,0,0
SE14/D11_SE14_R03.csv,SE14,SE,D,D11,R03,12.00,0,,19,0,0
SE14/D11_SE14_R04.csv,SE14,SE,D,D11,R04,12.00,0,,19,0,0
SE14/D11_SE14_R05.csv,SE14,SE,D,D11,R05,12.00,0,,19,0,0
SE14/D12_SE14_R01.csv,SE14,SE,D,D12,R01,12.00,0,,19,0,0
SE14/D12_SE14_R02.csv,SE14,SE,D,D12,R02,12.00,0,,19,0,0
SE14/D12_SE14_R03.csv,SE14,SE,D,D12,R03,12.00,0,,19,0,0
SE14/D12_SE14_R04.csv,SE14,SE,D,D12,R04,12.00,0,,19,0,0
SE14/D12_SE14_R05.csv,SE14,SE,D,D12,R05,12.00,0,,19,0,0
SE14/D14_SE14_R01.csv,SE14,SE,D,D14,R01,12.00,0,,19,0,0
SE14/D14_SE14_R02.csv,SE14,SE,D,D14,R02,12.00,0,,19,0,0
SE14/D14_SE14_R03.csv,SE14,SE,D,D14,R03,11.99,0,,19,0,0
SE14/D14_SE14_R04.csv,SE14,SE,D,D14,R04,12.00,0,,19,0,0
SE14/D14_SE14_R05.csv,SE14,SE,D,D14,R05,12.00,0,,19,0,0
SE14/D15_SE14_R01.csv,SE14,SE,D,D15,R01,12.00,0,,19,0,0
SE14/D15_SE14_R02.csv,SE14,SE,D,D15,R02,12.00,0,,19,0,0
SE14/D15_SE14_R03.csv,SE14,SE,D,D15,R03,12.00,0,,19,0,0
SE14/D15_SE14_R04.csv,SE14,SE,D,D15,R04,11.97,0,,18,0,0
SE14/D15_SE14_R05.csv,SE14,SE,D,D15,R05,12.00,0,,19,0,0
SE14/D16_SE14_R01.csv,SE14,SE,D,D16,R01,12.00,0,,19,0,0
SE14/D16_SE14_R02.csv,SE14,SE,D,D16,R02,12.00,0,,19,0,0
SE14/D16_SE14_R03.csv,SE14,SE,D,D16,R03,12.00,0,,19,0,0
SE14/D16_SE14_R04.csv,SE14,SE,D,D16,R04,12.00,0,,19,0,0
SE14/D16_SE14_R05.csv,SE14,SE,D,D16,R05,12.00,0,,19,0,0
SE14/D17_SE14_R01.csv,SE14,SE,D,D17,R01,25.00,0,,45,0,0
SE14/D17_SE14_R02.csv,SE14,SE,D,D17,R02,25.00,0,,45,0,0
SE14/D17_SE14_R03.csv,SE14,SE,D,D17,R03,25.00,0,,45,0,0
SE14/D17_SE14_R04.csv,SE14,SE,D,D17,R04,25.00,0,,45,0,0
SE14/D17_SE14_R05.csv,SE14,SE,D,D17,R05,25.00,0,,45,0,0
SE15/D01_SE15_R01.csv,SE15,SE,D,D01,R01,100.00,0,,195,0,0
SE15/D02_SE15_R01.csv,SE15,SE,D,D02,R01,100.00,0,,195,0,0
SE15/D03_SE15_R01.csv,SE15,SE,D,D03,R01,100.00,0,,195,0,0
SE15/D05_SE15_R01.csv,SE15,SE,D,D05,R01,25.00,0,,45,0,0
SE15/D05_SE15_R02.csv,SE15,SE,D,D05,R02,25.00,0,,45,0,0
SE15/D05_SE15_R03.csv,SE15,SE,D,D05,R03,25.00,0,,45,0,0
SE15/D05_SE15_R04.csv,SE15,SE,D,D05,R04,25.00,0,,45,0,0
SE15/D05_SE15_R05.csv,SE15,SE,D,D05,R05,25.00,0,,45,0,0
SE15/D07_SE15_R01.csv,SE15,SE,D,D07,R01,11.99,0,,19,0,0
SE15/D07_SE15_R02.csv,SE15,SE,D,D07,R02,12.00,0,,19,0,0
SE15/D07_SE15_R03.csv,SE15,SE,D,D07,R03,12.00,0,,19,0,0
SE15/D07_SE15_R04.csv,SE15,SE,D,D07,R04,12.00,0,,19,0,0
SE15/D07_SE15_R05.csv,SE15,SE,D,D07,R05,12.00,0,,19,0,0
SE15/D08_SE15_R01.csv,SE15,SE,D,D08,R01,12.00,0,,19,0,0
SE15/D08_SE15_R02.csv,SE15,SE,D,D08,R02,12.00,0,,19,0,0
SE15/D08_SE15_R03.csv,SE15,SE,D,D08,R03,12.00,0,,19,0,0
SE15/D08_SE15_R04.csv,SE15,SE,D,D08,R04,12.00,0,,19,0,0
SE15/D08_SE15_R05.csv,SE15,SE,D,D08,R05,12.00,0,,19,0,0
SE15/D09_SE15_R01.csv,SE15,SE,D,D09,R01,12.00,0,,19,0,0
SE15/D09_SE15_R02.csv,SE15,SE,D,D09,R02,12.00,0,,19,0,0
SE15/D09_SE15_R03.csv,SE15,SE,D,D09,R03,12.00,0,,19,0,0
SE15/D09_SE15_R04.csv,SE15,SE,D,D09,R04,12.00,0,,19,0,0
SE15/D09_SE15_R05.csv,SE15,SE,D,D09,R05,12.00,0,,19,0,0
SE15/D10_SE15_R01.csv,SE15,SE,D,D10,R01,12.00,0,,19,0,0
SE15/D10_SE15_R02.csv,SE15,SE,D,D10,R02,12.00,0,,19,0,0
SE15/D10_SE15_R03.csv,SE15,SE,D,D10,R03,12.00,0,,19,0,0
SE15/D10_SE15_R04.csv,SE15,SE,D,D10,R04,12.00,0,,19,0,0
SE15/D10_SE15_R05.csv,SE15,SE,D,D10,R05,12.00,0,,19,0,0
SE15/D11_SE15_R01.csv,SE15,SE,D,D11,R01,12.00,1,7.48,19,14,1
SE15/D11_SE15_R02.csv,SE15,SE,D,D11,R02,12.00,0,,19,0,0
SE15/D11_SE15_R03.csv,SE15,SE,D,D11,R03,12.00,0,,19,0,0
SE15/D11_SE15_R04.csv,SE15,SE,D,D11,R04,12.00,0,,19,0,0
SE15/D11_SE15_R05.csv,SE15,SE,D,D11,R05,12.00,0,,19,0,0
SE15/D12_SE15_R01.csv,SE15,SE,D,D12,R01,11.99,0,,19,0,0
SE15/D12_SE15_R02.csv,SE15,SE,D,D12,R02,12.00,0,,19,0,0
SE15/D12_SE15_R03.csv,SE15,SE,D,D12,R03,12.00,0,,19,0,0
SE15/D12_SE15_R04.csv,SE15,SE,D,D12,R04,12.00,0,,19,0,0
SE15/D12_SE15_R05.csv,SE15,SE,D,D12,R05,12.00,0,,19,0,0
SE15/D14_SE15_R01.csv,SE15,SE,D,D14,R01,12.00,0,,19,0,0
SE15/D14_SE15_R02.csv,SE15,SE,D,D14,R02,12.00,0,,19,0,0
SE15/D14_SE15_R03.csv,SE15,SE,D,D14,R03,12.00,0,,19,0,0
SE15/D14_SE15_R04.csv,SE15,SE,D,D14,R04,12.00,0,,19,0,0
SE15/D14_SE15_R05.csv,SE15,SE,D,D14,R05,12.00,0,,19,0,0
SE15/D15_SE15_R01.csv,SE15,SE,D,D15,R01,12.00,0,,19,0,0
SE15/D15_SE15_R02.csv,SE15,SE,D,D15,R02,12.00,0,,19,0,0
SE15/D15_SE15_R03.csv,SE15,SE,D,D15,R03,12.00,0,,19,0,0
SE15/D15_SE15_R04.csv,SE15,SE,D,D15,R04,12.00,0,,19,0,0
SE15/D15_SE15_R05.csv,SE15,SE,D,D15,R05,12.00,0,,19,0,0
SE15/D16_SE15_R01.csv,SE15,SE,D,D16,R01,11.99,0,,19,0,0
SE15/D16_SE15_R02.csv,SE15,SE,D,D16,R02,12.00,0,,19,0,0
SE15/D16_SE15_R03.csv,SE15,SE,D,D16,R03,12.00,0,,19,0,0
SE15/D16_SE15_R04.csv,SE15,SE,D,D16,R04,12.00,0,,19,0,0
SE15/D16_SE15_R05.csv,SE15,SE,D,D16,R05,12.00,0,,19,0,0
SE15/D17_SE15_R01.csv,SE15,SE,D,D17,R01,25.00,0,,45,0,0
SE15/D17_SE15_R02.csv,SE15,SE,D,D17,R02,25.00,0,,45,0,0
SE15/D17_SE15_R03.csv,SE15,SE,D,D17,R03,25.00,0,,45,0,0
SE15/D17_SE15_R04.csv,SE15,SE,D,D17,R04,25.00,0,,45,0,0
SE15/D17_SE15_R05.csv,SE15,SE,D,D17,R05,25.00,0,,45,0,0
