file,subject,group,kind,activity,trial,duration_s,n_alarms,alarm_times_s,stage_low,stage_high,stage_paired,stage_afterDedupe,stage_afterDuration,stage_alarm
SA01/D01_SA01_R01.csv,SA01,SA,D,D01,R01,100.00,0,,1,0,0,0,0,0
SA01/D02_SA01_R01.csv,SA01,SA,D,D02,R01,100.00,0,,1,0,0,0,0,0
SA01/D03_SA01_R01.csv,SA01,SA,D,D03,R01,100.00,0,,1,1,0,0,0,0
SA01/D04_SA01_R01.csv,SA01,SA,D,D04,R01,100.00,0,,1,1,3,2,2,0
SA01/D05_SA01_R01.csv,SA01,SA,D,D05,R01,25.00,0,,1,0,0,0,0,0
SA01/D05_SA01_R02.csv,SA01,SA,D,D05,R02,25.00,0,,1,0,0,0,0,0
SA01/D05_SA01_R03.csv,SA01,SA,D,D05,R03,25.00,0,,0,0,0,0,0,0
SA01/D05_SA01_R04.csv,SA01,SA,D,D05,R04,25.00,0,,0,0,0,0,0,0
SA01/D05_SA01_R05.csv,SA01,SA,D,D05,R05,25.00,0,,0,0,0,0,0,0
SA01/D06_SA01_R01.csv,SA01,SA,D,D06,R01,25.00,0,,1,1,1,1,1,0
SA01/D06_SA01_R02.csv,SA01,SA,D,D06,R02,25.00,0,,1,1,0,0,0,0
SA01/D06_SA01_R03.csv,SA01,SA,D,D06,R03,25.00,0,,1,1,0,0,0,0
SA01/D06_SA01_R04.csv,SA01,SA,D,D06,R04,25.00,1,13.10,1,1,1,1,1,1
SA01/D06_SA01_R05.csv,SA01,SA,D,D06,R05,25.00,0,,1,1,1,1,1,0
SA01/D07_SA01_R01.csv,SA01,SA,D,D07,R01,12.00,0,,0,0,0,0,0,0
SA01/D07_SA01_R02.csv,SA01,SA,D,D07,R02,12.00,0,,0,0,0,0,0,0
SA01/D07_SA01_R03.csv,SA01,SA,D,D07,R03,12.00,0,,0,0,0,0,0,0
SA01/D07_SA01_R04.csv,SA01,SA,D,D07,R04,12.00,0,,0,0,0,0,0,0
SA01/D07_SA01_R05.csv,SA01,SA,D,D07,R05,12.00,0,,0,0,0,0,0,0
SA01/D08_SA01_R01.csv,SA01,SA,D,D08,R01,12.00,1,3.30,1,1,1,1,1,1
SA01/D08_SA01_R02.csv,SA01,SA,D,D08,R02,12.00,1,2.46,1,1,1,1,1,1
SA01/D08_SA01_R03.csv,SA01,SA,D,D08,R03,12.00,0,,1,0,0,0,0,0
SA01/D08_SA01_R04.csv,SA01,SA,D,D08,R04,12.00,1,2.82,1,1,1,1,1,1
SA01/D08_SA01_R05.csv,SA01,SA,D,D08,R05,12.00,0,,1,0,0,0,0,0
SA01/D09_SA01_R01.csv,SA01,SA,D,D09,R01,12.00,0,,1,0,0,0,0,0
SA01/D09_SA01_R02.csv,SA01,SA,D,D09,R02,12.00,0,,1,0,0,0,0,0
SA01/D09_SA01_R03.csv,SA01,SA,D,D09,R03,12.00,0,,1,0,0,0,0,0
SA01/D09_SA01_R04.csv,SA01,SA,D,D09,R04,12.00,0,,1,0,0,0,0,0
SA01/D09_SA01_R05.csv,SA01,SA,D,D09,R05,12.00,0,,1,0,0,0,0,0
SA01/D10_SA01_R01.csv,SA01,SA,D,D10,R01,12.00,1,3.68,1,1,1,1,1,1
SA01/D10_SA01_R02.csv,SA01,SA,D,D10,R02,12.00,1,3.08,1,1,1,1,1,1
SA01/D10_SA01_R03.csv,SA01,SA,D,D10,R03,12.00,1,3.14,1,1,1,1,1,1
SA01/D10_SA01_R04.csv,SA01,SA,D,D10,R04,12.00,1,3.36,1,1,1,1,1,1
SA01/D10_SA01_R05.csv,SA01,SA,D,D10,R05,12.00,1,2.76,1,1,1,1,1,1
SA01/D11_SA01_R01.csv,SA01,SA,D,D11,R01,12.00,1,4.42,1,1,1,1,1,1
SA01/D11_SA01_R02.csv,SA01,SA,D,D11,R02,12.00,1,5.78,1,1,1,1,1,1
SA01/D11_SA01_R03.csv,SA01,SA,D,D11,R03,12.00,1,6.40,1,1,1,1,1,1
SA01/D11_SA01_R04.csv,SA01,SA,D,D11,R04,12.00,0,,1,1,0,0,0,0
SA01/D11_SA01_R05.csv,SA01,SA,D,D11,R05,12.00,0,,1,1,0,0,0,0
SA01/D12_SA01_R01.csv,SA01,SA,D,D12,R01,12.00,0,,0,0,0,0,0,0
SA01/D12_SA01_R02.csv,SA01,SA,D,D12,R02,12.00,0,,0,0,0,0,0,0
SA01/D12_SA01_R03.csv,SA01,SA,D,D12,R03,12.00,0,,0,0,0,0,0,0
SA01/D12_SA01_R04.csv,SA01,SA,D,D12,R04,12.00,0,,0,0,0,0,0,0
SA01/D12_SA01_R05.csv,SA01,SA,D,D12,R05,12.00,0,,0,0,0,0,0,0
SA01/D13_SA01_R01.csv,SA01,SA,D,D13,R01,12.00,0,,0,0,0,0,0,0
SA01/D13_SA01_R02.csv,SA01,SA,D,D13,R02,12.00,0,,0,0,0,0,0,0
SA01/D13_SA01_R03.csv,SA01,SA,D,D13,R03,12.00,0,,0,0,0,0,0,0
SA01/D13_SA01_R04.csv,SA01,SA,D,D13,R04,12.00,0,,0,0,0,0,0,0
SA01/D13_SA01_R05.csv,SA01,SA,D,D13,R05,12.00,0,,0,0,0,0,0,0
SA01/D14_SA01_R01.csv,SA01,SA,D,D14,R01,12.00,0,,1,0,0,0,0,0
SA01/D14_SA01_R02.csv,SA01,SA,D,D14,R02,12.00,0,,1,0,0,0,0,0
SA01/D14_SA01_R03.csv,SA01,SA,D,D14,R03,12.00,0,,1,0,0,0,0,0
SA01/D14_SA01_R04.csv,SA01,SA,D,D14,R04,12.00,0,,1,0,0,0,0,0
SA01/D14_SA01_R05.csv,SA01,SA,D,D14,R05,12.00,0,,1,0,0,0,0,0
SA01/D15_SA01_R01.csv,SA01,SA,D,D15,R01,12.00,0,,0,0,0,0,0,0
SA01/D15_SA01_R02.csv,SA01,SA,D,D15,R02,12.00,0,,0,0,0,0,0,0
SA01/D15_SA01_R03.csv,SA01,SA,D,D15,R03,12.00,0,,0,0,0,0,0,0
SA01/D15_SA01_R04.csv,SA01,SA,D,D15,R04,12.00,0,,0,0,0,0,0,0
SA01/D15_SA01_R05.csv,SA01,SA,D,D15,R05,12.00,0,,0,0,0,0,0,0
SA01/D16_SA01_R01.csv,SA01,SA,D,D16,R01,12.00,0,,0,0,0,0,0,0
SA01/D16_SA01_R02.csv,SA01,SA,D,D16,R02,12.00,0,,0,0,0,0,0,0
SA01/D16_SA01_R03.csv,SA01,SA,D,D16,R03,12.00,0,,0,0,0,0,0,0
SA01/D16_SA01_R04.csv,SA01,SA,D,D16,R04,12.00,0,,0,0,0,0,0,0
SA01/D16_SA01_R05.csv,SA01,SA,D,D16,R05,12.00,0,,0,0,0,0,0,0
SA01/D17_SA01_R01.csv,SA01,SA,D,D17,R01,25.00,0,,0,0,0,0,0,0
SA01/D17_SA01_R02.csv,SA01,SA,D,D17,R02,25.00,0,,0,0,0,0,0,0
SA01/D17_SA01_R03.csv,SA01,SA,D,D17,R03,25.00,0,,0,0,0,0,0,0
SA01/D17_SA01_R04.csv,SA01,SA,D,D17,R04,25.00,0,,0,0,0,0,0,0
SA01/D17_SA01_R05.csv,SA01,SA,D,D17,R05,25.00,0,,0,0,0,0,0,0
SA01/D18_SA01_R01.csv,SA01,SA,D,D18,R01,12.00,1,3.38,1,1,1,1,1,1
SA01/D18_SA01_R02.csv,SA01,SA,D,D18,R02,12.00,0,,1,1,1,1,1,0
SA01/D18_SA01_R03.csv,SA01,SA,D,D18,R03,12.00,1,6.16,1,1,1,1,1,1
SA01/D18_SA01_R04.csv,SA01,SA,D,D18,R04,12.00,1,6.00,1,1,2,2,2,1
SA01/D18_SA01_R05.csv,SA01,SA,D,D18,R05,12.00,1,4.70,1,1,1,1,1,1
SA01/D19_SA01_R01.csv,SA01,SA,D,D19,R01,12.00,1,2.60,1,1,2,2,2,1
SA01/D19_SA01_R02.csv,SA01,SA,D,D19,R02,12.00,1,3.32,1,1,1,1,1,1
SA01/D19_SA01_R03.csv,SA01,SA,D,D19,R03,12.00,0,,1,0,0,0,0,0
SA01/D19_SA01_R04.csv,SA01,SA,D,D19,R04,12.00,0,,1,0,0,0,0,0
SA01/D19_SA01_R05.csv,SA01,SA,D,D19,R05,12.00,0,,1,0,0,0,0,0
SA01/F01_SA01_R01.csv,SA01,SA,F,F01,R01,15.00,1,7.34,1,1,1,1,1,1
SA01/F01_SA01_R02.csv,SA01,SA,F,F01,R02,15.00,1,7.48,1,1,1,1,1,1
SA01/F01_SA01_R03.csv,SA01,SA,F,F01,R03,15.00,1,8.70,1,1,1,1,1,1
SA01/F01_SA01_R04.csv,SA01,SA,F,F01,R04,15.00,1,7.10,1,1,1,1,1,1
SA01/F01_SA01_R05.csv,SA01,SA,F,F01,R05,15.00,1,7.56,1,1,1,1,1,1
SA01/F02_SA01_R01.csv,SA01,SA,F,F02,R01,15.00,1,7.62,1,1,1,1,1,1
SA01/F02_SA01_R02.csv,SA01,SA,F,F02,R02,15.00,1,10.08,1,1,1,1,1,1
SA01/F02_SA01_R03.csv,SA01,SA,F,F02,R03,15.00,1,7.46,1,1,1,1,1,1
SA01/F02_SA01_R04.csv,SA01,SA,F,F02,R04,15.00,1,8.48,1,1,1,1,1,1
SA01/F02_SA01_R05.csv,SA01,SA,F,F02,R05,15.00,1,9.64,1,1,1,1,1,1
SA01/F03_SA01_R01.csv,SA01,SA,F,F03,R01,15.00,1,7.20,1,1,1,1,1,1
SA01/F03_SA01_R02.csv,SA01,SA,F,F03,R02,15.00,1,7.98,1,1,2,1,1,1
SA01/F03_SA01_R03.csv,SA01,SA,F,F03,R03,15.00,1,9.18,1,1,1,1,1,1
SA01/F03_SA01_R04.csv,SA01,SA,F,F03,R04,15.00,0,,1,0,0,0,0,0
SA01/F03_SA01_R05.csv,SA01,SA,F,F03,R05,15.00,1,7.88,1,1,1,1,1,1
SA01/F04_SA01_R01.csv,SA01,SA,F,F04,R01,15.00,1,7.66,1,1,2,2,2,1
SA01/F04_SA01_R02.csv,SA01,SA,F,F04,R02,15.00,1,8.76,1,1,1,1,1,1
SA01/F04_SA01_R03.csv,SA01,SA,F,F04,R03,15.00,1,7.96,1,1,1,1,1,1
SA01/F04_SA01_R04.csv,SA01,SA,F,F04,R04,15.00,1,8.02,1,1,1,1,1,1
SA01/F04_SA01_R05.csv,SA01,SA,F,F04,R05,15.00,1,8.62,1,1,1,1,1,1
SA01/F05_SA01_R01.csv,SA01,SA,F,F05,R01,15.00,0,,1,1,0,0,0,0
SA01/F05_SA01_R02.csv,SA01,SA,F,F05,R02,15.00,0,,1,1,0,0,0,0
SA01/F05_SA01_R03.csv,SA01,SA,F,F05,R03,15.00,0,,1,1,0,0,0,0
SA01/F05_SA01_R04.csv,SA01,SA,F,F05,R04,15.00,0,,1,1,0,0,0,0
SA01/F05_SA01_R05.csv,SA01,SA,F,F05,R05,15.00,1,7.34,1,1,1,1,1,1
SA01/F06_SA01_R01.csv,SA01,SA,F,F06,R01,15.00,1,7.78,1,1,1,1,1,1
SA01/F06_SA01_R02.csv,SA01,SA,F,F06,R02,15.00,1,7.68,1,1,1,1,1,1
SA01/F06_SA01_R03.csv,SA01,SA,F,F06,R03,15.00,1,9.02,1,1,1,1,1,1
SA01/F06_SA01_R04.csv,SA01,SA,F,F06,R04,15.00,1,7.94,1,1,1,1,1,1
SA01/F06_SA01_R05.csv,SA01,SA,F,F06,R05,15.00,1,9.42,1,1,1,1,1,1
SA01/F07_SA01_R01.csv,SA01,SA,F,F07,R01,15.00,0,,1,1,0,0,0,0
SA01/F07_SA01_R02.csv,SA01,SA,F,F07,R02,15.00,0,,1,1,0,0,0,0
SA01/F07_SA01_R03.csv,SA01,SA,F,F07,R03,15.00,0,,1,1,0,0,0,0
SA01/F07_SA01_R04.csv,SA01,SA,F,F07,R04,15.00,0,,1,1,0,0,0,0
SA01/F07_SA01_R05.csv,SA01,SA,F,F07,R05,15.00,0,,1,0,0,0,0,0
SA01/F08_SA01_R01.csv,SA01,SA,F,F08,R01,15.00,1,6.12,1,1,1,1,1,1
SA01/F08_SA01_R02.csv,SA01,SA,F,F08,R02,15.00,1,6.04,1,1,1,1,1,1
SA01/F08_SA01_R03.csv,SA01,SA,F,F08,R03,15.00,1,7.32,1,1,1,1,1,1
SA01/F08_SA01_R04.csv,SA01,SA,F,F08,R04,15.00,1,7.66,1,1,1,1,1,1
SA01/F08_SA01_R05.csv,SA01,SA,F,F08,R05,15.00,0,,1,0,0,0,0,0
SA01/F09_SA01_R01.csv,SA01,SA,F,F09,R01,15.00,0,,1,1,0,0,0,0
SA01/F09_SA01_R02.csv,SA01,SA,F,F09,R02,15.00,0,,1,1,0,0,0,0
SA01/F09_SA01_R03.csv,SA01,SA,F,F09,R03,15.00,0,,1,0,0,0,0,0
SA01/F09_SA01_R04.csv,SA01,SA,F,F09,R04,15.00,0,,1,1,0,0,0,0
SA01/F09_SA01_R05.csv,SA01,SA,F,F09,R05,15.00,0,,1,1,0,0,0,0
SA01/F10_SA01_R01.csv,SA01,SA,F,F10,R01,15.00,0,,1,0,0,0,0,0
SA01/F10_SA01_R02.csv,SA01,SA,F,F10,R02,15.00,0,,0,0,0,0,0,0
SA01/F10_SA01_R03.csv,SA01,SA,F,F10,R03,15.00,1,8.12,1,1,1,1,1,1
SA01/F10_SA01_R04.csv,SA01,SA,F,F10,R04,15.00,0,,1,1,0,0,0,0
SA01/F10_SA01_R05.csv,SA01,SA,F,F10,R05,15.00,0,,1,0,0,0,0,0
SA01/F11_SA01_R01.csv,SA01,SA,F,F11,R01,15.00,0,,1,1,0,0,0,0
SA01/F11_SA01_R02.csv,SA01,SA,F,F11,R02,15.00,0,,1,1,0,0,0,0
SA01/F11_SA01_R03.csv,SA01,SA,F,F11,R03,15.00,0,,0,0,0,0,0,0
SA01/F11_SA01_R04.csv,SA01,SA,F,F11,R04,15.00,0,,1,0,0,0,0,0
SA01/F11_SA01_R05.csv,SA01,SA,F,F11,R05,15.00,0,,1,1,0,0,0,0
SA01/F12_SA01_R01.csv,SA01,SA,F,F12,R01,15.00,0,,1,1,0,0,0,0
SA01/F12_SA01_R02.csv,SA01,SA,F,F12,R02,15.00,0,,1,1,0,0,0,0
SA01/F12_SA01_R03.csv,SA01,SA,F,F12,R03,15.00,1,5.66,1,1,1,1,1,1
SA01/F12_SA01_R04.csv,SA01,SA,F,F12,R04,15.00,1,6.08,1,1,1,1,1,1
SA01/F12_SA01_R05.csv,SA01,SA,F,F12,R05,15.00,0,,1,1,0,0,0,0
SA01/F13_SA01_R01.csv,SA01,SA,F,F13,R01,15.00,1,5.36,1,1,1,1,1,1
SA01/F13_SA01_R02.csv,SA01,SA,F,F13,R02,15.00,0,,0,0,0,0,0,0
SA01/F13_SA01_R03.csv,SA01,SA,F,F13,R03,15.00,0,,1,0,0,0,0,0
SA01/F13_SA01_R04.csv,SA01,SA,F,F13,R04,15.00,0,,1,0,0,0,0,0
SA01/F13_SA01_R05.csv,SA01,SA,F,F13,R05,15.00,0,,0,1,0,0,0,0
SA01/F14_SA01_R01.csv,SA01,SA,F,F14,R01,15.00,1,6.92,1,1,1,1,1,1
SA01/F14_SA01_R02.csv,SA01,SA,F,F14,R02,15.00,1,6.18,1,1,1,1,1,1
SA01/F14_SA01_R03.csv,SA01,SA,F,F14,R03,15.00,1,8.36,1,1,1,1,1,1
SA01/F14_SA01_R04.csv,SA01,SA,F,F14,R04,15.00,1,9.20,1,1,1,1,1,1
SA01/F14_SA01_R05.csv,SA01,SA,F,F14,R05,15.00,1,8.60,1,1,1,1,1,1
SA01/F15_SA01_R01.csv,SA01,SA,F,F15,R01,15.00,0,,0,0,0,0,0,0
SA01/F15_SA01_R02.csv,SA01,SA,F,F15,R02,15.00,1,7.74,1,1,1,1,1,1
SA01/F15_SA01_R03.csv,SA01,SA,F,F15,R03,15.00,1,7.56,1,1,1,1,1,1
SA01/F15_SA01_R04.csv,SA01,SA,F,F15,R04,15.00,1,7.70,1,1,1,1,1,1
SA01/F15_SA01_R05.csv,SA01,SA,F,F15,R05,15.00,1,5.20,1,1,1,1,1,1
SA02/D01_SA02_R01.csv,SA02,SA,D,D01,R01,100.00,0,,1,0,0,0,0,0
SA02/D02_SA02_R01.csv,SA02,SA,D,D02,R01,100.00,0,,1,0,0,0,0,0
SA02/D03_SA02_R01.csv,SA02,SA,D,D03,R01,100.00,0,,1,1,1,1,1,0
SA02/D04_SA02_R01.csv,SA02,SA,D,D04,R01,100.00,0,,1,1,4,2,2,0
SA02/D05_SA02_R01.csv,SA02,SA,D,D05,R01,25.00,0,,1,0,0,0,0,0
SA02/D05_SA02_R02.csv,SA02,SA,D,D05,R02,25.00,0,,1,0,0,0,0,0
SA02/D05_SA02_R03.csv,SA02,SA,D,D05,R03,25.00,0,,1,0,0,0,0,0
SA02/D05_SA02_R04.csv,SA02,SA,D,D05,R04,25.00,0,,1,0,0,0,0,0
SA02/D05_SA02_R05.csv,SA02,SA,D,D05,R05,25.00,0,,1,0,0,0,0,0
SA02/D06_SA02_R01.csv,SA02,SA,D,D06,R01,25.00,0,,1,1,1,1,1,0
SA02/D06_SA02_R02.csv,SA02,SA,D,D06,R02,25.00,1,12.42,1,1,1,1,1,1
SA02/D06_SA02_R03.csv,SA02,SA,D,D06,R03,25.00,0,,1,0,0,0,0,0
SA02/D06_SA02_R04.csv,SA02,SA,D,D06,R04,25.00,0,,1,1,0,0,0,0
SA02/D06_SA02_R05.csv,SA02,SA,D,D06,R05,25.00,1,10.04,1,1,2,1,1,1
SA02/D07_SA02_R01.csv,SA02,SA,D,D07,R01,12.00,0,,0,0,0,0,0,0
SA02/D07_SA02_R02.csv,SA02,SA,D,D07,R02,12.00,0,,0,0,0,0,0,0
SA02/D07_SA02_R03.csv,SA02,SA,D,D07,R03,12.00,0,,0,0,0,0,0,0
SA02/D07_SA02_R04.csv,SA02,SA,D,D07,R04,12.00,0,,0,0,0,0,0,0
SA02/D07_SA02_R05.csv,SA02,SA,D,D07,R05,12.00,0,,0,0,0,0,0,0
SA02/D08_SA02_R01.csv,SA02,SA,D,D08,R01,12.00,0,,1,0,0,0,0,0
SA02/D08_SA02_R02.csv,SA02,SA,D,D08,R02,12.00,0,,1,0,0,0,0,0
SA02/D08_SA02_R03.csv,SA02,SA,D,D08,R03,12.00,0,,1,0,0,0,0,0
SA02/D08_SA02_R04.csv,SA02,SA,D,D08,R04,12.00,0,,1,0,0,0,0,0
SA02/D08_SA02_R05.csv,SA02,SA,D,D08,R05,12.00,1,3.10,1,1,1,1,1,1
SA02/D09_SA02_R01.csv,SA02,SA,D,D09,R01,12.00,0,,1,0,0,0,0,0
SA02/D09_SA02_R02.csv,SA02,SA,D,D09,R02,12.00,0,,0,0,0,0,0,0
SA02/D09_SA02_R03.csv,SA02,SA,D,D09,R03,12.00,0,,0,0,0,0,0,0
SA02/D09_SA02_R04.csv,SA02,SA,D,D09,R04,12.00,0,,0,0,0,0,0,0
SA02/D09_SA02_R05.csv,SA02,SA,D,D09,R05,12.00,0,,0,0,0,0,0,0
SA02/D10_SA02_R01.csv,SA02,SA,D,D10,R01,12.00,0,,1,0,0,0,0,0
SA02/D10_SA02_R02.csv,SA02,SA,D,D10,R02,12.00,0,,1,0,0,0,0,0
SA02/D10_SA02_R03.csv,SA02,SA,D,D10,R03,12.00,0,,1,0,0,0,0,0
SA02/D10_SA02_R04.csv,SA02,SA,D,D10,R04,12.00,0,,1,0,0,0,0,0
SA02/D10_SA02_R05.csv,SA02,SA,D,D10,R05,12.00,0,,1,0,0,0,0,0
SA02/D11_SA02_R01.csv,SA02,SA,D,D11,R01,12.00,1,3.02,1,1,1,1,1,1
SA02/D11_SA02_R02.csv,SA02,SA,D,D11,R02,12.00,1,4.66,1,1,1,1,1,1
SA02/D11_SA02_R03.csv,SA02,SA,D,D11,R03,12.00,1,5.46,1,1,1,1,1,1
SA02/D11_SA02_R04.csv,SA02,SA,D,D11,R04,12.00,1,5.10,1,1,1,1,1,1
SA02/D11_SA02_R05.csv,SA02,SA,D,D11,R05,12.00,1,7.16,1,1,1,1,1,1
SA02/D12_SA02_R01.csv,SA02,SA,D,D12,R01,12.00,0,,0,0,0,0,0,0
SA02/D12_SA02_R02.csv,SA02,SA,D,D12,R02,12.00,0,,0,0,0,0,0,0
SA02/D12_SA02_R03.csv,SA02,SA,D,D12,R03,12.00,0,,0,0,0,0,0,0
SA02/D12_SA02_R04.csv,SA02,SA,D,D12,R04,12.00,0,,0,0,0,0,0,0
SA02/D12_SA02_R05.csv,SA02,SA,D,D12,R05,12.00,0,,0,0,0,0,0,0
SA02/D13_SA02_R01.csv,SA02,SA,D,D13,R01,12.00,0,,0,0,0,0,0,0
SA02/D13_SA02_R02.csv,SA02,SA,D,D13,R02,12.00,0,,0,0,0,0,0,0
SA02/D13_SA02_R03.csv,SA02,SA,D,D13,R03,12.00,0,,1,0,0,0,0,0
SA02/D13_SA02_R04.csv,SA02,SA,D,D13,R04,12.00,0,,1,0,0,0,0,0
SA02/D13_SA02_R05.csv,SA02,SA,D,D13,R05,12.00,0,,0,0,0,0,0,0
SA02/D14_SA02_R01.csv,SA02,SA,D,D14,R01,11.99,0,,1,0,0,0,0,0
SA02/D14_SA02_R02.csv,SA02,SA,D,D14,R02,12.00,0,,1,0,0,0,0,0
SA02/D14_SA02_R03.csv,SA02,SA,D,D14,R03,12.00,0,,1,0,0,0,0,0
SA02/D14_SA02_R04.csv,SA02,SA,D,D14,R04,12.00,0,,1,0,0,0,0,0
SA02/D14_SA02_R05.csv,SA02,SA,D,D14,R05,12.00,0,,1,0,0,0,0,0
SA02/D15_SA02_R01.csv,SA02,SA,D,D15,R01,12.00,0,,0,0,0,0,0,0
SA02/D15_SA02_R02.csv,SA02,SA,D,D15,R02,12.00,0,,0,0,0,0,0,0
SA02/D15_SA02_R03.csv,SA02,SA,D,D15,R03,12.00,0,,1,0,0,0,0,0
SA02/D15_SA02_R04.csv,SA02,SA,D,D15,R04,12.00,0,,0,0,0,0,0,0
SA02/D15_SA02_R05.csv,SA02,SA,D,D15,R05,12.00,0,,0,0,0,0,0,0
SA02/D16_SA02_R01.csv,SA02,SA,D,D16,R01,11.99,0,,0,0,0,0,0,0
SA02/D16_SA02_R02.csv,SA02,SA,D,D16,R02,12.00,0,,0,0,0,0,0,0
SA02/D16_SA02_R03.csv,SA02,SA,D,D16,R03,12.00,0,,0,0,0,0,0,0
SA02/D16_SA02_R04.csv,SA02,SA,D,D16,R04,12.00,0,,1,0,0,0,0,0
SA02/D16_SA02_R05.csv,SA02,SA,D,D16,R05,12.00,0,,0,0,0,0,0,0
SA02/D17_SA02_R01.csv,SA02,SA,D,D17,R01,25.00,0,,1,0,0,0,0,0
SA02/D17_SA02_R02.csv,SA02,SA,D,D17,R02,25.00,0,,1,0,0,0,0,0
SA02/D17_SA02_R03.csv,SA02,SA,D,D17,R03,25.00,0,,1,0,0,0,0,0
SA02/D17_SA02_R04.csv,SA02,SA,D,D17,R04,25.00,0,,1,0,0,0,0,0
SA02/D17_SA02_R05.csv,SA02,SA,D,D17,R05,25.00,0,,1,0,0,0,0,0
SA02/D18_SA02_R01.csv,SA02,SA,D,D18,R01,12.00,1,5.32,1,1,1,1,1,1
SA02/D18_SA02_R02.csv,SA02,SA,D,D18,R02,12.00,0,,1,0,0,0,0,0
SA02/D18_SA02_R03.csv,SA02,SA,D,D18,R03,12.00,1,5.90,1,1,2,1,1,1
SA02/D18_SA02_R04.csv,SA02,SA,D,D18,R04,12.00,0,,1,1,1,1,1,0
SA02/D18_SA02_R05.csv,SA02,SA,D,D18,R05,12.00,0,,1,1,1,1,1,0
SA02/D19_SA02_R01.csv,SA02,SA,D,D19,R01,12.00,0,,1,0,0,0,0,0
SA02/D19_SA02_R02.csv,SA02,SA,D,D19,R02,12.00,0,,1,1,4,2,2,0
SA02/D19_SA02_R03.csv,SA02,SA,D,D19,R03,12.00,1,8.52,1,1,2,2,2,1
SA02/D19_SA02_R04.csv,SA02,SA,D,D19,R04,12.00,1,6.68,1,1,2,2,2,1
SA02/D19_SA02_R05.csv,SA02,SA,D,D19,R05,12.00,1,5.90,1,1,2,2,2,1
SA02/F01_SA02_R01.csv,SA02,SA,F,F01,R01,15.00,1,9.48,1,1,1,1,1,1
SA02/F01_SA02_R02.csv,SA02,SA,F,F01,R02,15.00,1,9.64,1,1,1,1,1,1
SA02/F01_SA02_R03.csv,SA02,SA,F,F01,R03,15.00,1,10.12,1,1,1,1,1,1
SA02/F01_SA02_R04.csv,SA02,SA,F,F01,R04,15.00,1,11.04,1,1,1,1,1,1
SA02/F01_SA02_R05.csv,SA02,SA,F,F01,R05,15.00,1,9.72,1,1,1,1,1,1
SA02/F02_SA02_R01.csv,SA02,SA,F,F02,R01,15.00,1,10.30,1,1,1,1,1,1
SA02/F02_SA02_R02.csv,SA02,SA,F,F02,R02,14.99,0,,1,1,0,0,0,0
SA02/F02_SA02_R03.csv,SA02,SA,F,F02,R03,15.00,1,11.96,1,1,1,1,1,1
SA02/F02_SA02_R04.csv,SA02,SA,F,F02,R04,15.00,0,,1,1,1,1,1,0
SA02/F02_SA02_R05.csv,SA02,SA,F,F02,R05,15.00,1,8.98,1,1,1,1,1,1
SA02/F03_SA02_R01.csv,SA02,SA,F,F03,R01,15.00,1,7.52,1,1,1,1,1,1
SA02/F03_SA02_R02.csv,SA02,SA,F,F03,R02,14.99,1,6.86,1,1,1,1,1,1
SA02/F03_SA02_R03.csv,SA02,SA,F,F03,R03,15.00,1,7.42,1,1,1,1,1,1
SA02/F03_SA02_R04.csv,SA02,SA,F,F03,R04,15.01,1,7.78,1,1,1,1,1,1
SA02/F03_SA02_R05.csv,SA02,SA,F,F03,R05,15.00,1,7.26,1,1,1,1,1,1
SA02/F04_SA02_R01.csv,SA02,SA,F,F04,R01,15.00,1,7.02,1,1,1,1,1,1
SA02/F04_SA02_R02.csv,SA02,SA,F,F04,R02,15.00,0,,1,1,1,1,1,0
SA02/F04_SA02_R03.csv,SA02,SA,F,F04,R03,15.00,1,8.10,1,1,1,1,1,1
SA02/F04_SA02_R04.csv,SA02,SA,F,F04,R04,15.00,1,7.72,1,1,1,1,1,1
SA02/F04_SA02_R05.csv,SA02,SA,F,F04,R05,15.00,1,7.70,1,1,1,1,1,1
SA02/F05_SA02_R01.csv,SA02,SA,F,F05,R01,15.00,0,,1,1,1,1,1,0
SA02/F05_SA02_R02.csv,SA02,SA,F,F05,R02,15.00,0,,1,1,1,1,1,0
SA02/F05_SA02_R03.csv,SA02,SA,F,F05,R03,15.00,1,7.84,1,1,1,1,1,1
SA02/F05_SA02_R04.csv,SA02,SA,F,F05,R04,15.00,0,,1,1,0,0,0,0
SA02/F05_SA02_R05.csv,SA02,SA,F,F05,R05,15.00,0,,1,1,0,0,0,0
SA02/F06_SA02_R01.csv,SA02,SA,F,F06,R01,15.00,1,8.02,1,1,1,1,1,1
SA02/F06_SA02_R02.csv,SA02,SA,F,F06,R02,15.00,1,10.88,1,1,1,1,1,1
SA02/F06_SA02_R03.csv,SA02,SA,F,F06,R03,15.00,1,10.68,1,1,1,1,1,1
SA02/F06_SA02_R04.csv,SA02,SA,F,F06,R04,15.00,1,10.52,1,1,2,2,2,1
SA02/F06_SA02_R05.csv,SA02,SA,F,F06,R05,15.00,1,9.84,1,1,1,1,1,1
SA02/F07_SA02_R01.csv,SA02,SA,F,F07,R01,15.00,1,10.06,1,1,1,1,1,1
SA02/F07_SA02_R02.csv,SA02,SA,F,F07,R02,15.00,1,10.16,1,1,1,1,1,1
SA02/F07_SA02_R03.csv,SA02,SA,F,F07,R03,15.00,1,9.96,1,1,1,1,1,1
SA02/F07_SA02_R04.csv,SA02,SA,F,F07,R04,15.00,1,9.60,1,1,1,1,1,1
SA02/F07_SA02_R05.csv,SA02,SA,F,F07,R05,15.00,1,9.62,1,1,1,1,1,1
SA02/F08_SA02_R01.csv,SA02,SA,F,F08,R01,15.00,1,7.26,1,1,1,1,1,1
SA02/F08_SA02_R02.csv,SA02,SA,F,F08,R02,15.00,1,6.84,1,1,1,1,1,1
SA02/F08_SA02_R03.csv,SA02,SA,F,F08,R03,15.00,0,,1,0,0,0,0,0
SA02/F08_SA02_R04.csv,SA02,SA,F,F08,R04,15.00,1,6.82,1,1,1,1,1,1
SA02/F08_SA02_R05.csv,SA02,SA,F,F08,R05,15.00,0,,1,0,0,0,0,0
SA02/F09_SA02_R01.csv,SA02,SA,F,F09,R01,15.00,0,,1,0,0,0,0,0
SA02/F09_SA02_R02.csv,SA02,SA,F,F09,R02,15.00,1,7.70,1,1,1,1,1,1
SA02/F09_SA02_R03.csv,SA02,SA,F,F09,R03,15.00,1,9.18,1,1,1,1,1,1
SA02/F09_SA02_R04.csv,SA02,SA,F,F09,R04,15.00,1,6.78,1,1,1,1,1,1
SA02/F09_SA02_R05.csv,SA02,SA,F,F09,R05,15.00,1,9.32,1,1,1,1,1,1
SA02/F10_SA02_R01.csv,SA02,SA,F,F10,R01,15.00,1,10.30,1,1,1,1,1,1
SA02/F10_SA02_R02.csv,SA02,SA,F,F10,R02,15.00,0,,1,0,0,0,0,0
SA02/F10_SA02_R03.csv,SA02,SA,F,F10,R03,15.00,0,,1,0,0,0,0,0
SA02/F10_SA02_R04.csv,SA02,SA,F,F10,R04,15.00,1,8.10,1,1,1,1,1,1
SA02/F10_SA02_R05.csv,SA02,SA,F,F10,R05,15.00,1,8.38,1,1,1,1,1,1
SA02/F11_SA02_R01.csv,SA02,SA,F,F11,R01,15.00,1,6.82,1,1,1,1,1,1
SA02/F11_SA02_R02.csv,SA02,SA,F,F11,R02,15.00,1,7.64,1,1,1,1,1,1
SA02/F11_SA02_R03.csv,SA02,SA,F,F11,R03,15.00,1,8.90,1,1,1,1,1,1
SA02/F11_SA02_R04.csv,SA02,SA,F,F11,R04,15.00,1,8.96,1,1,1,1,1,1
SA02/F11_SA02_R05.csv,SA02,SA,F,F11,R05,15.00,1,9.14,1,1,1,1,1,1
SA02/F12_SA02_R01.csv,SA02,SA,F,F12,R01,15.00,1,5.94,1,1,1,1,1,1
SA02/F12_SA02_R02.csv,SA02,SA,F,F12,R02,15.00,1,7.30,1,1,1,1,1,1
SA02/F12_SA02_R03.csv,SA02,SA,F,F12,R03,15.00,1,6.42,1,1,1,1,1,1
SA02/F12_SA02_R04.csv,SA02,SA,F,F12,R04,15.00,1,9.68,1,1,1,1,1,1
SA02/F12_SA02_R05.csv,SA02,SA,F,F12,R05,15.00,1,6.02,1,1,1,1,1,1
SA02/F13_SA02_R01.csv,SA02,SA,F,F13,R01,15.00,0,,1,0,0,0,0,0
SA02/F13_SA02_R02.csv,SA02,SA,F,F13,R02,15.00,0,,1,1,2,1,1,0
SA02/F13_SA02_R03.csv,SA02,SA,F,F13,R03,15.00,0,,1,1,2,1,1,0
SA02/F13_SA02_R04.csv,SA02,SA,F,F13,R04,15.00,1,8.56,1,1,1,1,1,1
SA02/F13_SA02_R05.csv,SA02,SA,F,F13,R05,15.00,0,,1,1,0,0,0,0
SA02/F14_SA02_R01.csv,SA02,SA,F,F14,R01,15.00,1,9.52,1,1,1,1,1,1
SA02/F14_SA02_R02.csv,SA02,SA,F,F14,R02,15.00,1,7.72,1,1,1,1,1,1
SA02/F14_SA02_R03.csv,SA02,SA,F,F14,R03,15.00,1,5.68,1,1,1,1,1,1
SA02/F14_SA02_R04.csv,SA02,SA,F,F14,R04,15.00,1,7.58,1,1,1,1,1,1
SA02/F14_SA02_R05.csv,SA02,SA,F,F14,R05,15.00,1,7.42,1,1,1,1,1,1
SA02/F15_SA02_R01.csv,SA02,SA,F,F15,R01,15.00,1,6.04,1,1,1,1,1,1
SA02/F15_SA02_R02.csv,SA02,SA,F,F15,R02,15.00,1,9.00,1,1,1,1,1,1
SA02/F15_SA02_R03.csv,SA02,SA,F,F15,R03,15.00,1,10.08,1,1,1,1,1,1
SA02/F15_SA02_R04.csv,SA02,SA,F,F15,R04,15.00,1,6.36,1,1,1,1,1,1
SA02/F15_SA02_R05.csv,SA02,SA,F,F15,R05,15.00,1,7.20,1,1,1,1,1,1
SA03/D01_SA03_R01.csv,SA03,SA,D,D01,R01,100.00,0,,0,0,0,0,0,0
SA03/D02_SA03_R01.csv,SA03,SA,D,D02,R01,100.00,0,,1,0,0,0,0,0
SA03/D03_SA03_R01.csv,SA03,SA,D,D03,R01,100.00,0,,1,1,1,1,1,0
SA03/D04_SA03_R01.csv,SA03,SA,D,D04,R01,100.00,0,,1,1,6,5,5,0
SA03/D05_SA03_R01.csv,SA03,SA,D,D05,R01,25.00,0,,1,0,0,0,0,0
SA03/D05_SA03_R02.csv,SA03,SA,D,D05,R02,25.00,0,,1,0,0,0,0,0
SA03/D05_SA03_R03.csv,SA03,SA,D,D05,R03,25.00,0,,0,0,0,0,0,0
SA03/D05_SA03_R04.csv,SA03,SA,D,D05,R04,25.00,0,,0,0,0,0,0,0
SA03/D05_SA03_R05.csv,SA03,SA,D,D05,R05,25.00,0,,0,0,0,0,0,0
SA03/D06_SA03_R01.csv,SA03,SA,D,D06,R01,25.00,0,,1,1,1,1,1,0
SA03/D06_SA03_R02.csv,SA03,SA,D,D06,R02,25.00,0,,1,1,1,1,1,0
SA03/D06_SA03_R03.csv,SA03,SA,D,D06,R03,25.00,0,,1,1,2,2,2,0
SA03/D06_SA03_R04.csv,SA03,SA,D,D06,R04,25.00,0,,1,1,2,2,2,0
SA03/D06_SA03_R05.csv,SA03,SA,D,D06,R05,25.00,0,,1,1,2,2,2,0
SA03/D07_SA03_R01.csv,SA03,SA,D,D07,R01,12.00,0,,0,0,0,0,0,0
SA03/D07_SA03_R02.csv,SA03,SA,D,D07,R02,12.00,0,,0,0,0,0,0,0
SA03/D07_SA03_R03.csv,SA03,SA,D,D07,R03,12.00,0,,0,0,0,0,0,0
SA03/D07_SA03_R04.csv,SA03,SA,D,D07,R04,12.00,0,,0,0,0,0,0,0
SA03/D07_SA03_R05.csv,SA03,SA,D,D07,R05,12.00,0,,0,0,0,0,0,0
SA03/D08_SA03_R01.csv,SA03,SA,D,D08,R01,12.00,1,2.08,1,1,1,1,1,1
SA03/D08_SA03_R02.csv,SA03,SA,D,D08,R02,12.00,0,,1,0,0,0,0,0
SA03/D08_SA03_R03.csv,SA03,SA,D,D08,R03,12.00,0,,1,0,0,0,0,0
SA03/D08_SA03_R04.csv,SA03,SA,D,D08,R04,12.00,0,,1,0,0,0,0,0
SA03/D08_SA03_R05.csv,SA03,SA,D,D08,R05,12.00,0,,1,0,0,0,0,0
SA03/D09_SA03_R01.csv,SA03,SA,D,D09,R01,12.00,0,,1,0,0,0,0,0
SA03/D09_SA03_R02.csv,SA03,SA,D,D09,R02,12.00,0,,0,0,0,0,0,0
SA03/D09_SA03_R03.csv,SA03,SA,D,D09,R03,12.00,0,,0,0,0,0,0,0
SA03/D09_SA03_R04.csv,SA03,SA,D,D09,R04,12.00,0,,0,0,0,0,0,0
SA03/D09_SA03_R05.csv,SA03,SA,D,D09,R05,12.00,0,,0,0,0,0,0,0
SA03/D10_SA03_R01.csv,SA03,SA,D,D10,R01,12.00,0,,1,0,0,0,0,0
SA03/D10_SA03_R02.csv,SA03,SA,D,D10,R02,12.00,0,,1,0,0,0,0,0
SA03/D10_SA03_R03.csv,SA03,SA,D,D10,R03,12.00,0,,1,0,0,0,0,0
SA03/D10_SA03_R04.csv,SA03,SA,D,D10,R04,12.00,0,,1,0,0,0,0,0
SA03/D10_SA03_R05.csv,SA03,SA,D,D10,R05,12.00,0,,1,0,0,0,0,0
SA03/D11_SA03_R01.csv,SA03,SA,D,D11,R01,11.99,0,,1,1,0,0,0,0
SA03/D11_SA03_R02.csv,SA03,SA,D,D11,R02,12.00,0,,1,1,0,0,0,0
SA03/D11_SA03_R03.csv,SA03,SA,D,D11,R03,12.00,0,,1,1,0,0,0,0
SA03/D11_SA03_R04.csv,SA03,SA,D,D11,R04,11.99,0,,1,0,0,0,0,0
SA03/D11_SA03_R05.csv,SA03,SA,D,D11,R05,12.00,0,,1,0,0,0,0,0
SA03/D12_SA03_R01.csv,SA03,SA,D,D12,R01,12.00,0,,1,0,0,0,0,0
SA03/D12_SA03_R02.csv,SA03,SA,D,D12,R02,12.00,0,,1,0,0,0,0,0
SA03/D12_SA03_R03.csv,SA03,SA,D,D12,R03,12.00,0,,1,0,0,0,0,0
SA03/D12_SA03_R04.csv,SA03,SA,D,D12,R04,12.00,0,,1,0,0,0,0,0
SA03/D12_SA03_R05.csv,SA03,SA,D,D12,R05,12.00,0,,0,0,0,0,0,0
SA03/D13_SA03_R01.csv,SA03,SA,D,D13,R01,12.00,0,,1,0,0,0,0,0
SA03/D13_SA03_R02.csv,SA03,SA,D,D13,R02,12.00,0,,1,0,0,0,0,0
SA03/D13_SA03_R03.csv,SA03,SA,D,D13,R03,12.00,0,,1,0,0,0,0,0
SA03/D13_SA03_R04.csv,SA03,SA,D,D13,R04,12.00,0,,1,0,0,0,0,0
SA03/D13_SA03_R05.csv,SA03,SA,D,D13,R05,12.00,0,,1,0,0,0,0,0
SA03/D14_SA03_R01.csv,SA03,SA,D,D14,R01,12.00,0,,1,0,0,0,0,0
SA03/D14_SA03_R02.csv,SA03,SA,D,D14,R02,12.00,0,,1,0,0,0,0,0
SA03/D14_SA03_R03.csv,SA03,SA,D,D14,R03,12.00,0,,1,0,0,0,0,0
SA03/D14_SA03_R04.csv,SA03,SA,D,D14,R04,12.00,0,,1,0,0,0,0,0
SA03/D14_SA03_R05.csv,SA03,SA,D,D14,R05,12.00,0,,1,0,0,0,0,0
SA03/D15_SA03_R01.csv,SA03,SA,D,D15,R01,12.00,0,,0,0,0,0,0,0
SA03/D15_SA03_R02.csv,SA03,SA,D,D15,R02,12.00,0,,0,0,0,0,0,0
SA03/D15_SA03_R03.csv,SA03,SA,D,D15,R03,12.00,0,,0,0,0,0,0,0
SA03/D15_SA03_R04.csv,SA03,SA,D,D15,R04,12.00,0,,0,0,0,0,0,0
SA03/D15_SA03_R05.csv,SA03,SA,D,D15,R05,12.00,0,,0,0,0,0,0,0
SA03/D16_SA03_R01.csv,SA03,SA,D,D16,R01,11.99,0,,0,0,0,0,0,0
SA03/D16_SA03_R02.csv,SA03,SA,D,D16,R02,12.00,0,,0,0,0,0,0,0
SA03/D16_SA03_R03.csv,SA03,SA,D,D16,R03,12.00,0,,0,0,0,0,0,0
SA03/D16_SA03_R04.csv,SA03,SA,D,D16,R04,12.00,0,,0,0,0,0,0,0
SA03/D16_SA03_R05.csv,SA03,SA,D,D16,R05,12.00,0,,0,0,0,0,0,0
SA03/D17_SA03_R01.csv,SA03,SA,D,D17,R01,25.00,0,,0,0,0,0,0,0
SA03/D17_SA03_R02.csv,SA03,SA,D,D17,R02,25.00,0,,0,0,0,0,0,0
SA03/D17_SA03_R03.csv,SA03,SA,D,D17,R03,25.00,0,,0,0,0,0,0,0
SA03/D17_SA03_R04.csv,SA03,SA,D,D17,R04,25.00,0,,0,0,0,0,0,0
SA03/D17_SA03_R05.csv,SA03,SA,D,D17,R05,25.00,0,,0,0,0,0,0,0
SA03/D18_SA03_R01.csv,SA03,SA,D,D18,R01,12.00,1,2.96,1,1,1,1,1,1
SA03/D18_SA03_R02.csv,SA03,SA,D,D18,R02,12.00,1,3.92,1,1,1,1,1,1
SA03/D18_SA03_R03.csv,SA03,SA,D,D18,R03,12.00,1,6.28,1,1,1,1,1,1
SA03/D18_SA03_R04.csv,SA03,SA,D,D18,R04,12.00,1,4.80,1,1,1,1,1,1
SA03/D18_SA03_R05.csv,SA03,SA,D,D18,R05,12.00,1,5.54,1,1,1,1,1,1
SA03/D19_SA03_R01.csv,SA03,SA,D,D19,R01,12.00,1,4.68,1,1,2,2,2,1
SA03/D19_SA03_R02.csv,SA03,SA,D,D19,R02,12.00,1,5.56,1,1,2,2,2,1
SA03/D19_SA03_R03.csv,SA03,SA,D,D19,R03,12.00,1,5.46,1,1,2,2,2,1
SA03/D19_SA03_R04.csv,SA03,SA,D,D19,R04,12.00,0,,1,1,4,2,2,0
SA03/D19_SA03_R05.csv,SA03,SA,D,D19,R05,12.00,1,4.56,1,1,3,2,2,1
SA03/F01_SA03_R01.csv,SA03,SA,F,F01,R01,14.99,1,11.48,1,1,1,1,1,1
SA03/F01_SA03_R02.csv,SA03,SA,F,F01,R02,15.00,1,10.74,1,1,1,1,1,1
SA03/F01_SA03_R03.csv,SA03,SA,F,F01,R03,15.00,0,,0,1,0,0,0,0
SA03/F01_SA03_R04.csv,SA03,SA,F,F01,R04,15.00,1,9.58,1,1,1,1,1,1
SA03/F01_SA03_R05.csv,SA03,SA,F,F01,R05,15.00,1,7.70,1,1,1,1,1,1
SA03/F02_SA03_R01.csv,SA03,SA,F,F02,R01,15.00,1,7.18,1,1,1,1,1,1
SA03/F02_SA03_R02.csv,SA03,SA,F,F02,R02,15.00,1,6.56,1,1,1,1,1,1
SA03/F02_SA03_R03.csv,SA03,SA,F,F02,R03,15.00,1,7.84,1,1,1,1,1,1
SA03/F02_SA03_R04.csv,SA03,SA,F,F02,R04,15.00,1,6.96,1,1,1,1,1,1
SA03/F02_SA03_R05.csv,SA03,SA,F,F02,R05,15.00,1,7.12,1,1,1,1,1,1
SA03/F03_SA03_R01.csv,SA03,SA,F,F03,R01,15.00,1,7.18,1,1,1,1,1,1
SA03/F03_SA03_R02.csv,SA03,SA,F,F03,R02,15.00,1,8.16,1,1,1,1,1,1
SA03/F03_SA03_R03.csv,SA03,SA,F,F03,R03,15.00,1,7.50,1,1,1,1,1,1
SA03/F03_SA03_R04.csv,SA03,SA,F,F03,R04,15.00,1,7.28,1,1,1,1,1,1
SA03/F03_SA03_R05.csv,SA03,SA,F,F03,R05,15.00,1,8.38,1,1,1,1,1,1
SA03/F04_SA03_R01.csv,SA03,SA,F,F04,R01,15.00,1,11.62,1,1,1,1,1,1
SA03/F04_SA03_R02.csv,SA03,SA,F,F04,R02,15.00,1,11.86,1,1,1,1,1,1
SA03/F04_SA03_R03.csv,SA03,SA,F,F04,R03,15.00,1,10.96,1,1,1,1,1,1
SA03/F04_SA03_R04.csv,SA03,SA,F,F04,R04,15.00,1,11.26,1,1,1,1,1,1
SA03/F04_SA03_R05.csv,SA03,SA,F,F04,R05,15.00,1,10.20,1,1,1,1,1,1
SA03/F05_SA03_R01.csv,SA03,SA,F,F05,R01,15.00,1,7.04,1,1,1,1,1,1
SA03/F05_SA03_R02.csv,SA03,SA,F,F05,R02,15.00,1,7.20,1,1,1,1,1,1
SA03/F05_SA03_R03.csv,SA03,SA,F,F05,R03,15.00,0,,1,1,1,1,1,0
SA03/F05_SA03_R04.csv,SA03,SA,F,F05,R04,15.00,1,7.48,1,1,1,1,1,1
SA03/F05_SA03_R05.csv,SA03,SA,F,F05,R05,15.00,1,6.64,1,1,1,1,1,1
SA03/F06_SA03_R01.csv,SA03,SA,F,F06,R01,14.99,0,,1,0,0,0,0,0
SA03/F06_SA03_R02.csv,SA03,SA,F,F06,R02,15.00,1,10.52,1,1,1,1,1,1
SA03/F06_SA03_R03.csv,SA03,SA,F,F06,R03,15.00,0,,1,1,0,0,0,0
SA03/F06_SA03_R04.csv,SA03,SA,F,F06,R04,15.00,1,9.92,1,1,1,1,1,1
SA03/F06_SA03_R05.csv,SA03,SA,F,F06,R05,15.00,1,9.96,1,1,1,1,1,1
SA03/F07_SA03_R01.csv,SA03,SA,F,F07,R01,15.00,1,9.86,1,1,1,1,1,1
SA03/F07_SA03_R02.csv,SA03,SA,F,F07,R02,15.00,1,8.82,1,1,1,1,1,1
SA03/F07_SA03_R03.csv,SA03,SA,F,F07,R03,15.00,0,,1,1,0,0,0,0
SA03/F07_SA03_R04.csv,SA03,SA,F,F07,R04,15.00,0,,1,0,0,0,0,0
SA03/F07_SA03_R05.csv,SA03,SA,F,F07,R05,15.00,0,,1,0,0,0,0,0
SA03/F08_SA03_R01.csv,SA03,SA,F,F08,R01,14.99,1,8.04,1,1,1,1,1,1
SA03/F08_SA03_R02.csv,SA03,SA,F,F08,R02,15.00,1,6.12,1,1,1,1,1,1
SA03/F08_SA03_R03.csv,SA03,SA,F,F08,R03,15.00,1,6.28,1,1,1,1,1,1
SA03/F08_SA03_R04.csv,SA03,SA,F,F08,R04,15.00,1,6.50,1,1,1,1,1,1
SA03/F08_SA03_R05.csv,SA03,SA,F,F08,R05,15.00,1,7.30,1,1,1,1,1,1
SA03/F09_SA03_R01.csv,SA03,SA,F,F09,R01,14.99,1,5.40,1,1,1,1,1,1
SA03/F09_SA03_R02.csv,SA03,SA,F,F09,R02,15.00,1,5.96,1,1,1,1,1,1
SA03/F09_SA03_R03.csv,SA03,SA,F,F09,R03,15.00,1,6.38,1,1,1,1,1,1
SA03/F09_SA03_R04.csv,SA03,SA,F,F09,R04,15.00,1,4.20,1,1,1,1,1,1
SA03/F09_SA03_R05.csv,SA03,SA,F,F09,R05,15.00,1,5.66,1,1,1,1,1,1
SA03/F10_SA03_R01.csv,SA03,SA,F,F10,R01,15.00,1,5.48,1,1,1,1,1,1
SA03/F10_SA03_R02.csv,SA03,SA,F,F10,R02,15.00,1,8.82,1,1,1,1,1,1
SA03/F10_SA03_R03.csv,SA03,SA,F,F10,R03,15.00,1,7.04,1,1,1,1,1,1
SA03/F10_SA03_R04.csv,SA03,SA,F,F10,R04,15.00,1,9.92,1,1,1,1,1,1
SA03/F10_SA03_R05.csv,SA03,SA,F,F10,R05,15.00,1,8.30,1,1,1,1,1,1
SA03/F11_SA03_R01.csv,SA03,SA,F,F11,R01,14.99,1,5.52,1,1,1,1,1,1
SA03/F11_SA03_R02.csv,SA03,SA,F,F11,R02,15.00,1,6.24,1,1,1,1,1,1
SA03/F11_SA03_R03.csv,SA03,SA,F,F11,R03,15.00,1,6.94,1,1,1,1,1,1
SA03/F11_SA03_R04.csv,SA03,SA,F,F11,R04,15.00,1,6.72,1,1,1,1,1,1
SA03/F11_SA03_R05.csv,SA03,SA,F,F11,R05,15.00,1,5.18,1,1,1,1,1,1
SA03/F12_SA03_R01.csv,SA03,SA,F,F12,R01,15.00,1,5.42,1,1,1,1,1,1
SA03/F12_SA03_R02.csv,SA03,SA,F,F12,R02,15.00,1,7.64,1,1,1,1,1,1
SA03/F12_SA03_R03.csv,SA03,SA,F,F12,R03,15.00,1,6.94,1,1,1,1,1,1
SA03/F12_SA03_R04.csv,SA03,SA,F,F12,R04,15.00,1,5.38,1,1,1,1,1,1
SA03/F12_SA03_R05.csv,SA03,SA,F,F12,R05,15.00,1,5.48,1,1,1,1,1,1
SA03/F13_SA03_R01.csv,SA03,SA,F,F13,R01,15.00,0,,0,0,0,0,0,0
SA03/F13_SA03_R02.csv,SA03,SA,F,F13,R02,15.00,1,5.54,1,1,1,1,1,1
SA03/F13_SA03_R03.csv,SA03,SA,F,F13,R03,15.00,0,,1,0,0,0,0,0
SA03/F13_SA03_R04.csv,SA03,SA,F,F13,R04,15.00,1,5.44,1,1,1,1,1,1
SA03/F13_SA03_R05.csv,SA03,SA,F,F13,R05,15.00,1,6.16,1,1,1,1,1,1
SA03/F14_SA03_R01.csv,SA03,SA,F,F14,R01,15.00,0,,1,0,0,0,0,0
SA03/F14_SA03_R02.csv,SA03,SA,F,F14,R02,15.00,1,5.78,1,1,1,1,1,1
SA03/F14_SA03_R03.csv,SA03,SA,F,F14,R03,15.00,0,,1,0,0,0,0,0
SA03/F14_SA03_R04.csv,SA03,SA,F,F14,R04,15.00,1,5.50,1,1,1,1,1,1
SA03/F14_SA03_R05.csv,SA03,SA,F,F14,R05,15.00,1,4.94,1,1,1,1,1,1
SA03/F15_SA03_R01.csv,SA03,SA,F,F15,R01,15.00,1,4.30,1,1,1,1,1,1
SA03/F15_SA03_R02.csv,SA03,SA,F,F15,R02,15.00,1,5.68,1,1,1,1,1,1
SA03/F15_SA03_R03.csv,SA03,SA,F,F15,R03,15.00,0,,1,0,0,0,0,0
SA03/F15_SA03_R04.csv,SA03,SA,F,F15,R04,15.00,1,6.34,1,1,1,1,1,1
SA03/F15_SA03_R05.csv,SA03,SA,F,F15,R05,15.00,1,6.96,1,1,1,1,1,1
SA04/D01_SA04_R01.csv,SA04,SA,D,D01,R01,100.00,0,,0,0,0,0,0,0
SA04/D02_SA04_R01.csv,SA04,SA,D,D02,R01,100.00,0,,1,0,0,0,0,0
SA04/D03_SA04_R01.csv,SA04,SA,D,D03,R01,100.00,0,,1,1,0,0,0,0
SA04/D04_SA04_R01.csv,SA04,SA,D,D04,R01,100.00,0,,1,1,2,2,2,0
SA04/D05_SA04_R01.csv,SA04,SA,D,D05,R01,25.00,0,,1,0,0,0,0,0
SA04/D05_SA04_R02.csv,SA04,SA,D,D05,R02,25.00,0,,1,0,0,0,0,0
SA04/D05_SA04_R03.csv,SA04,SA,D,D05,R03,25.00,0,,1,0,0,0,0,0
SA04/D05_SA04_R04.csv,SA04,SA,D,D05,R04,25.00,0,,1,0,0,0,0,0
SA04/D05_SA04_R05.csv,SA04,SA,D,D05,R05,25.00,0,,1,0,0,0,0,0
SA04/D06_SA04_R01.csv,SA04,SA,D,D06,R01,25.00,1,11.10,1,1,4,3,3,1
SA04/D06_SA04_R02.csv,SA04,SA,D,D06,R02,25.00,0,,1,1,2,2,2,0
SA04/D06_SA04_R03.csv,SA04,SA,D,D06,R03,25.00,0,,1,1,3,3,3,0
SA04/D06_SA04_R04.csv,SA04,SA,D,D06,R04,25.00,0,,1,1,3,2,2,0
SA04/D06_SA04_R05.csv,SA04,SA,D,D06,R05,25.00,0,,1,1,4,3,3,0
SA04/D07_SA04_R01.csv,SA04,SA,D,D07,R01,12.00,0,,0,0,0,0,0,0
SA04/D07_SA04_R02.csv,SA04,SA,D,D07,R02,12.00,0,,0,0,0,0,0,0
SA04/D07_SA04_R03.csv,SA04,SA,D,D07,R03,12.00,0,,0,0,0,0,0,0
SA04/D07_SA04_R04.csv,SA04,SA,D,D07,R04,12.00,0,,0,0,0,0,0,0
SA04/D07_SA04_R05.csv,SA04,SA,D,D07,R05,12.00,0,,0,0,0,0,0,0
SA04/D08_SA04_R01.csv,SA04,SA,D,D08,R01,12.00,0,,1,0,0,0,0,0
SA04/D08_SA04_R02.csv,SA04,SA,D,D08,R02,12.00,0,,1,0,0,0,0,0
SA04/D08_SA04_R03.csv,SA04,SA,D,D08,R03,12.00,0,,1,0,0,0,0,0
SA04/D08_SA04_R04.csv,SA04,SA,D,D08,R04,12.00,0,,1,0,0,0,0,0
SA04/D08_SA04_R05.csv,SA04,SA,D,D08,R05,12.00,0,,1,0,0,0,0,0
SA04/D09_SA04_R01.csv,SA04,SA,D,D09,R01,12.00,0,,0,0,0,0,0,0
SA04/D09_SA04_R02.csv,SA04,SA,D,D09,R02,12.00,0,,0,0,0,0,0,0
SA04/D09_SA04_R03.csv,SA04,SA,D,D09,R03,12.00,0,,0,0,0,0,0,0
SA04/D09_SA04_R04.csv,SA04,SA,D,D09,R04,12.00,0,,0,0,0,0,0,0
SA04/D09_SA04_R05.csv,SA04,SA,D,D09,R05,12.00,0,,0,0,0,0,0,0
SA04/D10_SA04_R01.csv,SA04,SA,D,D10,R01,12.00,0,,1,0,0,0,0,0
SA04/D10_SA04_R02.csv,SA04,SA,D,D10,R02,12.00,0,,1,0,0,0,0,0
SA04/D10_SA04_R03.csv,SA04,SA,D,D10,R03,12.00,1,4.60,1,1,1,1,1,1
SA04/D10_SA04_R04.csv,SA04,SA,D,D10,R04,12.00,1,4.30,1,1,1,1,1,1
SA04/D10_SA04_R05.csv,SA04,SA,D,D10,R05,12.00,0,,1,0,0,0,0,0
SA04/D11_SA04_R01.csv,SA04,SA,D,D11,R01,12.00,1,4.74,1,1,1,1,1,1
SA04/D11_SA04_R02.csv,SA04,SA,D,D11,R02,12.00,1,5.46,1,1,1,1,1,1
SA04/D11_SA04_R03.csv,SA04,SA,D,D11,R03,12.00,1,4.86,1,1,1,1,1,1
SA04/D11_SA04_R04.csv,SA04,SA,D,D11,R04,12.00,1,5.74,1,1,1,1,1,1
SA04/D11_SA04_R05.csv,SA04,SA,D,D11,R05,12.00,1,3.76,1,1,1,1,1,1
SA04/D12_SA04_R01.csv,SA04,SA,D,D12,R01,12.00,0,,0,0,0,0,0,0
SA04/D12_SA04_R02.csv,SA04,SA,D,D12,R02,12.00,0,,0,0,0,0,0,0
SA04/D12_SA04_R03.csv,SA04,SA,D,D12,R03,12.00,0,,0,0,0,0,0,0
SA04/D12_SA04_R04.csv,SA04,SA,D,D12,R04,12.00,0,,0,0,0,0,0,0
SA04/D12_SA04_R05.csv,SA04,SA,D,D12,R05,12.00,0,,0,0,0,0,0,0
SA04/D13_SA04_R01.csv,SA04,SA,D,D13,R01,12.00,0,,1,0,0,0,0,0
SA04/D13_SA04_R02.csv,SA04,SA,D,D13,R02,12.00,0,,1,0,0,0,0,0
SA04/D13_SA04_R03.csv,SA04,SA,D,D13,R03,12.00,0,,1,0,0,0,0,0
SA04/D13_SA04_R04.csv,SA04,SA,D,D13,R04,12.00,0,,1,0,0,0,0,0
SA04/D13_SA04_R05.csv,SA04,SA,D,D13,R05,12.00,0,,1,0,0,0,0,0
SA04/D14_SA04_R01.csv,SA04,SA,D,D14,R01,12.00,0,,1,0,0,0,0,0
SA04/D14_SA04_R02.csv,SA04,SA,D,D14,R02,12.00,0,,1,0,0,0,0,0
SA04/D14_SA04_R03.csv,SA04,SA,D,D14,R03,12.00,0,,0,0,0,0,0,0
SA04/D14_SA04_R04.csv,SA04,SA,D,D14,R04,12.00,0,,1,0,0,0,0,0
SA04/D14_SA04_R05.csv,SA04,SA,D,D14,R05,12.00,0,,0,0,0,0,0,0
SA04/D15_SA04_R01.csv,SA04,SA,D,D15,R01,12.00,0,,0,0,0,0,0,0
SA04/D15_SA04_R02.csv,SA04,SA,D,D15,R02,12.00,0,,0,0,0,0,0,0
SA04/D15_SA04_R03.csv,SA04,SA,D,D15,R03,12.00,0,,0,0,0,0,0,0
SA04/D15_SA04_R04.csv,SA04,SA,D,D15,R04,12.00,0,,0,0,0,0,0,0
SA04/D15_SA04_R05.csv,SA04,SA,D,D15,R05,12.00,0,,0,0,0,0,0,0
SA04/D16_SA04_R01.csv,SA04,SA,D,D16,R01,11.99,0,,0,0,0,0,0,0
SA04/D16_SA04_R02.csv,SA04,SA,D,D16,R02,12.00,0,,0,0,0,0,0,0
SA04/D16_SA04_R03.csv,SA04,SA,D,D16,R03,12.00,0,,0,0,0,0,0,0
SA04/D16_SA04_R04.csv,SA04,SA,D,D16,R04,12.00,0,,0,0,0,0,0,0
SA04/D16_SA04_R05.csv,SA04,SA,D,D16,R05,12.00,0,,0,0,0,0,0,0
SA04/D17_SA04_R01.csv,SA04,SA,D,D17,R01,25.00,0,,0,0,0,0,0,0
SA04/D17_SA04_R02.csv,SA04,SA,D,D17,R02,25.00,0,,0,0,0,0,0,0
SA04/D17_SA04_R03.csv,SA04,SA,D,D17,R03,25.00,0,,0,0,0,0,0,0
SA04/D17_SA04_R04.csv,SA04,SA,D,D17,R04,25.00,0,,0,0,0,0,0,0
SA04/D17_SA04_R05.csv,SA04,SA,D,D17,R05,25.00,0,,0,0,0,0,0,0
SA04/D18_SA04_R01.csv,SA04,SA,D,D18,R01,12.00,0,,1,1,1,1,1,0
SA04/D18_SA04_R02.csv,SA04,SA,D,D18,R02,12.00,1,5.66,1,1,1,1,1,1
SA04/D18_SA04_R03.csv,SA04,SA,D,D18,R03,12.00,0,,1,1,1,1,1,0
SA04/D18_SA04_R04.csv,SA04,SA,D,D18,R04,12.00,1,6.76,1,1,1,1,1,1
SA04/D18_SA04_R05.csv,SA04,SA,D,D18,R05,12.00,0,,1,1,1,1,1,0
SA04/D19_SA04_R01.csv,SA04,SA,D,D19,R01,12.00,1,7.50,1,1,2,2,2,1
SA04/D19_SA04_R02.csv,SA04,SA,D,D19,R02,12.00,1,3.66,1,1,2,2,2,1
SA04/D19_SA04_R03.csv,SA04,SA,D,D19,R03,12.00,1,6.78,1,1,2,1,1,1
SA04/D19_SA04_R04.csv,SA04,SA,D,D19,R04,12.00,1,4.00,1,1,2,2,2,1
SA04/D19_SA04_R05.csv,SA04,SA,D,D19,R05,12.00,0,,1,1,3,2,2,0
SA04/F01_SA04_R01.csv,SA04,SA,F,F01,R01,14.99,1,11.04,1,1,1,1,1,1
SA04/F01_SA04_R02.csv,SA04,SA,F,F01,R02,15.00,1,10.02,1,1,1,1,1,1
SA04/F01_SA04_R03.csv,SA04,SA,F,F01,R03,15.00,1,9.76,1,1,1,1,1,1
SA04/F01_SA04_R04.csv,SA04,SA,F,F01,R04,15.00,1,9.62,1,1,1,1,1,1
SA04/F01_SA04_R05.csv,SA04,SA,F,F01,R05,15.00,1,10.04,1,1,1,1,1,1
SA04/F02_SA04_R01.csv,SA04,SA,F,F02,R01,15.00,1,7.04,1,1,1,1,1,1
SA04/F02_SA04_R02.csv,SA04,SA,F,F02,R02,15.00,1,8.24,1,1,1,1,1,1
SA04/F02_SA04_R03.csv,SA04,SA,F,F02,R03,15.00,1,7.72,1,1,1,1,1,1
SA04/F02_SA04_R04.csv,SA04,SA,F,F02,R04,15.00,1,6.24,1,1,1,1,1,1
SA04/F02_SA04_R05.csv,SA04,SA,F,F02,R05,15.00,1,7.62,1,1,1,1,1,1
SA04/F03_SA04_R01.csv,SA04,SA,F,F03,R01,15.00,1,6.84,1,1,1,1,1,1
SA04/F03_SA04_R02.csv,SA04,SA,F,F03,R02,15.00,1,5.94,1,1,1,1,1,1
SA04/F03_SA04_R03.csv,SA04,SA,F,F03,R03,15.00,1,7.08,1,1,1,1,1,1
SA04/F03_SA04_R04.csv,SA04,SA,F,F03,R04,15.00,1,7.68,1,1,1,1,1,1
SA04/F03_SA04_R05.csv,SA04,SA,F,F03,R05,15.00,1,7.40,1,1,1,1,1,1
SA04/F04_SA04_R01.csv,SA04,SA,F,F04,R01,15.00,1,9.52,1,1,1,1,1,1
SA04/F04_SA04_R02.csv,SA04,SA,F,F04,R02,15.00,1,9.18,1,1,2,1,1,1
SA04/F04_SA04_R03.csv,SA04,SA,F,F04,R03,15.00,1,9.84,1,1,1,1,1,1
SA04/F04_SA04_R04.csv,SA04,SA,F,F04,R04,15.00,1,9.44,1,1,1,1,1,1
SA04/F04_SA04_R05.csv,SA04,SA,F,F04,R05,15.00,1,9.58,1,1,1,1,1,1
SA04/F05_SA04_R01.csv,SA04,SA,F,F05,R01,15.00,1,6.08,1,1,2,2,2,1
SA04/F05_SA04_R02.csv,SA04,SA,F,F05,R02,15.00,0,,1,1,1,1,1,0
SA04/F05_SA04_R03.csv,SA04,SA,F,F05,R03,15.00,1,6.20,1,1,2,2,2,1
SA04/F05_SA04_R04.csv,SA04,SA,F,F05,R04,15.00,1,4.96,1,1,3,2,2,1
SA04/F05_SA04_R05.csv,SA04,SA,F,F05,R05,15.00,1,5.60,1,1,2,2,2,1
SA04/F06_SA04_R01.csv,SA04,SA,F,F06,R01,14.99,1,8.64,1,1,1,1,1,1
SA04/F06_SA04_R02.csv,SA04,SA,F,F06,R02,15.00,1,9.44,1,1,1,1,1,1
SA04/F06_SA04_R03.csv,SA04,SA,F,F06,R03,15.00,1,10.02,1,1,1,1,1,1
SA04/F06_SA04_R04.csv,SA04,SA,F,F06,R04,15.00,1,9.54,1,1,1,1,1,1
SA04/F06_SA04_R05.csv,SA04,SA,F,F06,R05,15.00,1,9.70,1,1,1,1,1,1
SA04/F07_SA04_R01.csv,SA04,SA,F,F07,R01,15.00,1,7.94,1,1,1,1,1,1
SA04/F07_SA04_R02.csv,SA04,SA,F,F07,R02,14.99,1,7.10,1,1,1,1,1,1
SA04/F07_SA04_R03.csv,SA04,SA,F,F07,R03,15.00,1,6.72,1,1,1,1,1,1
SA04/F07_SA04_R04.csv,SA04,SA,F,F07,R04,15.00,1,5.88,1,1,1,1,1,1
SA04/F07_SA04_R05.csv,SA04,SA,F,F07,R05,15.00,1,8.04,1,1,1,1,1,1
SA04/F08_SA04_R01.csv,SA04,SA,F,F08,R01,15.00,1,4.98,1,1,1,1,1,1
SA04/F08_SA04_R02.csv,SA04,SA,F,F08,R02,15.00,1,4.70,1,1,1,1,1,1
SA04/F08_SA04_R03.csv,SA04,SA,F,F08,R03,15.00,1,4.98,1,1,1,1,1,1
SA04/F08_SA04_R04.csv,SA04,SA,F,F08,R04,15.00,1,4.16,1,1,1,1,1,1
SA04/F08_SA04_R05.csv,SA04,SA,F,F08,R05,15.00,1,3.62,1,1,1,1,1,1
SA04/F09_SA04_R01.csv,SA04,SA,F,F09,R01,15.00,1,4.68,1,1,1,1,1,1
SA04/F09_SA04_R02.csv,SA04,SA,F,F09,R02,15.00,1,8.68,1,1,1,1,1,1
SA04/F09_SA04_R03.csv,SA04,SA,F,F09,R03,15.00,1,6.68,1,1,1,1,1,1
SA04/F09_SA04_R04.csv,SA04,SA,F,F09,R04,15.00,1,7.56,1,1,1,1,1,1
SA04/F09_SA04_R05.csv,SA04,SA,F,F09,R05,15.00,1,7.78,1,1,1,1,1,1
SA04/F10_SA04_R01.csv,SA04,SA,F,F10,R01,15.00,1,5.84,1,1,1,1,1,1
SA04/F10_SA04_R02.csv,SA04,SA,F,F10,R02,15.00,1,7.86,1,1,1,1,1,1
SA04/F10_SA04_R03.csv,SA04,SA,F,F10,R03,15.00,1,8.52,1,1,1,1,1,1
SA04/F10_SA04_R04.csv,SA04,SA,F,F10,R04,15.00,0,,1,0,0,0,0,0
SA04/F10_SA04_R05.csv,SA04,SA,F,F10,R05,15.00,1,9.36,1,1,1,1,1,1
SA04/F11_SA04_R01.csv,SA04,SA,F,F11,R01,14.99,1,5.96,1,1,1,1,1,1
SA04/F11_SA04_R02.csv,SA04,SA,F,F11,R02,15.00,0,,1,1,0,0,0,0
SA04/F11_SA04_R03.csv,SA04,SA,F,F11,R03,15.00,0,,1,0,0,0,0,0
SA04/F11_SA04_R04.csv,SA04,SA,F,F11,R04,15.00,0,,1,0,0,0,0,0
SA04/F11_SA04_R05.csv,SA04,SA,F,F11,R05,15.00,1,4.66,1,1,1,1,1,1
SA04/F12_SA04_R01.csv,SA04,SA,F,F12,R01,15.00,1,4.68,1,1,1,1,1,1
SA04/F12_SA04_R02.csv,SA04,SA,F,F12,R02,15.00,1,4.56,1,1,1,1,1,1
SA04/F12_SA04_R03.csv,SA04,SA,F,F12,R03,15.00,0,,1,1,0,0,0,0
SA04/F12_SA04_R04.csv,SA04,SA,F,F12,R04,15.00,1,4.90,1,1,1,1,1,1
SA04/F12_SA04_R05.csv,SA04,SA,F,F12,R05,15.00,1,4.72,1,1,1,1,1,1
SA04/F13_SA04_R01.csv,SA04,SA,F,F13,R01,15.00,0,,1,0,0,0,0,0
SA04/F13_SA04_R02.csv,SA04,SA,F,F13,R02,15.00,0,,1,0,0,0,0,0
SA04/F13_SA04_R03.csv,SA04,SA,F,F13,R03,15.00,1,5.30,1,1,1,1,1,1
SA04/F13_SA04_R04.csv,SA04,SA,F,F13,R04,15.00,0,,1,0,0,0,0,0
SA04/F13_SA04_R05.csv,SA04,SA,F,F13,R05,15.00,1,4.66,1,1,1,1,1,1
SA04/F14_SA04_R01.csv,SA04,SA,F,F14,R01,15.00,1,3.34,1,1,1,1,1,1
SA04/F14_SA04_R02.csv,SA04,SA,F,F14,R02,15.00,1,4.38,1,1,1,1,1,1
SA04/F14_SA04_R03.csv,SA04,SA,F,F14,R03,15.00,1,2.92,1,1,1,1,1,1
SA04/F14_SA04_R04.csv,SA04,SA,F,F14,R04,15.00,1,3.60,1,1,1,1,1,1
SA04/F14_SA04_R05.csv,SA04,SA,F,F14,R05,15.00,1,5.00,1,1,1,1,1,1
SA04/F15_SA04_R01.csv,SA04,SA,F,F15,R01,15.00,1,3.34,1,1,1,1,1,1
SA04/F15_SA04_R02.csv,SA04,SA,F,F15,R02,15.00,0,,1,1,0,0,0,0
SA04/F15_SA04_R03.csv,SA04,SA,F,F15,R03,15.00,1,5.26,1,1,1,1,1,1
SA04/F15_SA04_R04.csv,SA04,SA,F,F15,R04,15.00,1,5.80,1,1,1,1,1,1
SA04/F15_SA04_R05.csv,SA04,SA,F,F15,R05,15.00,1,4.64,1,1,1,1,1,1
SA05/D01_SA05_R01.csv,SA05,SA,D,D01,R01,100.00,0,,1,0,0,0,0,0
SA05/D02_SA05_R01.csv,SA05,SA,D,D02,R01,100.00,0,,1,0,0,0,0,0
SA05/D03_SA05_R01.csv,SA05,SA,D,D03,R01,100.00,0,,1,1,1,1,1,0
SA05/D04_SA05_R01.csv,SA05,SA,D,D04,R01,100.00,0,,1,1,2,2,2,0
SA05/D05_SA05_R01.csv,SA05,SA,D,D05,R01,25.00,0,,1,0,0,0,0,0
SA05/D05_SA05_R02.csv,SA05,SA,D,D05,R02,25.00,0,,1,0,0,0,0,0
SA05/D05_SA05_R03.csv,SA05,SA,D,D05,R03,25.00,0,,1,0,0,0,0,0
SA05/D05_SA05_R04.csv,SA05,SA,D,D05,R04,25.00,0,,1,0,0,0,0,0
SA05/D05_SA05_R05.csv,SA05,SA,D,D05,R05,25.00,0,,1,0,0,0,0,0
SA05/D06_SA05_R01.csv,SA05,SA,D,D06,R01,25.00,0,,1,1,4,4,4,0
SA05/D06_SA05_R02.csv,SA05,SA,D,D06,R02,25.00,0,,1,1,5,3,3,0
SA05/D06_SA05_R03.csv,SA05,SA,D,D06,R03,25.00,0,,1,1,2,2,2,0
SA05/D06_SA05_R04.csv,SA05,SA,D,D06,R04,25.00,0,,1,1,3,3,3,0
SA05/D06_SA05_R05.csv,SA05,SA,D,D06,R05,25.00,0,,1,1,3,3,3,0
SA05/D07_SA05_R01.csv,SA05,SA,D,D07,R01,12.00,0,,0,0,0,0,0,0
SA05/D07_SA05_R02.csv,SA05,SA,D,D07,R02,12.00,0,,0,0,0,0,0,0
SA05/D07_SA05_R03.csv,SA05,SA,D,D07,R03,12.00,0,,0,0,0,0,0,0
SA05/D07_SA05_R04.csv,SA05,SA,D,D07,R04,12.00,0,,0,0,0,0,0,0
SA05/D07_SA05_R05.csv,SA05,SA,D,D07,R05,12.00,0,,0,0,0,0,0,0
SA05/D08_SA05_R01.csv,SA05,SA,D,D08,R01,12.00,0,,1,0,0,0,0,0
SA05/D08_SA05_R02.csv,SA05,SA,D,D08,R02,12.00,0,,1,0,0,0,0,0
SA05/D08_SA05_R03.csv,SA05,SA,D,D08,R03,12.00,0,,1,0,0,0,0,0
SA05/D08_SA05_R04.csv,SA05,SA,D,D08,R04,12.00,0,,1,0,0,0,0,0
SA05/D08_SA05_R05.csv,SA05,SA,D,D08,R05,12.00,0,,1,0,0,0,0,0
SA05/D09_SA05_R01.csv,SA05,SA,D,D09,R01,12.00,0,,1,0,0,0,0,0
SA05/D09_SA05_R02.csv,SA05,SA,D,D09,R02,12.00,0,,1,0,0,0,0,0
SA05/D09_SA05_R03.csv,SA05,SA,D,D09,R03,12.00,0,,0,0,0,0,0,0
SA05/D09_SA05_R04.csv,SA05,SA,D,D09,R04,12.00,0,,1,0,0,0,0,0
SA05/D09_SA05_R05.csv,SA05,SA,D,D09,R05,12.00,0,,0,0,0,0,0,0
SA05/D10_SA05_R01.csv,SA05,SA,D,D10,R01,12.00,0,,1,0,0,0,0,0
SA05/D10_SA05_R02.csv,SA05,SA,D,D10,R02,12.00,0,,1,0,0,0,0,0
SA05/D10_SA05_R03.csv,SA05,SA,D,D10,R03,12.00,0,,1,0,0,0,0,0
SA05/D10_SA05_R04.csv,SA05,SA,D,D10,R04,12.00,0,,1,0,0,0,0,0
SA05/D10_SA05_R05.csv,SA05,SA,D,D10,R05,12.00,0,,1,0,0,0,0,0
SA05/D11_SA05_R01.csv,SA05,SA,D,D11,R01,11.99,1,4.24,1,1,1,1,1,1
SA05/D11_SA05_R02.csv,SA05,SA,D,D11,R02,12.00,1,4.54,1,1,1,1,1,1
SA05/D11_SA05_R03.csv,SA05,SA,D,D11,R03,12.00,1,4.24,1,1,1,1,1,1
SA05/D11_SA05_R04.csv,SA05,SA,D,D11,R04,12.00,0,,1,0,0,0,0,0
SA05/D11_SA05_R05.csv,SA05,SA,D,D11,R05,12.00,1,5.32,1,1,1,1,1,1
SA05/D12_SA05_R01.csv,SA05,SA,D,D12,R01,12.00,0,,0,0,0,0,0,0
SA05/D12_SA05_R02.csv,SA05,SA,D,D12,R02,12.00,0,,0,0,0,0,0,0
SA05/D12_SA05_R03.csv,SA05,SA,D,D12,R03,12.00,0,,0,0,0,0,0,0
SA05/D12_SA05_R04.csv,SA05,SA,D,D12,R04,12.00,0,,0,0,0,0,0,0
SA05/D12_SA05_R05.csv,SA05,SA,D,D12,R05,12.00,0,,0,0,0,0,0,0
SA05/D13_SA05_R01.csv,SA05,SA,D,D13,R01,12.00,1,6.58,1,1,1,1,1,1
SA05/D13_SA05_R02.csv,SA05,SA,D,D13,R02,12.00,0,,1,0,0,0,0,0
SA05/D13_SA05_R03.csv,SA05,SA,D,D13,R03,12.00,0,,1,0,0,0,0,0
SA05/D13_SA05_R04.csv,SA05,SA,D,D13,R04,12.00,0,,1,0,0,0,0,0
SA05/D13_SA05_R05.csv,SA05,SA,D,D13,R05,12.00,0,,1,0,0,0,0,0
SA05/D14_SA05_R01.csv,SA05,SA,D,D14,R01,12.00,0,,0,0,0,0,0,0
SA05/D14_SA05_R02.csv,SA05,SA,D,D14,R02,12.00,0,,0,0,0,0,0,0
SA05/D14_SA05_R03.csv,SA05,SA,D,D14,R03,12.00,0,,1,0,0,0,0,0
SA05/D14_SA05_R04.csv,SA05,SA,D,D14,R04,12.00,0,,0,0,0,0,0,0
SA05/D14_SA05_R05.csv,SA05,SA,D,D14,R05,12.00,0,,1,0,0,0,0,0
SA05/D15_SA05_R01.csv,SA05,SA,D,D15,R01,12.00,0,,0,0,0,0,0,0
SA05/D15_SA05_R02.csv,SA05,SA,D,D15,R02,12.00,0,,0,0,0,0,0,0
SA05/D15_SA05_R03.csv,SA05,SA,D,D15,R03,12.00,0,,0,0,0,0,0,0
SA05/D15_SA05_R04.csv,SA05,SA,D,D15,R04,12.00,0,,0,0,0,0,0,0
SA05/D15_SA05_R05.csv,SA05,SA,D,D15,R05,12.00,0,,0,0,0,0,0,0
SA05/D16_SA05_R01.csv,SA05,SA,D,D16,R01,11.99,0,,0,0,0,0,0,0
SA05/D16_SA05_R02.csv,SA05,SA,D,D16,R02,12.00,0,,0,0,0,0,0,0
SA05/D16_SA05_R03.csv,SA05,SA,D,D16,R03,12.00,0,,0,0,0,0,0,0
SA05/D16_SA05_R04.csv,SA05,SA,D,D16,R04,12.00,0,,0,0,0,0,0,0
SA05/D16_SA05_R05.csv,SA05,SA,D,D16,R05,12.00,0,,0,0,0,0,0,0
SA05/D17_SA05_R01.csv,SA05,SA,D,D17,R01,25.00,0,,1,0,0,0,0,0
SA05/D17_SA05_R02.csv,SA05,SA,D,D17,R02,25.00,0,,0,0,0,0,0,0
SA05/D17_SA05_R03.csv,SA05,SA,D,D17,R03,25.00,0,,1,0,0,0,0,0
SA05/D17_SA05_R04.csv,SA05,SA,D,D17,R04,25.00,0,,0,0,0,0,0,0
SA05/D17_SA05_R05.csv,SA05,SA,D,D17,R05,25.00,0,,0,0,0,0,0,0
SA05/D18_SA05_R01.csv,SA05,SA,D,D18,R01,12.00,1,6.38,1,1,1,1,1,1
SA05/D18_SA05_R02.csv,SA05,SA,D,D18,R02,12.00,1,6.20,1,1,2,1,1,1
SA05/D18_SA05_R03.csv,SA05,SA,D,D18,R03,12.00,1,7.34,1,1,1,1,1,1
SA05/D18_SA05_R04.csv,SA05,SA,D,D18,R04,12.00,0,,1,1,1,1,1,0
SA05/D18_SA05_R05.csv,SA05,SA,D,D18,R05,12.00,1,6.00,1,1,2,1,1,1
SA05/D19_SA05_R01.csv,SA05,SA,D,D19,R01,12.00,0,,1,1,4,2,2,0
SA05/D19_SA05_R02.csv,SA05,SA,D,D19,R02,12.00,0,,1,1,4,2,2,0
SA05/D19_SA05_R03.csv,SA05,SA,D,D19,R03,12.00,0,,1,1,4,2,2,0
SA05/D19_SA05_R04.csv,SA05,SA,D,D19,R04,12.00,0,,1,1,4,2,2,0
SA05/D19_SA05_R05.csv,SA05,SA,D,D19,R05,12.00,0,,1,1,4,2,2,0
SA05/F01_SA05_R01.csv,SA05,SA,F,F01,R01,14.99,1,9.16,1,1,1,1,1,1
SA05/F01_SA05_R02.csv,SA05,SA,F,F01,R02,15.00,1,9.40,1,1,1,1,1,1
SA05/F01_SA05_R03.csv,SA05,SA,F,F01,R03,15.00,1,8.78,1,1,1,1,1,1
SA05/F01_SA05_R04.csv,SA05,SA,F,F01,R04,15.00,1,8.66,1,1,1,1,1,1
SA05/F01_SA05_R05.csv,SA05,SA,F,F01,R05,15.00,1,9.92,1,1,1,1,1,1
SA05/F02_SA05_R01.csv,SA05,SA,F,F02,R01,15.00,1,6.48,1,1,1,1,1,1
SA05/F02_SA05_R02.csv,SA05,SA,F,F02,R02,15.00,1,7.14,1,1,1,1,1,1
SA05/F02_SA05_R03.csv,SA05,SA,F,F02,R03,15.00,1,6.78,1,1,1,1,1,1
SA05/F02_SA05_R04.csv,SA05,SA,F,F02,R04,15.00,1,8.48,1,1,1,1,1,1
SA05/F02_SA05_R05.csv,SA05,SA,F,F02,R05,15.00,1,7.00,1,1,1,1,1,1
SA05/F03_SA05_R01.csv,SA05,SA,F,F03,R01,15.00,1,7.30,1,1,1,1,1,1
SA05/F03_SA05_R02.csv,SA05,SA,F,F03,R02,15.00,1,6.52,1,1,1,1,1,1
SA05/F03_SA05_R03.csv,SA05,SA,F,F03,R03,15.00,1,8.20,1,1,1,1,1,1
SA05/F03_SA05_R04.csv,SA05,SA,F,F03,R04,15.00,1,7.26,1,1,1,1,1,1
SA05/F03_SA05_R05.csv,SA05,SA,F,F03,R05,15.00,1,6.98,1,1,1,1,1,1
SA05/F04_SA05_R01.csv,SA05,SA,F,F04,R01,15.00,1,9.80,1,1,1,1,1,1
SA05/F04_SA05_R02.csv,SA05,SA,F,F04,R02,15.00,1,8.18,1,1,1,1,1,1
SA05/F04_SA05_R03.csv,SA05,SA,F,F04,R03,15.00,1,8.02,1,1,1,1,1,1
SA05/F04_SA05_R04.csv,SA05,SA,F,F04,R04,15.00,0,,1,1,0,0,0,0
SA05/F04_SA05_R05.csv,SA05,SA,F,F04,R05,15.00,1,9.22,1,1,1,1,1,1
SA05/F05_SA05_R01.csv,SA05,SA,F,F05,R01,15.00,1,5.04,1,1,1,1,1,1
SA05/F05_SA05_R02.csv,SA05,SA,F,F05,R02,15.00,0,,1,1,0,0,0,0
SA05/F05_SA05_R03.csv,SA05,SA,F,F05,R03,15.00,0,,1,1,0,0,0,0
SA05/F05_SA05_R04.csv,SA05,SA,F,F05,R04,15.00,1,5.78,1,1,2,2,2,1
SA05/F05_SA05_R05.csv,SA05,SA,F,F05,R05,15.00,0,,1,1,0,0,0,0
SA05/F06_SA05_R01.csv,SA05,SA,F,F06,R01,14.99,1,8.06,1,1,1,1,1,1
SA05/F06_SA05_R02.csv,SA05,SA,F,F06,R02,15.00,1,8.70,1,1,1,1,1,1
SA05/F06_SA05_R03.csv,SA05,SA,F,F06,R03,15.00,1,9.36,1,1,1,1,1,1
SA05/F06_SA05_R04.csv,SA05,SA,F,F06,R04,15.00,1,8.48,1,1,1,1,1,1
SA05/F06_SA05_R05.csv,SA05,SA,F,F06,R05,15.00,1,8.32,1,1,1,1,1,1
SA05/F07_SA05_R01.csv,SA05,SA,F,F07,R01,15.00,1,6.66,1,1,1,1,1,1
SA05/F07_SA05_R02.csv,SA05,SA,F,F07,R02,15.00,1,7.50,1,1,1,1,1,1
SA05/F07_SA05_R03.csv,SA05,SA,F,F07,R03,15.00,1,7.62,1,1,1,1,1,1
SA05/F07_SA05_R04.csv,SA05,SA,F,F07,R04,15.00,1,8.00,1,1,1,1,1,1
SA05/F07_SA05_R05.csv,SA05,SA,F,F07,R05,15.00,1,8.46,1,1,1,1,1,1
SA05/F08_SA05_R01.csv,SA05,SA,F,F08,R01,15.00,1,5.36,1,1,1,1,1,1
SA05/F08_SA05_R02.csv,SA05,SA,F,F08,R02,15.00,1,7.12,1,1,1,1,1,1
SA05/F08_SA05_R03.csv,SA05,SA,F,F08,R03,15.00,1,7.68,1,1,1,1,1,1
SA05/F08_SA05_R04.csv,SA05,SA,F,F08,R04,15.00,1,5.82,1,1,1,1,1,1
SA05/F08_SA05_R05.csv,SA05,SA,F,F08,R05,15.00,1,6.36,1,1,1,1,1,1
SA05/F09_SA05_R01.csv,SA05,SA,F,F09,R01,15.00,1,8.22,1,1,1,1,1,1
SA05/F09_SA05_R02.csv,SA05,SA,F,F09,R02,15.00,1,7.52,1,1,1,1,1,1
SA05/F09_SA05_R03.csv,SA05,SA,F,F09,R03,15.00,1,8.02,1,1,1,1,1,1
SA05/F09_SA05_R04.csv,SA05,SA,F,F09,R04,15.00,1,8.32,1,1,1,1,1,1
SA05/F09_SA05_R05.csv,SA05,SA,F,F09,R05,15.00,1,8.58,1,1,1,1,1,1
SA05/F10_SA05_R01.csv,SA05,SA,F,F10,R01,15.00,1,7.58,1,1,1,1,1,1
SA05/F10_SA05_R02.csv,SA05,SA,F,F10,R02,15.00,1,7.18,1,1,1,1,1,1
SA05/F10_SA05_R03.csv,SA05,SA,F,F10,R03,15.00,1,7.48,1,1,1,1,1,1
SA05/F10_SA05_R04.csv,SA05,SA,F,F10,R04,15.00,1,7.70,1,1,1,1,1,1
SA05/F10_SA05_R05.csv,SA05,SA,F,F10,R05,15.00,1,6.88,1,1,1,1,1,1
SA05/F11_SA05_R01.csv,SA05,SA,F,F11,R01,15.00,1,6.80,1,1,1,1,1,1
SA05/F11_SA05_R02.csv,SA05,SA,F,F11,R02,15.00,1,7.24,1,1,1,1,1,1
SA05/F11_SA05_R03.csv,SA05,SA,F,F11,R03,15.00,1,7.36,1,1,1,1,1,1
SA05/F11_SA05_R04.csv,SA05,SA,F,F11,R04,15.00,0,,1,0,0,0,0,0
SA05/F11_SA05_R05.csv,SA05,SA,F,F11,R05,15.00,1,7.28,1,1,1,1,1,1
SA05/F12_SA05_R01.csv,SA05,SA,F,F12,R01,15.00,1,6.00,1,1,1,1,1,1
SA05/F12_SA05_R02.csv,SA05,SA,F,F12,R02,15.00,0,,0,1,0,0,0,0
SA05/F12_SA05_R03.csv,SA05,SA,F,F12,R03,15.00,1,5.28,1,1,1,1,1,1
SA05/F12_SA05_R04.csv,SA05,SA,F,F12,R04,15.00,1,6.14,1,1,1,1,1,1
SA05/F12_SA05_R05.csv,SA05,SA,F,F12,R05,15.00,0,,1,1,0,0,0,0
SA05/F13_SA05_R01.csv,SA05,SA,F,F13,R01,15.00,0,,1,0,0,0,0,0
SA05/F13_SA05_R02.csv,SA05,SA,F,F13,R02,15.00,0,,1,0,0,0,0,0
SA05/F13_SA05_R03.csv,SA05,SA,F,F13,R03,15.00,0,,1,0,0,0,0,0
SA05/F13_SA05_R04.csv,SA05,SA,F,F13,R04,14.99,0,,1,0,0,0,0,0
SA05/F13_SA05_R05.csv,SA05,SA,F,F13,R05,14.99,0,,1,0,0,0,0,0
SA05/F14_SA05_R01.csv,SA05,SA,F,F14,R01,15.00,1,4.82,1,1,1,1,1,1
SA05/F14_SA05_R02.csv,SA05,SA,F,F14,R02,15.00,1,5.22,1,1,1,1,1,1
SA05/F14_SA05_R03.csv,SA05,SA,F,F14,R03,15.00,1,4.96,1,1,1,1,1,1
SA05/F14_SA05_R04.csv,SA05,SA,F,F14,R04,15.00,1,4.98,1,1,1,1,1,1
SA05/F14_SA05_R05.csv,SA05,SA,F,F14,R05,15.00,1,5.76,1,1,1,1,1,1
SA05/F15_SA05_R01.csv,SA05,SA,F,F15,R01,15.00,1,5.08,1,1,1,1,1,1
SA05/F15_SA05_R02.csv,SA05,SA,F,F15,R02,15.00,0,,1,0,0,0,0,0
SA05/F15_SA05_R03.csv,SA05,SA,F,F15,R03,15.00,1,5.20,1,1,1,1,1,1
SA05/F15_SA05_R04.csv,SA05,SA,F,F15,R04,15.00,1,6.62,1,1,1,1,1,1
SA05/F15_SA05_R05.csv,SA05,SA,F,F15,R05,15.00,1,5.70,1,1,1,1,1,1
SA06/D01_SA06_R01.csv,SA06,SA,D,D01,R01,100.00,0,,0,0,0,0,0,0
SA06/D02_SA06_R01.csv,SA06,SA,D,D02,R01,100.00,0,,1,0,0,0,0,0
SA06/D03_SA06_R01.csv,SA06,SA,D,D03,R01,100.00,0,,1,1,0,0,0,0
SA06/D04_SA06_R01.csv,SA06,SA,D,D04,R01,100.00,0,,1,1,1,1,1,0
SA06/D05_SA06_R01.csv,SA06,SA,D,D05,R01,25.00,0,,1,0,0,0,0,0
SA06/D05_SA06_R02.csv,SA06,SA,D,D05,R02,25.00,0,,1,0,0,0,0,0
SA06/D05_SA06_R03.csv,SA06,SA,D,D05,R03,25.00,0,,1,0,0,0,0,0
SA06/D05_SA06_R04.csv,SA06,SA,D,D05,R04,25.00,0,,1,0,0,0,0,0
SA06/D05_SA06_R05.csv,SA06,SA,D,D05,R05,25.00,0,,1,0,0,0,0,0
SA06/D06_SA06_R01.csv,SA06,SA,D,D06,R01,25.00,0,,1,1,2,2,2,0
SA06/D06_SA06_R02.csv,SA06,SA,D,D06,R02,25.00,0,,1,1,1,1,1,0
SA06/D06_SA06_R03.csv,SA06,SA,D,D06,R03,25.00,1,11.80,1,1,2,2,2,1
SA06/D06_SA06_R04.csv,SA06,SA,D,D06,R04,25.00,0,,1,1,2,2,2,0
SA06/D06_SA06_R05.csv,SA06,SA,D,D06,R05,25.00,0,,1,1,1,1,1,0
SA06/D07_SA06_R01.csv,SA06,SA,D,D07,R01,12.00,0,,0,0,0,0,0,0
SA06/D07_SA06_R02.csv,SA06,SA,D,D07,R02,12.00,0,,0,0,0,0,0,0
SA06/D07_SA06_R03.csv,SA06,SA,D,D07,R03,12.00,0,,0,0,0,0,0,0
SA06/D07_SA06_R04.csv,SA06,SA,D,D07,R04,12.00,0,,0,0,0,0,0,0
SA06/D07_SA06_R05.csv,SA06,SA,D,D07,R05,12.00,0,,0,0,0,0,0,0
SA06/D08_SA06_R01.csv,SA06,SA,D,D08,R01,12.00,1,2.44,1,1,1,1,1,1
SA06/D08_SA06_R02.csv,SA06,SA,D,D08,R02,12.00,1,2.76,1,1,1,1,1,1
SA06/D08_SA06_R03.csv,SA06,SA,D,D08,R03,12.00,0,,1,0,0,0,0,0
SA06/D08_SA06_R04.csv,SA06,SA,D,D08,R04,12.00,0,,1,0,0,0,0,0
SA06/D08_SA06_R05.csv,SA06,SA,D,D08,R05,12.00,0,,1,0,0,0,0,0
SA06/D09_SA06_R01.csv,SA06,SA,D,D09,R01,12.00,0,,1,0,0,0,0,0
SA06/D09_SA06_R02.csv,SA06,SA,D,D09,R02,12.00,0,,0,0,0,0,0,0
SA06/D09_SA06_R03.csv,SA06,SA,D,D09,R03,12.00,0,,1,0,0,0,0,0
SA06/D09_SA06_R04.csv,SA06,SA,D,D09,R04,12.00,0,,1,0,0,0,0,0
SA06/D09_SA06_R05.csv,SA06,SA,D,D09,R05,12.00,0,,1,0,0,0,0,0
SA06/D10_SA06_R01.csv,SA06,SA,D,D10,R01,12.00,0,,1,0,0,0,0,0
SA06/D10_SA06_R02.csv,SA06,SA,D,D10,R02,12.00,0,,1,0,0,0,0,0
SA06/D10_SA06_R03.csv,SA06,SA,D,D10,R03,12.00,0,,1,0,0,0,0,0
SA06/D10_SA06_R04.csv,SA06,SA,D,D10,R04,12.00,0,,1,0,0,0,0,0
SA06/D10_SA06_R05.csv,SA06,SA,D,D10,R05,12.00,0,,1,0,0,0,0,0
SA06/D11_SA06_R01.csv,SA06,SA,D,D11,R01,12.00,0,,1,0,0,0,0,0
SA06/D11_SA06_R02.csv,SA06,SA,D,D11,R02,12.00,0,,1,0,0,0,0,0
SA06/D11_SA06_R03.csv,SA06,SA,D,D11,R03,12.00,0,,1,1,0,0,0,0
SA06/D11_SA06_R04.csv,SA06,SA,D,D11,R04,12.00,1,7.12,1,1,1,1,1,1
SA06/D11_SA06_R05.csv,SA06,SA,D,D11,R05,12.00,0,,0,1,0,0,0,0
SA06/D12_SA06_R01.csv,SA06,SA,D,D12,R01,12.00,0,,0,0,0,0,0,0
SA06/D12_SA06_R02.csv,SA06,SA,D,D12,R02,11.99,0,,0,0,0,0,0,0
SA06/D12_SA06_R03.csv,SA06,SA,D,D12,R03,12.00,0,,0,0,0,0,0,0
SA06/D12_SA06_R04.csv,SA06,SA,D,D12,R04,11.99,0,,0,0,0,0,0,0
SA06/D12_SA06_R05.csv,SA06,SA,D,D12,R05,12.00,0,,0,0,0,0,0,0
SA06/D13_SA06_R01.csv,SA06,SA,D,D13,R01,12.00,0,,1,0,0,0,0,0
SA06/D13_SA06_R02.csv,SA06,SA,D,D13,R02,12.00,0,,0,0,0,0,0,0
SA06/D13_SA06_R03.csv,SA06,SA,D,D13,R03,12.00,0,,1,0,0,0,0,0
SA06/D13_SA06_R04.csv,SA06,SA,D,D13,R04,12.00,0,,1,0,0,0,0,0
SA06/D13_SA06_R05.csv,SA06,SA,D,D13,R05,11.99,0,,0,0,0,0,0,0
SA06/D14_SA06_R01.csv,SA06,SA,D,D14,R01,12.00,0,,1,0,0,0,0,0
SA06/D14_SA06_R02.csv,SA06,SA,D,D14,R02,12.00,0,,1,0,0,0,0,0
SA06/D14_SA06_R03.csv,SA06,SA,D,D14,R03,12.00,0,,1,0,0,0,0,0
SA06/D14_SA06_R04.csv,SA06,SA,D,D14,R04,11.99,0,,0,0,0,0,0,0
SA06/D14_SA06_R05.csv,SA06,SA,D,D14,R05,12.00,0,,0,0,0,0,0,0
SA06/D15_SA06_R01.csv,SA06,SA,D,D15,R01,12.00,0,,0,0,0,0,0,0
SA06/D15_SA06_R02.csv,SA06,SA,D,D15,R02,12.00,0,,0,0,0,0,0,0
SA06/D15_SA06_R03.csv,SA06,SA,D,D15,R03,12.00,0,,0,0,0,0,0,0
SA06/D15_SA06_R04.csv,SA06,SA,D,D15,R04,12.00,0,,0,0,0,0,0,0
SA06/D15_SA06_R05.csv,SA06,SA,D,D15,R05,12.00,0,,0,0,0,0,0,0
SA06/D16_SA06_R01.csv,SA06,SA,D,D16,R01,12.00,0,,0,0,0,0,0,0
SA06/D16_SA06_R02.csv,SA06,SA,D,D16,R02,12.00,0,,0,0,0,0,0,0
SA06/D16_SA06_R03.csv,SA06,SA,D,D16,R03,12.00,0,,0,0,0,0,0,0
SA06/D16_SA06_R04.csv,SA06,SA,D,D16,R04,12.00,0,,0,0,0,0,0,0
SA06/D16_SA06_R05.csv,SA06,SA,D,D16,R05,12.00,0,,0,0,0,0,0,0
SA06/D17_SA06_R01.csv,SA06,SA,D,D17,R01,25.00,0,,1,0,0,0,0,0
SA06/D17_SA06_R02.csv,SA06,SA,D,D17,R02,25.00,0,,0,0,0,0,0,0
SA06/D17_SA06_R03.csv,SA06,SA,D,D17,R03,25.00,0,,0,0,0,0,0,0
SA06/D17_SA06_R04.csv,SA06,SA,D,D17,R04,25.00,0,,0,0,0,0,0,0
SA06/D17_SA06_R05.csv,SA06,SA,D,D17,R05,25.00,0,,1,0,0,0,0,0
SA06/D18_SA06_R01.csv,SA06,SA,D,D18,R01,11.99,1,4.52,1,1,1,1,1,1
SA06/D18_SA06_R02.csv,SA06,SA,D,D18,R02,12.00,1,7.80,1,1,1,1,1,1
SA06/D18_SA06_R03.csv,SA06,SA,D,D18,R03,12.00,1,7.04,1,1,1,1,1,1
SA06/D18_SA06_R04.csv,SA06,SA,D,D18,R04,12.00,1,9.82,1,1,1,1,1,1
SA06/D18_SA06_R05.csv,SA06,SA,D,D18,R05,12.00,1,7.84,1,1,1,1,1,1
SA06/D19_SA06_R01.csv,SA06,SA,D,D19,R01,11.99,1,6.24,1,1,3,2,2,1
SA06/D19_SA06_R02.csv,SA06,SA,D,D19,R02,12.00,0,,1,1,4,2,2,0
SA06/D19_SA06_R03.csv,SA06,SA,D,D19,R03,12.00,0,,1,1,3,2,2,0
SA06/D19_SA06_R04.csv,SA06,SA,D,D19,R04,12.00,1,2.98,1,1,2,2,2,1
SA06/D19_SA06_R05.csv,SA06,SA,D,D19,R05,12.00,1,8.32,1,1,4,2,2,1
SA06/F01_SA06_R01.csv,SA06,SA,F,F01,R01,14.99,1,9.96,1,1,1,1,1,1
SA06/F01_SA06_R02.csv,SA06,SA,F,F01,R02,15.00,1,9.10,1,1,1,1,1,1
SA06/F01_SA06_R03.csv,SA06,SA,F,F01,R03,15.00,1,8.52,1,1,1,1,1,1
SA06/F01_SA06_R04.csv,SA06,SA,F,F01,R04,14.99,1,8.20,1,1,1,1,1,1
SA06/F01_SA06_R05.csv,SA06,SA,F,F01,R05,15.00,1,9.52,1,1,1,1,1,1
SA06/F02_SA06_R01.csv,SA06,SA,F,F02,R01,15.00,1,8.16,1,1,2,2,2,1
SA06/F02_SA06_R02.csv,SA06,SA,F,F02,R02,15.00,1,7.34,1,1,1,1,1,1
SA06/F02_SA06_R03.csv,SA06,SA,F,F02,R03,15.00,1,8.56,1,1,1,1,1,1
SA06/F02_SA06_R04.csv,SA06,SA,F,F02,R04,15.00,1,8.16,1,1,1,1,1,1
SA06/F02_SA06_R05.csv,SA06,SA,F,F02,R05,15.00,1,8.50,1,1,1,1,1,1
SA06/F03_SA06_R01.csv,SA06,SA,F,F03,R01,15.00,1,6.40,1,1,1,1,1,1
SA06/F03_SA06_R02.csv,SA06,SA,F,F03,R02,15.00,1,6.80,1,1,1,1,1,1
SA06/F03_SA06_R03.csv,SA06,SA,F,F03,R03,15.00,1,7.02,1,1,1,1,1,1
SA06/F03_SA06_R04.csv,SA06,SA,F,F03,R04,15.00,1,6.88,1,1,1,1,1,1
SA06/F03_SA06_R05.csv,SA06,SA,F,F03,R05,15.00,1,6.50,1,1,1,1,1,1
SA06/F04_SA06_R01.csv,SA06,SA,F,F04,R01,15.00,1,8.54,1,1,1,1,1,1
SA06/F04_SA06_R02.csv,SA06,SA,F,F04,R02,15.00,1,8.20,1,1,1,1,1,1
SA06/F04_SA06_R03.csv,SA06,SA,F,F04,R03,15.00,1,8.30,1,1,1,1,1,1
SA06/F04_SA06_R04.csv,SA06,SA,F,F04,R04,15.00,1,7.42,1,1,1,1,1,1
SA06/F04_SA06_R05.csv,SA06,SA,F,F04,R05,15.00,1,8.10,1,1,1,1,1,1
SA06/F05_SA06_R01.csv,SA06,SA,F,F05,R01,15.00,0,,1,1,0,0,0,0
SA06/F05_SA06_R02.csv,SA06,SA,F,F05,R02,15.00,0,,1,1,0,0,0,0
SA06/F05_SA06_R03.csv,SA06,SA,F,F05,R03,15.00,0,,1,1,0,0,0,0
SA06/F05_SA06_R04.csv,SA06,SA,F,F05,R04,15.00,0,,1,1,0,0,0,0
SA06/F05_SA06_R05.csv,SA06,SA,F,F05,R05,15.00,1,5.10,1,1,1,1,1,1
SA06/F06_SA06_R01.csv,SA06,SA,F,F06,R01,14.99,1,8.44,1,1,1,1,1,1
SA06/F06_SA06_R02.csv,SA06,SA,F,F06,R02,15.00,1,10.24,1,1,1,1,1,1
SA06/F06_SA06_R03.csv,SA06,SA,F,F06,R03,15.00,1,11.04,1,1,1,1,1,1
SA06/F06_SA06_R04.csv,SA06,SA,F,F06,R04,15.00,1,10.48,1,1,1,1,1,1
SA06/F06_SA06_R05.csv,SA06,SA,F,F06,R05,15.00,1,9.36,1,1,1,1,1,1
SA06/F07_SA06_R01.csv,SA06,SA,F,F07,R01,15.00,1,7.58,1,1,1,1,1,1
SA06/F07_SA06_R02.csv,SA06,SA,F,F07,R02,15.00,1,8.58,1,1,1,1,1,1
SA06/F07_SA06_R03.csv,SA06,SA,F,F07,R03,15.00,1,7.50,1,1,1,1,1,1
SA06/F07_SA06_R04.csv,SA06,SA,F,F07,R04,15.00,1,7.90,1,1,1,1,1,1
SA06/F07_SA06_R05.csv,SA06,SA,F,F07,R05,15.00,1,8.26,1,1,1,1,1,1
SA06/F08_SA06_R01.csv,SA06,SA,F,F08,R01,15.00,1,6.16,1,1,1,1,1,1
SA06/F08_SA06_R02.csv,SA06,SA,F,F08,R02,15.00,1,5.82,1,1,1,1,1,1
SA06/F08_SA06_R03.csv,SA06,SA,F,F08,R03,15.00,1,6.38,1,1,1,1,1,1
SA06/F08_SA06_R04.csv,SA06,SA,F,F08,R04,15.00,1,7.10,1,1,1,1,1,1
SA06/F08_SA06_R05.csv,SA06,SA,F,F08,R05,15.00,1,7.22,1,1,1,1,1,1
SA06/F09_SA06_R01.csv,SA06,SA,F,F09,R01,15.00,1,3.18,1,1,1,1,1,1
SA06/F09_SA06_R02.csv,SA06,SA,F,F09,R02,15.00,1,5.00,1,1,1,1,1,1
SA06/F09_SA06_R03.csv,SA06,SA,F,F09,R03,15.00,1,5.42,1,1,1,1,1,1
SA06/F09_SA06_R04.csv,SA06,SA,F,F09,R04,15.00,1,3.20,1,1,1,1,1,1
SA06/F09_SA06_R05.csv,SA06,SA,F,F09,R05,15.00,1,3.54,1,1,1,1,1,1
SA06/F10_SA06_R01.csv,SA06,SA,F,F10,R01,15.00,1,4.40,1,1,1,1,1,1
SA06/F10_SA06_R02.csv,SA06,SA,F,F10,R02,15.00,1,5.28,1,1,1,1,1,1
SA06/F10_SA06_R03.csv,SA06,SA,F,F10,R03,15.00,1,7.44,1,1,1,1,1,1
SA06/F10_SA06_R04.csv,SA06,SA,F,F10,R04,15.00,1,3.58,1,1,1,1,1,1
SA06/F10_SA06_R05.csv,SA06,SA,F,F10,R05,15.00,1,5.42,1,1,1,1,1,1
SA06/F11_SA06_R01.csv,SA06,SA,F,F11,R01,14.99,1,5.02,1,1,1,1,1,1
SA06/F11_SA06_R02.csv,SA06,SA,F,F11,R02,15.00,1,4.46,1,1,1,1,1,1
SA06/F11_SA06_R03.csv,SA06,SA,F,F11,R03,15.00,1,3.42,1,1,1,1,1,1
SA06/F11_SA06_R04.csv,SA06,SA,F,F11,R04,15.00,1,3.34,1,1,1,1,1,1
SA06/F11_SA06_R05.csv,SA06,SA,F,F11,R05,15.00,1,4.52,1,1,1,1,1,1
SA06/F12_SA06_R01.csv,SA06,SA,F,F12,R01,15.00,1,5.00,1,1,1,1,1,1
SA06/F12_SA06_R02.csv,SA06,SA,F,F12,R02,15.00,1,3.14,1,1,1,1,1,1
SA06/F12_SA06_R03.csv,SA06,SA,F,F12,R03,15.00,1,5.68,1,1,1,1,1,1
SA06/F12_SA06_R04.csv,SA06,SA,F,F12,R04,15.00,1,3.60,1,1,2,1,1,1
SA06/F12_SA06_R05.csv,SA06,SA,F,F12,R05,15.00,1,2.76,1,1,1,1,1,1
SA06/F13_SA06_R01.csv,SA06,SA,F,F13,R01,15.00,1,5.68,1,1,1,1,1,1
SA06/F13_SA06_R02.csv,SA06,SA,F,F13,R02,15.00,1,7.98,1,1,2,1,1,1
SA06/F13_SA06_R03.csv,SA06,SA,F,F13,R03,15.00,1,3.46,1,1,1,1,1,1
SA06/F13_SA06_R04.csv,SA06,SA,F,F13,R04,15.00,1,7.12,1,1,1,1,1,1
SA06/F13_SA06_R05.csv,SA06,SA,F,F13,R05,15.00,0,,1,0,0,0,0,0
SA06/F14_SA06_R01.csv,SA06,SA,F,F14,R01,15.00,1,6.94,1,1,1,1,1,1
SA06/F14_SA06_R02.csv,SA06,SA,F,F14,R02,15.00,1,4.30,1,1,1,1,1,1
SA06/F14_SA06_R03.csv,SA06,SA,F,F14,R03,15.00,1,2.38,1,1,1,1,1,1
SA06/F14_SA06_R04.csv,SA06,SA,F,F14,R04,15.00,1,6.66,1,1,1,1,1,1
SA06/F14_SA06_R05.csv,SA06,SA,F,F14,R05,15.00,1,6.96,1,1,1,1,1,1
SA06/F15_SA06_R01.csv,SA06,SA,F,F15,R01,15.00,1,3.14,1,1,1,1,1,1
SA06/F15_SA06_R02.csv,SA06,SA,F,F15,R02,15.00,1,5.18,1,1,1,1,1,1
SA06/F15_SA06_R03.csv,SA06,SA,F,F15,R03,14.99,1,6.68,1,1,1,1,1,1
SA06/F15_SA06_R04.csv,SA06,SA,F,F15,R04,15.00,1,7.58,1,1,1,1,1,1
SA06/F15_SA06_R05.csv,SA06,SA,F,F15,R05,15.00,1,6.38,1,1,1,1,1,1
SA07/D03_SA07_R01.csv,SA07,SA,D,D03,R01,100.00,0,,1,1,0,0,0,0
SA07/D06_SA07_R03.csv,SA07,SA,D,D06,R03,25.00,0,,1,1,1,1,1,0
SA07/D07_SA07_R02.csv,SA07,SA,D,D07,R02,12.00,0,,0,0,0,0,0,0
SA07/D07_SA07_R04.csv,SA07,SA,D,D07,R04,12.00,0,,0,0,0,0,0,0
SA07/D08_SA07_R01.csv,SA07,SA,D,D08,R01,12.00,0,,1,0,0,0,0,0
SA07/D08_SA07_R05.csv,SA07,SA,D,D08,R05,12.00,0,,1,0,0,0,0,0
SA07/D10_SA07_R01.csv,SA07,SA,D,D10,R01,12.00,0,,1,0,0,0,0,0
SA07/D10_SA07_R02.csv,SA07,SA,D,D10,R02,12.00,0,,1,0,0,0,0,0
SA07/D11_SA07_R01.csv,SA07,SA,D,D11,R01,11.99,0,,1,0,0,0,0,0
SA07/D11_SA07_R04.csv,SA07,SA,D,D11,R04,12.00,0,,1,0,0,0,0,0
SA07/D12_SA07_R04.csv,SA07,SA,D,D12,R04,12.00,0,,0,0,0,0,0,0
SA07/D13_SA07_R02.csv,SA07,SA,D,D13,R02,12.00,0,,1,0,0,0,0,0
SA07/D13_SA07_R05.csv,SA07,SA,D,D13,R05,12.00,0,,0,0,0,0,0,0
SA07/D14_SA07_R01.csv,SA07,SA,D,D14,R01,12.00,0,,0,0,0,0,0,0
SA07/D14_SA07_R03.csv,SA07,SA,D,D14,R03,12.00,0,,0,0,0,0,0,0
SA07/D15_SA07_R04.csv,SA07,SA,D,D15,R04,12.00,0,,0,0,0,0,0,0
SA07/D15_SA07_R05.csv,SA07,SA,D,D15,R05,12.00,0,,0,0,0,0,0,0
SA07/D16_SA07_R05.csv,SA07,SA,D,D16,R05,12.00,0,,0,0,0,0,0,0
SA07/D17_SA07_R01.csv,SA07,SA,D,D17,R01,25.00,0,,0,0,0,0,0,0
SA07/D17_SA07_R02.csv,SA07,SA,D,D17,R02,25.00,0,,0,0,0,0,0,0
SA07/D17_SA07_R04.csv,SA07,SA,D,D17,R04,25.00,0,,0,0,0,0,0,0
SA07/D18_SA07_R02.csv,SA07,SA,D,D18,R02,12.00,0,,1,0,0,0,0,0
SA07/D18_SA07_R05.csv,SA07,SA,D,D18,R05,12.00,0,,1,0,0,0,0,0
SA07/D19_SA07_R03.csv,SA07,SA,D,D19,R03,12.00,1,6.18,1,1,2,2,2,1
SA07/F01_SA07_R02.csv,SA07,SA,F,F01,R02,15.00,1,7.06,1,1,1,1,1,1
SA07/F03_SA07_R04.csv,SA07,SA,F,F03,R04,15.00,1,7.28,1,1,1,1,1,1
SA07/F04_SA07_R01.csv,SA07,SA,F,F04,R01,15.00,1,7.14,1,1,1,1,1,1
SA07/F04_SA07_R02.csv,SA07,SA,F,F04,R02,15.00,0,,1,1,0,0,0,0
SA07/F04_SA07_R03.csv,SA07,SA,F,F04,R03,15.00,1,6.86,1,1,1,1,1,1
SA07/F05_SA07_R01.csv,SA07,SA,F,F05,R01,15.00,1,5.00,1,1,2,2,2,1
SA07/F05_SA07_R02.csv,SA07,SA,F,F05,R02,15.00,1,5.18,1,1,2,2,2,1
SA07/F05_SA07_R03.csv,SA07,SA,F,F05,R03,15.00,0,,1,1,1,1,1,0
SA07/F05_SA07_R05.csv,SA07,SA,F,F05,R05,15.00,1,5.34,1,1,2,2,2,1
SA07/F06_SA07_R01.csv,SA07,SA,F,F06,R01,15.00,1,9.30,1,1,1,1,1,1
SA07/F06_SA07_R03.csv,SA07,SA,F,F06,R03,14.99,1,8.38,1,1,1,1,1,1
SA07/F08_SA07_R03.csv,SA07,SA,F,F08,R03,15.00,1,6.46,1,1,1,1,1,1
SA07/F09_SA07_R02.csv,SA07,SA,F,F09,R02,15.00,1,6.04,1,1,1,1,1,1
SA07/F09_SA07_R04.csv,SA07,SA,F,F09,R04,15.00,1,7.66,1,1,1,1,1,1
SA07/F10_SA07_R05.csv,SA07,SA,F,F10,R05,15.00,1,7.10,1,1,1,1,1,1
SA07/F11_SA07_R03.csv,SA07,SA,F,F11,R03,15.00,0,,1,1,0,0,0,0
SA07/F12_SA07_R03.csv,SA07,SA,F,F12,R03,15.00,1,5.14,1,1,1,1,1,1
SA07/F12_SA07_R04.csv,SA07,SA,F,F12,R04,15.00,0,,1,1,0,0,0,0
SA07/F13_SA07_R01.csv,SA07,SA,F,F13,R01,15.00,0,,1,1,0,0,0,0
SA07/F13_SA07_R03.csv,SA07,SA,F,F13,R03,15.00,1,6.94,1,1,1,1,1,1
SA07/F15_SA07_R03.csv,SA07,SA,F,F15,R03,15.00,1,6.52,1,1,1,1,1,1
SA08/D01_SA08_R01.csv,SA08,SA,D,D01,R01,100.00,0,,1,0,0,0,0,0
SA08/D02_SA08_R01.csv,SA08,SA,D,D02,R01,100.00,0,,1,0,0,0,0,0
SA08/D03_SA08_R01.csv,SA08,SA,D,D03,R01,100.00,0,,1,0,0,0,0,0
SA08/D04_SA08_R01.csv,SA08,SA,D,D04,R01,100.00,0,,1,1,0,0,0,0
SA08/D05_SA08_R01.csv,SA08,SA,D,D05,R01,25.00,0,,1,0,0,0,0,0
SA08/D05_SA08_R02.csv,SA08,SA,D,D05,R02,25.00,0,,1,0,0,0,0,0
SA08/D05_SA08_R03.csv,SA08,SA,D,D05,R03,25.00,0,,1,0,0,0,0,0
SA08/D05_SA08_R04.csv,SA08,SA,D,D05,R04,25.00,0,,0,0,0,0,0,0
SA08/D05_SA08_R05.csv,SA08,SA,D,D05,R05,25.00,0,,1,0,0,0,0,0
SA08/D06_SA08_R01.csv,SA08,SA,D,D06,R01,25.00,0,,1,1,2,2,2,0
SA08/D06_SA08_R02.csv,SA08,SA,D,D06,R02,25.00,0,,1,1,2,2,2,0
SA08/D06_SA08_R03.csv,SA08,SA,D,D06,R03,25.00,0,,1,1,4,3,3,0
SA08/D06_SA08_R04.csv,SA08,SA,D,D06,R04,25.00,0,,1,1,4,3,3,0
SA08/D06_SA08_R05.csv,SA08,SA,D,D06,R05,25.00,0,,1,1,4,3,3,0
SA08/D07_SA08_R01.csv,SA08,SA,D,D07,R01,12.00,0,,0,0,0,0,0,0
SA08/D07_SA08_R02.csv,SA08,SA,D,D07,R02,12.00,0,,0,0,0,0,0,0
SA08/D07_SA08_R03.csv,SA08,SA,D,D07,R03,12.00,0,,0,0,0,0,0,0
SA08/D07_SA08_R04.csv,SA08,SA,D,D07,R04,12.00,0,,0,0,0,0,0,0
SA08/D07_SA08_R05.csv,SA08,SA,D,D07,R05,12.00,0,,0,0,0,0,0,0
SA08/D08_SA08_R01.csv,SA08,SA,D,D08,R01,12.00,1,2.90,1,1,1,1,1,1
SA08/D08_SA08_R02.csv,SA08,SA,D,D08,R02,12.00,1,2.40,1,1,1,1,1,1
SA08/D08_SA08_R03.csv,SA08,SA,D,D08,R03,12.00,1,3.26,1,1,1,1,1,1
SA08/D08_SA08_R04.csv,SA08,SA,D,D08,R04,12.00,1,3.52,1,1,1,1,1,1
SA08/D08_SA08_R05.csv,SA08,SA,D,D08,R05,12.00,1,3.64,1,1,1,1,1,1
SA08/D09_SA08_R01.csv,SA08,SA,D,D09,R01,12.00,0,,0,0,0,0,0,0
SA08/D09_SA08_R02.csv,SA08,SA,D,D09,R02,12.00,0,,0,0,0,0,0,0
SA08/D09_SA08_R03.csv,SA08,SA,D,D09,R03,12.00,0,,0,0,0,0,0,0
SA08/D09_SA08_R04.csv,SA08,SA,D,D09,R04,11.99,0,,0,0,0,0,0,0
SA08/D09_SA08_R05.csv,SA08,SA,D,D09,R05,12.00,0,,0,0,0,0,0,0
SA08/D10_SA08_R01.csv,SA08,SA,D,D10,R01,12.00,0,,1,0,0,0,0,0
SA08/D10_SA08_R02.csv,SA08,SA,D,D10,R02,12.00,0,,1,0,0,0,0,0
SA08/D10_SA08_R03.csv,SA08,SA,D,D10,R03,12.00,1,2.84,1,1,1,1,1,1
SA08/D10_SA08_R04.csv,SA08,SA,D,D10,R04,12.00,0,,1,0,0,0,0,0
SA08/D10_SA08_R05.csv,SA08,SA,D,D10,R05,12.00,0,,1,0,0,0,0,0
SA08/D11_SA08_R01.csv,SA08,SA,D,D11,R01,11.99,0,,1,0,0,0,0,0
SA08/D11_SA08_R02.csv,SA08,SA,D,D11,R02,12.00,1,7.38,1,1,1,1,1,1
SA08/D11_SA08_R03.csv,SA08,SA,D,D11,R03,12.00,1,5.96,1,1,1,1,1,1
SA08/D11_SA08_R04.csv,SA08,SA,D,D11,R04,12.00,0,,1,0,0,0,0,0
SA08/D11_SA08_R05.csv,SA08,SA,D,D11,R05,12.00,0,,1,1,0,0,0,0
SA08/D12_SA08_R01.csv,SA08,SA,D,D12,R01,12.00,0,,0,0,0,0,0,0
SA08/D12_SA08_R02.csv,SA08,SA,D,D12,R02,12.00,0,,0,0,0,0,0,0
SA08/D12_SA08_R03.csv,SA08,SA,D,D12,R03,12.00,0,,0,0,0,0,0,0
SA08/D12_SA08_R04.csv,SA08,SA,D,D12,R04,12.00,0,,0,0,0,0,0,0
SA08/D12_SA08_R05.csv,SA08,SA,D,D12,R05,12.00,0,,0,0,0,0,0,0
SA08/D13_SA08_R01.csv,SA08,SA,D,D13,R01,12.00,0,,0,0,0,0,0,0
SA08/D13_SA08_R02.csv,SA08,SA,D,D13,R02,12.00,0,,0,0,0,0,0,0
SA08/D13_SA08_R03.csv,SA08,SA,D,D13,R03,12.00,0,,1,0,0,0,0,0
SA08/D13_SA08_R04.csv,SA08,SA,D,D13,R04,12.00,0,,1,0,0,0,0,0
SA08/D13_SA08_R05.csv,SA08,SA,D,D13,R05,12.00,0,,1,0,0,0,0,0
SA08/D14_SA08_R01.csv,SA08,SA,D,D14,R01,12.00,0,,1,0,0,0,0,0
SA08/D14_SA08_R02.csv,SA08,SA,D,D14,R02,12.00,1,8.80,1,1,1,1,1,1
SA08/D14_SA08_R03.csv,SA08,SA,D,D14,R03,12.00,1,7.94,1,1,1,1,1,1
SA08/D14_SA08_R04.csv,SA08,SA,D,D14,R04,12.00,0,,1,0,0,0,0,0
SA08/D14_SA08_R05.csv,SA08,SA,D,D14,R05,12.00,0,,1,0,0,0,0,0
SA08/D15_SA08_R01.csv,SA08,SA,D,D15,R01,12.00,0,,0,0,0,0,0,0
SA08/D15_SA08_R02.csv,SA08,SA,D,D15,R02,12.00,0,,0,0,0,0,0,0
SA08/D15_SA08_R03.csv,SA08,SA,D,D15,R03,12.00,0,,0,0,0,0,0,0
SA08/D15_SA08_R04.csv,SA08,SA,D,D15,R04,12.00,0,,0,0,0,0,0,0
SA08/D15_SA08_R05.csv,SA08,SA,D,D15,R05,12.00,0,,0,0,0,0,0,0
SA08/D16_SA08_R01.csv,SA08,SA,D,D16,R01,11.99,0,,0,0,0,0,0,0
SA08/D16_SA08_R02.csv,SA08,SA,D,D16,R02,12.00,0,,0,0,0,0,0,0
SA08/D16_SA08_R03.csv,SA08,SA,D,D16,R03,12.00,0,,0,0,0,0,0,0
SA08/D16_SA08_R04.csv,SA08,SA,D,D16,R04,12.00,0,,0,0,0,0,0,0
SA08/D16_SA08_R05.csv,SA08,SA,D,D16,R05,12.00,0,,0,0,0,0,0,0
SA08/D17_SA08_R01.csv,SA08,SA,D,D17,R01,25.00,0,,1,0,0,0,0,0
SA08/D17_SA08_R02.csv,SA08,SA,D,D17,R02,25.00,0,,0,0,0,0,0,0
SA08/D17_SA08_R03.csv,SA08,SA,D,D17,R03,25.00,0,,1,0,0,0,0,0
SA08/D17_SA08_R04.csv,SA08,SA,D,D17,R04,25.00,0,,1,0,0,0,0,0
SA08/D17_SA08_R05.csv,SA08,SA,D,D17,R05,25.00,0,,1,0,0,0,0,0
SA08/D18_SA08_R01.csv,SA08,SA,D,D18,R01,12.00,1,3.60,1,1,1,1,1,1
SA08/D18_SA08_R02.csv,SA08,SA,D,D18,R02,12.00,0,,1,1,0,0,0,0
SA08/D18_SA08_R03.csv,SA08,SA,D,D18,R03,12.00,1,3.98,1,1,1,1,1,1
SA08/D18_SA08_R04.csv,SA08,SA,D,D18,R04,12.00,1,4.58,1,1,1,1,1,1
SA08/D18_SA08_R05.csv,SA08,SA,D,D18,R05,12.00,1,4.54,1,1,1,1,1,1
SA08/D19_SA08_R01.csv,SA08,SA,D,D19,R01,12.00,0,,1,1,4,2,2,0
SA08/D19_SA08_R02.csv,SA08,SA,D,D19,R02,12.00,0,,1,1,4,2,2,0
SA08/D19_SA08_R03.csv,SA08,SA,D,D19,R03,12.00,0,,1,1,4,2,2,0
SA08/D19_SA08_R04.csv,SA08,SA,D,D19,R04,12.00,0,,1,1,4,2,2,0
SA08/D19_SA08_R05.csv,SA08,SA,D,D19,R05,12.00,0,,1,1,4,2,2,0
SA08/F01_SA08_R01.csv,SA08,SA,F,F01,R01,14.99,1,6.82,1,1,1,1,1,1
SA08/F01_SA08_R02.csv,SA08,SA,F,F01,R02,15.00,0,,1,1,0,0,0,0
SA08/F01_SA08_R03.csv,SA08,SA,F,F01,R03,15.00,1,6.64,1,1,1,1,1,1
SA08/F01_SA08_R04.csv,SA08,SA,F,F01,R04,15.00,1,5.70,1,1,1,1,1,1
SA08/F01_SA08_R05.csv,SA08,SA,F,F01,R05,15.00,1,7.44,1,1,1,1,1,1
SA08/F02_SA08_R01.csv,SA08,SA,F,F02,R01,15.00,1,5.90,1,1,2,1,1,1
SA08/F02_SA08_R02.csv,SA08,SA,F,F02,R02,15.00,1,6.78,1,1,2,1,1,1
SA08/F02_SA08_R03.csv,SA08,SA,F,F02,R03,15.00,0,,1,1,0,0,0,0
SA08/F02_SA08_R04.csv,SA08,SA,F,F02,R04,15.00,1,7.26,1,1,1,1,1,1
SA08/F02_SA08_R05.csv,SA08,SA,F,F02,R05,15.00,0,,1,1,0,0,0,0
SA08/F03_SA08_R01.csv,SA08,SA,F,F03,R01,15.00,1,5.68,1,1,1,1,1,1
SA08/F03_SA08_R02.csv,SA08,SA,F,F03,R02,15.00,1,5.50,1,1,1,1,1,1
SA08/F03_SA08_R03.csv,SA08,SA,F,F03,R03,15.00,1,6.00,1,1,2,2,2,1
SA08/F03_SA08_R04.csv,SA08,SA,F,F03,R04,15.00,1,5.18,1,1,1,1,1,1
SA08/F03_SA08_R05.csv,SA08,SA,F,F03,R05,15.00,1,6.18,1,1,1,1,1,1
SA08/F04_SA08_R01.csv,SA08,SA,F,F04,R01,15.00,1,7.02,1,1,1,1,1,1
SA08/F04_SA08_R02.csv,SA08,SA,F,F04,R02,15.00,1,7.56,1,1,1,1,1,1
SA08/F04_SA08_R03.csv,SA08,SA,F,F04,R03,15.00,0,,1,1,1,1,1,0
SA08/F04_SA08_R04.csv,SA08,SA,F,F04,R04,15.00,0,,1,1,0,0,0,0
SA08/F04_SA08_R05.csv,SA08,SA,F,F04,R05,15.00,1,6.20,1,1,1,1,1,1
SA08/F05_SA08_R01.csv,SA08,SA,F,F05,R01,15.00,0,,1,1,0,0,0,0
SA08/F05_SA08_R02.csv,SA08,SA,F,F05,R02,15.00,1,5.14,1,1,2,2,2,1
SA08/F05_SA08_R03.csv,SA08,SA,F,F05,R03,15.00,1,5.78,1,1,2,2,2,1
SA08/F05_SA08_R04.csv,SA08,SA,F,F05,R04,15.00,1,4.78,1,1,3,2,2,1
SA08/F05_SA08_R05.csv,SA08,SA,F,F05,R05,15.00,0,,1,1,0,0,0,0
SA08/F06_SA08_R01.csv,SA08,SA,F,F06,R01,14.99,1,7.32,1,1,1,1,1,1
SA08/F06_SA08_R02.csv,SA08,SA,F,F06,R02,15.00,1,7.08,1,1,1,1,1,1
SA08/F06_SA08_R03.csv,SA08,SA,F,F06,R03,15.00,0,,1,1,0,0,0,0
SA08/F06_SA08_R04.csv,SA08,SA,F,F06,R04,15.00,1,7.58,1,1,2,1,1,1
SA08/F06_SA08_R05.csv,SA08,SA,F,F06,R05,15.00,1,7.06,1,1,2,1,1,1
SA08/F07_SA08_R01.csv,SA08,SA,F,F07,R01,15.00,1,5.10,1,1,1,1,1,1
SA08/F07_SA08_R02.csv,SA08,SA,F,F07,R02,15.00,1,6.48,1,1,1,1,1,1
SA08/F07_SA08_R03.csv,SA08,SA,F,F07,R03,15.00,0,,1,0,0,0,0,0
SA08/F07_SA08_R04.csv,SA08,SA,F,F07,R04,15.00,1,6.86,1,1,1,1,1,1
SA08/F07_SA08_R05.csv,SA08,SA,F,F07,R05,15.00,1,6.66,1,1,1,1,1,1
SA08/F08_SA08_R01.csv,SA08,SA,F,F08,R01,15.00,1,7.64,1,1,1,1,1,1
SA08/F08_SA08_R02.csv,SA08,SA,F,F08,R02,15.00,1,6.92,1,1,1,1,1,1
SA08/F08_SA08_R03.csv,SA08,SA,F,F08,R03,15.00,1,6.86,1,1,1,1,1,1
SA08/F08_SA08_R04.csv,SA08,SA,F,F08,R04,15.00,1,6.68,1,1,1,1,1,1
SA08/F08_SA08_R05.csv,SA08,SA,F,F08,R05,15.00,1,6.12,1,1,1,1,1,1
SA08/F09_SA08_R01.csv,SA08,SA,F,F09,R01,15.00,1,5.66,1,1,1,1,1,1
SA08/F09_SA08_R02.csv,SA08,SA,F,F09,R02,15.00,1,6.88,1,1,1,1,1,1
SA08/F09_SA08_R03.csv,SA08,SA,F,F09,R03,15.00,1,5.04,1,1,1,1,1,1
SA08/F09_SA08_R04.csv,SA08,SA,F,F09,R04,15.00,1,6.84,1,1,1,1,1,1
SA08/F09_SA08_R05.csv,SA08,SA,F,F09,R05,15.00,1,5.94,1,1,1,1,1,1
SA08/F10_SA08_R01.csv,SA08,SA,F,F10,R01,15.00,1,6.44,1,1,1,1,1,1
SA08/F10_SA08_R02.csv,SA08,SA,F,F10,R02,15.00,1,6.10,1,1,1,1,1,1
SA08/F10_SA08_R03.csv,SA08,SA,F,F10,R03,15.00,1,5.44,1,1,1,1,1,1
SA08/F10_SA08_R04.csv,SA08,SA,F,F10,R04,15.00,1,5.18,1,1,1,1,1,1
SA08/F10_SA08_R05.csv,SA08,SA,F,F10,R05,15.00,1,5.92,1,1,1,1,1,1
SA08/F11_SA08_R01.csv,SA08,SA,F,F11,R01,14.99,0,,1,1,0,0,0,0
SA08/F11_SA08_R02.csv,SA08,SA,F,F11,R02,15.00,1,4.46,1,1,1,1,1,1
SA08/F11_SA08_R03.csv,SA08,SA,F,F11,R03,15.00,1,4.14,1,1,1,1,1,1
SA08/F11_SA08_R04.csv,SA08,SA,F,F11,R04,15.00,1,4.28,1,1,1,1,1,1
SA08/F11_SA08_R05.csv,SA08,SA,F,F11,R05,15.00,1,4.86,1,1,1,1,1,1
SA08/F12_SA08_R01.csv,SA08,SA,F,F12,R01,15.00,1,5.34,1,1,1,1,1,1
SA08/F12_SA08_R02.csv,SA08,SA,F,F12,R02,15.00,1,5.90,1,1,1,1,1,1
SA08/F12_SA08_R03.csv,SA08,SA,F,F12,R03,15.00,1,8.46,1,1,1,1,1,1
SA08/F12_SA08_R04.csv,SA08,SA,F,F12,R04,15.00,1,6.34,1,1,1,1,1,1
SA08/F12_SA08_R05.csv,SA08,SA,F,F12,R05,15.00,1,4.80,1,1,1,1,1,1
SA08/F13_SA08_R01.csv,SA08,SA,F,F13,R01,15.00,0,,1,0,0,0,0,0
SA08/F13_SA08_R02.csv,SA08,SA,F,F13,R02,15.00,1,5.86,1,1,1,1,1,1
SA08/F13_SA08_R03.csv,SA08,SA,F,F13,R03,15.00,0,,0,1,0,0,0,0
SA08/F13_SA08_R04.csv,SA08,SA,F,F13,R04,15.00,1,8.76,1,1,1,1,1,1
SA08/F13_SA08_R05.csv,SA08,SA,F,F13,R05,15.00,0,,1,0,0,0,0,0
SA08/F14_SA08_R01.csv,SA08,SA,F,F14,R01,15.00,1,4.26,1,1,1,1,1,1
SA08/F14_SA08_R02.csv,SA08,SA,F,F14,R02,15.00,1,3.06,1,1,1,1,1,1
SA08/F14_SA08_R03.csv,SA08,SA,F,F14,R03,15.00,1,4.54,1,1,1,1,1,1
SA08/F14_SA08_R04.csv,SA08,SA,F,F14,R04,15.00,1,4.98,1,1,1,1,1,1
SA08/F14_SA08_R05.csv,SA08,SA,F,F14,R05,15.00,1,6.74,1,1,1,1,1,1
SA08/F15_SA08_R01.csv,SA08,SA,F,F15,R01,15.00,1,4.78,1,1,1,1,1,1
SA08/F15_SA08_R02.csv,SA08,SA,F,F15,R02,15.00,1,6.34,1,1,1,1,1,1
SA08/F15_SA08_R03.csv,SA08,SA,F,F15,R03,15.00,1,6.36,1,1,1,1,1,1
SA08/F15_SA08_R04.csv,SA08,SA,F,F15,R04,15.00,1,6.20,1,1,1,1,1,1
SA08/F15_SA08_R05.csv,SA08,SA,F,F15,R05,15.00,1,7.14,1,1,1,1,1,1
SA09/D01_SA09_R01.csv,SA09,SA,D,D01,R01,100.00,0,,1,0,0,0,0,0
SA09/D02_SA09_R01.csv,SA09,SA,D,D02,R01,100.00,0,,1,0,0,0,0,0
SA09/D03_SA09_R01.csv,SA09,SA,D,D03,R01,100.00,0,,1,1,0,0,0,0
SA09/D04_SA09_R01.csv,SA09,SA,D,D04,R01,100.00,0,,1,1,1,1,1,0
SA09/D05_SA09_R01.csv,SA09,SA,D,D05,R01,25.00,0,,1,0,0,0,0,0
SA09/D05_SA09_R02.csv,SA09,SA,D,D05,R02,25.00,0,,1,0,0,0,0,0
SA09/D05_SA09_R03.csv,SA09,SA,D,D05,R03,25.00,0,,1,0,0,0,0,0
SA09/D05_SA09_R04.csv,SA09,SA,D,D05,R04,25.00,0,,1,0,0,0,0,0
SA09/D05_SA09_R05.csv,SA09,SA,D,D05,R05,25.00,0,,1,0,0,0,0,0
SA09/D06_SA09_R01.csv,SA09,SA,D,D06,R01,25.00,0,,1,1,1,1,1,0
SA09/D06_SA09_R02.csv,SA09,SA,D,D06,R02,25.00,0,,1,1,2,2,2,0
SA09/D06_SA09_R03.csv,SA09,SA,D,D06,R03,25.00,0,,1,1,2,2,2,0
SA09/D06_SA09_R04.csv,SA09,SA,D,D06,R04,25.00,0,,1,1,2,2,2,0
SA09/D06_SA09_R05.csv,SA09,SA,D,D06,R05,25.00,0,,1,1,2,2,2,0
SA09/D07_SA09_R01.csv,SA09,SA,D,D07,R01,12.00,0,,0,0,0,0,0,0
SA09/D07_SA09_R02.csv,SA09,SA,D,D07,R02,12.00,0,,0,0,0,0,0,0
SA09/D07_SA09_R03.csv,SA09,SA,D,D07,R03,12.00,0,,0,0,0,0,0,0
SA09/D07_SA09_R04.csv,SA09,SA,D,D07,R04,12.00,0,,0,0,0,0,0,0
SA09/D07_SA09_R05.csv,SA09,SA,D,D07,R05,12.00,0,,0,0,0,0,0,0
SA09/D08_SA09_R01.csv,SA09,SA,D,D08,R01,12.00,0,,1,0,0,0,0,0
SA09/D08_SA09_R02.csv,SA09,SA,D,D08,R02,12.00,0,,1,0,0,0,0,0
SA09/D08_SA09_R03.csv,SA09,SA,D,D08,R03,12.00,0,,1,0,0,0,0,0
SA09/D08_SA09_R04.csv,SA09,SA,D,D08,R04,12.00,0,,1,0,0,0,0,0
SA09/D08_SA09_R05.csv,SA09,SA,D,D08,R05,12.00,0,,1,0,0,0,0,0
SA09/D09_SA09_R01.csv,SA09,SA,D,D09,R01,12.00,0,,1,0,0,0,0,0
SA09/D09_SA09_R02.csv,SA09,SA,D,D09,R02,12.00,0,,1,0,0,0,0,0
SA09/D09_SA09_R03.csv,SA09,SA,D,D09,R03,12.00,0,,1,0,0,0,0,0
SA09/D09_SA09_R04.csv,SA09,SA,D,D09,R04,12.00,0,,1,0,0,0,0,0
SA09/D09_SA09_R05.csv,SA09,SA,D,D09,R05,12.00,0,,0,0,0,0,0,0
SA09/D10_SA09_R01.csv,SA09,SA,D,D10,R01,12.00,0,,1,0,0,0,0,0
SA09/D10_SA09_R02.csv,SA09,SA,D,D10,R02,12.00,0,,1,0,0,0,0,0
SA09/D10_SA09_R03.csv,SA09,SA,D,D10,R03,12.00,0,,1,0,0,0,0,0
SA09/D10_SA09_R04.csv,SA09,SA,D,D10,R04,12.00,0,,1,0,0,0,0,0
SA09/D10_SA09_R05.csv,SA09,SA,D,D10,R05,12.00,0,,1,0,0,0,0,0
SA09/D11_SA09_R01.csv,SA09,SA,D,D11,R01,11.99,1,4.08,1,1,1,1,1,1
SA09/D11_SA09_R02.csv,SA09,SA,D,D11,R02,12.00,1,3.24,1,1,1,1,1,1
SA09/D11_SA09_R03.csv,SA09,SA,D,D11,R03,12.00,1,4.06,1,1,1,1,1,1
SA09/D11_SA09_R04.csv,SA09,SA,D,D11,R04,12.00,1,5.38,1,1,1,1,1,1
SA09/D11_SA09_R05.csv,SA09,SA,D,D11,R05,12.00,1,3.56,1,1,1,1,1,1
SA09/D12_SA09_R01.csv,SA09,SA,D,D12,R01,12.00,0,,0,0,0,0,0,0
SA09/D12_SA09_R02.csv,SA09,SA,D,D12,R02,12.00,0,,0,0,0,0,0,0
SA09/D12_SA09_R03.csv,SA09,SA,D,D12,R03,12.00,0,,0,0,0,0,0,0
SA09/D12_SA09_R04.csv,SA09,SA,D,D12,R04,12.00,0,,0,0,0,0,0,0
SA09/D12_SA09_R05.csv,SA09,SA,D,D12,R05,12.00,0,,0,0,0,0,0,0
SA09/D13_SA09_R01.csv,SA09,SA,D,D13,R01,12.00,0,,0,0,0,0,0,0
SA09/D13_SA09_R02.csv,SA09,SA,D,D13,R02,12.00,0,,0,0,0,0,0,0
SA09/D13_SA09_R03.csv,SA09,SA,D,D13,R03,12.00,0,,1,0,0,0,0,0
SA09/D13_SA09_R04.csv,SA09,SA,D,D13,R04,12.00,0,,1,0,0,0,0,0
SA09/D13_SA09_R05.csv,SA09,SA,D,D13,R05,11.99,0,,1,0,0,0,0,0
SA09/D14_SA09_R01.csv,SA09,SA,D,D14,R01,12.00,0,,0,0,0,0,0,0
SA09/D14_SA09_R02.csv,SA09,SA,D,D14,R02,12.00,0,,0,0,0,0,0,0
SA09/D14_SA09_R03.csv,SA09,SA,D,D14,R03,12.00,0,,0,0,0,0,0,0
SA09/D14_SA09_R04.csv,SA09,SA,D,D14,R04,12.00,0,,0,0,0,0,0,0
SA09/D14_SA09_R05.csv,SA09,SA,D,D14,R05,12.00,0,,0,0,0,0,0,0
SA09/D15_SA09_R01.csv,SA09,SA,D,D15,R01,12.00,0,,0,0,0,0,0,0
SA09/D15_SA09_R02.csv,SA09,SA,D,D15,R02,12.00,0,,0,0,0,0,0,0
SA09/D15_SA09_R03.csv,SA09,SA,D,D15,R03,12.00,0,,0,0,0,0,0,0
SA09/D15_SA09_R04.csv,SA09,SA,D,D15,R04,12.00,0,,0,0,0,0,0,0
SA09/D15_SA09_R05.csv,SA09,SA,D,D15,R05,12.00,0,,0,0,0,0,0,0
SA09/D16_SA09_R01.csv,SA09,SA,D,D16,R01,11.99,0,,0,0,0,0,0,0
SA09/D16_SA09_R02.csv,SA09,SA,D,D16,R02,12.00,0,,0,0,0,0,0,0
SA09/D16_SA09_R03.csv,SA09,SA,D,D16,R03,11.99,0,,0,0,0,0,0,0
SA09/D16_SA09_R04.csv,SA09,SA,D,D16,R04,12.00,0,,0,0,0,0,0,0
SA09/D16_SA09_R05.csv,SA09,SA,D,D16,R05,12.00,0,,0,0,0,0,0,0
SA09/D17_SA09_R01.csv,SA09,SA,D,D17,R01,25.00,0,,1,0,0,0,0,0
SA09/D17_SA09_R02.csv,SA09,SA,D,D17,R02,25.00,0,,1,0,0,0,0,0
SA09/D17_SA09_R03.csv,SA09,SA,D,D17,R03,25.00,0,,0,0,0,0,0,0
SA09/D17_SA09_R04.csv,SA09,SA,D,D17,R04,25.00,0,,0,0,0,0,0,0
SA09/D17_SA09_R05.csv,SA09,SA,D,D17,R05,25.00,0,,0,0,0,0,0,0
SA09/D18_SA09_R01.csv,SA09,SA,D,D18,R01,11.99,1,6.48,1,1,1,1,1,1
SA09/D18_SA09_R02.csv,SA09,SA,D,D18,R02,12.00,0,,1,1,0,0,0,0
SA09/D18_SA09_R03.csv,SA09,SA,D,D18,R03,12.00,1,4.40,1,1,1,1,1,1
SA09/D18_SA09_R04.csv,SA09,SA,D,D18,R04,12.00,1,5.34,1,1,1,1,1,1
SA09/D18_SA09_R05.csv,SA09,SA,D,D18,R05,12.00,1,6.34,1,1,1,1,1,1
SA09/D19_SA09_R01.csv,SA09,SA,D,D19,R01,12.00,1,7.34,1,1,1,1,1,1
SA09/D19_SA09_R02.csv,SA09,SA,D,D19,R02,12.00,1,8.54,1,1,1,1,1,1
SA09/D19_SA09_R03.csv,SA09,SA,D,D19,R03,12.00,1,8.10,1,1,1,1,1,1
SA09/D19_SA09_R04.csv,SA09,SA,D,D19,R04,12.00,1,4.16,1,1,1,1,1,1
SA09/D19_SA09_R05.csv,SA09,SA,D,D19,R05,12.00,1,3.48,1,1,1,1,1,1
SA09/F01_SA09_R01.csv,SA09,SA,F,F01,R01,15.00,1,7.86,1,1,1,1,1,1
SA09/F01_SA09_R02.csv,SA09,SA,F,F01,R02,15.00,1,7.46,1,1,1,1,1,1
SA09/F01_SA09_R03.csv,SA09,SA,F,F01,R03,15.00,0,,1,1,0,0,0,0
SA09/F01_SA09_R04.csv,SA09,SA,F,F01,R04,15.00,1,7.78,1,1,1,1,1,1
SA09/F01_SA09_R05.csv,SA09,SA,F,F01,R05,15.00,1,8.34,1,1,1,1,1,1
SA09/F02_SA09_R01.csv,SA09,SA,F,F02,R01,15.00,1,6.38,1,1,1,1,1,1
SA09/F02_SA09_R02.csv,SA09,SA,F,F02,R02,15.00,1,8.48,1,1,1,1,1,1
SA09/F02_SA09_R03.csv,SA09,SA,F,F02,R03,15.00,1,6.66,1,1,1,1,1,1
SA09/F02_SA09_R04.csv,SA09,SA,F,F02,R04,15.00,1,6.70,1,1,1,1,1,1
SA09/F02_SA09_R05.csv,SA09,SA,F,F02,R05,14.99,1,7.50,1,1,1,1,1,1
SA09/F03_SA09_R01.csv,SA09,SA,F,F03,R01,15.00,0,,1,1,0,0,0,0
SA09/F03_SA09_R02.csv,SA09,SA,F,F03,R02,15.00,1,5.52,1,1,1,1,1,1
SA09/F03_SA09_R03.csv,SA09,SA,F,F03,R03,15.00,1,6.32,1,1,1,1,1,1
SA09/F03_SA09_R04.csv,SA09,SA,F,F03,R04,15.00,1,5.80,1,1,1,1,1,1
SA09/F03_SA09_R05.csv,SA09,SA,F,F03,R05,15.00,1,6.94,1,1,1,1,1,1
SA09/F04_SA09_R01.csv,SA09,SA,F,F04,R01,15.00,0,,1,1,0,0,0,0
SA09/F04_SA09_R02.csv,SA09,SA,F,F04,R02,15.00,1,7.42,1,1,1,1,1,1
SA09/F04_SA09_R03.csv,SA09,SA,F,F04,R03,15.00,1,8.12,1,1,1,1,1,1
SA09/F04_SA09_R04.csv,SA09,SA,F,F04,R04,15.00,1,8.54,1,1,1,1,1,1
SA09/F04_SA09_R05.csv,SA09,SA,F,F04,R05,15.00,1,7.64,1,1,2,2,2,1
SA09/F05_SA09_R01.csv,SA09,SA,F,F05,R01,15.00,1,5.68,1,1,1,1,1,1
SA09/F05_SA09_R02.csv,SA09,SA,F,F05,R02,15.00,0,,1,1,0,0,0,0
SA09/F05_SA09_R03.csv,SA09,SA,F,F05,R03,15.00,0,,1,1,0,0,0,0
SA09/F05_SA09_R04.csv,SA09,SA,F,F05,R04,15.00,0,,1,1,0,0,0,0
SA09/F05_SA09_R05.csv,SA09,SA,F,F05,R05,15.00,1,5.60,1,1,1,1,1,1
SA09/F06_SA09_R01.csv,SA09,SA,F,F06,R01,15.00,1,7.84,1,1,1,1,1,1
SA09/F06_SA09_R02.csv,SA09,SA,F,F06,R02,15.00,1,7.86,1,1,1,1,1,1
SA09/F06_SA09_R03.csv,SA09,SA,F,F06,R03,15.00,1,7.52,1,1,1,1,1,1
SA09/F06_SA09_R04.csv,SA09,SA,F,F06,R04,15.00,1,8.12,1,1,1,1,1,1
SA09/F06_SA09_R05.csv,SA09,SA,F,F06,R05,15.00,0,,1,1,0,0,0,0
SA09/F07_SA09_R01.csv,SA09,SA,F,F07,R01,14.99,1,5.64,1,1,1,1,1,1
SA09/F07_SA09_R02.csv,SA09,SA,F,F07,R02,15.00,1,6.80,1,1,1,1,1,1
SA09/F07_SA09_R03.csv,SA09,SA,F,F07,R03,15.00,1,7.38,1,1,1,1,1,1
SA09/F07_SA09_R04.csv,SA09,SA,F,F07,R04,15.00,1,7.70,1,1,1,1,1,1
SA09/F07_SA09_R05.csv,SA09,SA,F,F07,R05,15.00,1,7.30,1,1,1,1,1,1
SA09/F08_SA09_R01.csv,SA09,SA,F,F08,R01,15.00,1,6.86,1,1,1,1,1,1
SA09/F08_SA09_R02.csv,SA09,SA,F,F08,R02,15.00,1,7.42,1,1,1,1,1,1
SA09/F08_SA09_R03.csv,SA09,SA,F,F08,R03,15.00,1,8.12,1,1,1,1,1,1
SA09/F08_SA09_R04.csv,SA09,SA,F,F08,R04,15.00,1,6.08,1,1,1,1,1,1
SA09/F08_SA09_R05.csv,SA09,SA,F,F08,R05,15.00,0,,1,0,0,0,0,0
SA09/F09_SA09_R01.csv,SA09,SA,F,F09,R01,15.00,1,6.12,1,1,1,1,1,1
SA09/F09_SA09_R02.csv,SA09,SA,F,F09,R02,15.00,1,6.70,1,1,1,1,1,1
SA09/F09_SA09_R03.csv,SA09,SA,F,F09,R03,15.00,1,7.10,1,1,1,1,1,1
SA09/F09_SA09_R04.csv,SA09,SA,F,F09,R04,15.00,1,5.58,1,1,1,1,1,1
SA09/F09_SA09_R05.csv,SA09,SA,F,F09,R05,15.00,1,6.50,1,1,1,1,1,1
SA09/F10_SA09_R01.csv,SA09,SA,F,F10,R01,15.00,1,6.32,1,1,1,1,1,1
SA09/F10_SA09_R02.csv,SA09,SA,F,F10,R02,15.00,0,,1,0,0,0,0,0
SA09/F10_SA09_R03.csv,SA09,SA,F,F10,R03,15.00,1,6.30,1,1,1,1,1,1
SA09/F10_SA09_R04.csv,SA09,SA,F,F10,R04,15.00,0,,1,0,0,0,0,0
SA09/F10_SA09_R05.csv,SA09,SA,F,F10,R05,15.00,1,5.18,1,1,1,1,1,1
SA09/F11_SA09_R01.csv,SA09,SA,F,F11,R01,14.99,1,5.32,1,1,1,1,1,1
SA09/F11_SA09_R02.csv,SA09,SA,F,F11,R02,15.00,0,,1,1,0,0,0,0
SA09/F11_SA09_R03.csv,SA09,SA,F,F11,R03,15.00,1,6.62,1,1,1,1,1,1
SA09/F11_SA09_R04.csv,SA09,SA,F,F11,R04,15.00,1,6.38,1,1,1,1,1,1
SA09/F11_SA09_R05.csv,SA09,SA,F,F11,R05,15.00,1,6.58,1,1,1,1,1,1
SA09/F12_SA09_R01.csv,SA09,SA,F,F12,R01,15.00,1,6.12,1,1,1,1,1,1
SA09/F12_SA09_R02.csv,SA09,SA,F,F12,R02,15.00,1,6.44,1,1,1,1,1,1
SA09/F12_SA09_R03.csv,SA09,SA,F,F12,R03,15.00,1,7.16,1,1,1,1,1,1
SA09/F12_SA09_R04.csv,SA09,SA,F,F12,R04,15.00,1,6.76,1,1,1,1,1,1
SA09/F12_SA09_R05.csv,SA09,SA,F,F12,R05,15.00,1,6.18,1,1,1,1,1,1
SA09/F13_SA09_R01.csv,SA09,SA,F,F13,R01,15.00,1,7.64,1,1,1,1,1,1
SA09/F13_SA09_R02.csv,SA09,SA,F,F13,R02,15.00,0,,1,0,0,0,0,0
SA09/F13_SA09_R03.csv,SA09,SA,F,F13,R03,15.00,0,,1,0,0,0,0,0
SA09/F13_SA09_R04.csv,SA09,SA,F,F13,R04,15.00,0,,1,0,0,0,0,0
SA09/F13_SA09_R05.csv,SA09,SA,F,F13,R05,15.00,1,7.36,1,1,1,1,1,1
SA09/F14_SA09_R01.csv,SA09,SA,F,F14,R01,15.00,0,,1,0,0,0,0,0
SA09/F14_SA09_R02.csv,SA09,SA,F,F14,R02,15.00,1,7.02,1,1,1,1,1,1
SA09/F14_SA09_R03.csv,SA09,SA,F,F14,R03,15.00,1,7.62,1,1,1,1,1,1
SA09/F14_SA09_R04.csv,SA09,SA,F,F14,R04,15.00,1,5.90,1,1,1,1,1,1
SA09/F14_SA09_R05.csv,SA09,SA,F,F14,R05,15.00,1,7.74,1,1,1,1,1,1
SA09/F15_SA09_R01.csv,SA09,SA,F,F15,R01,15.00,1,6.74,1,1,1,1,1,1
SA09/F15_SA09_R02.csv,SA09,SA,F,F15,R02,15.00,1,6.80,1,1,1,1,1,1
SA09/F15_SA09_R03.csv,SA09,SA,F,F15,R03,15.00,1,8.28,1,1,1,1,1,1
SA09/F15_SA09_R04.csv,SA09,SA,F,F15,R04,15.00,0,,1,0,0,0,0,0
SA09/F15_SA09_R05.csv,SA09,SA,F,F15,R05,15.00,1,6.74,1,1,1,1,1,1
SA10/D01_SA10_R01.csv,SA10,SA,D,D01,R01,100.00,0,,0,0,0,0,0,0
SA10/D02_SA10_R01.csv,SA10,SA,D,D02,R01,100.00,0,,1,0,0,0,0,0
SA10/D03_SA10_R01.csv,SA10,SA,D,D03,R01,100.00,0,,1,1,0,0,0,0
SA10/D04_SA10_R01.csv,SA10,SA,D,D04,R01,100.00,0,,1,1,2,2,2,0
SA10/D05_SA10_R01.csv,SA10,SA,D,D05,R01,25.00,0,,1,0,0,0,0,0
SA10/D05_SA10_R02.csv,SA10,SA,D,D05,R02,25.00,0,,1,0,0,0,0,0
SA10/D05_SA10_R03.csv,SA10,SA,D,D05,R03,25.00,0,,0,0,0,0,0,0
SA10/D05_SA10_R04.csv,SA10,SA,D,D05,R04,25.00,0,,1,0,0,0,0,0
SA10/D05_SA10_R05.csv,SA10,SA,D,D05,R05,25.00,0,,1,0,0,0,0,0
SA10/D06_SA10_R01.csv,SA10,SA,D,D06,R01,25.00,0,,1,1,3,2,2,0
SA10/D06_SA10_R02.csv,SA10,SA,D,D06,R02,25.00,1,1.80,1,1,1,1,1,1
SA10/D06_SA10_R03.csv,SA10,SA,D,D06,R03,25.00,1,7.74,1,1,3,2,2,1
SA10/D06_SA10_R04.csv,SA10,SA,D,D06,R04,25.02,0,,1,1,3,1,1,0
SA10/D06_SA10_R05.csv,SA10,SA,D,D06,R05,25.00,1,2.16,1,1,3,2,2,1
SA10/D07_SA10_R01.csv,SA10,SA,D,D07,R01,12.00,0,,0,0,0,0,0,0
SA10/D07_SA10_R02.csv,SA10,SA,D,D07,R02,12.00,0,,0,0,0,0,0,0
SA10/D07_SA10_R03.csv,SA10,SA,D,D07,R03,12.00,0,,0,0,0,0,0,0
SA10/D07_SA10_R04.csv,SA10,SA,D,D07,R04,12.00,0,,0,0,0,0,0,0
SA10/D07_SA10_R05.csv,SA10,SA,D,D07,R05,12.00,0,,0,0,0,0,0,0
SA10/D08_SA10_R01.csv,SA10,SA,D,D08,R01,12.00,0,,1,0,0,0,0,0
SA10/D08_SA10_R02.csv,SA10,SA,D,D08,R02,12.00,0,,1,0,0,0,0,0
SA10/D08_SA10_R03.csv,SA10,SA,D,D08,R03,12.00,0,,1,0,0,0,0,0
SA10/D08_SA10_R04.csv,SA10,SA,D,D08,R04,12.00,0,,1,0,0,0,0,0
SA10/D08_SA10_R05.csv,SA10,SA,D,D08,R05,11.99,0,,1,0,0,0,0,0
SA10/D09_SA10_R01.csv,SA10,SA,D,D09,R01,11.99,0,,1,0,0,0,0,0
SA10/D09_SA10_R02.csv,SA10,SA,D,D09,R02,12.00,0,,1,0,0,0,0,0
SA10/D09_SA10_R03.csv,SA10,SA,D,D09,R03,12.00,0,,0,0,0,0,0,0
SA10/D09_SA10_R04.csv,SA10,SA,D,D09,R04,12.00,0,,0,0,0,0,0,0
SA10/D09_SA10_R05.csv,SA10,SA,D,D09,R05,12.00,0,,1,0,0,0,0,0
SA10/D10_SA10_R01.csv,SA10,SA,D,D10,R01,12.00,0,,1,0,0,0,0,0
SA10/D10_SA10_R02.csv,SA10,SA,D,D10,R02,12.00,0,,1,0,0,0,0,0
SA10/D10_SA10_R03.csv,SA10,SA,D,D10,R03,12.00,0,,1,0,0,0,0,0
SA10/D10_SA10_R04.csv,SA10,SA,D,D10,R04,12.00,0,,1,0,0,0,0,0
SA10/D10_SA10_R05.csv,SA10,SA,D,D10,R05,12.00,0,,1,0,0,0,0,0
SA10/D11_SA10_R01.csv,SA10,SA,D,D11,R01,11.99,0,,1,0,0,0,0,0
SA10/D11_SA10_R02.csv,SA10,SA,D,D11,R02,12.00,0,,1,1,0,0,0,0
SA10/D11_SA10_R03.csv,SA10,SA,D,D11,R03,12.00,0,,1,0,0,0,0,0
SA10/D11_SA10_R04.csv,SA10,SA,D,D11,R04,12.00,0,,1,0,0,0,0,0
SA10/D11_SA10_R05.csv,SA10,SA,D,D11,R05,12.00,0,,1,1,0,0,0,0
SA10/D12_SA10_R01.csv,SA10,SA,D,D12,R01,12.00,0,,0,0,0,0,0,0
SA10/D12_SA10_R02.csv,SA10,SA,D,D12,R02,12.00,0,,0,0,0,0,0,0
SA10/D12_SA10_R03.csv,SA10,SA,D,D12,R03,12.00,0,,0,0,0,0,0,0
SA10/D12_SA10_R04.csv,SA10,SA,D,D12,R04,12.00,0,,0,0,0,0,0,0
SA10/D12_SA10_R05.csv,SA10,SA,D,D12,R05,12.00,0,,0,0,0,0,0,0
SA10/D13_SA10_R01.csv,SA10,SA,D,D13,R01,12.00,0,,0,0,0,0,0,0
SA10/D13_SA10_R02.csv,SA10,SA,D,D13,R02,12.00,0,,0,0,0,0,0,0
SA10/D13_SA10_R03.csv,SA10,SA,D,D13,R03,12.00,0,,0,0,0,0,0,0
SA10/D13_SA10_R04.csv,SA10,SA,D,D13,R04,12.00,0,,0,0,0,0,0,0
SA10/D13_SA10_R05.csv,SA10,SA,D,D13,R05,12.00,0,,0,0,0,0,0,0
SA10/D14_SA10_R01.csv,SA10,SA,D,D14,R01,12.00,0,,1,0,0,0,0,0
SA10/D14_SA10_R02.csv,SA10,SA,D,D14,R02,12.00,0,,0,0,0,0,0,0
SA10/D14_SA10_R03.csv,SA10,SA,D,D14,R03,12.00,0,,0,0,0,0,0,0
SA10/D14_SA10_R04.csv,SA10,SA,D,D14,R04,12.00,0,,0,0,0,0,0,0
SA10/D14_SA10_R05.csv,SA10,SA,D,D14,R05,12.00,0,,0,0,0,0,0,0
SA10/D15_SA10_R01.csv,SA10,SA,D,D15,R01,12.00,0,,0,0,0,0,0,0
SA10/D15_SA10_R02.csv,SA10,SA,D,D15,R02,12.00,0,,0,0,0,0,0,0
SA10/D15_SA10_R03.csv,SA10,SA,D,D15,R03,12.00,0,,1,0,0,0,0,0
SA10/D15_SA10_R04.csv,SA10,SA,D,D15,R04,12.00,0,,0,0,0,0,0,0
SA10/D15_SA10_R05.csv,SA10,SA,D,D15,R05,12.00,0,,0,0,0,0,0,0
SA10/D16_SA10_R01.csv,SA10,SA,D,D16,R01,11.99,0,,0,0,0,0,0,0
SA10/D16_SA10_R02.csv,SA10,SA,D,D16,R02,12.00,0,,0,0,0,0,0,0
SA10/D16_SA10_R03.csv,SA10,SA,D,D16,R03,12.00,0,,0,0,0,0,0,0
SA10/D16_SA10_R04.csv,SA10,SA,D,D16,R04,12.00,0,,0,0,0,0,0,0
SA10/D16_SA10_R05.csv,SA10,SA,D,D16,R05,12.00,0,,0,0,0,0,0,0
SA10/D17_SA10_R01.csv,SA10,SA,D,D17,R01,25.00,0,,0,0,0,0,0,0
SA10/D17_SA10_R02.csv,SA10,SA,D,D17,R02,25.00,0,,0,0,0,0,0,0
SA10/D17_SA10_R03.csv,SA10,SA,D,D17,R03,25.00,0,,0,0,0,0,0,0
SA10/D17_SA10_R04.csv,SA10,SA,D,D17,R04,25.00,0,,0,0,0,0,0,0
SA10/D17_SA10_R05.csv,SA10,SA,D,D17,R05,25.00,0,,0,0,0,0,0,0
SA10/D18_SA10_R01.csv,SA10,SA,D,D18,R01,12.00,1,2.98,1,1,1,1,1,1
SA10/D18_SA10_R02.csv,SA10,SA,D,D18,R02,12.00,1,4.24,1,1,1,1,1,1
SA10/D18_SA10_R03.csv,SA10,SA,D,D18,R03,12.00,1,5.40,1,1,1,1,1,1
SA10/D18_SA10_R04.csv,SA10,SA,D,D18,R04,12.00,0,,1,0,0,0,0,0
SA10/D18_SA10_R05.csv,SA10,SA,D,D18,R05,11.99,1,7.18,1,1,1,1,1,1
SA10/D19_SA10_R01.csv,SA10,SA,D,D19,R01,12.00,0,,1,1,4,2,2,0
SA10/D19_SA10_R02.csv,SA10,SA,D,D19,R02,12.00,0,,1,1,4,2,2,0
SA10/D19_SA10_R03.csv,SA10,SA,D,D19,R03,12.00,0,,1,1,4,2,2,0
SA10/D19_SA10_R04.csv,SA10,SA,D,D19,R04,12.00,0,,1,1,3,2,2,0
SA10/D19_SA10_R05.csv,SA10,SA,D,D19,R05,12.00,1,2.64,1,1,4,2,2,1
SA10/F01_SA10_R01.csv,SA10,SA,F,F01,R01,14.99,1,4.98,1,1,2,2,2,1
SA10/F01_SA10_R02.csv,SA10,SA,F,F01,R02,15.00,1,6.16,1,1,1,1,1,1
SA10/F01_SA10_R03.csv,SA10,SA,F,F01,R03,15.00,1,5.64,1,1,1,1,1,1
SA10/F01_SA10_R04.csv,SA10,SA,F,F01,R04,15.00,1,5.50,1,1,1,1,1,1
SA10/F01_SA10_R05.csv,SA10,SA,F,F01,R05,15.00,1,6.20,1,1,1,1,1,1
SA10/F02_SA10_R01.csv,SA10,SA,F,F02,R01,15.00,1,4.70,1,1,1,1,1,1
SA10/F02_SA10_R02.csv,SA10,SA,F,F02,R02,15.00,1,5.40,1,1,1,1,1,1
SA10/F02_SA10_R03.csv,SA10,SA,F,F02,R03,15.00,1,5.00,1,1,1,1,1,1
SA10/F02_SA10_R04.csv,SA10,SA,F,F02,R04,15.00,1,6.28,1,1,1,1,1,1
SA10/F02_SA10_R05.csv,SA10,SA,F,F02,R05,15.00,1,5.30,1,1,1,1,1,1
SA10/F03_SA10_R01.csv,SA10,SA,F,F03,R01,15.00,1,6.92,1,1,1,1,1,1
SA10/F03_SA10_R02.csv,SA10,SA,F,F03,R02,15.00,1,7.20,1,1,1,1,1,1
SA10/F03_SA10_R03.csv,SA10,SA,F,F03,R03,15.00,1,5.76,1,1,1,1,1,1
SA10/F03_SA10_R04.csv,SA10,SA,F,F03,R04,15.00,1,6.42,1,1,1,1,1,1
SA10/F03_SA10_R05.csv,SA10,SA,F,F03,R05,15.00,1,5.72,1,1,1,1,1,1
SA10/F04_SA10_R01.csv,SA10,SA,F,F04,R01,15.00,1,5.94,1,1,1,1,1,1
SA10/F04_SA10_R02.csv,SA10,SA,F,F04,R02,15.00,0,,1,1,0,0,0,0
SA10/F04_SA10_R03.csv,SA10,SA,F,F04,R03,15.00,1,6.02,1,1,1,1,1,1
SA10/F04_SA10_R04.csv,SA10,SA,F,F04,R04,15.00,1,7.02,1,1,1,1,1,1
SA10/F04_SA10_R05.csv,SA10,SA,F,F04,R05,15.00,1,6.82,1,1,1,1,1,1
SA10/F05_SA10_R01.csv,SA10,SA,F,F05,R01,15.00,0,,1,1,0,0,0,0
SA10/F05_SA10_R02.csv,SA10,SA,F,F05,R02,15.00,0,,1,1,0,0,0,0
SA10/F05_SA10_R03.csv,SA10,SA,F,F05,R03,15.00,0,,1,1,0,0,0,0
SA10/F05_SA10_R04.csv,SA10,SA,F,F05,R04,15.00,1,4.56,1,1,1,1,1,1
SA10/F05_SA10_R05.csv,SA10,SA,F,F05,R05,15.00,1,5.74,1,1,1,1,1,1
SA10/F06_SA10_R01.csv,SA10,SA,F,F06,R01,14.99,1,7.02,1,1,1,1,1,1
SA10/F06_SA10_R02.csv,SA10,SA,F,F06,R02,15.00,1,6.56,1,1,1,1,1,1
SA10/F06_SA10_R03.csv,SA10,SA,F,F06,R03,15.00,1,6.38,1,1,1,1,1,1
SA10/F06_SA10_R04.csv,SA10,SA,F,F06,R04,15.00,1,7.54,1,1,1,1,1,1
SA10/F06_SA10_R05.csv,SA10,SA,F,F06,R05,15.00,0,,1,0,0,0,0,0
SA10/F07_SA10_R01.csv,SA10,SA,F,F07,R01,15.00,1,6.54,1,1,1,1,1,1
SA10/F07_SA10_R02.csv,SA10,SA,F,F07,R02,15.00,1,6.20,1,1,1,1,1,1
SA10/F07_SA10_R03.csv,SA10,SA,F,F07,R03,15.00,1,7.24,1,1,1,1,1,1
SA10/F07_SA10_R04.csv,SA10,SA,F,F07,R04,15.00,1,7.22,1,1,1,1,1,1
SA10/F07_SA10_R05.csv,SA10,SA,F,F07,R05,15.00,1,8.14,1,1,1,1,1,1
SA10/F08_SA10_R01.csv,SA10,SA,F,F08,R01,14.99,1,4.94,1,1,1,1,1,1
SA10/F08_SA10_R02.csv,SA10,SA,F,F08,R02,15.00,1,6.76,1,1,1,1,1,1
SA10/F08_SA10_R03.csv,SA10,SA,F,F08,R03,14.99,1,5.66,1,1,1,1,1,1
SA10/F08_SA10_R04.csv,SA10,SA,F,F08,R04,15.00,1,6.76,1,1,1,1,1,1
SA10/F08_SA10_R05.csv,SA10,SA,F,F08,R05,15.00,0,,1,0,0,0,0,0
SA10/F09_SA10_R01.csv,SA10,SA,F,F09,R01,15.00,1,5.46,1,1,1,1,1,1
SA10/F09_SA10_R02.csv,SA10,SA,F,F09,R02,15.00,1,6.24,1,1,1,1,1,1
SA10/F09_SA10_R03.csv,SA10,SA,F,F09,R03,15.00,1,7.30,1,1,1,1,1,1
SA10/F09_SA10_R04.csv,SA10,SA,F,F09,R04,15.00,1,6.22,1,1,1,1,1,1
SA10/F09_SA10_R05.csv,SA10,SA,F,F09,R05,15.00,0,,1,1,0,0,0,0
SA10/F10_SA10_R01.csv,SA10,SA,F,F10,R01,15.00,1,3.02,1,1,1,1,1,1
SA10/F10_SA10_R02.csv,SA10,SA,F,F10,R02,15.00,0,,1,0,0,0,0,0
SA10/F10_SA10_R03.csv,SA10,SA,F,F10,R03,15.00,1,4.88,1,1,1,1,1,1
SA10/F10_SA10_R04.csv,SA10,SA,F,F10,R04,15.00,1,5.72,1,1,1,1,1,1
SA10/F10_SA10_R05.csv,SA10,SA,F,F10,R05,15.00,0,,0,1,0,0,0,0
SA10/F11_SA10_R01.csv,SA10,SA,F,F11,R01,14.99,0,,1,0,0,0,0,0
SA10/F11_SA10_R02.csv,SA10,SA,F,F11,R02,15.00,0,,1,1,0,0,0,0
SA10/F11_SA10_R03.csv,SA10,SA,F,F11,R03,15.00,1,3.56,1,1,1,1,1,1
SA10/F11_SA10_R04.csv,SA10,SA,F,F11,R04,15.00,1,4.50,1,1,1,1,1,1
SA10/F11_SA10_R05.csv,SA10,SA,F,F11,R05,15.00,1,4.88,1,1,1,1,1,1
SA10/F12_SA10_R01.csv,SA10,SA,F,F12,R01,14.99,0,,1,1,0,0,0,0
SA10/F12_SA10_R02.csv,SA10,SA,F,F12,R02,15.00,1,3.72,1,1,1,1,1,1
SA10/F12_SA10_R03.csv,SA10,SA,F,F12,R03,15.00,1,3.26,1,1,1,1,1,1
SA10/F12_SA10_R04.csv,SA10,SA,F,F12,R04,15.00,1,2.36,1,1,1,1,1,1
SA10/F12_SA10_R05.csv,SA10,SA,F,F12,R05,15.00,1,3.40,1,1,1,1,1,1
SA10/F13_SA10_R01.csv,SA10,SA,F,F13,R01,15.00,1,3.88,1,1,1,1,1,1
SA10/F13_SA10_R02.csv,SA10,SA,F,F13,R02,15.00,1,3.50,1,1,1,1,1,1
SA10/F13_SA10_R03.csv,SA10,SA,F,F13,R03,15.00,1,2.82,1,1,1,1,1,1
SA10/F13_SA10_R04.csv,SA10,SA,F,F13,R04,15.00,1,4.04,1,1,1,1,1,1
SA10/F13_SA10_R05.csv,SA10,SA,F,F13,R05,15.00,0,,1,0,0,0,0,0
SA10/F14_SA10_R01.csv,SA10,SA,F,F14,R01,15.00,1,4.70,1,1,1,1,1,1
SA10/F14_SA10_R02.csv,SA10,SA,F,F14,R02,15.00,1,5.32,1,1,1,1,1,1
SA10/F14_SA10_R03.csv,SA10,SA,F,F14,R03,15.00,1,5.20,1,1,1,1,1,1
SA10/F14_SA10_R04.csv,SA10,SA,F,F14,R04,15.00,1,5.42,1,1,1,1,1,1
SA10/F14_SA10_R05.csv,SA10,SA,F,F14,R05,15.00,1,5.72,1,1,1,1,1,1
SA10/F15_SA10_R01.csv,SA10,SA,F,F15,R01,15.00,1,5.62,1,1,1,1,1,1
SA10/F15_SA10_R02.csv,SA10,SA,F,F15,R02,15.00,0,,1,0,0,0,0,0
SA10/F15_SA10_R03.csv,SA10,SA,F,F15,R03,14.99,0,,1,0,0,0,0,0
SA10/F15_SA10_R04.csv,SA10,SA,F,F15,R04,15.00,0,,1,0,0,0,0,0
SA10/F15_SA10_R05.csv,SA10,SA,F,F15,R05,15.00,1,7.36,1,1,1,1,1,1
SA11/D01_SA11_R01.csv,SA11,SA,D,D01,R01,100.00,0,,1,0,0,0,0,0
SA11/D02_SA11_R01.csv,SA11,SA,D,D02,R01,100.00,0,,1,0,0,0,0,0
SA11/D03_SA11_R01.csv,SA11,SA,D,D03,R01,100.00,0,,1,0,0,0,0,0
SA11/D04_SA11_R01.csv,SA11,SA,D,D04,R01,100.00,0,,1,1,1,1,1,0
SA11/D05_SA11_R01.csv,SA11,SA,D,D05,R01,25.00,0,,1,0,0,0,0,0
SA11/D05_SA11_R02.csv,SA11,SA,D,D05,R02,25.00,0,,1,0,0,0,0,0
SA11/D05_SA11_R03.csv,SA11,SA,D,D05,R03,25.00,0,,1,0,0,0,0,0
SA11/D05_SA11_R04.csv,SA11,SA,D,D05,R04,25.00,0,,1,0,0,0,0,0
SA11/D05_SA11_R05.csv,SA11,SA,D,D05,R05,25.00,0,,1,0,0,0,0,0
SA11/D06_SA11_R01.csv,SA11,SA,D,D06,R01,25.00,0,,1,1,2,2,2,0
SA11/D06_SA11_R02.csv,SA11,SA,D,D06,R02,25.00,0,,1,1,3,2,2,0
SA11/D06_SA11_R03.csv,SA11,SA,D,D06,R03,25.00,0,,1,1,2,2,2,0
SA11/D06_SA11_R04.csv,SA11,SA,D,D06,R04,25.00,1,3.92,1,1,3,2,2,1
SA11/D06_SA11_R05.csv,SA11,SA,D,D06,R05,25.00,0,,1,1,2,2,2,0
SA11/D07_SA11_R01.csv,SA11,SA,D,D07,R01,12.00,0,,0,0,0,0,0,0
SA11/D07_SA11_R02.csv,SA11,SA,D,D07,R02,12.00,0,,0,0,0,0,0,0
SA11/D07_SA11_R03.csv,SA11,SA,D,D07,R03,12.00,0,,0,0,0,0,0,0
SA11/D07_SA11_R04.csv,SA11,SA,D,D07,R04,12.00,0,,0,0,0,0,0,0
SA11/D07_SA11_R05.csv,SA11,SA,D,D07,R05,12.00,0,,0,0,0,0,0,0
SA11/D08_SA11_R01.csv,SA11,SA,D,D08,R01,12.00,0,,1,0,0,0,0,0
SA11/D08_SA11_R02.csv,SA11,SA,D,D08,R02,12.00,0,,1,0,0,0,0,0
SA11/D08_SA11_R03.csv,SA11,SA,D,D08,R03,12.00,0,,1,0,0,0,0,0
SA11/D08_SA11_R04.csv,SA11,SA,D,D08,R04,12.00,0,,1,0,0,0,0,0
SA11/D08_SA11_R05.csv,SA11,SA,D,D08,R05,12.00,0,,1,0,0,0,0,0
SA11/D09_SA11_R01.csv,SA11,SA,D,D09,R01,12.00,0,,0,0,0,0,0,0
SA11/D09_SA11_R02.csv,SA11,SA,D,D09,R02,12.00,0,,0,0,0,0,0,0
SA11/D09_SA11_R03.csv,SA11,SA,D,D09,R03,12.00,0,,0,0,0,0,0,0
SA11/D09_SA11_R04.csv,SA11,SA,D,D09,R04,12.00,0,,0,0,0,0,0,0
SA11/D09_SA11_R05.csv,SA11,SA,D,D09,R05,12.00,0,,0,0,0,0,0,0
SA11/D10_SA11_R01.csv,SA11,SA,D,D10,R01,12.00,0,,1,0,0,0,0,0
SA11/D10_SA11_R02.csv,SA11,SA,D,D10,R02,12.00,0,,1,0,0,0,0,0
SA11/D10_SA11_R03.csv,SA11,SA,D,D10,R03,12.00,0,,1,0,0,0,0,0
SA11/D10_SA11_R04.csv,SA11,SA,D,D10,R04,12.00,0,,1,0,0,0,0,0
SA11/D10_SA11_R05.csv,SA11,SA,D,D10,R05,12.00,0,,1,0,0,0,0,0
SA11/D11_SA11_R01.csv,SA11,SA,D,D11,R01,11.99,0,,1,0,0,0,0,0
SA11/D11_SA11_R02.csv,SA11,SA,D,D11,R02,12.00,0,,0,0,0,0,0,0
SA11/D11_SA11_R03.csv,SA11,SA,D,D11,R03,12.00,0,,1,0,0,0,0,0
SA11/D11_SA11_R04.csv,SA11,SA,D,D11,R04,12.00,0,,1,0,0,0,0,0
SA11/D11_SA11_R05.csv,SA11,SA,D,D11,R05,12.00,0,,1,0,0,0,0,0
SA11/D12_SA11_R01.csv,SA11,SA,D,D12,R01,11.99,0,,0,0,0,0,0,0
SA11/D12_SA11_R02.csv,SA11,SA,D,D12,R02,12.00,0,,0,0,0,0,0,0
SA11/D12_SA11_R03.csv,SA11,SA,D,D12,R03,12.00,0,,0,0,0,0,0,0
SA11/D12_SA11_R04.csv,SA11,SA,D,D12,R04,12.00,0,,0,0,0,0,0,0
SA11/D12_SA11_R05.csv,SA11,SA,D,D12,R05,12.00,0,,0,0,0,0,0,0
SA11/D13_SA11_R01.csv,SA11,SA,D,D13,R01,12.00,0,,0,0,0,0,0,0
SA11/D13_SA11_R02.csv,SA11,SA,D,D13,R02,12.00,0,,0,0,0,0,0,0
SA11/D13_SA11_R03.csv,SA11,SA,D,D13,R03,12.00,0,,0,0,0,0,0,0
SA11/D13_SA11_R04.csv,SA11,SA,D,D13,R04,12.00,0,,0,0,0,0,0,0
SA11/D13_SA11_R05.csv,SA11,SA,D,D13,R05,12.00,0,,0,0,0,0,0,0
SA11/D14_SA11_R01.csv,SA11,SA,D,D14,R01,12.00,0,,1,0,0,0,0,0
SA11/D14_SA11_R02.csv,SA11,SA,D,D14,R02,12.00,0,,1,0,0,0,0,0
SA11/D14_SA11_R03.csv,SA11,SA,D,D14,R03,12.00,0,,1,0,0,0,0,0
SA11/D14_SA11_R04.csv,SA11,SA,D,D14,R04,12.00,0,,1,0,0,0,0,0
SA11/D14_SA11_R05.csv,SA11,SA,D,D14,R05,12.00,1,8.60,1,1,1,1,1,1
SA11/D15_SA11_R01.csv,SA11,SA,D,D15,R01,12.00,0,,0,0,0,0,0,0
SA11/D15_SA11_R02.csv,SA11,SA,D,D15,R02,12.00,0,,0,0,0,0,0,0
SA11/D15_SA11_R03.csv,SA11,SA,D,D15,R03,12.00,0,,0,0,0,0,0,0
SA11/D15_SA11_R04.csv,SA11,SA,D,D15,R04,12.00,0,,0,0,0,0,0,0
SA11/D15_SA11_R05.csv,SA11,SA,D,D15,R05,12.00,0,,0,0,0,0,0,0
SA11/D16_SA11_R01.csv,SA11,SA,D,D16,R01,11.99,0,,0,0,0,0,0,0
SA11/D16_SA11_R02.csv,SA11,SA,D,D16,R02,12.00,0,,0,0,0,0,0,0
SA11/D16_SA11_R03.csv,SA11,SA,D,D16,R03,12.00,0,,0,0,0,0,0,0
SA11/D16_SA11_R04.csv,SA11,SA,D,D16,R04,12.00,0,,0,0,0,0,0,0
SA11/D16_SA11_R05.csv,SA11,SA,D,D16,R05,12.00,0,,0,0,0,0,0,0
SA11/D17_SA11_R01.csv,SA11,SA,D,D17,R01,25.00,0,,0,0,0,0,0,0
SA11/D17_SA11_R02.csv,SA11,SA,D,D17,R02,25.00,0,,0,0,0,0,0,0
SA11/D17_SA11_R03.csv,SA11,SA,D,D17,R03,25.00,0,,0,0,0,0,0,0
SA11/D17_SA11_R04.csv,SA11,SA,D,D17,R04,25.00,0,,0,0,0,0,0,0
SA11/D17_SA11_R05.csv,SA11,SA,D,D17,R05,25.00,0,,0,0,0,0,0,0
SA11/D18_SA11_R01.csv,SA11,SA,D,D18,R01,12.00,1,4.54,1,1,1,1,1,1
SA11/D18_SA11_R02.csv,SA11,SA,D,D18,R02,12.00,0,,1,0,0,0,0,0
SA11/D18_SA11_R03.csv,SA11,SA,D,D18,R03,12.00,1,4.50,1,1,1,1,1,1
SA11/D18_SA11_R04.csv,SA11,SA,D,D18,R04,12.00,0,,1,0,0,0,0,0
SA11/D18_SA11_R05.csv,SA11,SA,D,D18,R05,12.00,0,,1,0,0,0,0,0
SA11/D19_SA11_R01.csv,SA11,SA,D,D19,R01,12.00,0,,1,0,0,0,0,0
SA11/D19_SA11_R02.csv,SA11,SA,D,D19,R02,12.00,1,2.70,1,1,1,1,1,1
SA11/D19_SA11_R03.csv,SA11,SA,D,D19,R03,12.00,1,9.12,1,1,1,1,1,1
SA11/D19_SA11_R04.csv,SA11,SA,D,D19,R04,12.00,1,4.48,1,1,1,1,1,1
SA11/D19_SA11_R05.csv,SA11,SA,D,D19,R05,12.00,0,,1,0,0,0,0,0
SA11/F01_SA11_R01.csv,SA11,SA,F,F01,R01,15.00,1,5.04,1,1,1,1,1,1
SA11/F01_SA11_R02.csv,SA11,SA,F,F01,R02,15.00,0,,1,1,0,0,0,0
SA11/F01_SA11_R03.csv,SA11,SA,F,F01,R03,15.00,0,,1,1,0,0,0,0
SA11/F01_SA11_R04.csv,SA11,SA,F,F01,R04,15.00,1,5.22,1,1,2,2,2,1
SA11/F01_SA11_R05.csv,SA11,SA,F,F01,R05,14.99,1,5.24,1,1,1,1,1,1
SA11/F02_SA11_R01.csv,SA11,SA,F,F02,R01,15.00,1,4.70,1,1,1,1,1,1
SA11/F02_SA11_R02.csv,SA11,SA,F,F02,R02,15.00,1,4.16,1,1,1,1,1,1
SA11/F02_SA11_R03.csv,SA11,SA,F,F02,R03,15.00,1,4.12,1,1,1,1,1,1
SA11/F02_SA11_R04.csv,SA11,SA,F,F02,R04,15.00,1,4.06,1,1,1,1,1,1
SA11/F02_SA11_R05.csv,SA11,SA,F,F02,R05,15.00,1,4.52,1,1,2,1,1,1
SA11/F03_SA11_R01.csv,SA11,SA,F,F03,R01,15.00,2,5.52 5.64,1,1,2,2,2,2
SA11/F03_SA11_R02.csv,SA11,SA,F,F03,R02,15.00,1,5.50,1,1,1,1,1,1
SA11/F03_SA11_R03.csv,SA11,SA,F,F03,R03,15.00,1,5.30,1,1,2,1,1,1
SA11/F03_SA11_R04.csv,SA11,SA,F,F03,R04,15.00,0,,1,1,0,0,0,0
SA11/F03_SA11_R05.csv,SA11,SA,F,F03,R05,15.00,1,5.52,1,1,1,1,1,1
SA11/F04_SA11_R01.csv,SA11,SA,F,F04,R01,15.00,0,,1,1,0,0,0,0
SA11/F04_SA11_R02.csv,SA11,SA,F,F04,R02,15.00,0,,1,1,0,0,0,0
SA11/F04_SA11_R03.csv,SA11,SA,F,F04,R03,15.00,1,6.70,1,1,1,1,1,1
SA11/F04_SA11_R04.csv,SA11,SA,F,F04,R04,15.00,1,7.26,1,1,1,1,1,1
SA11/F04_SA11_R05.csv,SA11,SA,F,F04,R05,15.00,1,6.40,1,1,1,1,1,1
SA11/F05_SA11_R01.csv,SA11,SA,F,F05,R01,15.00,0,,1,1,0,0,0,0
SA11/F05_SA11_R02.csv,SA11,SA,F,F05,R02,14.99,0,,1,1,0,0,0,0
SA11/F05_SA11_R03.csv,SA11,SA,F,F05,R03,15.00,0,,1,1,0,0,0,0
SA11/F05_SA11_R04.csv,SA11,SA,F,F05,R04,15.00,0,,1,1,0,0,0,0
SA11/F05_SA11_R05.csv,SA11,SA,F,F05,R05,15.00,0,,1,1,0,0,0,0
SA11/F06_SA11_R01.csv,SA11,SA,F,F06,R01,14.99,0,,1,1,1,1,1,0
SA11/F06_SA11_R02.csv,SA11,SA,F,F06,R02,15.00,0,,1,1,0,0,0,0
SA11/F06_SA11_R03.csv,SA11,SA,F,F06,R03,15.00,1,7.12,1,1,1,1,1,1
SA11/F06_SA11_R04.csv,SA11,SA,F,F06,R04,15.00,1,7.80,1,1,1,1,1,1
SA11/F06_SA11_R05.csv,SA11,SA,F,F06,R05,15.00,1,7.54,1,1,1,1,1,1
SA11/F07_SA11_R01.csv,SA11,SA,F,F07,R01,15.00,0,,1,1,0,0,0,0
SA11/F07_SA11_R02.csv,SA11,SA,F,F07,R02,15.00,1,6.46,1,1,1,1,1,1
SA11/F07_SA11_R03.csv,SA11,SA,F,F07,R03,15.00,1,6.76,1,1,1,1,1,1
SA11/F07_SA11_R04.csv,SA11,SA,F,F07,R04,15.00,0,,1,0,0,0,0,0
SA11/F07_SA11_R05.csv,SA11,SA,F,F07,R05,15.00,1,6.84,1,1,1,1,1,1
SA11/F08_SA11_R01.csv,SA11,SA,F,F08,R01,15.00,1,7.08,1,1,1,1,1,1
SA11/F08_SA11_R02.csv,SA11,SA,F,F08,R02,15.00,1,8.48,1,1,1,1,1,1
SA11/F08_SA11_R03.csv,SA11,SA,F,F08,R03,15.00,1,7.40,1,1,1,1,1,1
SA11/F08_SA11_R04.csv,SA11,SA,F,F08,R04,15.00,1,7.44,1,1,1,1,1,1
SA11/F08_SA11_R05.csv,SA11,SA,F,F08,R05,15.00,1,7.22,1,1,1,1,1,1
SA11/F09_SA11_R01.csv,SA11,SA,F,F09,R01,15.00,1,5.90,1,1,1,1,1,1
SA11/F09_SA11_R02.csv,SA11,SA,F,F09,R02,15.00,1,7.32,1,1,1,1,1,1
SA11/F09_SA11_R03.csv,SA11,SA,F,F09,R03,15.00,1,7.66,1,1,1,1,1,1
SA11/F09_SA11_R04.csv,SA11,SA,F,F09,R04,15.00,1,6.68,1,1,1,1,1,1
SA11/F09_SA11_R05.csv,SA11,SA,F,F09,R05,15.00,1,6.94,1,1,1,1,1,1
SA11/F10_SA11_R01.csv,SA11,SA,F,F10,R01,15.00,1,4.56,1,1,1,1,1,1
SA11/F10_SA11_R02.csv,SA11,SA,F,F10,R02,15.00,1,3.32,1,1,1,1,1,1
SA11/F10_SA11_R03.csv,SA11,SA,F,F10,R03,15.00,0,,1,0,0,0,0,0
SA11/F10_SA11_R04.csv,SA11,SA,F,F10,R04,15.00,1,6.34,1,1,1,1,1,1
SA11/F10_SA11_R05.csv,SA11,SA,F,F10,R05,15.00,1,4.62,1,1,1,1,1,1
SA11/F11_SA11_R01.csv,SA11,SA,F,F11,R01,14.99,1,5.94,1,1,1,1,1,1
SA11/F11_SA11_R02.csv,SA11,SA,F,F11,R02,15.00,1,5.46,1,1,1,1,1,1
SA11/F11_SA11_R03.csv,SA11,SA,F,F11,R03,15.00,0,,1,1,0,0,0,0
SA11/F11_SA11_R04.csv,SA11,SA,F,F11,R04,15.00,1,4.26,1,1,1,1,1,1
SA11/F11_SA11_R05.csv,SA11,SA,F,F11,R05,15.00,1,7.00,1,1,1,1,1,1
SA11/F12_SA11_R01.csv,SA11,SA,F,F12,R01,15.00,1,4.32,1,1,1,1,1,1
SA11/F12_SA11_R02.csv,SA11,SA,F,F12,R02,15.00,1,5.08,1,1,1,1,1,1
SA11/F12_SA11_R03.csv,SA11,SA,F,F12,R03,15.00,1,5.48,1,1,1,1,1,1
SA11/F12_SA11_R04.csv,SA11,SA,F,F12,R04,15.00,1,2.98,1,1,1,1,1,1
SA11/F12_SA11_R05.csv,SA11,SA,F,F12,R05,15.00,1,5.52,1,1,1,1,1,1
SA11/F13_SA11_R01.csv,SA11,SA,F,F13,R01,14.99,1,4.46,1,1,1,1,1,1
SA11/F13_SA11_R02.csv,SA11,SA,F,F13,R02,15.00,1,5.16,1,1,1,1,1,1
SA11/F13_SA11_R03.csv,SA11,SA,F,F13,R03,15.00,1,4.20,1,1,1,1,1,1
SA11/F13_SA11_R04.csv,SA11,SA,F,F13,R04,15.00,1,3.44,1,1,1,1,1,1
SA11/F13_SA11_R05.csv,SA11,SA,F,F13,R05,15.00,1,7.14,1,1,1,1,1,1
SA11/F14_SA11_R01.csv,SA11,SA,F,F14,R01,15.00,1,4.46,1,1,1,1,1,1
SA11/F14_SA11_R02.csv,SA11,SA,F,F14,R02,15.00,1,6.14,1,1,1,1,1,1
SA11/F14_SA11_R03.csv,SA11,SA,F,F14,R03,15.00,1,6.66,1,1,1,1,1,1
SA11/F14_SA11_R04.csv,SA11,SA,F,F14,R04,15.00,1,5.44,1,1,1,1,1,1
SA11/F14_SA11_R05.csv,SA11,SA,F,F14,R05,15.00,1,6.60,1,1,1,1,1,1
SA11/F15_SA11_R01.csv,SA11,SA,F,F15,R01,15.00,1,5.74,1,1,1,1,1,1
SA11/F15_SA11_R02.csv,SA11,SA,F,F15,R02,15.00,1,7.00,1,1,1,1,1,1
SA11/F15_SA11_R03.csv,SA11,SA,F,F15,R03,15.00,1,4.66,1,1,1,1,1,1
SA11/F15_SA11_R04.csv,SA11,SA,F,F15,R04,15.00,1,6.98,1,1,1,1,1,1
SA11/F15_SA11_R05.csv,SA11,SA,F,F15,R05,15.00,1,5.34,1,1,1,1,1,1
SA12/D01_SA12_R01.csv,SA12,SA,D,D01,R01,100.00,0,,0,0,0,0,0,0
SA12/D02_SA12_R01.csv,SA12,SA,D,D02,R01,100.00,0,,1,0,0,0,0,0
SA12/D03_SA12_R01.csv,SA12,SA,D,D03,R01,100.00,0,,1,0,0,0,0,0
SA12/D04_SA12_R01.csv,SA12,SA,D,D04,R01,100.00,0,,1,1,7,5,5,0
SA12/D05_SA12_R01.csv,SA12,SA,D,D05,R01,25.00,0,,1,0,0,0,0,0
SA12/D05_SA12_R02.csv,SA12,SA,D,D05,R02,25.00,0,,0,0,0,0,0,0
SA12/D05_SA12_R03.csv,SA12,SA,D,D05,R03,25.00,0,,0,0,0,0,0,0
SA12/D05_SA12_R04.csv,SA12,SA,D,D05,R04,25.00,0,,0,0,0,0,0,0
SA12/D05_SA12_R05.csv,SA12,SA,D,D05,R05,25.00,0,,0,0,0,0,0,0
SA12/D06_SA12_R01.csv,SA12,SA,D,D06,R01,25.00,1,13.80,1,1,2,2,2,1
SA12/D06_SA12_R02.csv,SA12,SA,D,D06,R02,25.00,1,4.86,1,1,1,1,1,1
SA12/D06_SA12_R03.csv,SA12,SA,D,D06,R03,25.00,1,6.38,1,1,2,2,2,1
SA12/D06_SA12_R04.csv,SA12,SA,D,D06,R04,25.00,0,,1,1,2,2,2,0
SA12/D06_SA12_R05.csv,SA12,SA,D,D06,R05,25.00,1,15.48,1,1,1,1,1,1
SA12/D07_SA12_R01.csv,SA12,SA,D,D07,R01,12.00,0,,0,0,0,0,0,0
SA12/D07_SA12_R02.csv,SA12,SA,D,D07,R02,12.00,0,,0,0,0,0,0,0
SA12/D07_SA12_R03.csv,SA12,SA,D,D07,R03,12.00,0,,0,0,0,0,0,0
SA12/D07_SA12_R04.csv,SA12,SA,D,D07,R04,12.00,0,,0,0,0,0,0,0
SA12/D07_SA12_R05.csv,SA12,SA,D,D07,R05,12.00,0,,0,0,0,0,0,0
SA12/D08_SA12_R01.csv,SA12,SA,D,D08,R01,12.00,0,,1,0,0,0,0,0
SA12/D08_SA12_R02.csv,SA12,SA,D,D08,R02,12.00,0,,1,0,0,0,0,0
SA12/D08_SA12_R03.csv,SA12,SA,D,D08,R03,12.00,0,,1,0,0,0,0,0
SA12/D08_SA12_R04.csv,SA12,SA,D,D08,R04,12.00,1,3.20,1,1,1,1,1,1
SA12/D08_SA12_R05.csv,SA12,SA,D,D08,R05,12.00,0,,1,0,0,0,0,0
SA12/D09_SA12_R01.csv,SA12,SA,D,D09,R01,12.00,0,,0,0,0,0,0,0
SA12/D09_SA12_R02.csv,SA12,SA,D,D09,R02,12.00,0,,0,0,0,0,0,0
SA12/D09_SA12_R03.csv,SA12,SA,D,D09,R03,11.99,0,,0,0,0,0,0,0
SA12/D09_SA12_R04.csv,SA12,SA,D,D09,R04,12.00,0,,0,0,0,0,0,0
SA12/D09_SA12_R05.csv,SA12,SA,D,D09,R05,12.00,0,,0,0,0,0,0,0
SA12/D10_SA12_R01.csv,SA12,SA,D,D10,R01,12.00,0,,1,0,0,0,0,0
SA12/D10_SA12_R02.csv,SA12,SA,D,D10,R02,12.00,0,,1,0,0,0,0,0
SA12/D10_SA12_R03.csv,SA12,SA,D,D10,R03,12.00,0,,1,0,0,0,0,0
SA12/D10_SA12_R04.csv,SA12,SA,D,D10,R04,12.00,0,,1,0,0,0,0,0
SA12/D10_SA12_R05.csv,SA12,SA,D,D10,R05,12.00,0,,1,0,0,0,0,0
SA12/D11_SA12_R01.csv,SA12,SA,D,D11,R01,11.99,1,5.34,1,1,1,1,1,1
SA12/D11_SA12_R02.csv,SA12,SA,D,D11,R02,12.00,1,5.84,1,1,1,1,1,1
SA12/D11_SA12_R03.csv,SA12,SA,D,D11,R03,12.00,1,5.96,1,1,1,1,1,1
SA12/D11_SA12_R04.csv,SA12,SA,D,D11,R04,12.00,1,4.78,1,1,1,1,1,1
SA12/D11_SA12_R05.csv,SA12,SA,D,D11,R05,12.00,1,4.94,1,1,1,1,1,1
SA12/D12_SA12_R01.csv,SA12,SA,D,D12,R01,12.00,0,,0,0,0,0,0,0
SA12/D12_SA12_R02.csv,SA12,SA,D,D12,R02,12.00,0,,0,0,0,0,0,0
SA12/D12_SA12_R03.csv,SA12,SA,D,D12,R03,12.00,0,,0,0,0,0,0,0
SA12/D12_SA12_R04.csv,SA12,SA,D,D12,R04,12.00,0,,0,0,0,0,0,0
SA12/D12_SA12_R05.csv,SA12,SA,D,D12,R05,12.00,0,,0,0,0,0,0,0
SA12/D13_SA12_R01.csv,SA12,SA,D,D13,R01,12.00,0,,0,0,0,0,0,0
SA12/D13_SA12_R02.csv,SA12,SA,D,D13,R02,12.00,0,,0,0,0,0,0,0
SA12/D13_SA12_R03.csv,SA12,SA,D,D13,R03,12.00,0,,0,0,0,0,0,0
SA12/D13_SA12_R04.csv,SA12,SA,D,D13,R04,12.00,0,,0,0,0,0,0,0
SA12/D13_SA12_R05.csv,SA12,SA,D,D13,R05,12.00,0,,0,0,0,0,0,0
SA12/D14_SA12_R01.csv,SA12,SA,D,D14,R01,12.00,0,,0,0,0,0,0,0
SA12/D14_SA12_R02.csv,SA12,SA,D,D14,R02,12.00,0,,0,0,0,0,0,0
SA12/D14_SA12_R03.csv,SA12,SA,D,D14,R03,12.00,0,,1,0,0,0,0,0
SA12/D14_SA12_R04.csv,SA12,SA,D,D14,R04,12.00,0,,1,0,0,0,0,0
SA12/D14_SA12_R05.csv,SA12,SA,D,D14,R05,12.00,0,,0,0,0,0,0,0
SA12/D15_SA12_R01.csv,SA12,SA,D,D15,R01,12.00,0,,0,0,0,0,0,0
SA12/D15_SA12_R02.csv,SA12,SA,D,D15,R02,12.00,0,,0,0,0,0,0,0
SA12/D15_SA12_R03.csv,SA12,SA,D,D15,R03,12.00,0,,0,0,0,0,0,0
SA12/D15_SA12_R04.csv,SA12,SA,D,D15,R04,12.00,0,,0,0,0,0,0,0
SA12/D15_SA12_R05.csv,SA12,SA,D,D15,R05,12.00,0,,0,0,0,0,0,0
SA12/D16_SA12_R01.csv,SA12,SA,D,D16,R01,11.99,0,,0,0,0,0,0,0
SA12/D16_SA12_R02.csv,SA12,SA,D,D16,R02,12.00,0,,0,0,0,0,0,0
SA12/D16_SA12_R03.csv,SA12,SA,D,D16,R03,12.00,0,,0,0,0,0,0,0
SA12/D16_SA12_R04.csv,SA12,SA,D,D16,R04,12.00,0,,0,0,0,0,0,0
SA12/D16_SA12_R05.csv,SA12,SA,D,D16,R05,12.00,0,,0,0,0,0,0,0
SA12/D17_SA12_R01.csv,SA12,SA,D,D17,R01,25.00,0,,0,0,0,0,0,0
SA12/D17_SA12_R02.csv,SA12,SA,D,D17,R02,25.00,0,,0,0,0,0,0,0
SA12/D17_SA12_R03.csv,SA12,SA,D,D17,R03,25.00,0,,0,0,0,0,0,0
SA12/D17_SA12_R04.csv,SA12,SA,D,D17,R04,25.00,0,,1,0,0,0,0,0
SA12/D17_SA12_R05.csv,SA12,SA,D,D17,R05,25.00,0,,0,0,0,0,0,0
SA12/D18_SA12_R01.csv,SA12,SA,D,D18,R01,12.00,1,5.66,1,1,2,1,1,1
SA12/D18_SA12_R02.csv,SA12,SA,D,D18,R02,12.00,1,6.86,1,1,1,1,1,1
SA12/D18_SA12_R03.csv,SA12,SA,D,D18,R03,12.00,1,7.66,1,1,1,1,1,1
SA12/D18_SA12_R04.csv,SA12,SA,D,D18,R04,12.00,1,7.96,1,1,1,1,1,1
SA12/D18_SA12_R05.csv,SA12,SA,D,D18,R05,12.00,1,8.70,1,1,2,1,1,1
SA12/D19_SA12_R01.csv,SA12,SA,D,D19,R01,12.00,0,,1,1,3,2,2,0
SA12/D19_SA12_R02.csv,SA12,SA,D,D19,R02,12.00,0,,1,1,2,1,1,0
SA12/D19_SA12_R03.csv,SA12,SA,D,D19,R03,12.00,1,3.50,1,1,2,2,2,1
SA12/D19_SA12_R04.csv,SA12,SA,D,D19,R04,12.00,0,,1,0,0,0,0,0
SA12/D19_SA12_R05.csv,SA12,SA,D,D19,R05,12.00,1,6.64,1,1,1,1,1,1
SA12/F01_SA12_R01.csv,SA12,SA,F,F01,R01,15.00,1,7.44,1,1,2,1,1,1
SA12/F01_SA12_R02.csv,SA12,SA,F,F01,R02,15.00,1,8.16,1,1,1,1,1,1
SA12/F01_SA12_R03.csv,SA12,SA,F,F01,R03,15.00,1,8.54,1,1,1,1,1,1
SA12/F01_SA12_R04.csv,SA12,SA,F,F01,R04,15.00,1,9.18,1,1,1,1,1,1
SA12/F01_SA12_R05.csv,SA12,SA,F,F01,R05,15.00,2,8.42 8.50,1,1,2,2,2,2
SA12/F02_SA12_R01.csv,SA12,SA,F,F02,R01,15.00,1,10.12,1,1,1,1,1,1
SA12/F02_SA12_R02.csv,SA12,SA,F,F02,R02,15.00,1,11.04,1,1,1,1,1,1
SA12/F02_SA12_R03.csv,SA12,SA,F,F02,R03,15.00,1,11.32,1,1,1,1,1,1
SA12/F02_SA12_R04.csv,SA12,SA,F,F02,R04,15.00,1,9.74,1,1,1,1,1,1
SA12/F02_SA12_R05.csv,SA12,SA,F,F02,R05,15.00,1,10.06,1,1,1,1,1,1
SA12/F03_SA12_R01.csv,SA12,SA,F,F03,R01,15.00,1,8.64,1,1,1,1,1,1
SA12/F03_SA12_R02.csv,SA12,SA,F,F03,R02,15.00,1,9.32,1,1,1,1,1,1
SA12/F03_SA12_R03.csv,SA12,SA,F,F03,R03,15.00,1,9.52,1,1,1,1,1,1
SA12/F03_SA12_R04.csv,SA12,SA,F,F03,R04,15.00,1,9.80,1,1,1,1,1,1
SA12/F03_SA12_R05.csv,SA12,SA,F,F03,R05,15.00,1,11.90,1,1,1,1,1,1
SA12/F04_SA12_R01.csv,SA12,SA,F,F04,R01,15.00,1,8.08,1,1,1,1,1,1
SA12/F04_SA12_R02.csv,SA12,SA,F,F04,R02,15.00,1,8.00,1,1,1,1,1,1
SA12/F04_SA12_R03.csv,SA12,SA,F,F04,R03,14.99,1,9.08,1,1,1,1,1,1
SA12/F04_SA12_R04.csv,SA12,SA,F,F04,R04,15.00,1,8.84,1,1,1,1,1,1
SA12/F04_SA12_R05.csv,SA12,SA,F,F04,R05,15.00,1,8.92,1,1,1,1,1,1
SA12/F05_SA12_R01.csv,SA12,SA,F,F05,R01,15.00,1,3.90,1,1,1,1,1,1
SA12/F05_SA12_R02.csv,SA12,SA,F,F05,R02,15.00,1,4.58,1,1,1,1,1,1
SA12/F05_SA12_R03.csv,SA12,SA,F,F05,R03,15.00,1,4.50,1,1,1,1,1,1
SA12/F05_SA12_R04.csv,SA12,SA,F,F05,R04,15.00,1,4.28,1,1,1,1,1,1
SA12/F05_SA12_R05.csv,SA12,SA,F,F05,R05,15.00,0,,1,1,0,0,0,0
SA12/F06_SA12_R01.csv,SA12,SA,F,F06,R01,14.99,1,8.16,1,1,1,1,1,1
SA12/F06_SA12_R02.csv,SA12,SA,F,F06,R02,15.00,0,,1,1,1,1,1,0
SA12/F06_SA12_R03.csv,SA12,SA,F,F06,R03,14.99,1,7.24,1,1,2,1,1,1
SA12/F06_SA12_R04.csv,SA12,SA,F,F06,R04,14.99,1,8.80,1,1,1,1,1,1
SA12/F06_SA12_R05.csv,SA12,SA,F,F06,R05,15.00,1,8.16,1,1,1,1,1,1
SA12/F07_SA12_R01.csv,SA12,SA,F,F07,R01,15.00,1,7.12,1,1,1,1,1,1
SA12/F07_SA12_R02.csv,SA12,SA,F,F07,R02,15.00,1,7.64,1,1,1,1,1,1
SA12/F07_SA12_R03.csv,SA12,SA,F,F07,R03,15.00,1,6.84,1,1,1,1,1,1
SA12/F07_SA12_R04.csv,SA12,SA,F,F07,R04,15.00,1,7.90,1,1,1,1,1,1
SA12/F07_SA12_R05.csv,SA12,SA,F,F07,R05,14.99,1,7.74,1,1,1,1,1,1
SA12/F08_SA12_R01.csv,SA12,SA,F,F08,R01,15.00,1,6.36,1,1,1,1,1,1
SA12/F08_SA12_R02.csv,SA12,SA,F,F08,R02,15.00,1,6.02,1,1,1,1,1,1
SA12/F08_SA12_R03.csv,SA12,SA,F,F08,R03,15.00,1,5.84,1,1,1,1,1,1
SA12/F08_SA12_R04.csv,SA12,SA,F,F08,R04,15.00,1,5.66,1,1,1,1,1,1
SA12/F08_SA12_R05.csv,SA12,SA,F,F08,R05,15.00,1,5.72,1,1,1,1,1,1
SA12/F09_SA12_R01.csv,SA12,SA,F,F09,R01,15.00,1,6.02,1,1,1,1,1,1
SA12/F09_SA12_R02.csv,SA12,SA,F,F09,R02,15.00,1,5.62,1,1,1,1,1,1
SA12/F09_SA12_R03.csv,SA12,SA,F,F09,R03,15.00,1,6.12,1,1,1,1,1,1
SA12/F09_SA12_R04.csv,SA12,SA,F,F09,R04,15.00,1,5.46,1,1,1,1,1,1
SA12/F09_SA12_R05.csv,SA12,SA,F,F09,R05,15.00,1,5.82,1,1,1,1,1,1
SA12/F10_SA12_R01.csv,SA12,SA,F,F10,R01,15.00,1,6.22,1,1,1,1,1,1
SA12/F10_SA12_R02.csv,SA12,SA,F,F10,R02,15.00,1,6.04,1,1,1,1,1,1
SA12/F10_SA12_R03.csv,SA12,SA,F,F10,R03,15.00,1,5.76,1,1,1,1,1,1
SA12/F10_SA12_R04.csv,SA12,SA,F,F10,R04,15.00,1,6.40,1,1,1,1,1,1
SA12/F10_SA12_R05.csv,SA12,SA,F,F10,R05,15.00,1,5.96,1,1,1,1,1,1
SA12/F11_SA12_R01.csv,SA12,SA,F,F11,R01,14.99,1,5.74,1,1,1,1,1,1
SA12/F11_SA12_R02.csv,SA12,SA,F,F11,R02,15.00,1,5.90,1,1,1,1,1,1
SA12/F11_SA12_R03.csv,SA12,SA,F,F11,R03,15.00,1,4.76,1,1,1,1,1,1
SA12/F11_SA12_R04.csv,SA12,SA,F,F11,R04,15.00,1,4.84,1,1,1,1,1,1
SA12/F11_SA12_R05.csv,SA12,SA,F,F11,R05,15.00,1,5.94,1,1,1,1,1,1
SA12/F12_SA12_R01.csv,SA12,SA,F,F12,R01,15.00,1,5.06,1,1,1,1,1,1
SA12/F12_SA12_R02.csv,SA12,SA,F,F12,R02,15.00,1,5.26,1,1,1,1,1,1
SA12/F12_SA12_R03.csv,SA12,SA,F,F12,R03,15.00,1,6.42,1,1,1,1,1,1
SA12/F12_SA12_R04.csv,SA12,SA,F,F12,R04,15.00,1,5.66,1,1,1,1,1,1
SA12/F12_SA12_R05.csv,SA12,SA,F,F12,R05,15.00,1,6.42,1,1,1,1,1,1
SA12/F13_SA12_R01.csv,SA12,SA,F,F13,R01,15.00,1,8.62,1,1,1,1,1,1
SA12/F13_SA12_R02.csv,SA12,SA,F,F13,R02,15.00,1,4.64,1,1,1,1,1,1
SA12/F13_SA12_R03.csv,SA12,SA,F,F13,R03,15.00,1,5.94,1,1,1,1,1,1
SA12/F13_SA12_R04.csv,SA12,SA,F,F13,R04,15.00,1,5.48,1,1,1,1,1,1
SA12/F13_SA12_R05.csv,SA12,SA,F,F13,R05,15.00,1,7.84,1,1,1,1,1,1
SA12/F14_SA12_R01.csv,SA12,SA,F,F14,R01,15.00,1,4.38,1,1,1,1,1,1
SA12/F14_SA12_R02.csv,SA12,SA,F,F14,R02,15.00,1,4.84,1,1,1,1,1,1
SA12/F14_SA12_R03.csv,SA12,SA,F,F14,R03,15.00,1,5.82,1,1,1,1,1,1
SA12/F14_SA12_R04.csv,SA12,SA,F,F14,R04,15.00,1,5.88,1,1,1,1,1,1
SA12/F14_SA12_R05.csv,SA12,SA,F,F14,R05,15.00,1,5.98,1,1,1,1,1,1
SA12/F15_SA12_R01.csv,SA12,SA,F,F15,R01,15.00,1,6.26,1,1,1,1,1,1
SA12/F15_SA12_R02.csv,SA12,SA,F,F15,R02,15.00,1,6.56,1,1,1,1,1,1
SA12/F15_SA12_R03.csv,SA12,SA,F,F15,R03,15.00,1,6.14,1,1,1,1,1,1
SA12/F15_SA12_R04.csv,SA12,SA,F,F15,R04,15.00,1,6.22,1,1,1,1,1,1
SA12/F15_SA12_R05.csv,SA12,SA,F,F15,R05,15.00,1,6.20,1,1,1,1,1,1
SA13/D01_SA13_R01.csv,SA13,SA,D,D01,R01,100.00,0,,1,0,0,0,0,0
SA13/D02_SA13_R01.csv,SA13,SA,D,D02,R01,100.00,0,,1,0,0,0,0,0
SA13/D03_SA13_R01.csv,SA13,SA,D,D03,R01,100.00,0,,1,1,1,1,1,0
SA13/D04_SA13_R01.csv,SA13,SA,D,D04,R01,100.00,0,,1,1,0,0,0,0
SA13/D05_SA13_R01.csv,SA13,SA,D,D05,R01,25.00,0,,1,0,0,0,0,0
SA13/D05_SA13_R02.csv,SA13,SA,D,D05,R02,25.00,0,,1,0,0,0,0,0
SA13/D05_SA13_R03.csv,SA13,SA,D,D05,R03,25.00,0,,1,0,0,0,0,0
SA13/D05_SA13_R04.csv,SA13,SA,D,D05,R04,25.00,0,,1,0,0,0,0,0
SA13/D05_SA13_R05.csv,SA13,SA,D,D05,R05,25.00,0,,1,0,0,0,0,0
SA13/D06_SA13_R01.csv,SA13,SA,D,D06,R01,25.00,0,,1,1,2,2,2,0
SA13/D06_SA13_R02.csv,SA13,SA,D,D06,R02,25.00,0,,1,1,2,2,2,0
SA13/D06_SA13_R03.csv,SA13,SA,D,D06,R03,25.00,0,,1,1,2,2,2,0
SA13/D06_SA13_R04.csv,SA13,SA,D,D06,R04,25.00,0,,1,1,3,2,2,0
SA13/D06_SA13_R05.csv,SA13,SA,D,D06,R05,25.00,0,,1,1,2,2,2,0
SA13/D07_SA13_R01.csv,SA13,SA,D,D07,R01,12.00,0,,0,0,0,0,0,0
SA13/D07_SA13_R02.csv,SA13,SA,D,D07,R02,12.00,0,,0,0,0,0,0,0
SA13/D07_SA13_R03.csv,SA13,SA,D,D07,R03,12.00,0,,0,0,0,0,0,0
SA13/D07_SA13_R04.csv,SA13,SA,D,D07,R04,12.00,0,,0,0,0,0,0,0
SA13/D07_SA13_R05.csv,SA13,SA,D,D07,R05,12.00,0,,0,0,0,0,0,0
SA13/D08_SA13_R01.csv,SA13,SA,D,D08,R01,12.00,0,,1,0,0,0,0,0
SA13/D08_SA13_R02.csv,SA13,SA,D,D08,R02,12.00,0,,1,0,0,0,0,0
SA13/D08_SA13_R03.csv,SA13,SA,D,D08,R03,12.00,0,,1,0,0,0,0,0
SA13/D08_SA13_R04.csv,SA13,SA,D,D08,R04,12.00,0,,1,0,0,0,0,0
SA13/D08_SA13_R05.csv,SA13,SA,D,D08,R05,12.00,0,,1,0,0,0,0,0
SA13/D09_SA13_R01.csv,SA13,SA,D,D09,R01,12.00,0,,0,0,0,0,0,0
SA13/D09_SA13_R02.csv,SA13,SA,D,D09,R02,12.00,0,,0,0,0,0,0,0
SA13/D09_SA13_R03.csv,SA13,SA,D,D09,R03,12.00,0,,0,0,0,0,0,0
SA13/D09_SA13_R04.csv,SA13,SA,D,D09,R04,12.00,0,,0,0,0,0,0,0
SA13/D09_SA13_R05.csv,SA13,SA,D,D09,R05,12.00,0,,0,0,0,0,0,0
SA13/D10_SA13_R01.csv,SA13,SA,D,D10,R01,12.00,0,,1,0,0,0,0,0
SA13/D10_SA13_R02.csv,SA13,SA,D,D10,R02,12.00,0,,1,0,0,0,0,0
SA13/D10_SA13_R03.csv,SA13,SA,D,D10,R03,11.99,0,,1,0,0,0,0,0
SA13/D10_SA13_R04.csv,SA13,SA,D,D10,R04,12.00,0,,1,0,0,0,0,0
SA13/D10_SA13_R05.csv,SA13,SA,D,D10,R05,12.00,0,,1,0,0,0,0,0
SA13/D11_SA13_R01.csv,SA13,SA,D,D11,R01,11.99,1,5.32,1,1,1,1,1,1
SA13/D11_SA13_R02.csv,SA13,SA,D,D11,R02,12.00,1,6.92,1,1,1,1,1,1
SA13/D11_SA13_R03.csv,SA13,SA,D,D11,R03,12.00,0,,1,0,0,0,0,0
SA13/D11_SA13_R04.csv,SA13,SA,D,D11,R04,12.00,0,,1,0,0,0,0,0
SA13/D11_SA13_R05.csv,SA13,SA,D,D11,R05,12.00,0,,1,0,0,0,0,0
SA13/D12_SA13_R01.csv,SA13,SA,D,D12,R01,12.00,0,,0,0,0,0,0,0
SA13/D12_SA13_R02.csv,SA13,SA,D,D12,R02,12.00,0,,0,0,0,0,0,0
SA13/D12_SA13_R03.csv,SA13,SA,D,D12,R03,12.00,0,,0,0,0,0,0,0
SA13/D12_SA13_R04.csv,SA13,SA,D,D12,R04,12.00,0,,0,0,0,0,0,0
SA13/D12_SA13_R05.csv,SA13,SA,D,D12,R05,12.00,0,,0,0,0,0,0,0
SA13/D13_SA13_R01.csv,SA13,SA,D,D13,R01,12.00,0,,0,0,0,0,0,0
SA13/D13_SA13_R02.csv,SA13,SA,D,D13,R02,12.00,0,,0,0,0,0,0,0
SA13/D13_SA13_R03.csv,SA13,SA,D,D13,R03,12.00,0,,0,0,0,0,0,0
SA13/D13_SA13_R04.csv,SA13,SA,D,D13,R04,12.00,0,,0,0,0,0,0,0
SA13/D13_SA13_R05.csv,SA13,SA,D,D13,R05,12.00,0,,0,0,0,0,0,0
SA13/D14_SA13_R01.csv,SA13,SA,D,D14,R01,12.00,0,,0,0,0,0,0,0
SA13/D14_SA13_R02.csv,SA13,SA,D,D14,R02,12.00,0,,1,0,0,0,0,0
SA13/D14_SA13_R03.csv,SA13,SA,D,D14,R03,12.00,0,,0,0,0,0,0,0
SA13/D14_SA13_R04.csv,SA13,SA,D,D14,R04,12.00,0,,0,0,0,0,0,0
SA13/D14_SA13_R05.csv,SA13,SA,D,D14,R05,12.00,0,,0,0,0,0,0,0
SA13/D15_SA13_R01.csv,SA13,SA,D,D15,R01,12.00,0,,0,0,0,0,0,0
SA13/D15_SA13_R02.csv,SA13,SA,D,D15,R02,12.00,0,,0,0,0,0,0,0
SA13/D15_SA13_R03.csv,SA13,SA,D,D15,R03,12.00,0,,0,0,0,0,0,0
SA13/D15_SA13_R04.csv,SA13,SA,D,D15,R04,12.00,0,,0,0,0,0,0,0
SA13/D15_SA13_R05.csv,SA13,SA,D,D15,R05,12.00,0,,0,0,0,0,0,0
SA13/D16_SA13_R01.csv,SA13,SA,D,D16,R01,11.99,0,,0,0,0,0,0,0
SA13/D16_SA13_R02.csv,SA13,SA,D,D16,R02,12.00,0,,0,0,0,0,0,0
SA13/D16_SA13_R03.csv,SA13,SA,D,D16,R03,12.00,0,,0,0,0,0,0,0
SA13/D16_SA13_R04.csv,SA13,SA,D,D16,R04,12.00,0,,0,0,0,0,0,0
SA13/D16_SA13_R05.csv,SA13,SA,D,D16,R05,12.00,0,,0,0,0,0,0,0
SA13/D17_SA13_R01.csv,SA13,SA,D,D17,R01,25.00,0,,0,0,0,0,0,0
SA13/D17_SA13_R02.csv,SA13,SA,D,D17,R02,25.00,0,,0,0,0,0,0,0
SA13/D17_SA13_R03.csv,SA13,SA,D,D17,R03,25.00,0,,0,0,0,0,0,0
SA13/D17_SA13_R04.csv,SA13,SA,D,D17,R04,25.00,0,,0,0,0,0,0,0
SA13/D17_SA13_R05.csv,SA13,SA,D,D17,R05,25.00,0,,0,0,0,0,0,0
SA13/D18_SA13_R01.csv,SA13,SA,D,D18,R01,12.00,0,,1,0,0,0,0,0
SA13/D18_SA13_R02.csv,SA13,SA,D,D18,R02,12.00,0,,1,0,0,0,0,0
SA13/D18_SA13_R03.csv,SA13,SA,D,D18,R03,12.00,0,,1,0,0,0,0,0
SA13/D18_SA13_R04.csv,SA13,SA,D,D18,R04,12.00,0,,1,0,0,0,0,0
SA13/D18_SA13_R05.csv,SA13,SA,D,D18,R05,12.00,1,6.84,1,1,1,1,1,1
SA13/D19_SA13_R01.csv,SA13,SA,D,D19,R01,12.00,1,5.66,1,1,2,2,2,1
SA13/D19_SA13_R02.csv,SA13,SA,D,D19,R02,12.00,1,6.66,1,1,2,2,2,1
SA13/D19_SA13_R03.csv,SA13,SA,D,D19,R03,12.00,1,6.90,1,1,2,2,2,1
SA13/D19_SA13_R04.csv,SA13,SA,D,D19,R04,12.00,1,4.34,1,1,3,2,2,1
SA13/D19_SA13_R05.csv,SA13,SA,D,D19,R05,12.00,0,,1,1,4,2,2,0
SA13/F01_SA13_R01.csv,SA13,SA,F,F01,R01,15.00,0,,1,1,0,0,0,0
SA13/F01_SA13_R02.csv,SA13,SA,F,F01,R02,15.00,1,6.98,1,1,1,1,1,1
SA13/F01_SA13_R03.csv,SA13,SA,F,F01,R03,15.00,1,7.36,1,1,1,1,1,1
SA13/F01_SA13_R04.csv,SA13,SA,F,F01,R04,15.00,1,8.10,1,1,1,1,1,1
SA13/F01_SA13_R05.csv,SA13,SA,F,F01,R05,14.99,1,8.12,1,1,1,1,1,1
SA13/F02_SA13_R01.csv,SA13,SA,F,F02,R01,15.00,1,10.82,1,1,1,1,1,1
SA13/F02_SA13_R02.csv,SA13,SA,F,F02,R02,15.00,1,10.38,1,1,1,1,1,1
SA13/F02_SA13_R03.csv,SA13,SA,F,F02,R03,15.00,1,10.06,1,1,1,1,1,1
SA13/F02_SA13_R04.csv,SA13,SA,F,F02,R04,15.00,1,10.46,1,1,1,1,1,1
SA13/F02_SA13_R05.csv,SA13,SA,F,F02,R05,15.00,1,10.72,1,1,1,1,1,1
SA13/F03_SA13_R01.csv,SA13,SA,F,F03,R01,15.00,1,8.80,1,1,1,1,1,1
SA13/F03_SA13_R02.csv,SA13,SA,F,F03,R02,15.00,1,8.46,1,1,1,1,1,1
SA13/F03_SA13_R03.csv,SA13,SA,F,F03,R03,15.00,1,9.20,1,1,1,1,1,1
SA13/F03_SA13_R04.csv,SA13,SA,F,F03,R04,15.00,1,7.40,1,1,1,1,1,1
SA13/F03_SA13_R05.csv,SA13,SA,F,F03,R05,15.00,1,8.76,1,1,1,1,1,1
SA13/F04_SA13_R01.csv,SA13,SA,F,F04,R01,15.00,1,8.24,1,1,1,1,1,1
SA13/F04_SA13_R02.csv,SA13,SA,F,F04,R02,15.00,1,7.68,1,1,1,1,1,1
SA13/F04_SA13_R03.csv,SA13,SA,F,F04,R03,15.00,1,8.14,1,1,1,1,1,1
SA13/F04_SA13_R04.csv,SA13,SA,F,F04,R04,15.00,1,8.76,1,1,1,1,1,1
SA13/F04_SA13_R05.csv,SA13,SA,F,F04,R05,15.00,1,8.58,1,1,1,1,1,1
SA13/F05_SA13_R01.csv,SA13,SA,F,F05,R01,15.00,1,3.62,1,1,1,1,1,1
SA13/F05_SA13_R02.csv,SA13,SA,F,F05,R02,15.00,0,,1,1,2,2,2,0
SA13/F05_SA13_R03.csv,SA13,SA,F,F05,R03,15.00,0,,1,1,2,2,2,0
SA13/F05_SA13_R04.csv,SA13,SA,F,F05,R04,15.00,0,,1,1,3,2,2,0
SA13/F05_SA13_R05.csv,SA13,SA,F,F05,R05,15.00,0,,1,1,1,1,1,0
SA13/F06_SA13_R01.csv,SA13,SA,F,F06,R01,15.00,0,,1,1,0,0,0,0
SA13/F06_SA13_R02.csv,SA13,SA,F,F06,R02,15.00,1,8.16,1,1,1,1,1,1
SA13/F06_SA13_R03.csv,SA13,SA,F,F06,R03,15.00,1,8.72,1,1,1,1,1,1
SA13/F06_SA13_R04.csv,SA13,SA,F,F06,R04,14.99,0,,1,0,0,0,0,0
SA13/F06_SA13_R05.csv,SA13,SA,F,F06,R05,15.00,1,8.26,1,1,1,1,1,1
SA13/F07_SA13_R01.csv,SA13,SA,F,F07,R01,15.00,1,7.38,1,1,2,2,2,1
SA13/F07_SA13_R02.csv,SA13,SA,F,F07,R02,15.00,1,7.34,1,1,1,1,1,1
SA13/F07_SA13_R03.csv,SA13,SA,F,F07,R03,15.00,1,6.84,1,1,1,1,1,1
SA13/F07_SA13_R04.csv,SA13,SA,F,F07,R04,15.00,0,,1,0,0,0,0,0
SA13/F07_SA13_R05.csv,SA13,SA,F,F07,R05,15.00,1,6.52,1,1,1,1,1,1
SA13/F08_SA13_R01.csv,SA13,SA,F,F08,R01,14.99,1,7.12,1,1,1,1,1,1
SA13/F08_SA13_R02.csv,SA13,SA,F,F08,R02,15.00,1,7.30,1,1,1,1,1,1
SA13/F08_SA13_R03.csv,SA13,SA,F,F08,R03,15.00,1,6.90,1,1,1,1,1,1
SA13/F08_SA13_R04.csv,SA13,SA,F,F08,R04,15.00,1,6.84,1,1,1,1,1,1
SA13/F08_SA13_R05.csv,SA13,SA,F,F08,R05,14.99,1,5.78,1,1,2,1,1,1
SA13/F09_SA13_R01.csv,SA13,SA,F,F09,R01,15.00,1,5.04,1,1,1,1,1,1
SA13/F09_SA13_R02.csv,SA13,SA,F,F09,R02,15.00,1,5.34,1,1,1,1,1,1
SA13/F09_SA13_R03.csv,SA13,SA,F,F09,R03,15.00,0,,1,0,0,0,0,0
SA13/F09_SA13_R04.csv,SA13,SA,F,F09,R04,15.00,1,5.94,1,1,1,1,1,1
SA13/F09_SA13_R05.csv,SA13,SA,F,F09,R05,15.00,1,6.94,1,1,1,1,1,1
SA13/F10_SA13_R01.csv,SA13,SA,F,F10,R01,15.00,1,3.82,1,1,1,1,1,1
SA13/F10_SA13_R02.csv,SA13,SA,F,F10,R02,15.00,0,,1,0,0,0,0,0
SA13/F10_SA13_R03.csv,SA13,SA,F,F10,R03,15.00,1,4.24,1,1,1,1,1,1
SA13/F10_SA13_R04.csv,SA13,SA,F,F10,R04,15.00,0,,1,0,0,0,0,0
SA13/F10_SA13_R05.csv,SA13,SA,F,F10,R05,15.00,1,2.60,1,1,1,1,1,1
SA13/F11_SA13_R01.csv,SA13,SA,F,F11,R01,15.00,1,6.38,1,1,1,1,1,1
SA13/F11_SA13_R02.csv,SA13,SA,F,F11,R02,14.99,0,,1,0,0,0,0,0
SA13/F11_SA13_R03.csv,SA13,SA,F,F11,R03,15.00,1,4.26,1,1,1,1,1,1
SA13/F11_SA13_R04.csv,SA13,SA,F,F11,R04,15.00,1,3.96,1,1,1,1,1,1
SA13/F11_SA13_R05.csv,SA13,SA,F,F11,R05,15.00,1,2.50,1,1,1,1,1,1
SA13/F12_SA13_R01.csv,SA13,SA,F,F12,R01,15.00,1,3.24,1,1,1,1,1,1
SA13/F12_SA13_R02.csv,SA13,SA,F,F12,R02,15.00,1,3.78,1,1,1,1,1,1
SA13/F12_SA13_R03.csv,SA13,SA,F,F12,R03,15.00,1,3.60,1,1,1,1,1,1
SA13/F12_SA13_R04.csv,SA13,SA,F,F12,R04,15.00,1,3.72,1,1,1,1,1,1
SA13/F12_SA13_R05.csv,SA13,SA,F,F12,R05,15.00,0,,1,0,0,0,0,0
SA13/F13_SA13_R01.csv,SA13,SA,F,F13,R01,15.00,1,3.96,1,1,1,1,1,1
SA13/F13_SA13_R02.csv,SA13,SA,F,F13,R02,15.00,0,,1,0,0,0,0,0
SA13/F13_SA13_R03.csv,SA13,SA,F,F13,R03,15.00,1,4.74,1,1,1,1,1,1
SA13/F13_SA13_R04.csv,SA13,SA,F,F13,R04,15.00,0,,1,0,0,0,0,0
SA13/F13_SA13_R05.csv,SA13,SA,F,F13,R05,15.00,1,5.42,1,1,1,1,1,1
SA13/F14_SA13_R01.csv,SA13,SA,F,F14,R01,15.00,1,3.52,1,1,1,1,1,1
SA13/F14_SA13_R02.csv,SA13,SA,F,F14,R02,15.00,1,3.70,1,1,1,1,1,1
SA13/F14_SA13_R03.csv,SA13,SA,F,F14,R03,15.00,1,3.08,1,1,1,1,1,1
SA13/F14_SA13_R04.csv,SA13,SA,F,F14,R04,15.00,1,3.20,1,1,1,1,1,1
SA13/F14_SA13_R05.csv,SA13,SA,F,F14,R05,15.00,1,3.48,1,1,1,1,1,1
SA13/F15_SA13_R01.csv,SA13,SA,F,F15,R01,15.00,1,3.40,1,1,1,1,1,1
SA13/F15_SA13_R02.csv,SA13,SA,F,F15,R02,15.00,1,3.34,1,1,1,1,1,1
SA13/F15_SA13_R03.csv,SA13,SA,F,F15,R03,15.00,1,4.04,1,1,1,1,1,1
SA13/F15_SA13_R04.csv,SA13,SA,F,F15,R04,15.00,1,4.16,1,1,1,1,1,1
SA13/F15_SA13_R05.csv,SA13,SA,F,F15,R05,15.00,1,3.76,1,1,1,1,1,1
SA14/D01_SA14_R01.csv,SA14,SA,D,D01,R01,100.00,0,,0,0,0,0,0,0
SA14/D02_SA14_R01.csv,SA14,SA,D,D02,R01,100.00,0,,1,0,0,0,0,0
SA14/D03_SA14_R01.csv,SA14,SA,D,D03,R01,100.00,0,,1,0,0,0,0,0
SA14/D04_SA14_R01.csv,SA14,SA,D,D04,R01,100.00,0,,1,1,0,0,0,0
SA14/D05_SA14_R01.csv,SA14,SA,D,D05,R01,25.00,0,,1,0,0,0,0,0
SA14/D05_SA14_R02.csv,SA14,SA,D,D05,R02,25.00,0,,1,0,0,0,0,0
SA14/D05_SA14_R03.csv,SA14,SA,D,D05,R03,25.00,0,,0,0,0,0,0,0
SA14/D05_SA14_R04.csv,SA14,SA,D,D05,R04,25.00,0,,0,0,0,0,0,0
SA14/D05_SA14_R05.csv,SA14,SA,D,D05,R05,25.00,0,,1,0,0,0,0,0
SA14/D06_SA14_R01.csv,SA14,SA,D,D06,R01,25.00,0,,1,1,2,2,2,0
SA14/D06_SA14_R02.csv,SA14,SA,D,D06,R02,25.00,0,,1,1,1,1,1,0
SA14/D06_SA14_R03.csv,SA14,SA,D,D06,R03,25.00,0,,1,1,1,1,1,0
SA14/D06_SA14_R04.csv,SA14,SA,D,D06,R04,25.00,0,,1,1,3,3,3,0
SA14/D06_SA14_R05.csv,SA14,SA,D,D06,R05,25.00,1,10.98,1,1,1,1,1,1
SA14/D07_SA14_R01.csv,SA14,SA,D,D07,R01,12.00,0,,0,0,0,0,0,0
SA14/D07_SA14_R02.csv,SA14,SA,D,D07,R02,12.00,0,,0,0,0,0,0,0
SA14/D07_SA14_R03.csv,SA14,SA,D,D07,R03,12.00,0,,0,0,0,0,0,0
SA14/D07_SA14_R04.csv,SA14,SA,D,D07,R04,12.00,0,,0,0,0,0,0,0
SA14/D07_SA14_R05.csv,SA14,SA,D,D07,R05,12.00,0,,0,0,0,0,0,0
SA14/D08_SA14_R01.csv,SA14,SA,D,D08,R01,12.00,0,,1,1,0,0,0,0
SA14/D08_SA14_R02.csv,SA14,SA,D,D08,R02,12.00,1,3.08,1,1,1,1,1,1
SA14/D08_SA14_R03.csv,SA14,SA,D,D08,R03,12.00,1,3.32,1,1,1,1,1,1
SA14/D08_SA14_R04.csv,SA14,SA,D,D08,R04,12.00,0,,1,0,0,0,0,0
SA14/D08_SA14_R05.csv,SA14,SA,D,D08,R05,12.00,0,,0,0,0,0,0,0
SA14/D09_SA14_R01.csv,SA14,SA,D,D09,R01,12.00,0,,0,0,0,0,0,0
SA14/D09_SA14_R02.csv,SA14,SA,D,D09,R02,12.00,0,,0,0,0,0,0,0
SA14/D09_SA14_R03.csv,SA14,SA,D,D09,R03,12.00,0,,0,0,0,0,0,0
SA14/D09_SA14_R04.csv,SA14,SA,D,D09,R04,12.00,0,,0,0,0,0,0,0
SA14/D09_SA14_R05.csv,SA14,SA,D,D09,R05,12.00,0,,1,0,0,0,0,0
SA14/D10_SA14_R01.csv,SA14,SA,D,D10,R01,12.00,1,3.70,1,1,1,1,1,1
SA14/D10_SA14_R02.csv,SA14,SA,D,D10,R02,12.00,0,,1,0,0,0,0,0
SA14/D10_SA14_R03.csv,SA14,SA,D,D10,R03,12.00,0,,1,0,0,0,0,0
SA14/D10_SA14_R04.csv,SA14,SA,D,D10,R04,12.00,0,,1,0,0,0,0,0
SA14/D10_SA14_R05.csv,SA14,SA,D,D10,R05,12.00,0,,1,0,0,0,0,0
SA14/D11_SA14_R01.csv,SA14,SA,D,D11,R01,11.99,1,6.72,1,1,1,1,1,1
SA14/D11_SA14_R02.csv,SA14,SA,D,D11,R02,12.00,1,7.68,1,1,1,1,1,1
SA14/D11_SA14_R03.csv,SA14,SA,D,D11,R03,12.00,1,6.02,1,1,1,1,1,1
SA14/D11_SA14_R04.csv,SA14,SA,D,D11,R04,12.00,1,7.06,1,1,1,1,1,1
SA14/D11_SA14_R05.csv,SA14,SA,D,D11,R05,12.00,1,5.74,1,1,1,1,1,1
SA14/D12_SA14_R01.csv,SA14,SA,D,D12,R01,12.00,0,,0,0,0,0,0,0
SA14/D12_SA14_R02.csv,SA14,SA,D,D12,R02,12.00,0,,0,0,0,0,0,0
SA14/D12_SA14_R03.csv,SA14,SA,D,D12,R03,12.00,0,,0,0,0,0,0,0
SA14/D12_SA14_R04.csv,SA14,SA,D,D12,R04,12.00,0,,0,0,0,0,0,0
SA14/D12_SA14_R05.csv,SA14,SA,D,D12,R05,12.00,0,,0,0,0,0,0,0
SA14/D13_SA14_R01.csv,SA14,SA,D,D13,R01,12.00,0,,1,0,0,0,0,0
SA14/D13_SA14_R02.csv,SA14,SA,D,D13,R02,12.00,0,,0,0,0,0,0,0
SA14/D13_SA14_R03.csv,SA14,SA,D,D13,R03,12.00,0,,1,0,0,0,0,0
SA14/D13_SA14_R04.csv,SA14,SA,D,D13,R04,12.00,0,,0,0,0,0,0,0
SA14/D13_SA14_R05.csv,SA14,SA,D,D13,R05,12.00,0,,1,0,0,0,0,0
SA14/D14_SA14_R01.csv,SA14,SA,D,D14,R01,12.00,0,,1,0,0,0,0,0
SA14/D14_SA14_R02.csv,SA14,SA,D,D14,R02,12.00,0,,1,0,0,0,0,0
SA14/D14_SA14_R03.csv,SA14,SA,D,D14,R03,12.00,0,,1,0,0,0,0,0
SA14/D14_SA14_R04.csv,SA14,SA,D,D14,R04,12.00,0,,1,0,0,0,0,0
SA14/D14_SA14_R05.csv,SA14,SA,D,D14,R05,12.00,0,,0,0,0,0,0,0
SA14/D15_SA14_R01.csv,SA14,SA,D,D15,R01,12.00,0,,0,0,0,0,0,0
SA14/D15_SA14_R02.csv,SA14,SA,D,D15,R02,12.00,0,,0,0,0,0,0,0
SA14/D15_SA14_R03.csv,SA14,SA,D,D15,R03,12.00,0,,0,0,0,0,0,0
SA14/D15_SA14_R04.csv,SA14,SA,D,D15,R04,12.00,0,,0,0,0,0,0,0
SA14/D15_SA14_R05.csv,SA14,SA,D,D15,R05,12.00,0,,0,0,0,0,0,0
SA14/D16_SA14_R01.csv,SA14,SA,D,D16,R01,11.99,0,,0,0,0,0,0,0
SA14/D16_SA14_R02.csv,SA14,SA,D,D16,R02,12.00,0,,0,0,0,0,0,0
SA14/D16_SA14_R03.csv,SA14,SA,D,D16,R03,12.00,0,,0,0,0,0,0,0
SA14/D16_SA14_R04.csv,SA14,SA,D,D16,R04,12.00,0,,0,0,0,0,0,0
SA14/D16_SA14_R05.csv,SA14,SA,D,D16,R05,12.00,0,,0,0,0,0,0,0
SA14/D17_SA14_R01.csv,SA14,SA,D,D17,R01,25.00,0,,0,0,0,0,0,0
SA14/D17_SA14_R02.csv,SA14,SA,D,D17,R02,25.00,0,,0,0,0,0,0,0
SA14/D17_SA14_R03.csv,SA14,SA,D,D17,R03,25.00,0,,0,0,0,0,0,0
SA14/D17_SA14_R04.csv,SA14,SA,D,D17,R04,25.00,0,,0,0,0,0,0,0
SA14/D17_SA14_R05.csv,SA14,SA,D,D17,R05,25.00,0,,0,0,0,0,0,0
SA14/D18_SA14_R01.csv,SA14,SA,D,D18,R01,12.00,1,4.26,1,1,1,1,1,1
SA14/D18_SA14_R02.csv,SA14,SA,D,D18,R02,12.00,1,5.80,1,1,1,1,1,1
SA14/D18_SA14_R03.csv,SA14,SA,D,D18,R03,12.00,1,6.78,1,1,1,1,1,1
SA14/D18_SA14_R04.csv,SA14,SA,D,D18,R04,12.00,1,5.42,1,1,1,1,1,1
SA14/D18_SA14_R05.csv,SA14,SA,D,D18,R05,12.00,1,5.02,1,1,1,1,1,1
SA14/D19_SA14_R01.csv,SA14,SA,D,D19,R01,12.00,0,,1,1,3,2,2,0
SA14/D19_SA14_R02.csv,SA14,SA,D,D19,R02,12.00,1,6.32,1,1,2,2,2,1
SA14/D19_SA14_R03.csv,SA14,SA,D,D19,R03,12.00,0,,1,1,3,2,2,0
SA14/D19_SA14_R04.csv,SA14,SA,D,D19,R04,12.00,1,9.00,1,1,2,2,2,1
SA14/D19_SA14_R05.csv,SA14,SA,D,D19,R05,12.00,0,,1,1,3,2,2,0
SA14/F01_SA14_R01.csv,SA14,SA,F,F01,R01,14.99,1,6.72,1,1,1,1,1,1
SA14/F01_SA14_R02.csv,SA14,SA,F,F01,R02,14.91,0,,1,0,0,0,0,0
SA14/F01_SA14_R03.csv,SA14,SA,F,F01,R03,15.00,1,7.22,1,1,1,1,1,1
SA14/F01_SA14_R04.csv,SA14,SA,F,F01,R04,15.00,1,6.36,1,1,1,1,1,1
SA14/F01_SA14_R05.csv,SA14,SA,F,F01,R05,15.00,1,6.34,1,1,1,1,1,1
SA14/F02_SA14_R01.csv,SA14,SA,F,F02,R01,15.00,1,8.58,1,1,1,1,1,1
SA14/F02_SA14_R02.csv,SA14,SA,F,F02,R02,15.00,1,8.30,1,1,1,1,1,1
SA14/F02_SA14_R03.csv,SA14,SA,F,F02,R03,15.00,1,7.86,1,1,1,1,1,1
SA14/F02_SA14_R04.csv,SA14,SA,F,F02,R04,15.00,1,7.74,1,1,1,1,1,1
SA14/F02_SA14_R05.csv,SA14,SA,F,F02,R05,15.00,1,7.28,1,1,1,1,1,1
SA14/F03_SA14_R01.csv,SA14,SA,F,F03,R01,15.00,1,3.38,1,1,1,1,1,1
SA14/F03_SA14_R02.csv,SA14,SA,F,F03,R02,15.00,1,4.06,1,1,1,1,1,1
SA14/F03_SA14_R03.csv,SA14,SA,F,F03,R03,15.00,1,4.28,1,1,1,1,1,1
SA14/F03_SA14_R04.csv,SA14,SA,F,F03,R04,15.00,0,,1,0,0,0,0,0
SA14/F03_SA14_R05.csv,SA14,SA,F,F03,R05,15.00,1,4.08,1,1,1,1,1,1
SA14/F04_SA14_R01.csv,SA14,SA,F,F04,R01,15.00,1,5.80,1,1,1,1,1,1
SA14/F04_SA14_R02.csv,SA14,SA,F,F04,R02,15.00,1,5.20,1,1,1,1,1,1
SA14/F04_SA14_R03.csv,SA14,SA,F,F04,R03,15.00,1,5.66,1,1,1,1,1,1
SA14/F04_SA14_R04.csv,SA14,SA,F,F04,R04,15.00,1,5.92,1,1,1,1,1,1
SA14/F04_SA14_R05.csv,SA14,SA,F,F04,R05,14.99,1,6.04,1,1,1,1,1,1
SA14/F05_SA14_R01.csv,SA14,SA,F,F05,R01,15.00,0,,1,1,0,0,0,0
SA14/F05_SA14_R02.csv,SA14,SA,F,F05,R02,15.00,0,,1,1,0,0,0,0
SA14/F05_SA14_R03.csv,SA14,SA,F,F05,R03,15.00,0,,1,1,0,0,0,0
SA14/F05_SA14_R04.csv,SA14,SA,F,F05,R04,15.00,0,,1,1,0,0,0,0
SA14/F05_SA14_R05.csv,SA14,SA,F,F05,R05,15.00,0,,1,1,0,0,0,0
SA14/F06_SA14_R01.csv,SA14,SA,F,F06,R01,14.99,0,,1,1,0,0,0,0
SA14/F06_SA14_R02.csv,SA14,SA,F,F06,R02,14.90,1,6.54,1,1,1,1,1,1
SA14/F06_SA14_R03.csv,SA14,SA,F,F06,R03,15.00,1,6.60,1,1,1,1,1,1
SA14/F06_SA14_R04.csv,SA14,SA,F,F06,R04,15.00,1,6.64,1,1,1,1,1,1
SA14/F06_SA14_R05.csv,SA14,SA,F,F06,R05,15.00,1,6.66,1,1,1,1,1,1
SA14/F07_SA14_R01.csv,SA14,SA,F,F07,R01,15.00,1,6.88,1,1,1,1,1,1
SA14/F07_SA14_R02.csv,SA14,SA,F,F07,R02,15.00,1,7.04,1,1,1,1,1,1
SA14/F07_SA14_R03.csv,SA14,SA,F,F07,R03,15.00,1,6.16,1,1,1,1,1,1
SA14/F07_SA14_R04.csv,SA14,SA,F,F07,R04,15.00,1,7.36,1,1,1,1,1,1
SA14/F07_SA14_R05.csv,SA14,SA,F,F07,R05,15.00,1,6.82,1,1,1,1,1,1
SA14/F08_SA14_R01.csv,SA14,SA,F,F08,R01,15.00,1,3.32,1,1,1,1,1,1
SA14/F08_SA14_R02.csv,SA14,SA,F,F08,R02,15.00,1,5.82,1,1,1,1,1,1
SA14/F08_SA14_R03.csv,SA14,SA,F,F08,R03,15.00,0,,1,0,0,0,0,0
SA14/F08_SA14_R04.csv,SA14,SA,F,F08,R04,15.00,1,7.14,1,1,1,1,1,1
SA14/F08_SA14_R05.csv,SA14,SA,F,F08,R05,14.99,1,5.00,1,1,1,1,1,1
SA14/F09_SA14_R01.csv,SA14,SA,F,F09,R01,15.00,1,4.88,1,1,1,1,1,1
SA14/F09_SA14_R02.csv,SA14,SA,F,F09,R02,15.00,1,5.74,1,1,1,1,1,1
SA14/F09_SA14_R03.csv,SA14,SA,F,F09,R03,15.00,1,4.84,1,1,1,1,1,1
SA14/F09_SA14_R04.csv,SA14,SA,F,F09,R04,15.00,1,4.24,1,1,1,1,1,1
SA14/F09_SA14_R05.csv,SA14,SA,F,F09,R05,15.00,1,4.72,1,1,1,1,1,1
SA14/F10_SA14_R01.csv,SA14,SA,F,F10,R01,15.00,1,5.10,1,1,1,1,1,1
SA14/F10_SA14_R02.csv,SA14,SA,F,F10,R02,15.00,1,3.84,1,1,1,1,1,1
SA14/F10_SA14_R03.csv,SA14,SA,F,F10,R03,15.00,1,5.26,1,1,1,1,1,1
SA14/F10_SA14_R04.csv,SA14,SA,F,F10,R04,15.00,1,3.84,1,1,1,1,1,1
SA14/F10_SA14_R05.csv,SA14,SA,F,F10,R05,15.00,1,4.56,1,1,1,1,1,1
SA14/F11_SA14_R01.csv,SA14,SA,F,F11,R01,14.99,1,3.72,1,1,1,1,1,1
SA14/F11_SA14_R02.csv,SA14,SA,F,F11,R02,14.91,1,4.02,1,1,1,1,1,1
SA14/F11_SA14_R03.csv,SA14,SA,F,F11,R03,15.00,1,5.48,1,1,1,1,1,1
SA14/F11_SA14_R04.csv,SA14,SA,F,F11,R04,15.00,1,4.08,1,1,1,1,1,1
SA14/F11_SA14_R05.csv,SA14,SA,F,F11,R05,15.00,1,4.90,1,1,1,1,1,1
SA14/F12_SA14_R01.csv,SA14,SA,F,F12,R01,14.99,0,,1,1,1,1,0,0
SA14/F12_SA14_R02.csv,SA14,SA,F,F12,R02,15.00,0,,1,1,0,0,0,0
SA14/F12_SA14_R03.csv,SA14,SA,F,F12,R03,15.00,0,,1,1,0,0,0,0
SA14/F12_SA14_R04.csv,SA14,SA,F,F12,R04,15.00,0,,1,1,0,0,0,0
SA14/F12_SA14_R05.csv,SA14,SA,F,F12,R05,15.00,0,,1,1,0,0,0,0
SA14/F13_SA14_R01.csv,SA14,SA,F,F13,R01,15.00,1,4.74,1,1,1,1,1,1
SA14/F13_SA14_R02.csv,SA14,SA,F,F13,R02,15.00,1,4.52,1,1,1,1,1,1
SA14/F13_SA14_R03.csv,SA14,SA,F,F13,R03,15.00,1,5.62,1,1,1,1,1,1
SA14/F13_SA14_R04.csv,SA14,SA,F,F13,R04,15.00,1,4.02,1,1,1,1,1,1
SA14/F13_SA14_R05.csv,SA14,SA,F,F13,R05,15.00,0,,1,0,0,0,0,0
SA14/F14_SA14_R01.csv,SA14,SA,F,F14,R01,15.00,1,3.22,1,1,1,1,1,1
SA14/F14_SA14_R02.csv,SA14,SA,F,F14,R02,15.00,1,3.98,1,1,1,1,1,1
SA14/F14_SA14_R03.csv,SA14,SA,F,F14,R03,15.00,1,4.56,1,1,1,1,1,1
SA14/F14_SA14_R04.csv,SA14,SA,F,F14,R04,15.00,1,3.40,1,1,1,1,1,1
SA14/F14_SA14_R05.csv,SA14,SA,F,F14,R05,15.00,1,4.90,1,1,1,1,1,1
SA14/F15_SA14_R01.csv,SA14,SA,F,F15,R01,15.00,1,4.10,1,1,1,1,1,1
SA14/F15_SA14_R02.csv,SA14,SA,F,F15,R02,15.00,1,4.46,1,1,1,1,1,1
SA14/F15_SA14_R03.csv,SA14,SA,F,F15,R03,15.00,1,3.60,1,1,1,1,1,1
SA14/F15_SA14_R04.csv,SA14,SA,F,F15,R04,15.00,1,3.22,1,1,1,1,1,1
SA14/F15_SA14_R05.csv,SA14,SA,F,F15,R05,15.00,1,4.18,1,1,1,1,1,1
SA15/D01_SA15_R01.csv,SA15,SA,D,D01,R01,100.00,0,,1,0,0,0,0,0
SA15/D02_SA15_R01.csv,SA15,SA,D,D02,R01,100.00,0,,1,0,0,0,0,0
SA15/D03_SA15_R01.csv,SA15,SA,D,D03,R01,100.00,0,,1,1,0,0,0,0
SA15/D04_SA15_R01.csv,SA15,SA,D,D04,R01,100.00,0,,1,1,2,2,2,0
SA15/D05_SA15_R01.csv,SA15,SA,D,D05,R01,25.00,0,,0,0,0,0,0,0
SA15/D05_SA15_R02.csv,SA15,SA,D,D05,R02,25.00,0,,1,0,0,0,0,0
SA15/D05_SA15_R03.csv,SA15,SA,D,D05,R03,25.00,0,,0,0,0,0,0,0
SA15/D05_SA15_R04.csv,SA15,SA,D,D05,R04,25.00,0,,1,0,0,0,0,0
SA15/D05_SA15_R05.csv,SA15,SA,D,D05,R05,25.00,0,,1,0,0,0,0,0
SA15/D06_SA15_R01.csv,SA15,SA,D,D06,R01,25.00,0,,1,1,1,1,1,0
SA15/D06_SA15_R02.csv,SA15,SA,D,D06,R02,25.00,0,,1,1,2,2,2,0
SA15/D06_SA15_R03.csv,SA15,SA,D,D06,R03,25.00,0,,1,1,2,2,2,0
SA15/D06_SA15_R04.csv,SA15,SA,D,D06,R04,25.00,0,,1,1,2,1,1,0
SA15/D06_SA15_R05.csv,SA15,SA,D,D06,R05,25.00,0,,1,1,3,2,2,0
SA15/D07_SA15_R01.csv,SA15,SA,D,D07,R01,12.00,0,,0,0,0,0,0,0
SA15/D07_SA15_R02.csv,SA15,SA,D,D07,R02,12.00,0,,0,0,0,0,0,0
SA15/D07_SA15_R03.csv,SA15,SA,D,D07,R03,12.00,0,,0,0,0,0,0,0
SA15/D07_SA15_R04.csv,SA15,SA,D,D07,R04,12.00,0,,0,0,0,0,0,0
SA15/D07_SA15_R05.csv,SA15,SA,D,D07,R05,12.00,0,,0,0,0,0,0,0
SA15/D08_SA15_R01.csv,SA15,SA,D,D08,R01,12.00,0,,1,0,0,0,0,0
SA15/D08_SA15_R02.csv,SA15,SA,D,D08,R02,12.00,0,,0,0,0,0,0,0
SA15/D08_SA15_R03.csv,SA15,SA,D,D08,R03,12.00,0,,1,0,0,0,0,0
SA15/D08_SA15_R04.csv,SA15,SA,D,D08,R04,12.00,0,,1,0,0,0,0,0
SA15/D08_SA15_R05.csv,SA15,SA,D,D08,R05,12.00,0,,1,0,0,0,0,0
SA15/D09_SA15_R01.csv,SA15,SA,D,D09,R01,12.00,0,,0,0,0,0,0,0
SA15/D09_SA15_R02.csv,SA15,SA,D,D09,R02,12.00,0,,0,0,0,0,0,0
SA15/D09_SA15_R03.csv,SA15,SA,D,D09,R03,12.00,0,,0,0,0,0,0,0
SA15/D09_SA15_R04.csv,SA15,SA,D,D09,R04,12.00,0,,0,0,0,0,0,0
SA15/D09_SA15_R05.csv,SA15,SA,D,D09,R05,12.00,0,,0,0,0,0,0,0
SA15/D10_SA15_R01.csv,SA15,SA,D,D10,R01,12.00,0,,1,0,0,0,0,0
SA15/D10_SA15_R02.csv,SA15,SA,D,D10,R02,12.00,0,,1,0,0,0,0,0
SA15/D10_SA15_R03.csv,SA15,SA,D,D10,R03,12.00,0,,1,0,0,0,0,0
SA15/D10_SA15_R04.csv,SA15,SA,D,D10,R04,12.00,0,,1,0,0,0,0,0
SA15/D10_SA15_R05.csv,SA15,SA,D,D10,R05,12.00,0,,1,0,0,0,0,0
SA15/D11_SA15_R01.csv,SA15,SA,D,D11,R01,11.99,1,6.14,1,1,1,1,1,1
SA15/D11_SA15_R02.csv,SA15,SA,D,D11,R02,12.00,1,7.60,1,1,1,1,1,1
SA15/D11_SA15_R03.csv,SA15,SA,D,D11,R03,12.00,1,7.06,1,1,1,1,1,1
SA15/D11_SA15_R04.csv,SA15,SA,D,D11,R04,12.00,0,,1,0,0,0,0,0
SA15/D11_SA15_R05.csv,SA15,SA,D,D11,R05,12.00,0,,1,0,0,0,0,0
SA15/D12_SA15_R01.csv,SA15,SA,D,D12,R01,12.00,0,,0,0,0,0,0,0
SA15/D12_SA15_R02.csv,SA15,SA,D,D12,R02,12.00,0,,0,0,0,0,0,0
SA15/D12_SA15_R03.csv,SA15,SA,D,D12,R03,12.00,0,,0,0,0,0,0,0
SA15/D12_SA15_R04.csv,SA15,SA,D,D12,R04,11.99,0,,0,0,0,0,0,0
SA15/D12_SA15_R05.csv,SA15,SA,D,D12,R05,12.00,0,,0,0,0,0,0,0
SA15/D13_SA15_R01.csv,SA15,SA,D,D13,R01,12.00,0,,0,0,0,0,0,0
SA15/D13_SA15_R02.csv,SA15,SA,D,D13,R02,12.00,0,,0,0,0,0,0,0
SA15/D13_SA15_R03.csv,SA15,SA,D,D13,R03,12.00,0,,0,0,0,0,0,0
SA15/D13_SA15_R04.csv,SA15,SA,D,D13,R04,12.00,0,,0,0,0,0,0,0
SA15/D13_SA15_R05.csv,SA15,SA,D,D13,R05,12.00,0,,0,0,0,0,0,0
SA15/D14_SA15_R01.csv,SA15,SA,D,D14,R01,12.00,0,,0,0,0,0,0,0
SA15/D14_SA15_R02.csv,SA15,SA,D,D14,R02,12.00,0,,0,0,0,0,0,0
SA15/D14_SA15_R03.csv,SA15,SA,D,D14,R03,12.00,0,,1,0,0,0,0,0
SA15/D14_SA15_R04.csv,SA15,SA,D,D14,R04,12.00,0,,1,0,0,0,0,0
SA15/D14_SA15_R05.csv,SA15,SA,D,D14,R05,12.00,0,,1,0,0,0,0,0
SA15/D15_SA15_R01.csv,SA15,SA,D,D15,R01,12.00,0,,0,0,0,0,0,0
SA15/D15_SA15_R02.csv,SA15,SA,D,D15,R02,12.00,0,,0,0,0,0,0,0
SA15/D15_SA15_R03.csv,SA15,SA,D,D15,R03,12.00,0,,0,0,0,0,0,0
SA15/D15_SA15_R04.csv,SA15,SA,D,D15,R04,12.00,0,,0,0,0,0,0,0
SA15/D15_SA15_R05.csv,SA15,SA,D,D15,R05,12.00,0,,0,0,0,0,0,0
SA15/D16_SA15_R01.csv,SA15,SA,D,D16,R01,11.99,0,,0,0,0,0,0,0
SA15/D16_SA15_R02.csv,SA15,SA,D,D16,R02,12.00,0,,0,0,0,0,0,0
SA15/D16_SA15_R03.csv,SA15,SA,D,D16,R03,12.00,0,,0,0,0,0,0,0
SA15/D16_SA15_R04.csv,SA15,SA,D,D16,R04,12.00,0,,0,0,0,0,0,0
SA15/D16_SA15_R05.csv,SA15,SA,D,D16,R05,12.00,0,,0,0,0,0,0,0
SA15/D17_SE15_R01.csv,SA15,SA,D,D17,R01,25.00,0,,1,0,0,0,0,0
SA15/D17_SE15_R02.csv,SA15,SA,D,D17,R02,25.00,0,,0,0,0,0,0,0
SA15/D17_SE15_R03.csv,SA15,SA,D,D17,R03,25.00,0,,1,0,0,0,0,0
SA15/D17_SE15_R04.csv,SA15,SA,D,D17,R04,25.00,0,,0,0,0,0,0,0
SA15/D17_SE15_R05.csv,SA15,SA,D,D17,R05,25.00,0,,0,0,0,0,0,0
SA15/D18_SA15_R01.csv,SA15,SA,D,D18,R01,12.00,2,3.80 4.16,1,1,2,2,2,2
SA15/D18_SA15_R02.csv,SA15,SA,D,D18,R02,12.00,1,5.26,1,1,1,1,1,1
SA15/D18_SA15_R03.csv,SA15,SA,D,D18,R03,12.00,1,5.56,1,1,1,1,1,1
SA15/D18_SA15_R04.csv,SA15,SA,D,D18,R04,12.00,1,5.18,1,1,1,1,1,1
SA15/D18_SA15_R05.csv,SA15,SA,D,D18,R05,12.00,0,,1,1,1,1,1,0
SA15/D19_SA15_R01.csv,SA15,SA,D,D19,R01,12.00,1,3.88,1,1,2,2,2,1
SA15/D19_SA15_R02.csv,SA15,SA,D,D19,R02,12.00,1,5.76,1,1,2,2,2,1
SA15/D19_SA15_R03.csv,SA15,SA,D,D19,R03,12.00,1,3.78,1,1,2,2,2,1
SA15/D19_SA15_R04.csv,SA15,SA,D,D19,R04,12.00,1,5.88,1,1,2,2,2,1
SA15/D19_SA15_R05.csv,SA15,SA,D,D19,R05,12.00,1,6.58,1,1,2,2,2,1
SA15/F01_SA15_R01.csv,SA15,SA,F,F01,R01,14.99,1,7.34,1,1,1,1,1,1
SA15/F01_SA15_R02.csv,SA15,SA,F,F01,R02,15.00,0,,1,1,0,0,0,0
SA15/F01_SA15_R03.csv,SA15,SA,F,F01,R03,15.00,1,7.76,1,1,1,1,1,1
SA15/F01_SA15_R04.csv,SA15,SA,F,F01,R04,15.00,1,7.68,1,1,1,1,1,1
SA15/F01_SA15_R05.csv,SA15,SA,F,F01,R05,15.00,1,7.24,1,1,1,1,1,1
SA15/F02_SA15_R01.csv,SA15,SA,F,F02,R01,15.00,1,6.80,1,1,1,1,1,1
SA15/F02_SA15_R02.csv,SA15,SA,F,F02,R02,15.00,1,7.28,1,1,1,1,1,1
SA15/F02_SA15_R03.csv,SA15,SA,F,F02,R03,15.00,1,7.56,1,1,1,1,1,1
SA15/F02_SA15_R04.csv,SA15,SA,F,F02,R04,15.00,1,7.80,1,1,1,1,1,1
SA15/F02_SA15_R05.csv,SA15,SA,F,F02,R05,15.00,1,7.96,1,1,1,1,1,1
SA15/F03_SA15_R01.csv,SA15,SA,F,F03,R01,15.00,1,7.16,1,1,1,1,1,1
SA15/F03_SA15_R02.csv,SA15,SA,F,F03,R02,15.00,1,4.74,1,1,1,1,1,1
SA15/F03_SA15_R03.csv,SA15,SA,F,F03,R03,15.00,1,5.42,1,1,1,1,1,1
SA15/F03_SA15_R04.csv,SA15,SA,F,F03,R04,15.00,1,5.88,1,1,1,1,1,1
SA15/F03_SA15_R05.csv,SA15,SA,F,F03,R05,15.00,1,6.38,1,1,1,1,1,1
SA15/F04_SA15_R01.csv,SA15,SA,F,F04,R01,15.00,1,7.12,1,1,1,1,1,1
SA15/F04_SA15_R02.csv,SA15,SA,F,F04,R02,15.00,1,6.88,1,1,1,1,1,1
SA15/F04_SA15_R03.csv,SA15,SA,F,F04,R03,15.00,1,7.48,1,1,1,1,1,1
SA15/F04_SA15_R04.csv,SA15,SA,F,F04,R04,15.00,1,7.32,1,1,1,1,1,1
SA15/F04_SA15_R05.csv,SA15,SA,F,F04,R05,15.00,1,7.34,1,1,1,1,1,1
SA15/F05_SA15_R01.csv,SA15,SA,F,F05,R01,15.00,0,,1,1,0,0,0,0
SA15/F05_SA15_R02.csv,SA15,SA,F,F05,R02,15.00,0,,1,1,0,0,0,0
SA15/F05_SA15_R03.csv,SA15,SA,F,F05,R03,15.00,1,5.58,1,1,1,1,1,1
SA15/F05_SA15_R04.csv,SA15,SA,F,F05,R04,15.00,0,,1,1,0,0,0,0
SA15/F05_SA15_R05.csv,SA15,SA,F,F05,R05,15.00,0,,1,1,0,0,0,0
SA15/F06_SA15_R01.csv,SA15,SA,F,F06,R01,14.99,1,7.62,1,1,1,1,1,1
SA15/F06_SA15_R02.csv,SA15,SA,F,F06,R02,15.00,1,7.94,1,1,1,1,1,1
SA15/F06_SA15_R03.csv,SA15,SA,F,F06,R03,15.00,1,7.86,1,1,1,1,1,1
SA15/F06_SA15_R04.csv,SA15,SA,F,F06,R04,15.00,1,8.04,1,1,1,1,1,1
SA15/F06_SA15_R05.csv,SA15,SA,F,F06,R05,15.00,1,7.92,1,1,1,1,1,1
SA15/F07_SA15_R01.csv,SA15,SA,F,F07,R01,15.00,1,6.74,1,1,1,1,1,1
SA15/F07_SA15_R02.csv,SA15,SA,F,F07,R02,15.00,1,7.00,1,1,1,1,1,1
SA15/F07_SA15_R03.csv,SA15,SA,F,F07,R03,15.00,1,7.82,1,1,1,1,1,1
SA15/F07_SA15_R04.csv,SA15,SA,F,F07,R04,15.00,1,8.22,1,1,1,1,1,1
SA15/F07_SA15_R05.csv,SA15,SA,F,F07,R05,15.00,1,8.28,1,1,1,1,1,1
SA15/F08_SA15_R01.csv,SA15,SA,F,F08,R01,14.99,1,6.86,1,1,1,1,1,1
SA15/F08_SA15_R02.csv,SA15,SA,F,F08,R02,15.00,1,6.82,1,1,1,1,1,1
SA15/F08_SA15_R03.csv,SA15,SA,F,F08,R03,15.00,1,7.40,1,1,1,1,1,1
SA15/F08_SA15_R04.csv,SA15,SA,F,F08,R04,15.00,1,7.56,1,1,1,1,1,1
SA15/F08_SA15_R05.csv,SA15,SA,F,F08,R05,15.00,0,,1,1,0,0,0,0
SA15/F09_SA15_R01.csv,SA15,SA,F,F09,R01,15.00,1,5.52,1,1,1,1,1,1
SA15/F09_SA15_R02.csv,SA15,SA,F,F09,R02,15.00,1,6.18,1,1,1,1,1,1
SA15/F09_SA15_R03.csv,SA15,SA,F,F09,R03,15.00,1,6.06,1,1,1,1,1,1
SA15/F09_SA15_R04.csv,SA15,SA,F,F09,R04,15.00,1,6.16,1,1,1,1,1,1
SA15/F09_SA15_R05.csv,SA15,SA,F,F09,R05,15.00,1,6.54,1,1,1,1,1,1
SA15/F10_SA15_R01.csv,SA15,SA,F,F10,R01,15.00,1,6.04,1,1,1,1,1,1
SA15/F10_SA15_R02.csv,SA15,SA,F,F10,R02,15.00,1,10.48,1,1,1,1,1,1
SA15/F10_SA15_R03.csv,SA15,SA,F,F10,R03,15.00,1,6.22,1,1,1,1,1,1
SA15/F10_SA15_R04.csv,SA15,SA,F,F10,R04,15.00,1,7.02,1,1,1,1,1,1
SA15/F10_SA15_R05.csv,SA15,SA,F,F10,R05,15.00,1,6.22,1,1,1,1,1,1
SA15/F11_SA15_R01.csv,SA15,SA,F,F11,R01,14.99,1,5.80,1,1,1,1,1,1
SA15/F11_SA15_R02.csv,SA15,SA,F,F11,R02,15.00,1,6.24,1,1,1,1,1,1
SA15/F11_SA15_R03.csv,SA15,SA,F,F11,R03,15.00,0,,1,0,0,0,0,0
SA15/F11_SA15_R04.csv,SA15,SA,F,F11,R04,15.00,1,5.34,1,1,1,1,1,1
SA15/F11_SA15_R05.csv,SA15,SA,F,F11,R05,15.00,1,5.68,1,1,1,1,1,1
SA15/F12_SA15_R01.csv,SA15,SA,F,F12,R01,15.00,1,5.72,1,1,1,1,1,1
SA15/F12_SA15_R02.csv,SA15,SA,F,F12,R02,15.00,0,,1,0,0,0,0,0
SA15/F12_SA15_R03.csv,SA15,SA,F,F12,R03,15.00,1,5.96,1,1,1,1,1,1
SA15/F12_SA15_R04.csv,SA15,SA,F,F12,R04,15.00,0,,1,0,0,0,0,0
SA15/F12_SA15_R05.csv,SA15,SA,F,F12,R05,15.00,1,4.72,1,1,1,1,1,1
SA15/F13_SA15_R01.csv,SA15,SA,F,F13,R01,15.00,1,5.64,1,1,1,1,1,1
SA15/F13_SA15_R02.csv,SA15,SA,F,F13,R02,15.00,1,6.44,1,1,1,1,1,1
SA15/F13_SA15_R03.csv,SA15,SA,F,F13,R03,15.00,1,6.40,1,1,1,1,1,1
SA15/F13_SA15_R04.csv,SA15,SA,F,F13,R04,15.00,0,,1,0,0,0,0,0
SA15/F13_SA15_R05.csv,SA15,SA,F,F13,R05,15.00,1,6.62,1,1,1,1,1,1
SA15/F14_SA15_R01.csv,SA15,SA,F,F14,R01,15.00,1,5.02,1,1,1,1,1,1
SA15/F14_SA15_R02.csv,SA15,SA,F,F14,R02,15.00,1,5.42,1,1,1,1,1,1
SA15/F14_SA15_R03.csv,SA15,SA,F,F14,R03,15.00,1,5.20,1,1,1,1,1,1
SA15/F14_SA15_R04.csv,SA15,SA,F,F14,R04,15.00,1,5.88,1,1,1,1,1,1
SA15/F14_SA15_R05.csv,SA15,SA,F,F14,R05,15.00,1,5.22,1,1,1,1,1,1
SA15/F15_SA15_R01.csv,SA15,SA,F,F15,R01,15.00,1,7.26,1,1,1,1,1,1
SA15/F15_SA15_R02.csv,SA15,SA,F,F15,R02,15.00,1,6.68,1,1,1,1,1,1
SA15/F15_SA15_R03.csv,SA15,SA,F,F15,R03,15.00,1,7.26,1,1,1,1,1,1
SA15/F15_SA15_R04.csv,SA15,SA,F,F15,R04,15.00,1,6.86,1,1,1,1,1,1
SA15/F15_SA15_R05.csv,SA15,SA,F,F15,R05,15.00,1,7.10,1,1,1,1,1,1
SA16/D01_SA16_R01.csv,SA16,SA,D,D01,R01,100.00,0,,1,0,0,0,0,0
SA16/D02_SA16_R01.csv,SA16,SA,D,D02,R01,100.00,0,,1,0,0,0,0,0
SA16/D03_SA16_R01.csv,SA16,SA,D,D03,R01,100.00,0,,1,1,0,0,0,0
SA16/D04_SA16_R01.csv,SA16,SA,D,D04,R01,100.00,0,,1,1,1,1,1,0
SA16/D05_SA16_R01.csv,SA16,SA,D,D05,R01,25.00,0,,1,0,0,0,0,0
SA16/D05_SA16_R02.csv,SA16,SA,D,D05,R02,25.00,0,,1,0,0,0,0,0
SA16/D05_SA16_R03.csv,SA16,SA,D,D05,R03,25.00,0,,1,0,0,0,0,0
SA16/D05_SA16_R04.csv,SA16,SA,D,D05,R04,25.00,0,,1,0,0,0,0,0
SA16/D05_SA16_R05.csv,SA16,SA,D,D05,R05,25.00,0,,1,0,0,0,0,0
SA16/D06_SA16_R01.csv,SA16,SA,D,D06,R01,25.00,0,,1,1,2,2,2,0
SA16/D06_SA16_R02.csv,SA16,SA,D,D06,R02,25.00,0,,1,1,2,2,2,0
SA16/D06_SA16_R03.csv,SA16,SA,D,D06,R03,25.00,0,,1,1,2,2,2,0
SA16/D06_SA16_R04.csv,SA16,SA,D,D06,R04,25.00,0,,1,1,2,2,2,0
SA16/D06_SA16_R05.csv,SA16,SA,D,D06,R05,25.00,0,,1,1,2,2,2,0
SA16/D07_SA16_R01.csv,SA16,SA,D,D07,R01,12.00,0,,0,0,0,0,0,0
SA16/D07_SA16_R02.csv,SA16,SA,D,D07,R02,12.00,0,,0,0,0,0,0,0
SA16/D07_SA16_R03.csv,SA16,SA,D,D07,R03,12.00,0,,0,0,0,0,0,0
SA16/D07_SA16_R04.csv,SA16,SA,D,D07,R04,12.00,0,,0,0,0,0,0,0
SA16/D07_SA16_R05.csv,SA16,SA,D,D07,R05,12.00,0,,0,0,0,0,0,0
SA16/D08_SA16_R01.csv,SA16,SA,D,D08,R01,12.00,0,,1,0,0,0,0,0
SA16/D08_SA16_R02.csv,SA16,SA,D,D08,R02,12.00,0,,1,0,0,0,0,0
SA16/D08_SA16_R03.csv,SA16,SA,D,D08,R03,12.00,0,,1,0,0,0,0,0
SA16/D08_SA16_R04.csv,SA16,SA,D,D08,R04,12.00,0,,1,0,0,0,0,0
SA16/D08_SA16_R05.csv,SA16,SA,D,D08,R05,12.00,0,,1,0,0,0,0,0
SA16/D09_SA16_R01.csv,SA16,SA,D,D09,R01,12.00,0,,0,0,0,0,0,0
SA16/D09_SA16_R02.csv,SA16,SA,D,D09,R02,12.00,0,,1,0,0,0,0,0
SA16/D09_SA16_R03.csv,SA16,SA,D,D09,R03,12.00,0,,0,0,0,0,0,0
SA16/D09_SA16_R04.csv,SA16,SA,D,D09,R04,12.00,0,,1,0,0,0,0,0
SA16/D09_SA16_R05.csv,SA16,SA,D,D09,R05,12.00,0,,0,0,0,0,0,0
SA16/D10_SA16_R01.csv,SA16,SA,D,D10,R01,12.00,0,,1,0,0,0,0,0
SA16/D10_SA16_R02.csv,SA16,SA,D,D10,R02,12.00,0,,1,0,0,0,0,0
SA16/D10_SA16_R03.csv,SA16,SA,D,D10,R03,12.00,0,,1,0,0,0,0,0
SA16/D10_SA16_R04.csv,SA16,SA,D,D10,R04,12.00,0,,1,0,0,0,0,0
SA16/D10_SA16_R05.csv,SA16,SA,D,D10,R05,12.00,0,,1,0,0,0,0,0
SA16/D11_SA16_R01.csv,SA16,SA,D,D11,R01,11.99,1,8.26,1,1,1,1,1,1
SA16/D11_SA16_R02.csv,SA16,SA,D,D11,R02,12.00,1,6.16,1,1,1,1,1,1
SA16/D11_SA16_R03.csv,SA16,SA,D,D11,R03,12.00,0,,1,1,0,0,0,0
SA16/D11_SA16_R04.csv,SA16,SA,D,D11,R04,12.00,0,,1,1,0,0,0,0
SA16/D11_SA16_R05.csv,SA16,SA,D,D11,R05,12.00,0,,1,1,0,0,0,0
SA16/D12_SA16_R01.csv,SA16,SA,D,D12,R01,12.00,0,,0,0,0,0,0,0
SA16/D12_SA16_R02.csv,SA16,SA,D,D12,R02,12.00,0,,0,0,0,0,0,0
SA16/D12_SA16_R03.csv,SA16,SA,D,D12,R03,12.00,0,,0,0,0,0,0,0
SA16/D12_SA16_R04.csv,SA16,SA,D,D12,R04,12.00,0,,0,0,0,0,0,0
SA16/D12_SA16_R05.csv,SA16,SA,D,D12,R05,12.00,0,,0,0,0,0,0,0
SA16/D13_SA16_R01.csv,SA16,SA,D,D13,R01,12.00,0,,0,0,0,0,0,0
SA16/D13_SA16_R02.csv,SA16,SA,D,D13,R02,12.00,0,,0,0,0,0,0,0
SA16/D13_SA16_R03.csv,SA16,SA,D,D13,R03,12.00,0,,0,0,0,0,0,0
SA16/D13_SA16_R04.csv,SA16,SA,D,D13,R04,12.00,0,,0,0,0,0,0,0
SA16/D13_SA16_R05.csv,SA16,SA,D,D13,R05,12.00,0,,0,0,0,0,0,0
SA16/D14_SA16_R01.csv,SA16,SA,D,D14,R01,12.00,0,,0,0,0,0,0,0
SA16/D14_SA16_R02.csv,SA16,SA,D,D14,R02,12.00,0,,0,0,0,0,0,0
SA16/D14_SA16_R03.csv,SA16,SA,D,D14,R03,12.00,0,,0,0,0,0,0,0
SA16/D14_SA16_R04.csv,SA16,SA,D,D14,R04,12.00,0,,0,0,0,0,0,0
SA16/D14_SA16_R05.csv,SA16,SA,D,D14,R05,12.00,0,,1,0,0,0,0,0
SA16/D15_SA16_R01.csv,SA16,SA,D,D15,R01,12.00,0,,0,0,0,0,0,0
SA16/D15_SA16_R02.csv,SA16,SA,D,D15,R02,12.00,0,,0,0,0,0,0,0
SA16/D15_SA16_R03.csv,SA16,SA,D,D15,R03,12.00,0,,0,0,0,0,0,0
SA16/D15_SA16_R04.csv,SA16,SA,D,D15,R04,12.00,0,,0,0,0,0,0,0
SA16/D15_SA16_R05.csv,SA16,SA,D,D15,R05,12.00,0,,0,0,0,0,0,0
SA16/D16_SA16_R01.csv,SA16,SA,D,D16,R01,11.99,0,,0,0,0,0,0,0
SA16/D16_SA16_R02.csv,SA16,SA,D,D16,R02,12.00,0,,0,0,0,0,0,0
SA16/D16_SA16_R03.csv,SA16,SA,D,D16,R03,12.00,0,,0,0,0,0,0,0
SA16/D16_SA16_R04.csv,SA16,SA,D,D16,R04,12.00,0,,0,0,0,0,0,0
SA16/D16_SA16_R05.csv,SA16,SA,D,D16,R05,12.00,0,,0,0,0,0,0,0
SA16/D17_SA16_R01.csv,SA16,SA,D,D17,R01,25.00,0,,0,0,0,0,0,0
SA16/D17_SA16_R02.csv,SA16,SA,D,D17,R02,25.00,0,,0,0,0,0,0,0
SA16/D17_SA16_R03.csv,SA16,SA,D,D17,R03,25.00,0,,0,0,0,0,0,0
SA16/D17_SA16_R04.csv,SA16,SA,D,D17,R04,25.00,0,,0,0,0,0,0,0
SA16/D17_SA16_R05.csv,SA16,SA,D,D17,R05,25.00,0,,0,0,0,0,0,0
SA16/D18_SA16_R01.csv,SA16,SA,D,D18,R01,12.00,1,4.28,1,1,1,1,1,1
SA16/D18_SA16_R02.csv,SA16,SA,D,D18,R02,12.00,1,6.18,1,1,1,1,1,1
SA16/D18_SA16_R03.csv,SA16,SA,D,D18,R03,12.00,1,7.30,1,1,2,1,1,1
SA16/D18_SA16_R04.csv,SA16,SA,D,D18,R04,12.00,1,6.44,1,1,1,1,1,1
SA16/D18_SA16_R05.csv,SA16,SA,D,D18,R05,12.00,1,6.68,1,1,1,1,1,1
SA16/D19_SA16_R01.csv,SA16,SA,D,D19,R01,12.00,1,3.84,1,1,2,2,2,1
SA16/D19_SA16_R02.csv,SA16,SA,D,D19,R02,12.00,1,6.32,1,1,2,2,2,1
SA16/D19_SA16_R03.csv,SA16,SA,D,D19,R03,12.00,1,6.90,1,1,2,2,2,1
SA16/D19_SA16_R04.csv,SA16,SA,D,D19,R04,12.00,1,7.74,1,1,2,2,2,1
SA16/D19_SA16_R05.csv,SA16,SA,D,D19,R05,12.00,1,7.70,1,1,2,2,2,1
SA16/F01_SA16_R01.csv,SA16,SA,F,F01,R01,15.00,1,7.12,1,1,1,1,1,1
SA16/F01_SA16_R02.csv,SA16,SA,F,F01,R02,15.00,1,6.90,1,1,1,1,1,1
SA16/F01_SA16_R03.csv,SA16,SA,F,F01,R03,15.00,1,5.98,1,1,1,1,1,1
SA16/F01_SA16_R04.csv,SA16,SA,F,F01,R04,15.00,1,7.04,1,1,1,1,1,1
SA16/F01_SA16_R05.csv,SA16,SA,F,F01,R05,15.00,1,7.26,1,1,1,1,1,1
SA16/F02_SA16_R01.csv,SA16,SA,F,F02,R01,14.99,1,6.22,1,1,1,1,1,1
SA16/F02_SA16_R02.csv,SA16,SA,F,F02,R02,15.00,1,5.64,1,1,1,1,1,1
SA16/F02_SA16_R03.csv,SA16,SA,F,F02,R03,15.00,1,5.28,1,1,1,1,1,1
SA16/F02_SA16_R04.csv,SA16,SA,F,F02,R04,15.00,1,4.80,1,1,1,1,1,1
SA16/F02_SA16_R05.csv,SA16,SA,F,F02,R05,15.00,1,4.78,1,1,1,1,1,1
SA16/F03_SA16_R01.csv,SA16,SA,F,F03,R01,15.00,1,7.22,1,1,1,1,1,1
SA16/F03_SA16_R02.csv,SA16,SA,F,F03,R02,15.00,1,6.42,1,1,1,1,1,1
SA16/F03_SA16_R03.csv,SA16,SA,F,F03,R03,15.00,1,5.30,1,1,1,1,1,1
SA16/F03_SA16_R04.csv,SA16,SA,F,F03,R04,15.00,1,5.32,1,1,1,1,1,1
SA16/F03_SA16_R05.csv,SA16,SA,F,F03,R05,15.00,1,6.46,1,1,1,1,1,1
SA16/F04_SA16_R01.csv,SA16,SA,F,F04,R01,14.99,1,6.68,1,1,1,1,1,1
SA16/F04_SA16_R02.csv,SA16,SA,F,F04,R02,15.00,1,6.56,1,1,1,1,1,1
SA16/F04_SA16_R03.csv,SA16,SA,F,F04,R03,15.00,1,6.04,1,1,1,1,1,1
SA16/F04_SA16_R04.csv,SA16,SA,F,F04,R04,15.00,1,5.90,1,1,2,2,2,1
SA16/F04_SA16_R05.csv,SA16,SA,F,F04,R05,15.00,1,5.74,1,1,1,1,1,1
SA16/F05_SA16_R01.csv,SA16,SA,F,F05,R01,15.00,0,,1,1,0,0,0,0
SA16/F05_SA16_R02.csv,SA16,SA,F,F05,R02,15.00,1,5.08,1,1,2,1,1,1
SA16/F05_SA16_R03.csv,SA16,SA,F,F05,R03,15.00,1,4.60,1,1,1,1,1,1
SA16/F05_SA16_R04.csv,SA16,SA,F,F05,R04,15.00,1,4.78,1,1,2,2,2,1
SA16/F05_SA16_R05.csv,SA16,SA,F,F05,R05,15.00,0,,1,1,0,0,0,0
SA16/F06_SA16_R01.csv,SA16,SA,F,F06,R01,14.99,1,5.14,1,1,1,1,1,1
SA16/F06_SA16_R02.csv,SA16,SA,F,F06,R02,15.00,1,7.10,1,1,1,1,1,1
SA16/F06_SA16_R03.csv,SA16,SA,F,F06,R03,15.00,1,6.16,1,1,1,1,1,1
SA16/F06_SA16_R04.csv,SA16,SA,F,F06,R04,15.00,1,6.60,1,1,1,1,1,1
SA16/F06_SA16_R05.csv,SA16,SA,F,F06,R05,15.00,1,6.68,1,1,1,1,1,1
SA16/F07_SA16_R01.csv,SA16,SA,F,F07,R01,15.00,1,5.92,1,1,1,1,1,1
SA16/F07_SA16_R02.csv,SA16,SA,F,F07,R02,15.00,1,6.50,1,1,1,1,1,1
SA16/F07_SA16_R03.csv,SA16,SA,F,F07,R03,15.00,1,6.56,1,1,1,1,1,1
SA16/F07_SA16_R04.csv,SA16,SA,F,F07,R04,15.00,1,7.04,1,1,1,1,1,1
SA16/F07_SA16_R05.csv,SA16,SA,F,F07,R05,15.00,1,7.16,1,1,1,1,1,1
SA16/F08_SA16_R01.csv,SA16,SA,F,F08,R01,15.00,1,6.78,1,1,1,1,1,1
SA16/F08_SA16_R02.csv,SA16,SA,F,F08,R02,15.00,1,7.84,1,1,1,1,1,1
SA16/F08_SA16_R03.csv,SA16,SA,F,F08,R03,15.00,1,7.40,1,1,1,1,1,1
SA16/F08_SA16_R04.csv,SA16,SA,F,F08,R04,15.00,1,6.08,1,1,1,1,1,1
SA16/F08_SA16_R05.csv,SA16,SA,F,F08,R05,15.00,1,7.12,1,1,1,1,1,1
SA16/F09_SA16_R01.csv,SA16,SA,F,F09,R01,15.00,1,6.26,1,1,1,1,1,1
SA16/F09_SA16_R02.csv,SA16,SA,F,F09,R02,15.00,1,7.06,1,1,1,1,1,1
SA16/F09_SA16_R03.csv,SA16,SA,F,F09,R03,15.00,1,7.74,1,1,1,1,1,1
SA16/F09_SA16_R04.csv,SA16,SA,F,F09,R04,15.00,1,9.60,1,1,1,1,1,1
SA16/F09_SA16_R05.csv,SA16,SA,F,F09,R05,15.00,1,8.14,1,1,1,1,1,1
SA16/F10_SA16_R01.csv,SA16,SA,F,F10,R01,15.00,1,4.06,1,1,1,1,1,1
SA16/F10_SA16_R02.csv,SA16,SA,F,F10,R02,15.00,1,4.06,1,1,1,1,1,1
SA16/F10_SA16_R03.csv,SA16,SA,F,F10,R03,15.00,1,3.86,1,1,1,1,1,1
SA16/F10_SA16_R04.csv,SA16,SA,F,F10,R04,15.00,1,3.14,1,1,1,1,1,1
SA16/F10_SA16_R05.csv,SA16,SA,F,F10,R05,15.00,1,4.54,1,1,1,1,1,1
SA16/F11_SA16_R01.csv,SA16,SA,F,F11,R01,14.99,1,3.18,1,1,1,1,1,1
SA16/F11_SA16_R02.csv,SA16,SA,F,F11,R02,15.00,0,,1,1,0,0,0,0
SA16/F11_SA16_R03.csv,SA16,SA,F,F11,R03,15.00,1,2.70,1,1,1,1,1,1
SA16/F11_SA16_R04.csv,SA16,SA,F,F11,R04,15.00,1,2.74,1,1,1,1,1,1
SA16/F11_SA16_R05.csv,SA16,SA,F,F11,R05,15.00,1,3.28,1,1,1,1,1,1
SA16/F12_SA16_R01.csv,SA16,SA,F,F12,R01,15.00,1,4.62,1,1,1,1,1,1
SA16/F12_SA16_R02.csv,SA16,SA,F,F12,R02,15.00,1,4.46,1,1,1,1,1,1
SA16/F12_SA16_R03.csv,SA16,SA,F,F12,R03,15.00,1,4.76,1,1,1,1,1,1
SA16/F12_SA16_R04.csv,SA16,SA,F,F12,R04,15.00,1,4.80,1,1,1,1,1,1
SA16/F12_SA16_R05.csv,SA16,SA,F,F12,R05,15.00,1,4.86,1,1,1,1,1,1
SA16/F13_SA16_R01.csv,SA16,SA,F,F13,R01,15.00,1,6.06,1,1,1,1,1,1
SA16/F13_SA16_R02.csv,SA16,SA,F,F13,R02,15.00,1,6.66,1,1,1,1,1,1
SA16/F13_SA16_R03.csv,SA16,SA,F,F13,R03,15.00,1,7.28,1,1,1,1,1,1
SA16/F13_SA16_R04.csv,SA16,SA,F,F13,R04,15.00,1,5.68,1,1,1,1,1,1
SA16/F13_SA16_R05.csv,SA16,SA,F,F13,R05,15.00,1,7.52,1,1,1,1,1,1
SA16/F14_SA16_R01.csv,SA16,SA,F,F14,R01,15.00,1,6.52,1,1,1,1,1,1
SA16/F14_SA16_R02.csv,SA16,SA,F,F14,R02,15.00,1,9.14,1,1,1,1,1,1
SA16/F14_SA16_R03.csv,SA16,SA,F,F14,R03,15.00,1,7.98,1,1,1,1,1,1
SA16/F14_SA16_R04.csv,SA16,SA,F,F14,R04,15.00,1,8.54,1,1,1,1,1,1
SA16/F14_SA16_R05.csv,SA16,SA,F,F14,R05,15.00,1,6.52,1,1,1,1,1,1
SA16/F15_SA16_R01.csv,SA16,SA,F,F15,R01,15.00,0,,1,0,0,0,0,0
SA16/F15_SA16_R02.csv,SA16,SA,F,F15,R02,15.00,1,8.32,1,1,1,1,1,1
SA16/F15_SA16_R03.csv,SA16,SA,F,F15,R03,15.00,1,7.22,1,1,1,1,1,1
SA16/F15_SA16_R04.csv,SA16,SA,F,F15,R04,15.00,1,6.34,1,1,1,1,1,1
SA16/F15_SA16_R05.csv,SA16,SA,F,F15,R05,15.00,1,5.42,1,1,1,1,1,1
SA17/D01_SA17_R01.csv,SA17,SA,D,D01,R01,100.00,0,,0,0,0,0,0,0
SA17/D02_SA17_R01.csv,SA17,SA,D,D02,R01,100.00,0,,1,0,0,0,0,0
SA17/D03_SA17_R01.csv,SA17,SA,D,D03,R01,100.00,0,,1,1,0,0,0,0
SA17/D04_SA17_R01.csv,SA17,SA,D,D04,R01,100.00,0,,1,1,0,0,0,0
SA17/D05_SA17_R01.csv,SA17,SA,D,D05,R01,25.00,0,,0,0,0,0,0,0
SA17/D05_SA17_R02.csv,SA17,SA,D,D05,R02,25.00,0,,1,0,0,0,0,0
SA17/D05_SA17_R03.csv,SA17,SA,D,D05,R03,25.00,0,,0,0,0,0,0,0
SA17/D05_SA17_R04.csv,SA17,SA,D,D05,R04,24.91,0,,1,0,0,0,0,0
SA17/D05_SA17_R05.csv,SA17,SA,D,D05,R05,25.00,0,,1,0,0,0,0,0
SA17/D06_SA17_R02.csv,SA17,SA,D,D06,R02,25.00,1,3.72,1,1,2,2,2,1
SA17/D06_SA17_R03.csv,SA17,SA,D,D06,R03,25.00,0,,1,1,1,1,1,0
SA17/D06_SA17_R04.csv,SA17,SA,D,D06,R04,25.00,0,,1,1,1,1,1,0
SA17/D06_SA17_R05.csv,SA17,SA,D,D06,R05,25.00,0,,1,1,1,1,1,0
SA17/D07_SA17_R01.csv,SA17,SA,D,D07,R01,12.00,0,,0,0,0,0,0,0
SA17/D07_SA17_R02.csv,SA17,SA,D,D07,R02,12.00,0,,0,0,0,0,0,0
SA17/D07_SA17_R03.csv,SA17,SA,D,D07,R03,12.00,0,,0,0,0,0,0,0
SA17/D07_SA17_R04.csv,SA17,SA,D,D07,R04,12.00,0,,0,0,0,0,0,0
SA17/D07_SA17_R05.csv,SA17,SA,D,D07,R05,12.00,0,,0,0,0,0,0,0
SA17/D08_SA17_R01.csv,SA17,SA,D,D08,R01,12.00,0,,1,0,0,0,0,0
SA17/D08_SA17_R02.csv,SA17,SA,D,D08,R02,12.00,0,,1,0,0,0,0,0
SA17/D08_SA17_R03.csv,SA17,SA,D,D08,R03,12.00,0,,1,0,0,0,0,0
SA17/D08_SA17_R04.csv,SA17,SA,D,D08,R04,12.00,0,,1,0,0,0,0,0
SA17/D08_SA17_R05.csv,SA17,SA,D,D08,R05,12.00,0,,1,0,0,0,0,0
SA17/D09_SA17_R01.csv,SA17,SA,D,D09,R01,12.00,0,,0,0,0,0,0,0
SA17/D09_SA17_R02.csv,SA17,SA,D,D09,R02,12.00,0,,1,0,0,0,0,0
SA17/D09_SA17_R03.csv,SA17,SA,D,D09,R03,12.00,0,,1,0,0,0,0,0
SA17/D09_SA17_R04.csv,SA17,SA,D,D09,R04,12.00,0,,0,0,0,0,0,0
SA17/D09_SA17_R05.csv,SA17,SA,D,D09,R05,12.00,0,,1,0,0,0,0,0
SA17/D10_SA17_R01.csv,SA17,SA,D,D10,R01,12.00,0,,1,0,0,0,0,0
SA17/D10_SA17_R02.csv,SA17,SA,D,D10,R02,12.00,0,,1,0,0,0,0,0
SA17/D10_SA17_R03.csv,SA17,SA,D,D10,R03,12.00,0,,1,0,0,0,0,0
SA17/D10_SA17_R04.csv,SA17,SA,D,D10,R04,12.00,0,,1,0,0,0,0,0
SA17/D10_SA17_R05.csv,SA17,SA,D,D10,R05,12.00,0,,1,0,0,0,0,0
SA17/D11_SA17_R01.csv,SA17,SA,D,D11,R01,11.99,0,,1,1,0,0,0,0
SA17/D11_SA17_R02.csv,SA17,SA,D,D11,R02,12.00,0,,1,1,0,0,0,0
SA17/D11_SA17_R03.csv,SA17,SA,D,D11,R03,12.00,0,,1,1,0,0,0,0
SA17/D11_SA17_R04.csv,SA17,SA,D,D11,R04,12.00,1,7.10,1,1,1,1,1,1
SA17/D11_SA17_R05.csv,SA17,SA,D,D11,R05,12.00,0,,1,1,0,0,0,0
SA17/D12_SA17_R01.csv,SA17,SA,D,D12,R01,12.00,0,,0,0,0,0,0,0
SA17/D12_SA17_R02.csv,SA17,SA,D,D12,R02,12.00,0,,0,0,0,0,0,0
SA17/D12_SA17_R03.csv,SA17,SA,D,D12,R03,12.00,0,,0,0,0,0,0,0
SA17/D12_SA17_R04.csv,SA17,SA,D,D12,R04,12.00,0,,0,0,0,0,0,0
SA17/D12_SA17_R05.csv,SA17,SA,D,D12,R05,11.99,0,,0,0,0,0,0,0
SA17/D13_SA17_R01.csv,SA17,SA,D,D13,R01,12.00,0,,1,0,0,0,0,0
SA17/D13_SA17_R02.csv,SA17,SA,D,D13,R02,12.00,0,,0,0,0,0,0,0
SA17/D13_SA17_R03.csv,SA17,SA,D,D13,R03,12.00,0,,0,0,0,0,0,0
SA17/D13_SA17_R04.csv,SA17,SA,D,D13,R04,12.00,0,,0,0,0,0,0,0
SA17/D13_SA17_R05.csv,SA17,SA,D,D13,R05,12.00,0,,0,0,0,0,0,0
SA17/D14_SA17_R01.csv,SA17,SA,D,D14,R01,12.00,0,,0,0,0,0,0,0
SA17/D14_SA17_R02.csv,SA17,SA,D,D14,R02,12.00,0,,0,0,0,0,0,0
SA17/D14_SA17_R03.csv,SA17,SA,D,D14,R03,12.00,0,,0,0,0,0,0,0
SA17/D14_SA17_R04.csv,SA17,SA,D,D14,R04,12.00,0,,1,0,0,0,0,0
SA17/D14_SA17_R05.csv,SA17,SA,D,D14,R05,12.00,0,,1,0,0,0,0,0
SA17/D15_SA17_R01.csv,SA17,SA,D,D15,R01,12.00,0,,0,0,0,0,0,0
SA17/D15_SA17_R02.csv,SA17,SA,D,D15,R02,12.00,0,,0,0,0,0,0,0
SA17/D15_SA17_R03.csv,SA17,SA,D,D15,R03,12.00,0,,0,0,0,0,0,0
SA17/D15_SA17_R04.csv,SA17,SA,D,D15,R04,12.00,0,,0,0,0,0,0,0
SA17/D15_SA17_R05.csv,SA17,SA,D,D15,R05,12.00,0,,0,0,0,0,0,0
SA17/D16_SA17_R01.csv,SA17,SA,D,D16,R01,11.99,0,,0,0,0,0,0,0
SA17/D16_SA17_R02.csv,SA17,SA,D,D16,R02,12.00,0,,0,0,0,0,0,0
SA17/D16_SA17_R03.csv,SA17,SA,D,D16,R03,12.00,0,,0,0,0,0,0,0
SA17/D16_SA17_R04.csv,SA17,SA,D,D16,R04,12.00,0,,0,0,0,0,0,0
SA17/D16_SA17_R05.csv,SA17,SA,D,D16,R05,12.00,0,,0,0,0,0,0,0
SA17/D17_SA17_R01.csv,SA17,SA,D,D17,R01,25.00,0,,0,0,0,0,0,0
SA17/D17_SA17_R02.csv,SA17,SA,D,D17,R02,25.00,0,,0,0,0,0,0,0
SA17/D17_SA17_R03.csv,SA17,SA,D,D17,R03,25.00,0,,0,0,0,0,0,0
SA17/D17_SA17_R04.csv,SA17,SA,D,D17,R04,25.00,0,,0,0,0,0,0,0
SA17/D17_SA17_R05.csv,SA17,SA,D,D17,R05,25.00,0,,0,0,0,0,0,0
SA17/D18_SA17_R01.csv,SA17,SA,D,D18,R01,12.00,1,5.64,1,1,1,1,1,1
SA17/D18_SA17_R02.csv,SA17,SA,D,D18,R02,12.00,1,6.48,1,1,1,1,1,1
SA17/D18_SA17_R03.csv,SA17,SA,D,D18,R03,12.00,1,6.48,1,1,1,1,1,1
SA17/D18_SA17_R04.csv,SA17,SA,D,D18,R04,12.00,1,6.60,1,1,1,1,1,1
SA17/D18_SA17_R05.csv,SA17,SA,D,D18,R05,12.00,1,6.64,1,1,1,1,1,1
SA17/D19_SA17_R01.csv,SA17,SA,D,D19,R01,12.00,1,3.80,1,1,2,2,2,1
SA17/D19_SA17_R02.csv,SA17,SA,D,D19,R02,12.00,0,,1,0,0,0,0,0
SA17/D19_SA17_R03.csv,SA17,SA,D,D19,R03,12.00,1,5.54,1,1,2,2,2,1
SA17/D19_SA17_R04.csv,SA17,SA,D,D19,R04,12.00,1,6.52,1,1,2,2,2,1
SA17/D19_SA17_R05.csv,SA17,SA,D,D19,R05,12.00,1,6.96,1,1,2,2,2,1
SA17/F01_SA17_R01.csv,SA17,SA,F,F01,R01,14.99,1,7.44,1,1,1,1,1,1
SA17/F01_SA17_R02.csv,SA17,SA,F,F01,R02,15.00,1,7.22,1,1,1,1,1,1
SA17/F01_SA17_R03.csv,SA17,SA,F,F01,R03,15.00,1,7.42,1,1,1,1,1,1
SA17/F01_SA17_R04.csv,SA17,SA,F,F01,R04,15.00,1,7.46,1,1,1,1,1,1
SA17/F01_SA17_R05.csv,SA17,SA,F,F01,R05,15.00,1,7.08,1,1,1,1,1,1
SA17/F02_SA17_R01.csv,SA17,SA,F,F02,R01,14.99,1,8.84,1,1,1,1,1,1
SA17/F02_SA17_R02.csv,SA17,SA,F,F02,R02,15.00,1,8.26,1,1,1,1,1,1
SA17/F02_SA17_R03.csv,SA17,SA,F,F02,R03,15.00,1,7.78,1,1,1,1,1,1
SA17/F02_SA17_R04.csv,SA17,SA,F,F02,R04,15.00,1,6.96,1,1,1,1,1,1
SA17/F02_SA17_R05.csv,SA17,SA,F,F02,R05,15.00,1,6.70,1,1,1,1,1,1
SA17/F03_SA17_R01.csv,SA17,SA,F,F03,R01,15.00,1,7.22,1,1,1,1,1,1
SA17/F03_SA17_R02.csv,SA17,SA,F,F03,R02,15.00,1,8.28,1,1,1,1,1,1
SA17/F03_SA17_R03.csv,SA17,SA,F,F03,R03,15.00,1,9.54,1,1,1,1,1,1
SA17/F03_SA17_R04.csv,SA17,SA,F,F03,R04,15.00,1,8.58,1,1,1,1,1,1
SA17/F03_SA17_R05.csv,SA17,SA,F,F03,R05,15.00,1,10.52,1,1,1,1,1,1
SA17/F04_SA17_R01.csv,SA17,SA,F,F04,R01,14.99,1,5.86,1,1,1,1,1,1
SA17/F04_SA17_R02.csv,SA17,SA,F,F04,R02,15.00,1,6.36,1,1,1,1,1,1
SA17/F04_SA17_R03.csv,SA17,SA,F,F04,R03,15.00,1,6.64,1,1,1,1,1,1
SA17/F04_SA17_R04.csv,SA17,SA,F,F04,R04,15.00,1,7.12,1,1,1,1,1,1
SA17/F04_SA17_R05.csv,SA17,SA,F,F04,R05,15.00,1,6.34,1,1,1,1,1,1
SA17/F05_SA17_R01.csv,SA17,SA,F,F05,R01,15.00,1,4.88,1,1,1,1,1,1
SA17/F05_SA17_R02.csv,SA17,SA,F,F05,R02,15.00,0,,1,1,0,0,0,0
SA17/F05_SA17_R03.csv,SA17,SA,F,F05,R03,15.00,1,5.26,1,1,1,1,1,1
SA17/F05_SA17_R04.csv,SA17,SA,F,F05,R04,15.00,1,5.48,1,1,1,1,1,1
SA17/F05_SA17_R05.csv,SA17,SA,F,F05,R05,15.00,1,5.30,1,1,1,1,1,1
SA17/F06_SA17_R01.csv,SA17,SA,F,F06,R01,14.99,1,7.42,1,1,1,1,1,1
SA17/F06_SA17_R02.csv,SA17,SA,F,F06,R02,15.00,1,8.60,1,1,1,1,1,1
SA17/F06_SA17_R03.csv,SA17,SA,F,F06,R03,14.98,1,6.86,1,1,1,1,1,1
SA17/F06_SA17_R04.csv,SA17,SA,F,F06,R04,15.00,1,7.20,1,1,1,1,1,1
SA17/F06_SA17_R05.csv,SA17,SA,F,F06,R05,15.00,1,7.40,1,1,1,1,1,1
SA17/F07_SA17_R01.csv,SA17,SA,F,F07,R01,15.00,0,,1,1,2,1,1,0
SA17/F07_SA17_R02.csv,SA17,SA,F,F07,R02,15.00,1,7.18,1,1,1,1,1,1
SA17/F07_SA17_R03.csv,SA17,SA,F,F07,R03,15.00,1,6.86,1,1,1,1,1,1
SA17/F07_SA17_R04.csv,SA17,SA,F,F07,R04,15.00,1,6.80,1,1,1,1,1,1
SA17/F07_SA17_R05.csv,SA17,SA,F,F07,R05,15.00,1,7.44,1,1,1,1,1,1
SA17/F08_SA17_R01.csv,SA17,SA,F,F08,R01,15.00,1,7.30,1,1,1,1,1,1
SA17/F08_SA17_R02.csv,SA17,SA,F,F08,R02,15.00,1,7.70,1,1,1,1,1,1
SA17/F08_SA17_R03.csv,SA17,SA,F,F08,R03,14.99,1,7.46,1,1,1,1,1,1
SA17/F08_SA17_R04.csv,SA17,SA,F,F08,R04,15.00,1,6.64,1,1,1,1,1,1
SA17/F08_SA17_R05.csv,SA17,SA,F,F08,R05,15.00,1,7.18,1,1,1,1,1,1
SA17/F09_SA17_R01.csv,SA17,SA,F,F09,R01,15.00,1,5.76,1,1,1,1,1,1
SA17/F09_SA17_R02.csv,SA17,SA,F,F09,R02,15.00,1,6.18,1,1,1,1,1,1
SA17/F09_SA17_R03.csv,SA17,SA,F,F09,R03,15.00,1,6.38,1,1,1,1,1,1
SA17/F09_SA17_R04.csv,SA17,SA,F,F09,R04,15.00,1,6.20,1,1,1,1,1,1
SA17/F09_SA17_R05.csv,SA17,SA,F,F09,R05,15.00,1,6.84,1,1,1,1,1,1
SA17/F10_SA17_R01.csv,SA17,SA,F,F10,R01,15.00,1,4.20,1,1,1,1,1,1
SA17/F10_SA17_R02.csv,SA17,SA,F,F10,R02,15.00,1,3.86,1,1,1,1,1,1
SA17/F10_SA17_R03.csv,SA17,SA,F,F10,R03,14.99,1,4.44,1,1,1,1,1,1
SA17/F10_SA17_R04.csv,SA17,SA,F,F10,R04,15.00,1,3.82,1,1,1,1,1,1
SA17/F10_SA17_R05.csv,SA17,SA,F,F10,R05,15.00,1,3.62,1,1,1,1,1,1
SA17/F11_SA17_R01.csv,SA17,SA,F,F11,R01,14.99,1,3.36,1,1,1,1,1,1
SA17/F11_SA17_R02.csv,SA17,SA,F,F11,R02,15.00,1,3.46,1,1,1,1,1,1
SA17/F11_SA17_R03.csv,SA17,SA,F,F11,R03,15.00,1,4.96,1,1,1,1,1,1
SA17/F11_SA17_R04.csv,SA17,SA,F,F11,R04,15.00,1,3.70,1,1,1,1,1,1
SA17/F11_SA17_R05.csv,SA17,SA,F,F11,R05,15.00,1,3.10,1,1,1,1,1,1
SA17/F12_SA17_R01.csv,SA17,SA,F,F12,R01,15.00,1,4.00,1,1,1,1,1,1
SA17/F12_SA17_R02.csv,SA17,SA,F,F12,R02,15.00,1,4.52,1,1,1,1,1,1
SA17/F12_SA17_R03.csv,SA17,SA,F,F12,R03,15.00,1,5.20,1,1,1,1,1,1
SA17/F12_SA17_R04.csv,SA17,SA,F,F12,R04,15.00,1,3.42,1,1,1,1,1,1
SA17/F12_SA17_R05.csv,SA17,SA,F,F12,R05,15.00,1,4.40,1,1,1,1,1,1
SA17/F13_SA17_R01.csv,SA17,SA,F,F13,R01,15.00,1,4.14,1,1,1,1,1,1
SA17/F13_SA17_R02.csv,SA17,SA,F,F13,R02,15.00,1,7.04,1,1,1,1,1,1
SA17/F13_SA17_R03.csv,SA17,SA,F,F13,R03,15.00,1,6.66,1,1,1,1,1,1
SA17/F13_SA17_R04.csv,SA17,SA,F,F13,R04,15.00,1,6.06,1,1,1,1,1,1
SA17/F13_SA17_R05.csv,SA17,SA,F,F13,R05,15.00,1,6.70,1,1,1,1,1,1
SA17/F14_SA17_R01.csv,SA17,SA,F,F14,R01,15.00,1,4.68,1,1,1,1,1,1
SA17/F14_SA17_R02.csv,SA17,SA,F,F14,R02,15.00,1,5.38,1,1,1,1,1,1
SA17/F14_SA17_R03.csv,SA17,SA,F,F14,R03,14.99,1,6.08,1,1,1,1,1,1
SA17/F14_SA17_R04.csv,SA17,SA,F,F14,R04,15.00,1,7.24,1,1,1,1,1,1
SA17/F14_SA17_R05.csv,SA17,SA,F,F14,R05,15.00,1,7.18,1,1,1,1,1,1
SA17/F15_SA17_R01.csv,SA17,SA,F,F15,R01,15.00,1,5.26,1,1,1,1,1,1
SA17/F15_SA17_R02.csv,SA17,SA,F,F15,R02,15.00,1,8.02,1,1,1,1,1,1
SA17/F15_SA17_R03.csv,SA17,SA,F,F15,R03,14.99,1,7.72,1,1,1,1,1,1
SA17/F15_SA17_R04.csv,SA17,SA,F,F15,R04,15.00,1,3.90,1,1,1,1,1,1
SA17/F15_SA17_R05.csv,SA17,SA,F,F15,R05,15.00,1,6.38,1,1,1,1,1,1
SA18/D01_SA18_R01.csv,SA18,SA,D,D01,R01,100.00,0,,1,0,0,0,0,0
SA18/D02_SA18_R01.csv,SA18,SA,D,D02,R01,100.00,0,,1,0,0,0,0,0
SA18/D03_SA18_R01.csv,SA18,SA,D,D03,R01,100.00,0,,1,1,2,1,1,0
SA18/D04_SA18_R01.csv,SA18,SA,D,D04,R01,100.00,0,,1,1,0,0,0,0
SA18/D05_SA18_R01.csv,SA18,SA,D,D05,R01,25.00,0,,1,0,0,0,0,0
SA18/D05_SA18_R02.csv,SA18,SA,D,D05,R02,25.00,1,19.62,1,1,1,1,1,1
SA18/D05_SA18_R03.csv,SA18,SA,D,D05,R03,25.00,0,,1,0,0,0,0,0
SA18/D05_SA18_R04.csv,SA18,SA,D,D05,R04,25.00,0,,1,0,0,0,0,0
SA18/D05_SA18_R05.csv,SA18,SA,D,D05,R05,25.00,0,,1,0,0,0,0,0
SA18/D06_SA18_R01.csv,SA18,SA,D,D06,R01,25.00,0,,1,1,1,1,1,0
SA18/D06_SA18_R02.csv,SA18,SA,D,D06,R02,25.00,0,,1,1,0,0,0,0
SA18/D06_SA18_R03.csv,SA18,SA,D,D06,R03,25.00,0,,1,1,0,0,0,0
SA18/D06_SA18_R04.csv,SA18,SA,D,D06,R04,25.00,0,,1,1,1,1,1,0
SA18/D06_SA18_R05.csv,SA18,SA,D,D06,R05,25.00,0,,1,1,2,2,2,0
SA18/D07_SA18_R01.csv,SA18,SA,D,D07,R01,12.00,0,,0,0,0,0,0,0
SA18/D07_SA18_R02.csv,SA18,SA,D,D07,R02,12.00,0,,0,0,0,0,0,0
SA18/D07_SA18_R03.csv,SA18,SA,D,D07,R03,12.00,0,,0,0,0,0,0,0
SA18/D07_SA18_R04.csv,SA18,SA,D,D07,R04,12.00,0,,0,0,0,0,0,0
SA18/D07_SA18_R05.csv,SA18,SA,D,D07,R05,12.00,0,,0,0,0,0,0,0
SA18/D08_SA18_R01.csv,SA18,SA,D,D08,R01,12.00,1,2.50,1,1,1,1,1,1
SA18/D08_SA18_R02.csv,SA18,SA,D,D08,R02,12.00,1,1.32,1,1,1,1,1,1
SA18/D08_SA18_R03.csv,SA18,SA,D,D08,R03,12.00,0,,1,0,0,0,0,0
SA18/D08_SA18_R04.csv,SA18,SA,D,D08,R04,12.00,0,,1,0,0,0,0,0
SA18/D08_SA18_R05.csv,SA18,SA,D,D08,R05,12.00,1,3.10,1,1,1,1,1,1
SA18/D09_SA18_R01.csv,SA18,SA,D,D09,R01,12.00,0,,1,0,0,0,0,0
SA18/D09_SA18_R02.csv,SA18,SA,D,D09,R02,12.00,0,,1,0,0,0,0,0
SA18/D09_SA18_R03.csv,SA18,SA,D,D09,R03,12.00,0,,0,0,0,0,0,0
SA18/D09_SA18_R04.csv,SA18,SA,D,D09,R04,12.00,0,,1,0,0,0,0,0
SA18/D09_SA18_R05.csv,SA18,SA,D,D09,R05,12.00,0,,1,0,0,0,0,0
SA18/D10_SA18_R01.csv,SA18,SA,D,D10,R01,12.00,0,,1,0,0,0,0,0
SA18/D10_SA18_R02.csv,SA18,SA,D,D10,R02,12.00,0,,1,0,0,0,0,0
SA18/D10_SA18_R03.csv,SA18,SA,D,D10,R03,12.00,1,3.02,1,1,1,1,1,1
SA18/D10_SA18_R04.csv,SA18,SA,D,D10,R04,12.00,1,3.08,1,1,1,1,1,1
SA18/D10_SA18_R05.csv,SA18,SA,D,D10,R05,12.00,1,3.18,1,1,1,1,1,1
SA18/D11_SA18_R01.csv,SA18,SA,D,D11,R01,11.99,0,,1,1,0,0,0,0
SA18/D11_SA18_R02.csv,SA18,SA,D,D11,R02,12.00,0,,1,0,0,0,0,0
SA18/D11_SA18_R03.csv,SA18,SA,D,D11,R03,12.00,1,6.86,1,1,1,1,1,1
SA18/D11_SA18_R04.csv,SA18,SA,D,D11,R04,12.00,1,6.38,1,1,1,1,1,1
SA18/D11_SA18_R05.csv,SA18,SA,D,D11,R05,12.00,1,6.62,1,1,1,1,1,1
SA18/D12_SA18_R01.csv,SA18,SA,D,D12,R01,12.00,0,,0,0,0,0,0,0
SA18/D12_SA18_R02.csv,SA18,SA,D,D12,R02,12.00,0,,0,0,0,0,0,0
SA18/D12_SA18_R03.csv,SA18,SA,D,D12,R03,12.00,0,,0,0,0,0,0,0
SA18/D12_SA18_R04.csv,SA18,SA,D,D12,R04,12.00,0,,0,0,0,0,0,0
SA18/D12_SA18_R05.csv,SA18,SA,D,D12,R05,12.00,0,,0,0,0,0,0,0
SA18/D13_SA18_R01.csv,SA18,SA,D,D13,R01,12.00,0,,0,0,0,0,0,0
SA18/D13_SA18_R02.csv,SA18,SA,D,D13,R02,12.00,0,,0,0,0,0,0,0
SA18/D13_SA18_R03.csv,SA18,SA,D,D13,R03,12.00,0,,1,0,0,0,0,0
SA18/D13_SA18_R04.csv,SA18,SA,D,D13,R04,12.00,0,,1,0,0,0,0,0
SA18/D13_SA18_R05.csv,SA18,SA,D,D13,R05,12.00,0,,1,0,0,0,0,0
SA18/D14_SA18_R01.csv,SA18,SA,D,D14,R01,12.00,0,,0,0,0,0,0,0
SA18/D14_SA18_R02.csv,SA18,SA,D,D14,R02,12.00,0,,0,0,0,0,0,0
SA18/D14_SA18_R03.csv,SA18,SA,D,D14,R03,12.00,0,,0,0,0,0,0,0
SA18/D14_SA18_R04.csv,SA18,SA,D,D14,R04,12.00,0,,1,0,0,0,0,0
SA18/D14_SA18_R05.csv,SA18,SA,D,D14,R05,12.00,0,,0,0,0,0,0,0
SA18/D15_SA18_R01.csv,SA18,SA,D,D15,R01,12.00,0,,0,0,0,0,0,0
SA18/D15_SA18_R02.csv,SA18,SA,D,D15,R02,12.00,0,,0,0,0,0,0,0
SA18/D15_SA18_R03.csv,SA18,SA,D,D15,R03,12.00,0,,0,0,0,0,0,0
SA18/D15_SA18_R04.csv,SA18,SA,D,D15,R04,12.00,0,,0,0,0,0,0,0
SA18/D15_SA18_R05.csv,SA18,SA,D,D15,R05,12.00,0,,0,0,0,0,0,0
SA18/D16_SA18_R01.csv,SA18,SA,D,D16,R01,11.99,0,,0,0,0,0,0,0
SA18/D16_SA18_R02.csv,SA18,SA,D,D16,R02,12.00,0,,0,0,0,0,0,0
SA18/D16_SA18_R03.csv,SA18,SA,D,D16,R03,12.00,0,,0,0,0,0,0,0
SA18/D16_SA18_R04.csv,SA18,SA,D,D16,R04,12.00,0,,0,0,0,0,0,0
SA18/D16_SA18_R05.csv,SA18,SA,D,D16,R05,12.00,0,,0,0,0,0,0,0
SA18/D17_SA18_R01.csv,SA18,SA,D,D17,R01,25.00,0,,1,0,0,0,0,0
SA18/D17_SA18_R02.csv,SA18,SA,D,D17,R02,25.00,0,,1,0,0,0,0,0
SA18/D17_SA18_R03.csv,SA18,SA,D,D17,R03,25.00,0,,0,0,0,0,0,0
SA18/D17_SA18_R04.csv,SA18,SA,D,D17,R04,25.00,0,,0,0,0,0,0,0
SA18/D17_SA18_R05.csv,SA18,SA,D,D17,R05,25.00,0,,0,0,0,0,0,0
SA18/D18_SA18_R01.csv,SA18,SA,D,D18,R01,12.00,0,,1,0,0,0,0,0
SA18/D18_SA18_R02.csv,SA18,SA,D,D18,R02,12.00,1,6.18,1,1,1,1,1,1
SA18/D18_SA18_R03.csv,SA18,SA,D,D18,R03,12.00,1,4.90,1,1,2,1,1,1
SA18/D18_SA18_R04.csv,SA18,SA,D,D18,R04,12.00,1,5.46,1,1,1,1,1,1
SA18/D18_SA18_R05.csv,SA18,SA,D,D18,R05,12.00,1,4.82,1,1,2,2,2,1
SA18/D19_SA18_R01.csv,SA18,SA,D,D19,R01,12.00,0,,1,1,4,2,2,0
SA18/D19_SA18_R02.csv,SA18,SA,D,D19,R02,12.00,0,,1,1,4,2,2,0
SA18/D19_SA18_R03.csv,SA18,SA,D,D19,R03,12.00,1,6.92,1,1,4,2,2,1
SA18/D19_SA18_R04.csv,SA18,SA,D,D19,R04,12.00,0,,1,1,4,2,2,0
SA18/D19_SA18_R05.csv,SA18,SA,D,D19,R05,12.00,1,6.32,1,1,2,2,2,1
SA18/F01_SA18_R01.csv,SA18,SA,F,F01,R01,14.99,1,7.32,1,1,1,1,1,1
SA18/F01_SA18_R02.csv,SA18,SA,F,F01,R02,15.00,1,5.22,1,1,1,1,1,1
SA18/F01_SA18_R03.csv,SA18,SA,F,F01,R03,15.00,1,6.60,1,1,1,1,1,1
SA18/F01_SA18_R04.csv,SA18,SA,F,F01,R04,15.00,1,6.12,1,1,1,1,1,1
SA18/F01_SA18_R05.csv,SA18,SA,F,F01,R05,15.00,1,5.98,1,1,1,1,1,1
SA18/F02_SA18_R01.csv,SA18,SA,F,F02,R01,15.00,1,6.82,1,1,1,1,1,1
SA18/F02_SA18_R02.csv,SA18,SA,F,F02,R02,15.00,0,,1,1,2,1,1,0
SA18/F02_SA18_R03.csv,SA18,SA,F,F02,R03,15.00,1,7.08,1,1,1,1,1,1
SA18/F02_SA18_R04.csv,SA18,SA,F,F02,R04,15.00,1,7.10,1,1,1,1,1,1
SA18/F02_SA18_R05.csv,SA18,SA,F,F02,R05,15.00,1,6.86,1,1,1,1,1,1
SA18/F03_SA18_R01.csv,SA18,SA,F,F03,R01,15.00,1,5.04,1,1,1,1,1,1
SA18/F03_SA18_R02.csv,SA18,SA,F,F03,R02,15.00,1,6.12,1,1,2,1,1,1
SA18/F03_SA18_R03.csv,SA18,SA,F,F03,R03,15.00,1,6.00,1,1,1,1,1,1
SA18/F03_SA18_R04.csv,SA18,SA,F,F03,R04,15.00,1,6.02,1,1,1,1,1,1
SA18/F03_SA18_R05.csv,SA18,SA,F,F03,R05,15.00,1,6.16,1,1,1,1,1,1
SA18/F04_SA18_R01.csv,SA18,SA,F,F04,R01,15.00,1,6.30,1,1,1,1,1,1
SA18/F04_SA18_R02.csv,SA18,SA,F,F04,R02,15.00,1,5.54,1,1,1,1,1,1
SA18/F04_SA18_R03.csv,SA18,SA,F,F04,R03,15.00,1,6.04,1,1,1,1,1,1
SA18/F04_SA18_R04.csv,SA18,SA,F,F04,R04,15.00,1,6.26,1,1,1,1,1,1
SA18/F04_SA18_R05.csv,SA18,SA,F,F04,R05,15.00,1,6.30,1,1,1,1,1,1
SA18/F05_SA18_R01.csv,SA18,SA,F,F05,R01,15.00,0,,1,1,1,1,1,0
SA18/F05_SA18_R02.csv,SA18,SA,F,F05,R02,15.00,0,,1,1,1,1,1,0
SA18/F05_SA18_R03.csv,SA18,SA,F,F05,R03,15.00,0,,1,1,1,1,1,0
SA18/F05_SA18_R04.csv,SA18,SA,F,F05,R04,15.00,0,,1,1,0,0,0,0
SA18/F05_SA18_R05.csv,SA18,SA,F,F05,R05,15.00,0,,1,1,1,1,1,0
SA18/F06_SA18_R01.csv,SA18,SA,F,F06,R01,14.99,1,7.24,1,1,1,1,1,1
SA18/F06_SA18_R02.csv,SA18,SA,F,F06,R02,15.00,1,6.96,1,1,1,1,1,1
SA18/F06_SA18_R03.csv,SA18,SA,F,F06,R03,15.00,1,7.60,1,1,1,1,1,1
SA18/F06_SA18_R04.csv,SA18,SA,F,F06,R04,15.00,1,6.82,1,1,1,1,1,1
SA18/F06_SA18_R05.csv,SA18,SA,F,F06,R05,15.00,1,8.30,1,1,1,1,1,1
SA18/F07_SA18_R01.csv,SA18,SA,F,F07,R01,15.00,1,7.88,1,1,1,1,1,1
SA18/F07_SA18_R02.csv,SA18,SA,F,F07,R02,15.00,1,6.96,1,1,1,1,1,1
SA18/F07_SA18_R03.csv,SA18,SA,F,F07,R03,15.00,1,7.36,1,1,1,1,1,1
SA18/F07_SA18_R04.csv,SA18,SA,F,F07,R04,15.00,1,7.60,1,1,1,1,1,1
SA18/F07_SA18_R05.csv,SA18,SA,F,F07,R05,15.00,1,6.42,1,1,1,1,1,1
SA18/F08_SA18_R01.csv,SA18,SA,F,F08,R01,15.00,1,7.12,1,1,1,1,1,1
SA18/F08_SA18_R02.csv,SA18,SA,F,F08,R02,15.00,1,6.30,1,1,1,1,1,1
SA18/F08_SA18_R03.csv,SA18,SA,F,F08,R03,15.00,1,6.08,1,1,1,1,1,1
SA18/F08_SA18_R04.csv,SA18,SA,F,F08,R04,15.00,1,6.64,1,1,1,1,1,1
SA18/F08_SA18_R05.csv,SA18,SA,F,F08,R05,15.00,1,6.38,1,1,1,1,1,1
SA18/F09_SA18_R01.csv,SA18,SA,F,F09,R01,15.00,1,5.22,1,1,1,1,1,1
SA18/F09_SA18_R02.csv,SA18,SA,F,F09,R02,15.00,1,6.18,1,1,1,1,1,1
SA18/F09_SA18_R03.csv,SA18,SA,F,F09,R03,15.00,1,6.44,1,1,1,1,1,1
SA18/F09_SA18_R04.csv,SA18,SA,F,F09,R04,15.00,1,6.34,1,1,1,1,1,1
SA18/F09_SA18_R05.csv,SA18,SA,F,F09,R05,15.00,1,6.62,1,1,1,1,1,1
SA18/F10_SA18_R01.csv,SA18,SA,F,F10,R01,15.00,0,,1,0,0,0,0,0
SA18/F10_SA18_R02.csv,SA18,SA,F,F10,R02,15.00,1,6.56,1,1,1,1,1,1
SA18/F10_SA18_R03.csv,SA18,SA,F,F10,R03,15.00,1,6.54,1,1,1,1,1,1
SA18/F10_SA18_R04.csv,SA18,SA,F,F10,R04,15.00,1,7.12,1,1,1,1,1,1
SA18/F10_SA18_R05.csv,SA18,SA,F,F10,R05,15.00,1,7.34,1,1,1,1,1,1
SA18/F11_SA18_R01.csv,SA18,SA,F,F11,R01,14.99,0,,1,1,0,0,0,0
SA18/F11_SA18_R02.csv,SA18,SA,F,F11,R02,15.00,1,5.68,1,1,2,1,1,1
SA18/F11_SA18_R03.csv,SA18,SA,F,F11,R03,15.00,0,,1,1,0,0,0,0
SA18/F11_SA18_R04.csv,SA18,SA,F,F11,R04,15.00,1,6.64,1,1,1,1,1,1
SA18/F11_SA18_R05.csv,SA18,SA,F,F11,R05,15.00,1,5.78,1,1,1,1,1,1
SA18/F12_SA18_R01.csv,SA18,SA,F,F12,R01,15.00,1,4.98,1,1,1,1,1,1
SA18/F12_SA18_R02.csv,SA18,SA,F,F12,R02,15.00,1,5.60,1,1,1,1,1,1
SA18/F12_SA18_R03.csv,SA18,SA,F,F12,R03,15.00,1,5.66,1,1,1,1,1,1
SA18/F12_SA18_R04.csv,SA18,SA,F,F12,R04,15.00,1,5.64,1,1,1,1,1,1
SA18/F12_SA18_R05.csv,SA18,SA,F,F12,R05,15.00,1,5.76,1,1,1,1,1,1
SA18/F13_SA18_R01.csv,SA18,SA,F,F13,R01,15.00,1,5.66,1,1,1,1,1,1
SA18/F13_SA18_R02.csv,SA18,SA,F,F13,R02,15.00,1,6.42,1,1,1,1,1,1
SA18/F13_SA18_R03.csv,SA18,SA,F,F13,R03,15.00,0,,1,0,0,0,0,0
SA18/F13_SA18_R04.csv,SA18,SA,F,F13,R04,15.00,0,,1,0,0,0,0,0
SA18/F13_SA18_R05.csv,SA18,SA,F,F13,R05,15.00,1,6.48,1,1,1,1,1,1
SA18/F14_SA18_R01.csv,SA18,SA,F,F14,R01,15.00,1,6.40,1,1,1,1,1,1
SA18/F14_SA18_R02.csv,SA18,SA,F,F14,R02,15.00,1,5.08,1,1,1,1,1,1
SA18/F14_SA18_R03.csv,SA18,SA,F,F14,R03,15.00,1,4.94,1,1,1,1,1,1
SA18/F14_SA18_R04.csv,SA18,SA,F,F14,R04,15.00,1,5.10,1,1,1,1,1,1
SA18/F14_SA18_R05.csv,SA18,SA,F,F14,R05,15.00,1,5.12,1,1,1,1,1,1
SA18/F15_SA18_R01.csv,SA18,SA,F,F15,R01,15.00,1,5.96,1,1,1,1,1,1
SA18/F15_SA18_R02.csv,SA18,SA,F,F15,R02,15.00,1,5.84,1,1,1,1,1,1
SA18/F15_SA18_R03.csv,SA18,SA,F,F15,R03,15.00,1,7.04,1,1,1,1,1,1
SA18/F15_SA18_R04.csv,SA18,SA,F,F15,R04,15.00,1,5.90,1,1,1,1,1,1
SA18/F15_SA18_R05.csv,SA18,SA,F,F15,R05,15.00,1,6.78,1,1,1,1,1,1
SA19/D01_SA19_R01.csv,SA19,SA,D,D01,R01,100.00,0,,0,0,0,0,0,0
SA19/D02_SA19_R01.csv,SA19,SA,D,D02,R01,100.00,0,,1,0,0,0,0,0
SA19/D03_SA19_R01.csv,SA19,SA,D,D03,R01,100.00,0,,1,1,1,1,1,0
SA19/D04_SA19_R01.csv,SA19,SA,D,D04,R01,100.00,0,,1,1,2,1,1,0
SA19/D05_SA19_R01.csv,SA19,SA,D,D05,R01,25.00,0,,0,0,0,0,0,0
SA19/D05_SA19_R02.csv,SA19,SA,D,D05,R02,25.00,0,,0,0,0,0,0,0
SA19/D05_SA19_R03.csv,SA19,SA,D,D05,R03,25.00,0,,1,0,0,0,0,0
SA19/D05_SA19_R04.csv,SA19,SA,D,D05,R04,25.00,0,,0,0,0,0,0,0
SA19/D05_SA19_R05.csv,SA19,SA,D,D05,R05,25.00,0,,0,0,0,0,0,0
SA19/D06_SA19_R01.csv,SA19,SA,D,D06,R01,25.00,0,,1,1,2,2,2,0
SA19/D06_SA19_R02.csv,SA19,SA,D,D06,R02,25.00,0,,1,1,3,2,2,0
SA19/D06_SA19_R03.csv,SA19,SA,D,D06,R03,25.00,0,,1,1,2,2,2,0
SA19/D06_SA19_R04.csv,SA19,SA,D,D06,R04,25.00,0,,1,1,2,2,2,0
SA19/D06_SA19_R05.csv,SA19,SA,D,D06,R05,25.00,0,,1,1,2,2,2,0
SA19/D07_SA19_R01.csv,SA19,SA,D,D07,R01,11.99,0,,0,0,0,0,0,0
SA19/D07_SA19_R02.csv,SA19,SA,D,D07,R02,12.00,0,,0,0,0,0,0,0
SA19/D07_SA19_R03.csv,SA19,SA,D,D07,R03,12.00,0,,0,0,0,0,0,0
SA19/D07_SA19_R04.csv,SA19,SA,D,D07,R04,12.00,0,,0,0,0,0,0,0
SA19/D07_SA19_R05.csv,SA19,SA,D,D07,R05,12.00,0,,0,0,0,0,0,0
SA19/D08_SA19_R01.csv,SA19,SA,D,D08,R01,11.99,1,2.88,1,1,1,1,1,1
SA19/D08_SA19_R02.csv,SA19,SA,D,D08,R02,12.00,0,,1,0,0,0,0,0
SA19/D08_SA19_R03.csv,SA19,SA,D,D08,R03,12.00,0,,1,0,0,0,0,0
SA19/D08_SA19_R04.csv,SA19,SA,D,D08,R04,12.00,0,,1,0,0,0,0,0
SA19/D08_SA19_R05.csv,SA19,SA,D,D08,R05,12.00,0,,1,0,0,0,0,0
SA19/D09_SA19_R01.csv,SA19,SA,D,D09,R01,11.99,0,,1,0,0,0,0,0
SA19/D09_SA19_R02.csv,SA19,SA,D,D09,R02,12.00,0,,0,0,0,0,0,0
SA19/D09_SA19_R03.csv,SA19,SA,D,D09,R03,12.00,0,,0,0,0,0,0,0
SA19/D09_SA19_R04.csv,SA19,SA,D,D09,R04,12.00,0,,0,0,0,0,0,0
SA19/D09_SA19_R05.csv,SA19,SA,D,D09,R05,12.00,0,,0,0,0,0,0,0
SA19/D10_SA19_R01.csv,SA19,SA,D,D10,R01,12.00,0,,1,0,0,0,0,0
SA19/D10_SA19_R02.csv,SA19,SA,D,D10,R02,12.00,0,,1,0,0,0,0,0
SA19/D10_SA19_R03.csv,SA19,SA,D,D10,R03,12.00,0,,1,0,0,0,0,0
SA19/D10_SA19_R04.csv,SA19,SA,D,D10,R04,12.00,0,,1,0,0,0,0,0
SA19/D10_SA19_R05.csv,SA19,SA,D,D10,R05,12.00,0,,1,0,0,0,0,0
SA19/D11_SA19_R01.csv,SA19,SA,D,D11,R01,11.99,0,,1,0,0,0,0,0
SA19/D11_SA19_R02.csv,SA19,SA,D,D11,R02,12.00,1,4.86,1,1,1,1,1,1
SA19/D11_SA19_R03.csv,SA19,SA,D,D11,R03,12.00,0,,1,0,0,0,0,0
SA19/D11_SA19_R04.csv,SA19,SA,D,D11,R04,12.00,1,4.82,1,1,1,1,1,1
SA19/D11_SA19_R05.csv,SA19,SA,D,D11,R05,12.00,0,,1,0,0,0,0,0
SA19/D12_SA19_R01.csv,SA19,SA,D,D12,R01,12.00,0,,0,0,0,0,0,0
SA19/D12_SA19_R02.csv,SA19,SA,D,D12,R02,12.00,0,,0,0,0,0,0,0
SA19/D12_SA19_R03.csv,SA19,SA,D,D12,R03,12.00,0,,0,0,0,0,0,0
SA19/D12_SA19_R04.csv,SA19,SA,D,D12,R04,12.00,0,,0,0,0,0,0,0
SA19/D12_SA19_R05.csv,SA19,SA,D,D12,R05,12.00,0,,0,0,0,0,0,0
SA19/D13_SA19_R01.csv,SA19,SA,D,D13,R01,12.00,0,,0,0,0,0,0,0
SA19/D13_SA19_R02.csv,SA19,SA,D,D13,R02,12.00,0,,0,0,0,0,0,0
SA19/D13_SA19_R03.csv,SA19,SA,D,D13,R03,12.00,0,,0,0,0,0,0,0
SA19/D13_SA19_R04.csv,SA19,SA,D,D13,R04,12.00,0,,0,0,0,0,0,0
SA19/D13_SA19_R05.csv,SA19,SA,D,D13,R05,12.00,0,,1,0,0,0,0,0
SA19/D14_SA19_R01.csv,SA19,SA,D,D14,R01,12.00,0,,1,0,0,0,0,0
SA19/D14_SA19_R02.csv,SA19,SA,D,D14,R02,12.00,0,,0,0,0,0,0,0
SA19/D14_SA19_R03.csv,SA19,SA,D,D14,R03,12.00,0,,0,0,0,0,0,0
SA19/D14_SA19_R04.csv,SA19,SA,D,D14,R04,12.00,0,,0,0,0,0,0,0
SA19/D14_SA19_R05.csv,SA19,SA,D,D14,R05,12.00,0,,0,0,0,0,0,0
SA19/D15_SA19_R01.csv,SA19,SA,D,D15,R01,12.00,0,,0,0,0,0,0,0
SA19/D15_SA19_R02.csv,SA19,SA,D,D15,R02,12.00,0,,0,0,0,0,0,0
SA19/D15_SA19_R03.csv,SA19,SA,D,D15,R03,12.00,0,,0,0,0,0,0,0
SA19/D15_SA19_R04.csv,SA19,SA,D,D15,R04,12.00,0,,0,0,0,0,0,0
SA19/D15_SA19_R05.csv,SA19,SA,D,D15,R05,12.00,0,,0,0,0,0,0,0
SA19/D16_SA19_R01.csv,SA19,SA,D,D16,R01,11.97,0,,0,0,0,0,0,0
SA19/D16_SA19_R02.csv,SA19,SA,D,D16,R02,12.00,0,,0,0,0,0,0,0
SA19/D16_SA19_R03.csv,SA19,SA,D,D16,R03,12.00,0,,0,0,0,0,0,0
SA19/D16_SA19_R04.csv,SA19,SA,D,D16,R04,12.00,0,,0,0,0,0,0,0
SA19/D16_SA19_R05.csv,SA19,SA,D,D16,R05,12.00,0,,0,0,0,0,0,0
SA19/D17_SA19_R01.csv,SA19,SA,D,D17,R01,25.00,0,,0,0,0,0,0,0
SA19/D17_SA19_R02.csv,SA19,SA,D,D17,R02,25.00,0,,0,0,0,0,0,0
SA19/D17_SA19_R03.csv,SA19,SA,D,D17,R03,25.00,0,,0,0,0,0,0,0
SA19/D17_SA19_R04.csv,SA19,SA,D,D17,R04,25.00,0,,0,0,0,0,0,0
SA19/D17_SA19_R05.csv,SA19,SA,D,D17,R05,25.00,0,,0,0,0,0,0,0
SA19/D18_SA19_R01.csv,SA19,SA,D,D18,R01,11.99,2,3.70 4.02,1,1,2,2,2,2
SA19/D18_SA19_R02.csv,SA19,SA,D,D18,R02,12.00,1,5.14,1,1,1,1,1,1
SA19/D18_SA19_R03.csv,SA19,SA,D,D18,R03,12.00,1,4.74,1,1,1,1,1,1
SA19/D18_SA19_R04.csv,SA19,SA,D,D18,R04,12.00,0,,1,1,2,2,2,0
SA19/D18_SA19_R05.csv,SA19,SA,D,D18,R05,12.00,1,4.30,1,1,2,2,2,1
SA19/D19_SA19_R01.csv,SA19,SA,D,D19,R01,12.00,1,3.80,1,1,2,2,2,1
SA19/D19_SA19_R02.csv,SA19,SA,D,D19,R02,12.00,1,7.18,1,1,2,2,2,1
SA19/D19_SA19_R03.csv,SA19,SA,D,D19,R03,12.00,1,3.54,1,1,2,2,2,1
SA19/D19_SA19_R04.csv,SA19,SA,D,D19,R04,12.00,1,7.16,1,1,2,2,2,1
SA19/D19_SA19_R05.csv,SA19,SA,D,D19,R05,12.00,1,6.30,1,1,2,2,2,1
SA19/F01_SA19_R01.csv,SA19,SA,F,F01,R01,14.99,1,6.60,1,1,2,1,1,1
SA19/F01_SA19_R02.csv,SA19,SA,F,F01,R02,15.00,1,6.44,1,1,1,1,1,1
SA19/F01_SA19_R03.csv,SA19,SA,F,F01,R03,15.00,1,6.02,1,1,2,1,1,1
SA19/F01_SA19_R04.csv,SA19,SA,F,F01,R04,15.00,1,7.28,1,1,1,1,1,1
SA19/F01_SA19_R05.csv,SA19,SA,F,F01,R05,15.00,1,6.56,1,1,1,1,1,1
SA19/F02_SA19_R01.csv,SA19,SA,F,F02,R01,15.00,1,6.74,1,1,1,1,1,1
SA19/F02_SA19_R02.csv,SA19,SA,F,F02,R02,15.00,1,8.92,1,1,1,1,1,1
SA19/F02_SA19_R03.csv,SA19,SA,F,F02,R03,15.00,1,7.98,1,1,1,1,1,1
SA19/F02_SA19_R04.csv,SA19,SA,F,F02,R04,15.00,1,8.02,1,1,1,1,1,1
SA19/F02_SA19_R05.csv,SA19,SA,F,F02,R05,15.00,1,8.74,1,1,1,1,1,1
SA19/F03_SA19_R01.csv,SA19,SA,F,F03,R01,15.00,1,6.20,1,1,1,1,1,1
SA19/F03_SA19_R02.csv,SA19,SA,F,F03,R02,15.00,1,6.02,1,1,1,1,1,1
SA19/F03_SA19_R03.csv,SA19,SA,F,F03,R03,14.99,1,6.22,1,1,1,1,1,1
SA19/F03_SA19_R04.csv,SA19,SA,F,F03,R04,15.00,1,6.90,1,1,1,1,1,1
SA19/F03_SA19_R05.csv,SA19,SA,F,F03,R05,15.00,1,6.60,1,1,1,1,1,1
SA19/F04_SA19_R01.csv,SA19,SA,F,F04,R01,15.00,1,6.18,1,1,1,1,1,1
SA19/F04_SA19_R02.csv,SA19,SA,F,F04,R02,15.00,1,7.34,1,1,1,1,1,1
SA19/F04_SA19_R03.csv,SA19,SA,F,F04,R03,14.98,0,,1,1,0,0,0,0
SA19/F04_SA19_R04.csv,SA19,SA,F,F04,R04,15.00,1,8.04,1,1,1,1,1,1
SA19/F04_SA19_R05.csv,SA19,SA,F,F04,R05,15.00,1,8.56,1,1,1,1,1,1
SA19/F05_SA19_R01.csv,SA19,SA,F,F05,R01,15.00,0,,1,1,0,0,0,0
SA19/F05_SA19_R02.csv,SA19,SA,F,F05,R02,15.00,1,6.82,1,1,1,1,1,1
SA19/F05_SA19_R03.csv,SA19,SA,F,F05,R03,14.99,0,,1,1,0,0,0,0
SA19/F05_SA19_R04.csv,SA19,SA,F,F05,R04,15.00,0,,1,1,0,0,0,0
SA19/F05_SA19_R05.csv,SA19,SA,F,F05,R05,15.00,0,,1,1,0,0,0,0
SA19/F06_SA19_R01.csv,SA19,SA,F,F06,R01,14.99,1,6.36,1,1,1,1,1,1
SA19/F06_SA19_R02.csv,SA19,SA,F,F06,R02,15.00,1,7.30,1,1,1,1,1,1
SA19/F06_SA19_R03.csv,SA19,SA,F,F06,R03,15.00,1,6.92,1,1,1,1,1,1
SA19/F06_SA19_R04.csv,SA19,SA,F,F06,R04,15.00,1,7.48,1,1,1,1,1,1
SA19/F06_SA19_R05.csv,SA19,SA,F,F06,R05,15.00,1,7.74,1,1,1,1,1,1
SA19/F07_SA19_R01.csv,SA19,SA,F,F07,R01,14.99,0,,1,0,0,0,0,0
SA19/F07_SA19_R02.csv,SA19,SA,F,F07,R02,15.00,1,6.48,1,1,1,1,1,1
SA19/F07_SA19_R03.csv,SA19,SA,F,F07,R03,15.00,0,,1,0,0,0,0,0
SA19/F07_SA19_R04.csv,SA19,SA,F,F07,R04,15.00,1,6.88,1,1,1,1,1,1
SA19/F07_SA19_R05.csv,SA19,SA,F,F07,R05,14.99,0,,1,1,0,0,0,0
SA19/F08_SA19_R01.csv,SA19,SA,F,F08,R01,14.99,1,5.42,1,1,1,1,1,1
SA19/F08_SA19_R02.csv,SA19,SA,F,F08,R02,15.00,0,,1,0,0,0,0,0
SA19/F08_SA19_R03.csv,SA19,SA,F,F08,R03,15.00,1,6.30,1,1,1,1,1,1
SA19/F08_SA19_R04.csv,SA19,SA,F,F08,R04,15.00,1,6.74,1,1,1,1,1,1
SA19/F08_SA19_R05.csv,SA19,SA,F,F08,R05,15.00,1,6.56,1,1,1,1,1,1
SA19/F09_SA19_R01.csv,SA19,SA,F,F09,R01,15.00,1,5.98,1,1,1,1,1,1
SA19/F09_SA19_R02.csv,SA19,SA,F,F09,R02,15.00,1,6.28,1,1,1,1,1,1
SA19/F09_SA19_R03.csv,SA19,SA,F,F09,R03,15.00,1,7.42,1,1,1,1,1,1
SA19/F09_SA19_R04.csv,SA19,SA,F,F09,R04,15.00,1,5.66,1,1,1,1,1,1
SA19/F09_SA19_R05.csv,SA19,SA,F,F09,R05,15.00,1,6.92,1,1,1,1,1,1
SA19/F10_SA19_R01.csv,SA19,SA,F,F10,R01,15.00,0,,1,0,0,0,0,0
SA19/F10_SA19_R02.csv,SA19,SA,F,F10,R02,15.00,0,,1,0,0,0,0,0
SA19/F10_SA19_R03.csv,SA19,SA,F,F10,R03,15.00,1,6.04,1,1,1,1,1,1
SA19/F10_SA19_R04.csv,SA19,SA,F,F10,R04,15.00,0,,1,0,0,0,0,0
SA19/F10_SA19_R05.csv,SA19,SA,F,F10,R05,15.00,1,5.64,1,1,2,1,1,1
SA19/F11_SA19_R01.csv,SA19,SA,F,F11,R01,14.99,1,6.58,1,1,1,1,1,1
SA19/F11_SA19_R02.csv,SA19,SA,F,F11,R02,15.00,1,5.32,1,1,1,1,1,1
SA19/F11_SA19_R03.csv,SA19,SA,F,F11,R03,15.00,1,5.78,1,1,1,1,1,1
SA19/F11_SA19_R04.csv,SA19,SA,F,F11,R04,15.00,1,6.20,1,1,1,1,1,1
SA19/F11_SA19_R05.csv,SA19,SA,F,F11,R05,14.99,1,6.62,1,1,1,1,1,1
SA19/F12_SA19_R01.csv,SA19,SA,F,F12,R01,15.00,1,5.68,1,1,1,1,1,1
SA19/F12_SA19_R02.csv,SA19,SA,F,F12,R02,15.00,1,5.28,1,1,1,1,1,1
SA19/F12_SA19_R03.csv,SA19,SA,F,F12,R03,15.00,1,5.50,1,1,1,1,1,1
SA19/F12_SA19_R04.csv,SA19,SA,F,F12,R04,14.98,1,5.60,1,1,1,1,1,1
SA19/F12_SA19_R05.csv,SA19,SA,F,F12,R05,15.00,1,6.06,1,1,1,1,1,1
SA19/F13_SA19_R01.csv,SA19,SA,F,F13,R01,15.00,0,,0,0,0,0,0,0
SA19/F13_SA19_R02.csv,SA19,SA,F,F13,R02,15.00,1,7.34,1,1,1,1,1,1
SA19/F13_SA19_R03.csv,SA19,SA,F,F13,R03,15.00,0,,1,0,0,0,0,0
SA19/F13_SA19_R04.csv,SA19,SA,F,F13,R04,15.00,1,6.50,1,1,1,1,1,1
SA19/F13_SA19_R05.csv,SA19,SA,F,F13,R05,15.00,1,6.02,1,1,1,1,1,1
SA19/F14_SA19_R01.csv,SA19,SA,F,F14,R01,15.00,1,4.52,1,1,1,1,1,1
SA19/F14_SA19_R02.csv,SA19,SA,F,F14,R02,15.00,1,5.72,1,1,1,1,1,1
SA19/F14_SA19_R03.csv,SA19,SA,F,F14,R03,15.00,1,5.26,1,1,1,1,1,1
SA19/F14_SA19_R04.csv,SA19,SA,F,F14,R04,15.00,1,6.64,1,1,1,1,1,1
SA19/F14_SA19_R05.csv,SA19,SA,F,F14,R05,15.00,1,4.74,1,1,1,1,1,1
SA19/F15_SA19_R01.csv,SA19,SA,F,F15,R01,15.00,1,5.74,1,1,1,1,1,1
SA19/F15_SA19_R02.csv,SA19,SA,F,F15,R02,15.00,1,6.14,1,1,1,1,1,1
SA19/F15_SA19_R03.csv,SA19,SA,F,F15,R03,15.00,1,5.56,1,1,1,1,1,1
SA19/F15_SA19_R04.csv,SA19,SA,F,F15,R04,15.00,1,4.98,1,1,1,1,1,1
SA19/F15_SA19_R05.csv,SA19,SA,F,F15,R05,15.00,1,6.44,1,1,1,1,1,1
SA20/D01_SA20_R01.csv,SA20,SA,D,D01,R01,99.98,0,,1,0,0,0,0,0
SA20/D02_SA20_R01.csv,SA20,SA,D,D02,R01,100.00,0,,1,0,0,0,0,0
SA20/D03_SA20_R01.csv,SA20,SA,D,D03,R01,100.00,0,,1,1,0,0,0,0
SA20/D04_SA20_R01.csv,SA20,SA,D,D04,R01,100.00,0,,1,1,7,6,6,0
SA20/D05_SA20_R01.csv,SA20,SA,D,D05,R01,25.00,0,,1,0,0,0,0,0
SA20/D05_SA20_R02.csv,SA20,SA,D,D05,R02,25.00,0,,1,0,0,0,0,0
SA20/D05_SA20_R03.csv,SA20,SA,D,D05,R03,25.00,0,,1,0,0,0,0,0
SA20/D05_SA20_R04.csv,SA20,SA,D,D05,R04,25.00,0,,1,0,0,0,0,0
SA20/D05_SA20_R05.csv,SA20,SA,D,D05,R05,25.00,0,,1,0,0,0,0,0
SA20/D06_SA20_R01.csv,SA20,SA,D,D06,R01,25.00,0,,1,1,3,2,2,0
SA20/D06_SA20_R03.csv,SA20,SA,D,D06,R03,24.99,0,,1,1,2,2,2,0
SA20/D06_SA20_R04.csv,SA20,SA,D,D06,R04,25.00,0,,1,1,2,2,2,0
SA20/D06_SA20_R05.csv,SA20,SA,D,D06,R05,25.00,0,,1,1,1,1,1,0
SA20/D07_SA20_R01.csv,SA20,SA,D,D07,R01,12.00,0,,0,0,0,0,0,0
SA20/D07_SA20_R02.csv,SA20,SA,D,D07,R02,12.00,0,,0,0,0,0,0,0
SA20/D07_SA20_R03.csv,SA20,SA,D,D07,R03,12.00,0,,0,0,0,0,0,0
SA20/D07_SA20_R04.csv,SA20,SA,D,D07,R04,12.00,0,,0,0,0,0,0,0
SA20/D07_SA20_R05.csv,SA20,SA,D,D07,R05,12.00,0,,0,0,0,0,0,0
SA20/D08_SA20_R01.csv,SA20,SA,D,D08,R01,12.00,0,,0,0,0,0,0,0
SA20/D08_SA20_R02.csv,SA20,SA,D,D08,R02,12.00,0,,1,0,0,0,0,0
SA20/D08_SA20_R03.csv,SA20,SA,D,D08,R03,12.00,0,,0,0,0,0,0,0
SA20/D08_SA20_R04.csv,SA20,SA,D,D08,R04,12.00,0,,1,0,0,0,0,0
SA20/D08_SA20_R05.csv,SA20,SA,D,D08,R05,12.00,0,,1,0,0,0,0,0
SA20/D09_SA20_R01.csv,SA20,SA,D,D09,R01,12.00,0,,0,0,0,0,0,0
SA20/D09_SA20_R02.csv,SA20,SA,D,D09,R02,12.00,0,,0,0,0,0,0,0
SA20/D09_SA20_R03.csv,SA20,SA,D,D09,R03,12.00,0,,0,0,0,0,0,0
SA20/D09_SA20_R04.csv,SA20,SA,D,D09,R04,12.00,0,,0,0,0,0,0,0
SA20/D09_SA20_R05.csv,SA20,SA,D,D09,R05,12.00,0,,0,0,0,0,0,0
SA20/D10_SA20_R01.csv,SA20,SA,D,D10,R01,12.00,0,,1,0,0,0,0,0
SA20/D10_SA20_R02.csv,SA20,SA,D,D10,R02,12.00,0,,1,0,0,0,0,0
SA20/D10_SA20_R03.csv,SA20,SA,D,D10,R03,11.97,0,,1,0,0,0,0,0
SA20/D10_SA20_R04.csv,SA20,SA,D,D10,R04,12.00,0,,1,0,0,0,0,0
SA20/D10_SA20_R05.csv,SA20,SA,D,D10,R05,12.00,0,,1,0,0,0,0,0
SA20/D11_SA20_R01.csv,SA20,SA,D,D11,R01,11.99,0,,1,0,0,0,0,0
SA20/D11_SA20_R02.csv,SA20,SA,D,D11,R02,12.00,1,5.58,1,1,1,1,1,1
SA20/D11_SA20_R03.csv,SA20,SA,D,D11,R03,12.00,1,7.22,1,1,1,1,1,1
SA20/D11_SA20_R04.csv,SA20,SA,D,D11,R04,12.00,1,5.38,1,1,1,1,1,1
SA20/D11_SA20_R05.csv,SA20,SA,D,D11,R05,12.00,0,,1,0,0,0,0,0
SA20/D12_SA20_R01.csv,SA20,SA,D,D12,R01,12.00,0,,0,0,0,0,0,0
SA20/D12_SA20_R02.csv,SA20,SA,D,D12,R02,12.00,0,,0,0,0,0,0,0
SA20/D12_SA20_R03.csv,SA20,SA,D,D12,R03,12.00,0,,0,0,0,0,0,0
SA20/D12_SA20_R04.csv,SA20,SA,D,D12,R04,12.00,0,,0,0,0,0,0,0
SA20/D12_SA20_R05.csv,SA20,SA,D,D12,R05,12.00,0,,0,0,0,0,0,0
SA20/D13_SA20_R01.csv,SA20,SA,D,D13,R01,12.00,0,,0,0,0,0,0,0
SA20/D13_SA20_R02.csv,SA20,SA,D,D13,R02,11.98,0,,0,0,0,0,0,0
SA20/D13_SA20_R03.csv,SA20,SA,D,D13,R03,12.00,0,,0,0,0,0,0,0
SA20/D13_SA20_R04.csv,SA20,SA,D,D13,R04,12.00,0,,0,0,0,0,0,0
SA20/D13_SA20_R05.csv,SA20,SA,D,D13,R05,12.00,0,,0,0,0,0,0,0
SA20/D14_SA20_R01.csv,SA20,SA,D,D14,R01,12.00,0,,0,0,0,0,0,0
SA20/D14_SA20_R02.csv,SA20,SA,D,D14,R02,12.00,0,,0,0,0,0,0,0
SA20/D14_SA20_R03.csv,SA20,SA,D,D14,R03,12.00,0,,0,0,0,0,0,0
SA20/D14_SA20_R04.csv,SA20,SA,D,D14,R04,12.00,0,,0,0,0,0,0,0
SA20/D14_SA20_R05.csv,SA20,SA,D,D14,R05,12.00,0,,0,0,0,0,0,0
SA20/D15_SA20_R01.csv,SA20,SA,D,D15,R01,12.00,0,,0,0,0,0,0,0
SA20/D15_SA20_R02.csv,SA20,SA,D,D15,R02,12.00,0,,0,0,0,0,0,0
SA20/D15_SA20_R03.csv,SA20,SA,D,D15,R03,12.00,0,,0,0,0,0,0,0
SA20/D15_SA20_R04.csv,SA20,SA,D,D15,R04,12.00,0,,0,0,0,0,0,0
SA20/D15_SA20_R05.csv,SA20,SA,D,D15,R05,12.00,0,,0,0,0,0,0,0
SA20/D16_SA20_R01.csv,SA20,SA,D,D16,R01,11.99,0,,0,0,0,0,0,0
SA20/D16_SA20_R02.csv,SA20,SA,D,D16,R02,12.00,0,,0,0,0,0,0,0
SA20/D16_SA20_R03.csv,SA20,SA,D,D16,R03,12.00,0,,0,0,0,0,0,0
SA20/D16_SA20_R04.csv,SA20,SA,D,D16,R04,12.00,0,,0,0,0,0,0,0
SA20/D16_SA20_R05.csv,SA20,SA,D,D16,R05,12.00,0,,0,0,0,0,0,0
SA20/D17_SA20_R01.csv,SA20,SA,D,D17,R01,25.00,0,,0,0,0,0,0,0
SA20/D17_SA20_R03.csv,SA20,SA,D,D17,R03,25.00,0,,0,0,0,0,0,0
SA20/D17_SA20_R04.csv,SA20,SA,D,D17,R04,25.00,0,,0,0,0,0,0,0
SA20/D17_SA20_R05.csv,SA20,SA,D,D17,R05,25.00,0,,0,0,0,0,0,0
SA20/D18_SA20_R01.csv,SA20,SA,D,D18,R01,12.00,1,5.54,1,1,1,1,1,1
SA20/D18_SA20_R02.csv,SA20,SA,D,D18,R02,12.00,1,6.58,1,1,1,1,1,1
SA20/D18_SA20_R03.csv,SA20,SA,D,D18,R03,12.00,0,,1,0,0,0,0,0
SA20/D18_SA20_R04.csv,SA20,SA,D,D18,R04,12.00,1,6.36,1,1,1,1,1,1
SA20/D18_SA20_R05.csv,SA20,SA,D,D18,R05,11.99,1,6.32,1,1,1,1,1,1
SA20/D19_SA20_R01.csv,SA20,SA,D,D19,R01,12.00,0,,1,1,3,2,2,0
SA20/D19_SA20_R02.csv,SA20,SA,D,D19,R02,12.00,1,3.12,1,1,4,2,2,1
SA20/D19_SA20_R03.csv,SA20,SA,D,D19,R03,12.00,0,,1,1,4,2,2,0
SA20/D19_SA20_R04.csv,SA20,SA,D,D19,R04,12.00,0,,1,1,4,2,2,0
SA20/D19_SA20_R05.csv,SA20,SA,D,D19,R05,12.00,0,,1,1,3,2,2,0
SA20/F01_SA20_R01.csv,SA20,SA,F,F01,R01,14.99,1,5.94,1,1,2,1,1,1
SA20/F01_SA20_R02.csv,SA20,SA,F,F01,R02,15.00,1,9.00,1,1,1,1,1,1
SA20/F01_SA20_R04.csv,SA20,SA,F,F01,R04,15.00,1,11.26,1,1,1,1,1,1
SA20/F01_SA20_R05.csv,SA20,SA,F,F01,R05,15.00,1,8.16,1,1,1,1,1,1
SA20/F02_SA20_R01.csv,SA20,SA,F,F02,R01,15.00,1,7.58,1,1,1,1,1,1
SA20/F02_SA20_R02.csv,SA20,SA,F,F02,R02,15.00,1,10.28,1,1,1,1,1,1
SA20/F02_SA20_R03.csv,SA20,SA,F,F02,R03,15.00,1,10.00,1,1,1,1,1,1
SA20/F02_SA20_R04.csv,SA20,SA,F,F02,R04,15.00,1,9.32,1,1,1,1,1,1
SA20/F02_SA20_R05.csv,SA20,SA,F,F02,R05,14.99,1,7.98,1,1,1,1,1,1
SA20/F03_SA20_R01.csv,SA20,SA,F,F03,R01,15.00,1,8.54,1,1,1,1,1,1
SA20/F03_SA20_R02.csv,SA20,SA,F,F03,R02,15.00,1,8.42,1,1,1,1,1,1
SA20/F03_SA20_R03.csv,SA20,SA,F,F03,R03,15.00,1,9.24,1,1,1,1,1,1
SA20/F03_SA20_R04.csv,SA20,SA,F,F03,R04,15.00,1,10.66,1,1,1,1,1,1
SA20/F03_SA20_R05.csv,SA20,SA,F,F03,R05,14.99,1,8.48,1,1,1,1,1,1
SA20/F04_SA20_R01.csv,SA20,SA,F,F04,R01,15.00,1,6.76,1,1,1,1,1,1
SA20/F04_SA20_R02.csv,SA20,SA,F,F04,R02,15.00,1,7.52,1,1,1,1,1,1
SA20/F04_SA20_R03.csv,SA20,SA,F,F04,R03,15.00,1,8.18,1,1,1,1,1,1
SA20/F04_SA20_R04.csv,SA20,SA,F,F04,R04,15.00,1,7.74,1,1,1,1,1,1
SA20/F04_SA20_R05.csv,SA20,SA,F,F04,R05,15.00,1,7.06,1,1,1,1,1,1
SA20/F05_SA20_R01.csv,SA20,SA,F,F05,R01,15.00,1,5.22,1,1,2,2,2,1
SA20/F05_SA20_R02.csv,SA20,SA,F,F05,R02,15.00,1,4.56,1,1,2,2,2,1
SA20/F05_SA20_R03.csv,SA20,SA,F,F05,R03,15.00,0,,1,1,1,1,1,0
SA20/F05_SA20_R04.csv,SA20,SA,F,F05,R04,15.00,1,4.72,1,1,2,2,2,1
SA20/F05_SA20_R05.csv,SA20,SA,F,F05,R05,15.00,1,5.90,1,1,1,1,1,1
SA20/F06_SA20_R01.csv,SA20,SA,F,F06,R01,14.99,1,8.38,1,1,1,1,1,1
SA20/F06_SA20_R02.csv,SA20,SA,F,F06,R02,15.00,1,9.02,1,1,2,2,2,1
SA20/F06_SA20_R03.csv,SA20,SA,F,F06,R03,15.00,1,8.40,1,1,1,1,1,1
SA20/F06_SA20_R04.csv,SA20,SA,F,F06,R04,15.00,0,,1,0,0,0,0,0
SA20/F06_SA20_R05.csv,SA20,SA,F,F06,R05,15.00,1,9.54,1,1,2,1,1,1
SA20/F07_SA20_R01.csv,SA20,SA,F,F07,R01,15.00,1,8.40,1,1,1,1,1,1
SA20/F07_SA20_R02.csv,SA20,SA,F,F07,R02,15.00,1,8.68,1,1,1,1,1,1
SA20/F07_SA20_R03.csv,SA20,SA,F,F07,R03,15.00,1,8.92,1,1,1,1,1,1
SA20/F07_SA20_R04.csv,SA20,SA,F,F07,R04,15.00,1,9.56,1,1,1,1,1,1
SA20/F07_SA20_R05.csv,SA20,SA,F,F07,R05,14.99,1,8.14,1,1,1,1,1,1
SA20/F08_SA20_R01.csv,SA20,SA,F,F08,R01,15.00,1,7.36,1,1,1,1,1,1
SA20/F08_SA20_R02.csv,SA20,SA,F,F08,R02,15.00,1,6.20,1,1,1,1,1,1
SA20/F08_SA20_R03.csv,SA20,SA,F,F08,R03,15.00,1,7.56,1,1,1,1,1,1
SA20/F08_SA20_R04.csv,SA20,SA,F,F08,R04,15.00,1,8.84,1,1,1,1,1,1
SA20/F08_SA20_R05.csv,SA20,SA,F,F08,R05,14.99,1,7.14,1,1,1,1,1,1
SA20/F09_SA20_R01.csv,SA20,SA,F,F09,R01,15.00,1,5.38,1,1,1,1,1,1
SA20/F09_SA20_R02.csv,SA20,SA,F,F09,R02,15.00,1,6.20,1,1,1,1,1,1
SA20/F09_SA20_R03.csv,SA20,SA,F,F09,R03,15.00,1,6.66,1,1,1,1,1,1
SA20/F09_SA20_R04.csv,SA20,SA,F,F09,R04,15.00,1,5.38,1,1,1,1,1,1
SA20/F09_SA20_R05.csv,SA20,SA,F,F09,R05,15.00,1,6.32,1,1,1,1,1,1
SA20/F10_SA20_R01.csv,SA20,SA,F,F10,R01,15.00,1,5.20,1,1,1,1,1,1
SA20/F10_SA20_R02.csv,SA20,SA,F,F10,R02,15.00,1,5.76,1,1,1,1,1,1
SA20/F10_SA20_R03.csv,SA20,SA,F,F10,R03,15.00,1,5.88,1,1,1,1,1,1
SA20/F10_SA20_R05.csv,SA20,SA,F,F10,R05,15.00,1,5.60,1,1,1,1,1,1
SA20/F11_SA20_R01.csv,SA20,SA,F,F11,R01,14.99,1,5.72,1,1,1,1,1,1
SA20/F11_SA20_R02.csv,SA20,SA,F,F11,R02,15.00,1,5.62,1,1,1,1,1,1
SA20/F11_SA20_R03.csv,SA20,SA,F,F11,R03,15.00,1,5.26,1,1,1,1,1,1
SA20/F11_SA20_R04.csv,SA20,SA,F,F11,R04,15.00,1,7.98,1,1,1,1,1,1
SA20/F11_SA20_R05.csv,SA20,SA,F,F11,R05,15.00,1,7.66,1,1,1,1,1,1
SA20/F12_SA20_R01.csv,SA20,SA,F,F12,R01,15.00,1,4.74,1,1,1,1,1,1
SA20/F12_SA20_R02.csv,SA20,SA,F,F12,R02,15.00,1,5.06,1,1,1,1,1,1
SA20/F12_SA20_R03.csv,SA20,SA,F,F12,R03,15.00,1,5.44,1,1,1,1,1,1
SA20/F12_SA20_R04.csv,SA20,SA,F,F12,R04,15.00,1,6.26,1,1,1,1,1,1
SA20/F12_SA20_R05.csv,SA20,SA,F,F12,R05,14.99,1,6.02,1,1,1,1,1,1
SA20/F13_SA20_R01.csv,SA20,SA,F,F13,R01,15.00,1,8.08,1,1,1,1,1,1
SA20/F13_SA20_R02.csv,SA20,SA,F,F13,R02,15.00,1,6.70,1,1,1,1,1,1
SA20/F13_SA20_R03.csv,SA20,SA,F,F13,R03,15.00,1,6.98,1,1,1,1,1,1
SA20/F13_SA20_R04.csv,SA20,SA,F,F13,R04,15.00,1,6.18,1,1,1,1,1,1
SA20/F13_SA20_R05.csv,SA20,SA,F,F13,R05,15.00,0,,1,0,0,0,0,0
SA20/F14_SA20_R01.csv,SA20,SA,F,F14,R01,15.00,1,4.60,1,1,1,1,1,1
SA20/F14_SA20_R02.csv,SA20,SA,F,F14,R02,15.00,1,3.04,1,1,1,1,1,1
SA20/F14_SA20_R03.csv,SA20,SA,F,F14,R03,15.00,1,4.10,1,1,1,1,1,1
SA20/F14_SA20_R04.csv,SA20,SA,F,F14,R04,15.00,1,5.20,1,1,1,1,1,1
SA20/F14_SA20_R05.csv,SA20,SA,F,F14,R05,15.00,1,5.88,1,1,1,1,1,1
SA20/F15_SA20_R01.csv,SA20,SA,F,F15,R01,15.00,1,5.46,1,1,1,1,1,1
SA20/F15_SA20_R02.csv,SA20,SA,F,F15,R02,15.00,1,5.02,1,1,1,1,1,1
SA20/F15_SA20_R03.csv,SA20,SA,F,F15,R03,15.00,1,4.50,1,1,1,1,1,1
SA20/F15_SA20_R04.csv,SA20,SA,F,F15,R04,15.00,1,5.08,1,1,1,1,1,1
SA20/F15_SA20_R05.csv,SA20,SA,F,F15,R05,15.00,1,4.84,1,1,1,1,1,1
SA21/D01_SA21_R01.csv,SA21,SA,D,D01,R01,100.00,0,,0,0,0,0,0,0
SA21/D02_SA21_R01.csv,SA21,SA,D,D02,R01,100.00,0,,1,0,0,0,0,0
SA21/D03_SA21_R01.csv,SA21,SA,D,D03,R01,100.00,0,,1,0,0,0,0,0
SA21/D04_SA21_R01.csv,SA21,SA,D,D04,R01,100.00,0,,1,1,1,1,1,0
SA21/D05_SA21_R01.csv,SA21,SA,D,D05,R01,25.00,0,,1,0,0,0,0,0
SA21/D05_SA21_R02.csv,SA21,SA,D,D05,R02,25.00,0,,1,0,0,0,0,0
SA21/D05_SA21_R03.csv,SA21,SA,D,D05,R03,25.00,0,,1,0,0,0,0,0
SA21/D05_SA21_R04.csv,SA21,SA,D,D05,R04,25.00,0,,1,0,0,0,0,0
SA21/D05_SA21_R05.csv,SA21,SA,D,D05,R05,25.00,0,,1,0,0,0,0,0
SA21/D06_SA21_R01.csv,SA21,SA,D,D06,R01,25.00,0,,1,1,2,2,2,0
SA21/D06_SA21_R02.csv,SA21,SA,D,D06,R02,25.00,0,,1,1,0,0,0,0
SA21/D06_SA21_R03.csv,SA21,SA,D,D06,R03,25.00,0,,1,1,2,2,2,0
SA21/D06_SA21_R04.csv,SA21,SA,D,D06,R04,25.00,0,,1,1,1,1,1,0
SA21/D06_SA21_R05.csv,SA21,SA,D,D06,R05,25.00,0,,1,1,2,2,2,0
SA21/D07_SA21_R01.csv,SA21,SA,D,D07,R01,12.00,0,,0,0,0,0,0,0
SA21/D07_SA21_R02.csv,SA21,SA,D,D07,R02,12.00,0,,0,0,0,0,0,0
SA21/D07_SA21_R03.csv,SA21,SA,D,D07,R03,12.00,0,,0,0,0,0,0,0
SA21/D07_SA21_R04.csv,SA21,SA,D,D07,R04,12.00,0,,0,0,0,0,0,0
SA21/D07_SA21_R05.csv,SA21,SA,D,D07,R05,12.00,0,,0,0,0,0,0,0
SA21/D08_SA21_R01.csv,SA21,SA,D,D08,R01,12.00,1,1.80,1,1,1,1,1,1
SA21/D08_SA21_R02.csv,SA21,SA,D,D08,R02,12.00,1,2.02,1,1,1,1,1,1
SA21/D08_SA21_R03.csv,SA21,SA,D,D08,R03,12.00,0,,1,0,0,0,0,0
SA21/D08_SA21_R04.csv,SA21,SA,D,D08,R04,12.00,0,,1,0,0,0,0,0
SA21/D08_SA21_R05.csv,SA21,SA,D,D08,R05,12.00,0,,1,0,0,0,0,0
SA21/D09_SA21_R01.csv,SA21,SA,D,D09,R01,12.00,0,,0,0,0,0,0,0
SA21/D09_SA21_R02.csv,SA21,SA,D,D09,R02,12.00,0,,1,0,0,0,0,0
SA21/D09_SA21_R03.csv,SA21,SA,D,D09,R03,12.00,0,,0,0,0,0,0,0
SA21/D09_SA21_R04.csv,SA21,SA,D,D09,R04,12.00,0,,0,0,0,0,0,0
SA21/D09_SA21_R05.csv,SA21,SA,D,D09,R05,12.00,0,,0,0,0,0,0,0
SA21/D10_SA21_R01.csv,SA21,SA,D,D10,R01,12.00,0,,1,0,0,0,0,0
SA21/D10_SA21_R02.csv,SA21,SA,D,D10,R02,12.00,0,,1,0,0,0,0,0
SA21/D10_SA21_R03.csv,SA21,SA,D,D10,R03,12.00,0,,1,0,0,0,0,0
SA21/D10_SA21_R04.csv,SA21,SA,D,D10,R04,12.00,0,,1,0,0,0,0,0
SA21/D10_SA21_R05.csv,SA21,SA,D,D10,R05,12.00,0,,1,0,0,0,0,0
SA21/D11_SA21_R01.csv,SA21,SA,D,D11,R01,11.99,1,5.68,1,1,1,1,1,1
SA21/D11_SA21_R02.csv,SA21,SA,D,D11,R02,12.00,1,5.68,1,1,1,1,1,1
SA21/D11_SA21_R03.csv,SA21,SA,D,D11,R03,12.00,1,5.08,1,1,1,1,1,1
SA21/D11_SA21_R04.csv,SA21,SA,D,D11,R04,12.00,1,6.00,1,1,1,1,1,1
SA21/D11_SA21_R05.csv,SA21,SA,D,D11,R05,12.00,1,5.96,1,1,1,1,1,1
SA21/D12_SA21_R01.csv,SA21,SA,D,D12,R01,12.00,0,,0,0,0,0,0,0
SA21/D12_SA21_R02.csv,SA21,SA,D,D12,R02,12.00,0,,0,0,0,0,0,0
SA21/D12_SA21_R03.csv,SA21,SA,D,D12,R03,12.00,0,,0,0,0,0,0,0
SA21/D12_SA21_R04.csv,SA21,SA,D,D12,R04,12.00,0,,0,0,0,0,0,0
SA21/D12_SA21_R05.csv,SA21,SA,D,D12,R05,12.00,0,,0,0,0,0,0,0
SA21/D13_SA21_R01.csv,SA21,SA,D,D13,R01,12.00,0,,1,0,0,0,0,0
SA21/D13_SA21_R02.csv,SA21,SA,D,D13,R02,12.00,0,,0,0,0,0,0,0
SA21/D13_SA21_R03.csv,SA21,SA,D,D13,R03,12.00,0,,1,0,0,0,0,0
SA21/D13_SA21_R04.csv,SA21,SA,D,D13,R04,12.00,0,,1,0,0,0,0,0
SA21/D13_SA21_R05.csv,SA21,SA,D,D13,R05,12.00,0,,0,0,0,0,0,0
SA21/D14_SA21_R01.csv,SA21,SA,D,D14,R01,12.00,0,,1,0,0,0,0,0
SA21/D14_SA21_R02.csv,SA21,SA,D,D14,R02,12.00,0,,1,0,0,0,0,0
SA21/D14_SA21_R03.csv,SA21,SA,D,D14,R03,12.00,0,,1,0,0,0,0,0
SA21/D14_SA21_R04.csv,SA21,SA,D,D14,R04,12.00,0,,1,0,0,0,0,0
SA21/D14_SA21_R05.csv,SA21,SA,D,D14,R05,12.00,0,,1,0,0,0,0,0
SA21/D15_SA21_R01.csv,SA21,SA,D,D15,R01,12.00,0,,0,0,0,0,0,0
SA21/D15_SA21_R02.csv,SA21,SA,D,D15,R02,12.00,0,,0,0,0,0,0,0
SA21/D15_SA21_R03.csv,SA21,SA,D,D15,R03,12.00,0,,0,0,0,0,0,0
SA21/D15_SA21_R04.csv,SA21,SA,D,D15,R04,12.00,0,,0,0,0,0,0,0
SA21/D15_SA21_R05.csv,SA21,SA,D,D15,R05,12.00,0,,0,0,0,0,0,0
SA21/D16_SA21_R01.csv,SA21,SA,D,D16,R01,11.99,0,,0,0,0,0,0,0
SA21/D16_SA21_R02.csv,SA21,SA,D,D16,R02,12.00,0,,0,0,0,0,0,0
SA21/D16_SA21_R03.csv,SA21,SA,D,D16,R03,12.00,0,,0,0,0,0,0,0
SA21/D16_SA21_R04.csv,SA21,SA,D,D16,R04,12.00,0,,0,0,0,0,0,0
SA21/D16_SA21_R05.csv,SA21,SA,D,D16,R05,12.00,0,,0,0,0,0,0,0
SA21/D17_SA21_R01.csv,SA21,SA,D,D17,R01,25.00,0,,0,0,0,0,0,0
SA21/D17_SA21_R02.csv,SA21,SA,D,D17,R02,25.00,0,,0,0,0,0,0,0
SA21/D17_SA21_R03.csv,SA21,SA,D,D17,R03,25.00,0,,0,0,0,0,0,0
SA21/D17_SA21_R04.csv,SA21,SA,D,D17,R04,25.00,0,,0,0,0,0,0,0
SA21/D17_SA21_R05.csv,SA21,SA,D,D17,R05,25.00,0,,1,0,0,0,0,0
SA21/D18_SA21_R01.csv,SA21,SA,D,D18,R01,12.00,1,4.88,1,1,1,1,1,1
SA21/D18_SA21_R02.csv,SA21,SA,D,D18,R02,12.00,1,6.56,1,1,1,1,1,1
SA21/D18_SA21_R03.csv,SA21,SA,D,D18,R03,12.00,1,6.04,1,1,1,1,1,1
SA21/D18_SA21_R04.csv,SA21,SA,D,D18,R04,12.00,1,6.22,1,1,1,1,1,1
SA21/D18_SA21_R05.csv,SA21,SA,D,D18,R05,12.00,1,5.78,1,1,1,1,1,1
SA21/D19_SA21_R01.csv,SA21,SA,D,D19,R01,12.00,0,,1,1,4,2,2,0
SA21/D19_SA21_R02.csv,SA21,SA,D,D19,R02,12.00,1,8.06,1,1,3,2,2,1
SA21/D19_SA21_R03.csv,SA21,SA,D,D19,R03,12.00,0,,1,1,4,2,2,0
SA21/D19_SA21_R04.csv,SA21,SA,D,D19,R04,12.00,0,,1,1,3,2,2,0
SA21/D19_SA21_R05.csv,SA21,SA,D,D19,R05,12.00,1,7.10,1,1,2,2,2,1
SA21/F01_SA21_R01.csv,SA21,SA,F,F01,R01,15.00,1,6.58,1,1,1,1,1,1
SA21/F01_SA21_R02.csv,SA21,SA,F,F01,R02,15.00,1,6.36,1,1,1,1,1,1
SA21/F01_SA21_R03.csv,SA21,SA,F,F01,R03,15.00,1,5.82,1,1,1,1,1,1
SA21/F01_SA21_R04.csv,SA21,SA,F,F01,R04,15.00,1,6.68,1,1,1,1,1,1
SA21/F01_SA21_R05.csv,SA21,SA,F,F01,R05,15.00,1,7.08,1,1,1,1,1,1
SA21/F02_SA21_R01.csv,SA21,SA,F,F02,R01,15.00,1,7.84,1,1,1,1,1,1
SA21/F02_SA21_R02.csv,SA21,SA,F,F02,R02,15.00,1,8.52,1,1,1,1,1,1
SA21/F02_SA21_R03.csv,SA21,SA,F,F02,R03,15.00,1,11.46,1,1,1,1,1,1
SA21/F02_SA21_R04.csv,SA21,SA,F,F02,R04,15.00,1,8.88,1,1,1,1,1,1
SA21/F02_SA21_R05.csv,SA21,SA,F,F02,R05,15.00,1,6.90,1,1,2,2,2,1
SA21/F03_SA21_R01.csv,SA21,SA,F,F03,R01,15.00,1,6.76,1,1,1,1,1,1
SA21/F03_SA21_R02.csv,SA21,SA,F,F03,R02,15.00,1,7.28,1,1,2,1,1,1
SA21/F03_SA21_R03.csv,SA21,SA,F,F03,R03,15.00,1,6.92,1,1,2,1,1,1
SA21/F03_SA21_R04.csv,SA21,SA,F,F03,R04,15.00,1,6.56,1,1,1,1,1,1
SA21/F03_SA21_R05.csv,SA21,SA,F,F03,R05,15.00,1,6.30,1,1,1,1,1,1
SA21/F04_SA21_R01.csv,SA21,SA,F,F04,R01,15.00,1,6.50,1,1,2,1,1,1
SA21/F04_SA21_R02.csv,SA21,SA,F,F04,R02,15.00,1,8.34,1,1,1,1,1,1
SA21/F04_SA21_R03.csv,SA21,SA,F,F04,R03,15.00,1,6.60,1,1,1,1,1,1
SA21/F04_SA21_R04.csv,SA21,SA,F,F04,R04,15.00,1,7.42,1,1,1,1,1,1
SA21/F04_SA21_R05.csv,SA21,SA,F,F04,R05,15.00,1,6.36,1,1,1,1,1,1
SA21/F05_SA21_R01.csv,SA21,SA,F,F05,R01,15.00,0,,1,1,0,0,0,0
SA21/F05_SA21_R02.csv,SA21,SA,F,F05,R02,15.00,1,5.94,1,1,1,1,1,1
SA21/F05_SA21_R03.csv,SA21,SA,F,F05,R03,15.00,1,5.98,1,1,1,1,1,1
SA21/F05_SA21_R04.csv,SA21,SA,F,F05,R04,15.00,0,,1,1,0,0,0,0
SA21/F05_SA21_R05.csv,SA21,SA,F,F05,R05,15.00,0,,1,1,0,0,0,0
SA21/F06_SA21_R01.csv,SA21,SA,F,F06,R01,15.00,0,,1,1,1,1,0,0
SA21/F06_SA21_R02.csv,SA21,SA,F,F06,R02,15.00,1,6.62,1,1,1,1,1,1
SA21/F06_SA21_R03.csv,SA21,SA,F,F06,R03,15.00,1,7.92,1,1,1,1,1,1
SA21/F06_SA21_R04.csv,SA21,SA,F,F06,R04,15.00,1,10.62,1,1,1,1,1,1
SA21/F06_SA21_R05.csv,SA21,SA,F,F06,R05,15.00,1,9.54,1,1,1,1,1,1
SA21/F07_SA21_R01.csv,SA21,SA,F,F07,R01,15.00,0,,1,0,0,0,0,0
SA21/F07_SA21_R02.csv,SA21,SA,F,F07,R02,15.00,1,10.08,1,1,1,1,1,1
SA21/F07_SA21_R03.csv,SA21,SA,F,F07,R03,15.00,1,9.80,1,1,2,1,1,1
SA21/F07_SA21_R04.csv,SA21,SA,F,F07,R04,15.00,1,9.12,1,1,2,1,1,1
SA21/F07_SA21_R05.csv,SA21,SA,F,F07,R05,15.00,1,10.70,1,1,2,1,1,1
SA21/F08_SA21_R01.csv,SA21,SA,F,F08,R01,15.00,1,5.58,1,1,1,1,1,1
SA21/F08_SA21_R02.csv,SA21,SA,F,F08,R02,15.00,1,5.96,1,1,1,1,1,1
SA21/F08_SA21_R03.csv,SA21,SA,F,F08,R03,15.00,0,,1,0,0,0,0,0
SA21/F08_SA21_R04.csv,SA21,SA,F,F08,R04,15.00,1,6.22,1,1,1,1,1,1
SA21/F08_SA21_R05.csv,SA21,SA,F,F08,R05,15.00,1,7.60,1,1,1,1,1,1
SA21/F09_SA21_R01.csv,SA21,SA,F,F09,R01,15.00,1,5.04,1,1,1,1,1,1
SA21/F09_SA21_R02.csv,SA21,SA,F,F09,R02,15.00,1,7.96,1,1,1,1,1,1
SA21/F09_SA21_R03.csv,SA21,SA,F,F09,R03,15.00,1,6.72,1,1,1,1,1,1
SA21/F09_SA21_R04.csv,SA21,SA,F,F09,R04,15.00,1,6.14,1,1,1,1,1,1
SA21/F09_SA21_R05.csv,SA21,SA,F,F09,R05,15.00,1,7.02,1,1,1,1,1,1
SA21/F10_SA21_R01.csv,SA21,SA,F,F10,R01,15.00,0,,1,0,0,0,0,0
SA21/F10_SA21_R02.csv,SA21,SA,F,F10,R02,15.00,1,6.28,1,1,1,1,1,1
SA21/F10_SA21_R03.csv,SA21,SA,F,F10,R03,15.00,1,5.32,1,1,1,1,1,1
SA21/F10_SA21_R04.csv,SA21,SA,F,F10,R04,15.00,1,6.32,1,1,1,1,1,1
SA21/F10_SA21_R05.csv,SA21,SA,F,F10,R05,15.00,1,6.26,1,1,1,1,1,1
SA21/F11_SA21_R01.csv,SA21,SA,F,F11,R01,14.99,0,,1,1,0,0,0,0
SA21/F11_SA21_R02.csv,SA21,SA,F,F11,R02,15.00,1,7.48,1,1,1,1,1,1
SA21/F11_SA21_R03.csv,SA21,SA,F,F11,R03,15.00,1,4.94,1,1,1,1,1,1
SA21/F11_SA21_R04.csv,SA21,SA,F,F11,R04,15.00,0,,1,1,0,0,0,0
SA21/F11_SA21_R05.csv,SA21,SA,F,F11,R05,15.00,0,,1,1,0,0,0,0
SA21/F12_SA21_R01.csv,SA21,SA,F,F12,R01,15.00,0,,1,1,0,0,0,0
SA21/F12_SA21_R02.csv,SA21,SA,F,F12,R02,15.00,1,6.58,1,1,1,1,1,1
SA21/F12_SA21_R03.csv,SA21,SA,F,F12,R03,15.00,0,,1,1,0,0,0,0
SA21/F12_SA21_R04.csv,SA21,SA,F,F12,R04,15.00,1,4.96,1,1,1,1,1,1
SA21/F12_SA21_R05.csv,SA21,SA,F,F12,R05,15.00,1,6.34,1,1,1,1,1,1
SA21/F13_SA21_R01.csv,SA21,SA,F,F13,R01,15.00,0,,1,0,0,0,0,0
SA21/F13_SA21_R02.csv,SA21,SA,F,F13,R02,15.00,0,,1,0,0,0,0,0
SA21/F13_SA21_R03.csv,SA21,SA,F,F13,R03,15.00,1,4.40,1,1,1,1,1,1
SA21/F13_SA21_R04.csv,SA21,SA,F,F13,R04,15.00,1,5.84,1,1,1,1,1,1
SA21/F13_SA21_R05.csv,SA21,SA,F,F13,R05,15.00,0,,1,0,0,0,0,0
SA21/F14_SA21_R01.csv,SA21,SA,F,F14,R01,15.00,1,4.80,1,1,1,1,1,1
SA21/F14_SA21_R02.csv,SA21,SA,F,F14,R02,15.00,1,5.50,1,1,1,1,1,1
SA21/F14_SA21_R03.csv,SA21,SA,F,F14,R03,15.00,1,4.72,1,1,1,1,1,1
SA21/F14_SA21_R04.csv,SA21,SA,F,F14,R04,15.00,1,4.86,1,1,1,1,1,1
SA21/F14_SA21_R05.csv,SA21,SA,F,F14,R05,15.00,1,6.48,1,1,1,1,1,1
SA21/F15_SA21_R01.csv,SA21,SA,F,F15,R01,15.00,1,5.14,1,1,1,1,1,1
SA21/F15_SA21_R02.csv,SA21,SA,F,F15,R02,15.00,1,4.98,1,1,1,1,1,1
SA21/F15_SA21_R03.csv,SA21,SA,F,F15,R03,15.00,1,4.46,1,1,1,1,1,1
SA21/F15_SA21_R04.csv,SA21,SA,F,F15,R04,15.00,0,,1,0,0,0,0,0
SA21/F15_SA21_R05.csv,SA21,SA,F,F15,R05,15.00,1,5.46,1,1,1,1,1,1
SA22/D01_SA22_R01.csv,SA22,SA,D,D01,R01,100.00,0,,1,0,0,0,0,0
SA22/D02_SA22_R01.csv,SA22,SA,D,D02,R01,100.00,0,,1,0,0,0,0,0
SA22/D03_SA22_R01.csv,SA22,SA,D,D03,R01,100.00,0,,1,1,1,1,1,0
SA22/D04_SA22_R01.csv,SA22,SA,D,D04,R01,99.98,0,,1,1,1,1,1,0
SA22/D05_SA22_R01.csv,SA22,SA,D,D05,R01,25.00,0,,1,0,0,0,0,0
SA22/D05_SA22_R02.csv,SA22,SA,D,D05,R02,25.00,1,22.66,1,1,1,1,1,1
SA22/D05_SA22_R03.csv,SA22,SA,D,D05,R03,25.00,1,21.42,1,1,1,1,1,1
SA22/D05_SA22_R04.csv,SA22,SA,D,D05,R04,25.00,1,16.00,1,1,3,2,2,1
SA22/D05_SA22_R05.csv,SA22,SA,D,D05,R05,25.00,0,,1,1,0,0,0,0
SA22/D06_SA22_R01.csv,SA22,SA,D,D06,R01,25.00,0,,1,1,1,1,1,0
SA22/D06_SA22_R02.csv,SA22,SA,D,D06,R02,25.00,0,,1,1,1,1,1,0
SA22/D06_SA22_R03.csv,SA22,SA,D,D06,R03,25.00,0,,1,1,2,2,2,0
SA22/D06_SA22_R04.csv,SA22,SA,D,D06,R04,25.00,0,,1,1,2,2,2,0
SA22/D06_SA22_R05.csv,SA22,SA,D,D06,R05,25.00,0,,1,1,3,3,3,0
SA22/D07_SA22_R01.csv,SA22,SA,D,D07,R01,11.99,0,,0,0,0,0,0,0
SA22/D07_SA22_R02.csv,SA22,SA,D,D07,R02,12.00,0,,0,0,0,0,0,0
SA22/D07_SA22_R03.csv,SA22,SA,D,D07,R03,12.00,0,,0,0,0,0,0,0
SA22/D07_SA22_R04.csv,SA22,SA,D,D07,R04,12.00,0,,0,0,0,0,0,0
SA22/D07_SA22_R05.csv,SA22,SA,D,D07,R05,12.00,0,,0,0,0,0,0,0
SA22/D08_SA22_R01.csv,SA22,SA,D,D08,R01,12.00,0,,1,0,0,0,0,0
SA22/D08_SA22_R02.csv,SA22,SA,D,D08,R02,12.00,0,,1,0,0,0,0,0
SA22/D08_SA22_R03.csv,SA22,SA,D,D08,R03,12.00,0,,1,0,0,0,0,0
SA22/D08_SA22_R04.csv,SA22,SA,D,D08,R04,12.00,0,,1,0,0,0,0,0
SA22/D08_SA22_R05.csv,SA22,SA,D,D08,R05,11.99,0,,1,0,0,0,0,0
SA22/D09_SA22_R01.csv,SA22,SA,D,D09,R01,11.99,0,,1,0,0,0,0,0
SA22/D09_SA22_R02.csv,SA22,SA,D,D09,R02,12.00,0,,0,0,0,0,0,0
SA22/D09_SA22_R03.csv,SA22,SA,D,D09,R03,12.00,0,,0,0,0,0,0,0
SA22/D09_SA22_R04.csv,SA22,SA,D,D09,R04,12.00,0,,0,0,0,0,0,0
SA22/D09_SA22_R05.csv,SA22,SA,D,D09,R05,12.00,0,,0,0,0,0,0,0
SA22/D10_SA22_R01.csv,SA22,SA,D,D10,R01,12.00,1,3.44,1,1,1,1,1,1
SA22/D10_SA22_R02.csv,SA22,SA,D,D10,R02,12.00,1,3.36,1,1,1,1,1,1
SA22/D10_SA22_R03.csv,SA22,SA,D,D10,R03,12.00,1,3.48,1,1,1,1,1,1
SA22/D10_SA22_R04.csv,SA22,SA,D,D10,R04,12.00,1,3.96,1,1,1,1,1,1
SA22/D10_SA22_R05.csv,SA22,SA,D,D10,R05,12.00,1,3.24,1,1,1,1,1,1
SA22/D11_SA22_R01.csv,SA22,SA,D,D11,R01,11.99,0,,1,1,0,0,0,0
SA22/D11_SA22_R02.csv,SA22,SA,D,D11,R02,12.00,0,,1,0,0,0,0,0
SA22/D11_SA22_R03.csv,SA22,SA,D,D11,R03,12.00,0,,1,0,0,0,0,0
SA22/D11_SA22_R04.csv,SA22,SA,D,D11,R04,12.00,0,,1,0,0,0,0,0
SA22/D11_SA22_R05.csv,SA22,SA,D,D11,R05,12.00,1,6.50,1,1,1,1,1,1
SA22/D12_SA22_R01.csv,SA22,SA,D,D12,R01,12.00,0,,0,0,0,0,0,0
SA22/D12_SA22_R02.csv,SA22,SA,D,D12,R02,12.00,0,,0,0,0,0,0,0
SA22/D12_SA22_R03.csv,SA22,SA,D,D12,R03,12.00,0,,0,0,0,0,0,0
SA22/D12_SA22_R04.csv,SA22,SA,D,D12,R04,12.00,0,,0,0,0,0,0,0
SA22/D12_SA22_R05.csv,SA22,SA,D,D12,R05,12.00,0,,0,0,0,0,0,0
SA22/D13_SA22_R01.csv,SA22,SA,D,D13,R01,12.00,0,,0,0,0,0,0,0
SA22/D13_SA22_R02.csv,SA22,SA,D,D13,R02,12.00,0,,0,0,0,0,0,0
SA22/D13_SA22_R03.csv,SA22,SA,D,D13,R03,12.00,0,,0,0,0,0,0,0
SA22/D13_SA22_R04.csv,SA22,SA,D,D13,R04,12.00,0,,0,0,0,0,0,0
SA22/D13_SA22_R05.csv,SA22,SA,D,D13,R05,12.00,0,,0,0,0,0,0,0
SA22/D14_SA22_R01.csv,SA22,SA,D,D14,R01,12.00,0,,0,0,0,0,0,0
SA22/D14_SA22_R02.csv,SA22,SA,D,D14,R02,12.00,0,,0,0,0,0,0,0
SA22/D14_SA22_R03.csv,SA22,SA,D,D14,R03,12.00,0,,0,0,0,0,0,0
SA22/D14_SA22_R04.csv,SA22,SA,D,D14,R04,12.00,0,,0,0,0,0,0,0
SA22/D14_SA22_R05.csv,SA22,SA,D,D14,R05,12.00,0,,0,0,0,0,0,0
SA22/D15_SA22_R01.csv,SA22,SA,D,D15,R01,12.00,0,,0,0,0,0,0,0
SA22/D15_SA22_R02.csv,SA22,SA,D,D15,R02,12.00,0,,0,0,0,0,0,0
SA22/D15_SA22_R03.csv,SA22,SA,D,D15,R03,12.00,0,,0,0,0,0,0,0
SA22/D15_SA22_R04.csv,SA22,SA,D,D15,R04,12.00,0,,0,0,0,0,0,0
SA22/D15_SA22_R05.csv,SA22,SA,D,D15,R05,11.99,0,,0,0,0,0,0,0
SA22/D16_SA22_R01.csv,SA22,SA,D,D16,R01,11.99,0,,0,0,0,0,0,0
SA22/D16_SA22_R02.csv,SA22,SA,D,D16,R02,12.00,0,,0,0,0,0,0,0
SA22/D16_SA22_R03.csv,SA22,SA,D,D16,R03,12.00,0,,0,0,0,0,0,0
SA22/D16_SA22_R04.csv,SA22,SA,D,D16,R04,12.00,0,,0,0,0,0,0,0
SA22/D16_SA22_R05.csv,SA22,SA,D,D16,R05,12.00,0,,0,0,0,0,0,0
SA22/D17_SA22_R01.csv,SA22,SA,D,D17,R01,25.00,0,,0,0,0,0,0,0
SA22/D17_SA22_R02.csv,SA22,SA,D,D17,R02,25.00,0,,1,0,0,0,0,0
SA22/D17_SA22_R03.csv,SA22,SA,D,D17,R03,25.00,0,,0,0,0,0,0,0
SA22/D17_SA22_R04.csv,SA22,SA,D,D17,R04,25.00,0,,0,0,0,0,0,0
SA22/D17_SA22_R05.csv,SA22,SA,D,D17,R05,25.00,0,,1,0,0,0,0,0
SA22/D18_SA22_R01.csv,SA22,SA,D,D18,R01,11.97,1,5.78,1,1,1,1,1,1
SA22/D18_SA22_R02.csv,SA22,SA,D,D18,R02,12.00,1,5.58,1,1,1,1,1,1
SA22/D18_SA22_R03.csv,SA22,SA,D,D18,R03,12.00,1,7.04,1,1,1,1,1,1
SA22/D18_SA22_R04.csv,SA22,SA,D,D18,R04,12.00,1,6.14,1,1,1,1,1,1
SA22/D18_SA22_R05.csv,SA22,SA,D,D18,R05,12.00,1,6.44,1,1,1,1,1,1
SA22/D19_SA22_R01.csv,SA22,SA,D,D19,R01,12.00,1,8.00,1,1,2,2,2,1
SA22/D19_SA22_R02.csv,SA22,SA,D,D19,R02,12.00,1,7.00,1,1,2,2,2,1
SA22/D19_SA22_R03.csv,SA22,SA,D,D19,R03,12.00,1,6.68,1,1,2,2,2,1
SA22/D19_SA22_R04.csv,SA22,SA,D,D19,R04,12.00,1,6.14,1,1,2,2,2,1
SA22/D19_SA22_R05.csv,SA22,SA,D,D19,R05,12.00,1,7.58,1,1,2,2,2,1
SA22/F01_SA22_R01.csv,SA22,SA,F,F01,R01,14.99,1,7.12,1,1,1,1,1,1
SA22/F01_SA22_R02.csv,SA22,SA,F,F01,R02,15.00,1,7.44,1,1,1,1,1,1
SA22/F01_SA22_R03.csv,SA22,SA,F,F01,R03,15.00,1,7.52,1,1,1,1,1,1
SA22/F01_SA22_R04.csv,SA22,SA,F,F01,R04,15.00,1,7.36,1,1,1,1,1,1
SA22/F01_SA22_R05.csv,SA22,SA,F,F01,R05,15.00,1,7.66,1,1,1,1,1,1
SA22/F02_SA22_R01.csv,SA22,SA,F,F02,R01,15.00,1,8.34,1,1,1,1,1,1
SA22/F02_SA22_R02.csv,SA22,SA,F,F02,R02,15.00,1,7.70,1,1,1,1,1,1
SA22/F02_SA22_R03.csv,SA22,SA,F,F02,R03,15.00,1,7.70,1,1,1,1,1,1
SA22/F02_SA22_R04.csv,SA22,SA,F,F02,R04,15.00,1,6.54,1,1,1,1,1,1
SA22/F02_SA22_R05.csv,SA22,SA,F,F02,R05,15.00,1,6.96,1,1,1,1,1,1
SA22/F03_SA22_R01.csv,SA22,SA,F,F03,R01,15.00,1,8.84,1,1,1,1,1,1
SA22/F03_SA22_R02.csv,SA22,SA,F,F03,R02,15.00,1,5.54,1,1,1,1,1,1
SA22/F03_SA22_R03.csv,SA22,SA,F,F03,R03,15.00,1,6.64,1,1,1,1,1,1
SA22/F03_SA22_R04.csv,SA22,SA,F,F03,R04,14.98,1,5.96,1,1,1,1,1,1
SA22/F03_SA22_R05.csv,SA22,SA,F,F03,R05,15.00,1,6.92,1,1,1,1,1,1
SA22/F04_SA22_R01.csv,SA22,SA,F,F04,R01,15.00,1,7.04,1,1,1,1,1,1
SA22/F04_SA22_R02.csv,SA22,SA,F,F04,R02,15.00,0,,1,0,0,0,0,0
SA22/F04_SA22_R03.csv,SA22,SA,F,F04,R03,15.00,1,7.88,1,1,1,1,1,1
SA22/F04_SA22_R04.csv,SA22,SA,F,F04,R04,15.00,1,9.40,1,1,3,3,3,1
SA22/F04_SA22_R05.csv,SA22,SA,F,F04,R05,15.00,1,8.52,1,1,1,1,1,1
SA22/F05_SA22_R01.csv,SA22,SA,F,F05,R01,15.00,0,,1,1,1,1,1,0
SA22/F05_SA22_R02.csv,SA22,SA,F,F05,R02,15.00,0,,1,1,1,1,1,0
SA22/F05_SA22_R03.csv,SA22,SA,F,F05,R03,15.00,1,4.38,1,1,1,1,1,1
SA22/F05_SA22_R04.csv,SA22,SA,F,F05,R04,15.00,1,4.48,1,1,1,1,1,1
SA22/F05_SA22_R05.csv,SA22,SA,F,F05,R05,14.99,0,,1,1,1,1,1,0
SA22/F06_SA22_R01.csv,SA22,SA,F,F06,R01,14.99,1,7.96,1,1,1,1,1,1
SA22/F06_SA22_R02.csv,SA22,SA,F,F06,R02,15.00,1,8.64,1,1,1,1,1,1
SA22/F06_SA22_R03.csv,SA22,SA,F,F06,R03,15.00,1,9.32,1,1,1,1,1,1
SA22/F06_SA22_R04.csv,SA22,SA,F,F06,R04,15.00,1,7.88,1,1,1,1,1,1
SA22/F06_SA22_R05.csv,SA22,SA,F,F06,R05,14.99,1,8.92,1,1,1,1,1,1
SA22/F07_SA22_R01.csv,SA22,SA,F,F07,R01,15.00,0,,1,1,1,1,1,0
SA22/F07_SA22_R02.csv,SA22,SA,F,F07,R02,15.00,1,6.10,1,1,1,1,1,1
SA22/F07_SA22_R03.csv,SA22,SA,F,F07,R03,15.00,1,7.88,1,1,1,1,1,1
SA22/F07_SA22_R04.csv,SA22,SA,F,F07,R04,15.00,1,7.46,1,1,1,1,1,1
SA22/F07_SA22_R05.csv,SA22,SA,F,F07,R05,14.99,1,7.34,1,1,1,1,1,1
SA22/F08_SA22_R01.csv,SA22,SA,F,F08,R01,15.00,1,8.34,1,1,1,1,1,1
SA22/F08_SA22_R02.csv,SA22,SA,F,F08,R02,15.00,1,7.12,1,1,1,1,1,1
SA22/F08_SA22_R03.csv,SA22,SA,F,F08,R03,15.00,1,6.44,1,1,1,1,1,1
SA22/F08_SA22_R04.csv,SA22,SA,F,F08,R04,15.00,1,6.08,1,1,1,1,1,1
SA22/F08_SA22_R05.csv,SA22,SA,F,F08,R05,15.00,1,6.30,1,1,1,1,1,1
SA22/F09_SA22_R01.csv,SA22,SA,F,F09,R01,15.00,1,5.66,1,1,1,1,1,1
SA22/F09_SA22_R02.csv,SA22,SA,F,F09,R02,15.00,1,6.32,1,1,1,1,1,1
SA22/F09_SA22_R03.csv,SA22,SA,F,F09,R03,15.00,1,6.04,1,1,1,1,1,1
SA22/F09_SA22_R04.csv,SA22,SA,F,F09,R04,15.00,1,4.70,1,1,1,1,1,1
SA22/F09_SA22_R05.csv,SA22,SA,F,F09,R05,15.00,1,6.36,1,1,1,1,1,1
SA22/F10_SA22_R01.csv,SA22,SA,F,F10,R01,15.00,1,7.18,1,1,1,1,1,1
SA22/F10_SA22_R02.csv,SA22,SA,F,F10,R02,15.00,1,6.14,1,1,1,1,1,1
SA22/F10_SA22_R03.csv,SA22,SA,F,F10,R03,15.00,1,6.40,1,1,1,1,1,1
SA22/F10_SA22_R04.csv,SA22,SA,F,F10,R04,15.00,1,6.48,1,1,1,1,1,1
SA22/F10_SA22_R05.csv,SA22,SA,F,F10,R05,15.00,1,7.30,1,1,1,1,1,1
SA22/F11_SA22_R01.csv,SA22,SA,F,F11,R01,14.99,1,6.64,1,1,1,1,1,1
SA22/F11_SA22_R02.csv,SA22,SA,F,F11,R02,15.00,1,6.56,1,1,1,1,1,1
SA22/F11_SA22_R03.csv,SA22,SA,F,F11,R03,15.00,1,7.64,1,1,1,1,1,1
SA22/F11_SA22_R04.csv,SA22,SA,F,F11,R04,15.00,1,6.54,1,1,1,1,1,1
SA22/F11_SA22_R05.csv,SA22,SA,F,F11,R05,15.00,1,7.22,1,1,1,1,1,1
SA22/F12_SA22_R01.csv,SA22,SA,F,F12,R01,15.00,1,5.28,1,1,1,1,1,1
SA22/F12_SA22_R02.csv,SA22,SA,F,F12,R02,15.00,1,6.66,1,1,1,1,1,1
SA22/F12_SA22_R03.csv,SA22,SA,F,F12,R03,15.00,1,7.08,1,1,1,1,1,1
SA22/F12_SA22_R04.csv,SA22,SA,F,F12,R04,15.00,1,6.58,1,1,1,1,1,1
SA22/F12_SA22_R05.csv,SA22,SA,F,F12,R05,15.00,1,7.80,1,1,1,1,1,1
SA22/F13_SA22_R01.csv,SA22,SA,F,F13,R01,15.00,0,,1,0,0,0,0,0
SA22/F13_SA22_R02.csv,SA22,SA,F,F13,R02,15.00,0,,1,0,0,0,0,0
SA22/F13_SA22_R03.csv,SA22,SA,F,F13,R03,15.00,1,8.28,1,1,1,1,1,1
SA22/F13_SA22_R04.csv,SA22,SA,F,F13,R04,15.00,1,7.26,1,1,1,1,1,1
SA22/F13_SA22_R05.csv,SA22,SA,F,F13,R05,15.00,0,,1,1,0,0,0,0
SA22/F14_SA22_R01.csv,SA22,SA,F,F14,R01,15.00,1,9.78,1,1,1,1,1,1
SA22/F14_SA22_R02.csv,SA22,SA,F,F14,R02,14.99,1,7.02,1,1,1,1,1,1
SA22/F14_SA22_R03.csv,SA22,SA,F,F14,R03,15.00,1,8.24,1,1,1,1,1,1
SA22/F14_SA22_R04.csv,SA22,SA,F,F14,R04,15.00,1,8.92,1,1,1,1,1,1
SA22/F14_SA22_R05.csv,SA22,SA,F,F14,R05,15.00,1,5.72,1,1,1,1,1,1
SA22/F15_SA22_R01.csv,SA22,SA,F,F15,R01,14.46,1,6.20,1,1,1,1,1,1
SA22/F15_SA22_R02.csv,SA22,SA,F,F15,R02,15.00,1,4.86,1,1,1,1,1,1
SA22/F15_SA22_R03.csv,SA22,SA,F,F15,R03,15.00,1,6.76,1,1,1,1,1,1
SA22/F15_SA22_R04.csv,SA22,SA,F,F15,R04,15.00,1,8.86,1,1,1,1,1,1
SA22/F15_SA22_R05.csv,SA22,SA,F,F15,R05,14.99,1,5.98,1,1,1,1,1,1
SA23/D01_SA23_R01.csv,SA23,SA,D,D01,R01,100.00,0,,1,0,0,0,0,0
SA23/D02_SA23_R01.csv,SA23,SA,D,D02,R01,100.00,0,,1,0,0,0,0,0
SA23/D03_SA23_R01.csv,SA23,SA,D,D03,R01,100.00,0,,1,0,0,0,0,0
SA23/D04_SA23_R01.csv,SA23,SA,D,D04,R01,100.00,0,,1,1,2,1,1,0
SA23/D05_SA23_R01.csv,SA23,SA,D,D05,R01,25.00,0,,1,0,0,0,0,0
SA23/D05_SA23_R02.csv,SA23,SA,D,D05,R02,25.00,0,,1,0,0,0,0,0
SA23/D05_SA23_R03.csv,SA23,SA,D,D05,R03,25.00,0,,1,0,0,0,0,0
SA23/D05_SA23_R04.csv,SA23,SA,D,D05,R04,25.00,0,,1,0,0,0,0,0
SA23/D05_SA23_R05.csv,SA23,SA,D,D05,R05,25.00,0,,1,0,0,0,0,0
SA23/D06_SA23_R01.csv,SA23,SA,D,D06,R01,25.00,0,,1,1,3,2,2,0
SA23/D06_SA23_R02.csv,SA23,SA,D,D06,R02,25.00,0,,1,1,3,2,2,0
SA23/D06_SA23_R03.csv,SA23,SA,D,D06,R03,25.00,0,,1,1,2,2,2,0
SA23/D06_SA23_R04.csv,SA23,SA,D,D06,R04,25.00,0,,1,1,2,2,2,0
SA23/D06_SA23_R05.csv,SA23,SA,D,D06,R05,25.00,0,,1,1,3,2,2,0
SA23/D07_SA23_R01.csv,SA23,SA,D,D07,R01,11.99,0,,0,0,0,0,0,0
SA23/D07_SA23_R02.csv,SA23,SA,D,D07,R02,12.00,0,,0,0,0,0,0,0
SA23/D07_SA23_R03.csv,SA23,SA,D,D07,R03,12.00,0,,0,0,0,0,0,0
SA23/D07_SA23_R04.csv,SA23,SA,D,D07,R04,12.00,0,,0,0,0,0,0,0
SA23/D07_SA23_R05.csv,SA23,SA,D,D07,R05,12.00,0,,0,0,0,0,0,0
SA23/D08_SA23_R01.csv,SA23,SA,D,D08,R01,12.00,0,,1,0,0,0,0,0
SA23/D08_SA23_R02.csv,SA23,SA,D,D08,R02,12.00,0,,1,0,0,0,0,0
SA23/D08_SA23_R03.csv,SA23,SA,D,D08,R03,12.00,0,,1,0,0,0,0,0
SA23/D08_SA23_R04.csv,SA23,SA,D,D08,R04,12.00,0,,1,0,0,0,0,0
SA23/D08_SA23_R05.csv,SA23,SA,D,D08,R05,12.00,0,,1,0,0,0,0,0
SA23/D09_SA23_R01.csv,SA23,SA,D,D09,R01,12.00,0,,0,0,0,0,0,0
SA23/D09_SA23_R02.csv,SA23,SA,D,D09,R02,12.00,0,,0,0,0,0,0,0
SA23/D09_SA23_R03.csv,SA23,SA,D,D09,R03,12.00,0,,0,0,0,0,0,0
SA23/D09_SA23_R04.csv,SA23,SA,D,D09,R04,12.00,0,,0,0,0,0,0,0
SA23/D09_SA23_R05.csv,SA23,SA,D,D09,R05,12.00,0,,0,0,0,0,0,0
SA23/D10_SA23_R01.csv,SA23,SA,D,D10,R01,12.00,0,,1,0,0,0,0,0
SA23/D10_SA23_R02.csv,SA23,SA,D,D10,R02,12.00,0,,1,0,0,0,0,0
SA23/D10_SA23_R03.csv,SA23,SA,D,D10,R03,12.00,0,,1,0,0,0,0,0
SA23/D10_SA23_R04.csv,SA23,SA,D,D10,R04,12.00,0,,1,0,0,0,0,0
SA23/D10_SA23_R05.csv,SA23,SA,D,D10,R05,12.00,0,,1,0,0,0,0,0
SA23/D11_SA23_R01.csv,SA23,SA,D,D11,R01,11.99,1,6.72,1,1,1,1,1,1
SA23/D11_SA23_R02.csv,SA23,SA,D,D11,R02,12.00,1,5.68,1,1,1,1,1,1
SA23/D11_SA23_R03.csv,SA23,SA,D,D11,R03,12.00,0,,1,1,0,0,0,0
SA23/D11_SA23_R04.csv,SA23,SA,D,D11,R04,12.00,0,,1,0,0,0,0,0
SA23/D11_SA23_R05.csv,SA23,SA,D,D11,R05,12.00,1,5.88,1,1,1,1,1,1
SA23/D12_SA23_R01.csv,SA23,SA,D,D12,R01,12.00,0,,0,0,0,0,0,0
SA23/D12_SA23_R02.csv,SA23,SA,D,D12,R02,12.00,0,,0,0,0,0,0,0
SA23/D12_SA23_R03.csv,SA23,SA,D,D12,R03,12.00,0,,0,0,0,0,0,0
SA23/D12_SA23_R04.csv,SA23,SA,D,D12,R04,12.00,0,,0,0,0,0,0,0
SA23/D12_SA23_R05.csv,SA23,SA,D,D12,R05,12.00,0,,0,0,0,0,0,0
SA23/D13_SA23_R01.csv,SA23,SA,D,D13,R01,12.00,0,,0,0,0,0,0,0
SA23/D13_SA23_R02.csv,SA23,SA,D,D13,R02,12.00,0,,1,0,0,0,0,0
SA23/D13_SA23_R03.csv,SA23,SA,D,D13,R03,12.00,0,,0,0,0,0,0,0
SA23/D13_SA23_R04.csv,SA23,SA,D,D13,R04,12.00,0,,1,0,0,0,0,0
SA23/D13_SA23_R05.csv,SA23,SA,D,D13,R05,12.00,0,,0,0,0,0,0,0
SA23/D14_SA23_R01.csv,SA23,SA,D,D14,R01,12.00,0,,0,0,0,0,0,0
SA23/D14_SA23_R02.csv,SA23,SA,D,D14,R02,12.00,0,,0,0,0,0,0,0
SA23/D14_SA23_R03.csv,SA23,SA,D,D14,R03,12.00,0,,0,0,0,0,0,0
SA23/D14_SA23_R04.csv,SA23,SA,D,D14,R04,12.00,0,,0,0,0,0,0,0
SA23/D14_SA23_R05.csv,SA23,SA,D,D14,R05,12.00,0,,1,0,0,0,0,0
SA23/D15_SA23_R01.csv,SA23,SA,D,D15,R01,12.00,0,,0,0,0,0,0,0
SA23/D15_SA23_R02.csv,SA23,SA,D,D15,R02,12.00,0,,0,0,0,0,0,0
SA23/D15_SA23_R03.csv,SA23,SA,D,D15,R03,12.00,0,,0,0,0,0,0,0
SA23/D15_SA23_R04.csv,SA23,SA,D,D15,R04,12.00,0,,0,0,0,0,0,0
SA23/D15_SA23_R05.csv,SA23,SA,D,D15,R05,12.00,0,,0,0,0,0,0,0
SA23/D16_SA23_R01.csv,SA23,SA,D,D16,R01,11.99,0,,0,0,0,0,0,0
SA23/D16_SA23_R02.csv,SA23,SA,D,D16,R02,12.00,0,,0,0,0,0,0,0
SA23/D16_SA23_R03.csv,SA23,SA,D,D16,R03,12.00,0,,0,0,0,0,0,0
SA23/D16_SA23_R04.csv,SA23,SA,D,D16,R04,12.00,0,,0,0,0,0,0,0
SA23/D16_SA23_R05.csv,SA23,SA,D,D16,R05,12.00,0,,0,0,0,0,0,0
SA23/D17_SA23_R01.csv,SA23,SA,D,D17,R01,25.00,0,,0,0,0,0,0,0
SA23/D17_SA23_R02.csv,SA23,SA,D,D17,R02,25.00,0,,0,0,0,0,0,0
SA23/D17_SA23_R03.csv,SA23,SA,D,D17,R03,25.00,0,,1,0,0,0,0,0
SA23/D17_SA23_R04.csv,SA23,SA,D,D17,R04,25.00,0,,0,0,0,0,0,0
SA23/D17_SA23_R05.csv,SA23,SA,D,D17,R05,25.00,0,,0,0,0,0,0,0
SA23/D18_SA23_R01.csv,SA23,SA,D,D18,R01,12.00,1,5.92,1,1,2,2,2,1
SA23/D18_SA23_R02.csv,SA23,SA,D,D18,R02,12.00,1,4.98,1,1,1,1,1,1
SA23/D18_SA23_R03.csv,SA23,SA,D,D18,R03,12.00,1,5.46,1,1,1,1,1,1
SA23/D18_SA23_R04.csv,SA23,SA,D,D18,R04,12.00,0,,1,1,1,1,1,0
SA23/D18_SA23_R05.csv,SA23,SA,D,D18,R05,12.00,1,5.62,1,1,1,1,1,1
SA23/D19_SA23_R01.csv,SA23,SA,D,D19,R01,12.00,1,5.98,1,1,2,2,2,1
SA23/D19_SA23_R02.csv,SA23,SA,D,D19,R02,12.00,1,3.86,1,1,2,2,2,1
SA23/D19_SA23_R03.csv,SA23,SA,D,D19,R03,12.00,1,7.72,1,1,2,2,2,1
SA23/D19_SA23_R04.csv,SA23,SA,D,D19,R04,12.00,1,7.40,1,1,2,2,2,1
SA23/D19_SA23_R05.csv,SA23,SA,D,D19,R05,12.00,1,4.04,1,1,2,2,2,1
SA23/F01_SA23_R01.csv,SA23,SA,F,F01,R01,14.99,1,8.32,1,1,1,1,1,1
SA23/F01_SA23_R02.csv,SA23,SA,F,F01,R02,15.00,1,8.16,1,1,1,1,1,1
SA23/F01_SA23_R03.csv,SA23,SA,F,F01,R03,15.00,0,,1,0,0,0,0,0
SA23/F01_SA23_R04.csv,SA23,SA,F,F01,R04,15.00,0,,1,0,0,0,0,0
SA23/F01_SA23_R05.csv,SA23,SA,F,F01,R05,15.00,1,8.28,1,1,1,1,1,1
SA23/F02_SA23_R01.csv,SA23,SA,F,F02,R01,15.00,1,7.40,1,1,1,1,1,1
SA23/F02_SA23_R02.csv,SA23,SA,F,F02,R02,15.00,1,7.54,1,1,1,1,1,1
SA23/F02_SA23_R03.csv,SA23,SA,F,F02,R03,15.00,1,7.22,1,1,1,1,1,1
SA23/F02_SA23_R04.csv,SA23,SA,F,F02,R04,15.00,1,7.28,1,1,1,1,1,1
SA23/F02_SA23_R05.csv,SA23,SA,F,F02,R05,15.00,1,7.56,1,1,1,1,1,1
SA23/F03_SA23_R01.csv,SA23,SA,F,F03,R01,15.00,1,6.34,1,1,1,1,1,1
SA23/F03_SA23_R02.csv,SA23,SA,F,F03,R02,15.00,0,,1,0,0,0,0,0
SA23/F03_SA23_R03.csv,SA23,SA,F,F03,R03,15.00,0,,1,0,0,0,0,0
SA23/F03_SA23_R04.csv,SA23,SA,F,F03,R04,15.00,0,,1,0,0,0,0,0
SA23/F03_SA23_R05.csv,SA23,SA,F,F03,R05,15.00,1,6.94,1,1,1,1,1,1
SA23/F04_SA23_R01.csv,SA23,SA,F,F04,R01,15.00,1,8.30,1,1,1,1,1,1
SA23/F04_SA23_R02.csv,SA23,SA,F,F04,R02,15.00,1,7.24,1,1,1,1,1,1
SA23/F04_SA23_R03.csv,SA23,SA,F,F04,R03,15.00,1,8.84,1,1,1,1,1,1
SA23/F04_SA23_R04.csv,SA23,SA,F,F04,R04,15.00,1,8.36,1,1,1,1,1,1
SA23/F04_SA23_R05.csv,SA23,SA,F,F04,R05,15.00,1,8.04,1,1,1,1,1,1
SA23/F05_SA23_R01.csv,SA23,SA,F,F05,R01,15.00,0,,1,1,2,2,2,0
SA23/F05_SA23_R02.csv,SA23,SA,F,F05,R02,15.00,0,,1,1,1,1,1,0
SA23/F05_SA23_R03.csv,SA23,SA,F,F05,R03,15.00,0,,1,1,1,1,1,0
SA23/F05_SA23_R04.csv,SA23,SA,F,F05,R04,15.00,0,,1,1,1,1,1,0
SA23/F05_SA23_R05.csv,SA23,SA,F,F05,R05,15.00,0,,1,1,1,1,1,0
SA23/F06_SA23_R01.csv,SA23,SA,F,F06,R01,14.99,1,8.32,1,1,1,1,1,1
SA23/F06_SA23_R02.csv,SA23,SA,F,F06,R02,15.00,1,9.14,1,1,1,1,1,1
SA23/F06_SA23_R03.csv,SA23,SA,F,F06,R03,15.00,1,9.32,1,1,1,1,1,1
SA23/F06_SA23_R04.csv,SA23,SA,F,F06,R04,15.00,1,9.12,1,1,1,1,1,1
SA23/F06_SA23_R05.csv,SA23,SA,F,F06,R05,15.00,1,9.18,1,1,1,1,1,1
SA23/F07_SA23_R01.csv,SA23,SA,F,F07,R01,15.00,1,8.52,1,1,1,1,1,1
SA23/F07_SA23_R02.csv,SA23,SA,F,F07,R02,15.00,1,8.40,1,1,1,1,1,1
SA23/F07_SA23_R03.csv,SA23,SA,F,F07,R03,15.00,0,,1,0,0,0,0,0
SA23/F07_SA23_R04.csv,SA23,SA,F,F07,R04,15.00,0,,1,0,0,0,0,0
SA23/F07_SA23_R05.csv,SA23,SA,F,F07,R05,15.00,1,8.10,1,1,1,1,1,1
SA23/F08_SA23_R01.csv,SA23,SA,F,F08,R01,15.00,1,5.86,1,1,1,1,1,1
SA23/F08_SA23_R02.csv,SA23,SA,F,F08,R02,15.00,0,,1,0,0,0,0,0
SA23/F08_SA23_R03.csv,SA23,SA,F,F08,R03,15.00,0,,1,0,0,0,0,0
SA23/F08_SA23_R04.csv,SA23,SA,F,F08,R04,15.00,0,,1,0,0,0,0,0
SA23/F08_SA23_R05.csv,SA23,SA,F,F08,R05,15.00,0,,1,0,0,0,0,0
SA23/F09_SA23_R01.csv,SA23,SA,F,F09,R01,15.00,0,,1,0,0,0,0,0
SA23/F09_SA23_R02.csv,SA23,SA,F,F09,R02,15.00,1,6.94,1,1,1,1,1,1
SA23/F09_SA23_R03.csv,SA23,SA,F,F09,R03,15.00,0,,1,0,0,0,0,0
SA23/F09_SA23_R04.csv,SA23,SA,F,F09,R04,15.00,0,,1,0,0,0,0,0
SA23/F09_SA23_R05.csv,SA23,SA,F,F09,R05,15.00,0,,1,1,0,0,0,0
SA23/F10_SA23_R01.csv,SA23,SA,F,F10,R01,15.00,0,,1,0,0,0,0,0
SA23/F10_SA23_R02.csv,SA23,SA,F,F10,R02,15.00,1,6.14,1,1,1,1,1,1
SA23/F10_SA23_R03.csv,SA23,SA,F,F10,R03,15.00,1,6.36,1,1,1,1,1,1
SA23/F10_SA23_R04.csv,SA23,SA,F,F10,R04,15.00,0,,1,0,0,0,0,0
SA23/F10_SA23_R05.csv,SA23,SA,F,F10,R05,15.00,0,,1,0,0,0,0,0
SA23/F11_SA23_R01.csv,SA23,SA,F,F11,R01,15.00,1,5.74,1,1,1,1,1,1
SA23/F11_SA23_R02.csv,SA23,SA,F,F11,R02,15.00,1,6.20,1,1,1,1,1,1
SA23/F11_SA23_R03.csv,SA23,SA,F,F11,R03,15.00,1,6.36,1,1,1,1,1,1
SA23/F11_SA23_R04.csv,SA23,SA,F,F11,R04,15.00,0,,1,0,0,0,0,0
SA23/F11_SA23_R05.csv,SA23,SA,F,F11,R05,15.00,0,,1,1,0,0,0,0
SA23/F12_SA23_R01.csv,SA23,SA,F,F12,R01,15.00,0,,1,0,0,0,0,0
SA23/F12_SA23_R02.csv,SA23,SA,F,F12,R02,15.00,1,5.88,1,1,1,1,1,1
SA23/F12_SA23_R03.csv,SA23,SA,F,F12,R03,15.00,1,7.20,1,1,1,1,1,1
SA23/F12_SA23_R04.csv,SA23,SA,F,F12,R04,15.00,0,,1,0,0,0,0,0
SA23/F12_SA23_R05.csv,SA23,SA,F,F12,R05,15.00,0,,1,1,0,0,0,0
SA23/F13_SA23_R01.csv,SA23,SA,F,F13,R01,15.00,0,,1,1,0,0,0,0
SA23/F13_SA23_R02.csv,SA23,SA,F,F13,R02,15.00,0,,1,0,0,0,0,0
SA23/F13_SA23_R03.csv,SA23,SA,F,F13,R03,15.00,0,,0,0,0,0,0,0
SA23/F13_SA23_R04.csv,SA23,SA,F,F13,R04,15.00,0,,0,0,0,0,0,0
SA23/F13_SA23_R05.csv,SA23,SA,F,F13,R05,15.00,0,,1,1,0,0,0,0
SA23/F14_SA23_R01.csv,SA23,SA,F,F14,R01,15.00,0,,1,0,0,0,0,0
SA23/F14_SA23_R02.csv,SA23,SA,F,F14,R02,15.00,0,,1,0,0,0,0,0
SA23/F14_SA23_R03.csv,SA23,SA,F,F14,R03,15.00,0,,1,0,0,0,0,0
SA23/F14_SA23_R04.csv,SA23,SA,F,F14,R04,15.00,0,,1,0,0,0,0,0
SA23/F14_SA23_R05.csv,SA23,SA,F,F14,R05,15.00,0,,1,0,0,0,0,0
SA23/F15_SA23_R01.csv,SA23,SA,F,F15,R01,15.00,0,,1,0,0,0,0,0
SA23/F15_SA23_R02.csv,SA23,SA,F,F15,R02,15.00,0,,1,0,0,0,0,0
SA23/F15_SA23_R03.csv,SA23,SA,F,F15,R03,15.00,0,,1,0,0,0,0,0
SA23/F15_SA23_R04.csv,SA23,SA,F,F15,R04,15.00,0,,1,0,0,0,0,0
SA23/F15_SA23_R05.csv,SA23,SA,F,F15,R05,15.00,0,,1,0,0,0,0,0
SE01/D01_SE01_R01.csv,SE01,SE,D,D01,R01,180.00,0,,1,0,0,0,0,0
SE01/D02_SE01_R01.csv,SE01,SE,D,D02,R01,180.00,0,,1,0,0,0,0,0
SE01/D03_SE01_R01.csv,SE01,SE,D,D03,R01,180.00,0,,1,1,0,0,0,0
SE01/D04_SE01_R01.csv,SE01,SE,D,D04,R01,180.00,0,,1,1,0,0,0,0
SE01/D05_SE01_R01.csv,SE01,SE,D,D05,R01,25.00,0,,0,0,0,0,0,0
SE01/D05_SE01_R02.csv,SE01,SE,D,D05,R02,25.00,0,,0,0,0,0,0,0
SE01/D05_SE01_R03.csv,SE01,SE,D,D05,R03,25.00,0,,0,0,0,0,0,0
SE01/D05_SE01_R04.csv,SE01,SE,D,D05,R04,25.00,0,,0,0,0,0,0,0
SE01/D05_SE01_R05.csv,SE01,SE,D,D05,R05,25.00,0,,0,0,0,0,0,0
SE01/D07_SE01_R01.csv,SE01,SE,D,D07,R01,11.99,0,,0,0,0,0,0,0
SE01/D07_SE01_R02.csv,SE01,SE,D,D07,R02,12.00,0,,0,0,0,0,0,0
SE01/D07_SE01_R03.csv,SE01,SE,D,D07,R03,12.01,0,,0,0,0,0,0,0
SE01/D07_SE01_R04.csv,SE01,SE,D,D07,R04,12.00,0,,0,0,0,0,0,0
SE01/D07_SE01_R05.csv,SE01,SE,D,D07,R05,12.00,0,,0,0,0,0,0,0
SE01/D08_SE01_R01.csv,SE01,SE,D,D08,R01,12.00,0,,1,0,0,0,0,0
SE01/D08_SE01_R02.csv,SE01,SE,D,D08,R02,12.00,0,,0,0,0,0,0,0
SE01/D08_SE01_R03.csv,SE01,SE,D,D08,R03,12.00,0,,1,0,0,0,0,0
SE01/D08_SE01_R04.csv,SE01,SE,D,D08,R04,12.00,0,,0,0,0,0,0,0
SE01/D08_SE01_R05.csv,SE01,SE,D,D08,R05,12.00,0,,1,0,0,0,0,0
SE01/D09_SE01_R01.csv,SE01,SE,D,D09,R01,12.00,0,,1,0,0,0,0,0
SE01/D09_SE01_R02.csv,SE01,SE,D,D09,R02,12.00,0,,0,0,0,0,0,0
SE01/D09_SE01_R03.csv,SE01,SE,D,D09,R03,12.00,0,,1,0,0,0,0,0
SE01/D09_SE01_R04.csv,SE01,SE,D,D09,R04,12.00,0,,1,0,0,0,0,0
SE01/D09_SE01_R05.csv,SE01,SE,D,D09,R05,12.00,0,,0,0,0,0,0,0
SE01/D10_SE01_R01.csv,SE01,SE,D,D10,R01,12.00,0,,0,0,0,0,0,0
SE01/D10_SE01_R02.csv,SE01,SE,D,D10,R02,12.00,0,,1,0,0,0,0,0
SE01/D10_SE01_R03.csv,SE01,SE,D,D10,R03,12.00,0,,1,0,0,0,0,0
SE01/D10_SE01_R04.csv,SE01,SE,D,D10,R04,12.00,0,,1,0,0,0,0,0
SE01/D10_SE01_R05.csv,SE01,SE,D,D10,R05,12.00,0,,1,0,0,0,0,0
SE01/D11_SE01_R01.csv,SE01,SE,D,D11,R01,12.00,0,,1,0,0,0,0,0
SE01/D11_SE01_R02.csv,SE01,SE,D,D11,R02,10.01,0,,1,0,0,0,0,0
SE01/D11_SE01_R03.csv,SE01,SE,D,D11,R03,9.99,0,,1,0,0,0,0,0
SE01/D11_SE01_R04.csv,SE01,SE,D,D11,R04,10.01,0,,1,0,0,0,0,0
SE01/D11_SE01_R05.csv,SE01,SE,D,D11,R05,10.00,0,,1,0,0,0,0,0
SE01/D12_SE01_R01.csv,SE01,SE,D,D12,R01,12.00,0,,0,0,0,0,0,0
SE01/D12_SE01_R02.csv,SE01,SE,D,D12,R02,12.00,0,,0,0,0,0,0,0
SE01/D12_SE01_R03.csv,SE01,SE,D,D12,R03,12.00,0,,0,0,0,0,0,0
SE01/D12_SE01_R04.csv,SE01,SE,D,D12,R04,12.00,0,,0,0,0,0,0,0
SE01/D12_SE01_R05.csv,SE01,SE,D,D12,R05,12.00,0,,0,0,0,0,0,0
SE01/D14_SE01_R01.csv,SE01,SE,D,D14,R01,12.00,0,,1,0,0,0,0,0
SE01/D14_SE01_R02.csv,SE01,SE,D,D14,R02,12.00,0,,1,0,0,0,0,0
SE01/D14_SE01_R03.csv,SE01,SE,D,D14,R03,12.00,0,,1,0,0,0,0,0
SE01/D14_SE01_R04.csv,SE01,SE,D,D14,R04,12.00,0,,1,0,0,0,0,0
SE01/D14_SE01_R05.csv,SE01,SE,D,D14,R05,12.00,0,,1,0,0,0,0,0
SE01/D15_SE01_R01.csv,SE01,SE,D,D15,R01,10.00,0,,0,0,0,0,0,0
SE01/D15_SE01_R02.csv,SE01,SE,D,D15,R02,10.00,0,,0,0,0,0,0,0
SE01/D15_SE01_R03.csv,SE01,SE,D,D15,R03,10.00,0,,0,0,0,0,0,0
SE01/D15_SE01_R04.csv,SE01,SE,D,D15,R04,10.00,0,,0,0,0,0,0,0
SE01/D15_SE01_R05.csv,SE01,SE,D,D15,R05,10.00,0,,0,0,0,0,0,0
SE01/D16_SE01_R01.csv,SE01,SE,D,D16,R01,9.99,0,,0,0,0,0,0,0
SE01/D16_SE01_R02.csv,SE01,SE,D,D16,R02,10.00,0,,0,0,0,0,0,0
SE01/D16_SE01_R03.csv,SE01,SE,D,D16,R03,10.00,0,,0,0,0,0,0,0
SE01/D16_SE01_R04.csv,SE01,SE,D,D16,R04,10.00,0,,0,0,0,0,0,0
SE01/D16_SE01_R05.csv,SE01,SE,D,D16,R05,10.00,0,,0,0,0,0,0,0
SE01/D17_SE01_R01.csv,SE01,SE,D,D17,R01,27.03,0,,0,0,0,0,0,0
SE01/D17_SE01_R02.csv,SE01,SE,D,D17,R02,23.02,0,,1,0,0,0,0,0
SE01/D17_SE01_R03.csv,SE01,SE,D,D17,R03,25.04,0,,1,0,0,0,0,0
SE01/D17_SE01_R04.csv,SE01,SE,D,D17,R04,21.02,0,,1,0,0,0,0,0
SE01/D17_SE01_R05.csv,SE01,SE,D,D17,R05,23.02,0,,0,0,0,0,0,0
SE02/D01_SE02_R01.csv,SE02,SE,D,D01,R01,100.00,0,,1,0,0,0,0,0
SE02/D02_SE02_R01.csv,SE02,SE,D,D02,R01,100.00,0,,1,0,0,0,0,0
SE02/D03_SE02_R01.csv,SE02,SE,D,D03,R01,100.00,0,,1,1,0,0,0,0
SE02/D05_SE02_R01.csv,SE02,SE,D,D05,R01,25.00,0,,1,0,0,0,0,0
SE02/D05_SE02_R02.csv,SE02,SE,D,D05,R02,25.00,0,,1,0,0,0,0,0
SE02/D05_SE02_R03.csv,SE02,SE,D,D05,R03,25.00,0,,1,0,0,0,0,0
SE02/D05_SE02_R04.csv,SE02,SE,D,D05,R04,25.00,0,,1,0,0,0,0,0
SE02/D05_SE02_R05.csv,SE02,SE,D,D05,R05,25.00,0,,1,0,0,0,0,0
SE02/D07_SE02_R01.csv,SE02,SE,D,D07,R01,12.00,0,,0,0,0,0,0,0
SE02/D07_SE02_R02.csv,SE02,SE,D,D07,R02,12.00,0,,1,0,0,0,0,0
SE02/D07_SE02_R03.csv,SE02,SE,D,D07,R03,12.00,0,,0,0,0,0,0,0
SE02/D07_SE02_R04.csv,SE02,SE,D,D07,R04,12.00,0,,0,0,0,0,0,0
SE02/D07_SE02_R05.csv,SE02,SE,D,D07,R05,12.00,0,,0,0,0,0,0,0
SE02/D08_SE02_R01.csv,SE02,SE,D,D08,R01,12.00,0,,1,0,0,0,0,0
SE02/D08_SE02_R02.csv,SE02,SE,D,D08,R02,12.00,0,,1,0,0,0,0,0
SE02/D08_SE02_R03.csv,SE02,SE,D,D08,R03,12.00,0,,1,0,0,0,0,0
SE02/D08_SE02_R04.csv,SE02,SE,D,D08,R04,12.01,0,,1,0,0,0,0,0
SE02/D08_SE02_R05.csv,SE02,SE,D,D08,R05,12.00,0,,1,0,0,0,0,0
SE02/D11_SE02_R01.csv,SE02,SE,D,D11,R01,12.00,1,4.40,1,1,1,1,1,1
SE02/D11_SE02_R02.csv,SE02,SE,D,D11,R02,12.00,1,5.10,1,1,1,1,1,1
SE02/D11_SE02_R03.csv,SE02,SE,D,D11,R03,12.00,1,5.12,1,1,1,1,1,1
SE02/D11_SE02_R04.csv,SE02,SE,D,D11,R04,12.00,1,4.58,1,1,1,1,1,1
SE02/D11_SE02_R05.csv,SE02,SE,D,D11,R05,12.00,1,4.70,1,1,1,1,1,1
SE02/D12_SE02_R01.csv,SE02,SE,D,D12,R01,12.00,0,,0,0,0,0,0,0
SE02/D12_SE02_R02.csv,SE02,SE,D,D12,R02,12.00,0,,0,0,0,0,0,0
SE02/D12_SE02_R03.csv,SE02,SE,D,D12,R03,12.00,0,,0,0,0,0,0,0
SE02/D12_SE02_R04.csv,SE02,SE,D,D12,R04,12.01,0,,0,0,0,0,0,0
SE02/D12_SE02_R05.csv,SE02,SE,D,D12,R05,12.00,0,,0,0,0,0,0,0
SE02/D14_SE02_R01.csv,SE02,SE,D,D14,R01,12.00,0,,0,0,0,0,0,0
SE02/D14_SE02_R02.csv,SE02,SE,D,D14,R02,12.00,0,,1,0,0,0,0,0
SE02/D14_SE02_R03.csv,SE02,SE,D,D14,R03,12.00,0,,1,0,0,0,0,0
SE02/D14_SE02_R04.csv,SE02,SE,D,D14,R04,12.00,0,,1,0,0,0,0,0
SE02/D14_SE02_R05.csv,SE02,SE,D,D14,R05,12.00,0,,0,0,0,0,0,0
SE02/D15_SE02_R01.csv,SE02,SE,D,D15,R01,12.00,0,,0,0,0,0,0,0
SE02/D15_SE02_R02.csv,SE02,SE,D,D15,R02,12.00,0,,1,0,0,0,0,0
SE02/D15_SE02_R03.csv,SE02,SE,D,D15,R03,12.00,0,,1,0,0,0,0,0
SE02/D15_SE02_R04.csv,SE02,SE,D,D15,R04,12.00,0,,0,0,0,0,0,0
SE02/D15_SE02_R05.csv,SE02,SE,D,D15,R05,12.00,0,,0,0,0,0,0,0
SE02/D16_SE02_R01.csv,SE02,SE,D,D16,R01,11.99,0,,1,0,0,0,0,0
SE02/D16_SE02_R02.csv,SE02,SE,D,D16,R02,12.01,0,,0,0,0,0,0,0
SE02/D16_SE02_R03.csv,SE02,SE,D,D16,R03,12.01,0,,0,0,0,0,0,0
SE02/D16_SE02_R04.csv,SE02,SE,D,D16,R04,11.99,0,,0,0,0,0,0,0
SE02/D16_SE02_R05.csv,SE02,SE,D,D16,R05,12.00,0,,0,0,0,0,0,0
SE02/D17_SE02_R01.csv,SE02,SE,D,D17,R01,16.02,0,,1,0,0,0,0,0
SE02/D17_SE02_R02.csv,SE02,SE,D,D17,R02,16.02,0,,1,0,0,0,0,0
SE02/D17_SE02_R03.csv,SE02,SE,D,D17,R03,16.02,0,,1,0,0,0,0,0
SE02/D17_SE02_R04.csv,SE02,SE,D,D17,R04,16.02,0,,0,0,0,0,0,0
SE02/D17_SE02_R05.csv,SE02,SE,D,D17,R05,18.04,0,,1,0,0,0,0,0
SE03/D01_SE03_R01.csv,SE03,SE,D,D01,R01,100.00,0,,1,0,0,0,0,0
SE03/D02_SE03_R01.csv,SE03,SE,D,D02,R01,100.00,0,,1,0,0,0,0,0
SE03/D03_SE03_R01.csv,SE03,SE,D,D03,R01,100.00,0,,1,1,0,0,0,0
SE03/D04_SE03_R01.csv,SE03,SE,D,D04,R01,110.03,0,,1,1,0,0,0,0
SE03/D05_SE03_R01.csv,SE03,SE,D,D05,R01,25.00,0,,0,0,0,0,0,0
SE03/D05_SE03_R02.csv,SE03,SE,D,D05,R02,25.00,0,,1,0,0,0,0,0
SE03/D05_SE03_R03.csv,SE03,SE,D,D05,R03,25.00,0,,0,0,0,0,0,0
SE03/D05_SE03_R04.csv,SE03,SE,D,D05,R04,25.00,0,,1,0,0,0,0,0
SE03/D05_SE03_R05.csv,SE03,SE,D,D05,R05,25.00,0,,0,0,0,0,0,0
SE03/D07_SE03_R01.csv,SE03,SE,D,D07,R01,12.00,0,,0,0,0,0,0,0
SE03/D07_SE03_R02.csv,SE03,SE,D,D07,R02,12.00,0,,0,0,0,0,0,0
SE03/D07_SE03_R03.csv,SE03,SE,D,D07,R03,12.00,0,,1,0,0,0,0,0
SE03/D07_SE03_R04.csv,SE03,SE,D,D07,R04,12.00,0,,0,0,0,0,0,0
SE03/D07_SE03_R05.csv,SE03,SE,D,D07,R05,12.00,0,,0,0,0,0,0,0
SE03/D08_SE03_R01.csv,SE03,SE,D,D08,R01,12.00,1,3.26,1,1,1,1,1,1
SE03/D08_SE03_R02.csv,SE03,SE,D,D08,R02,12.00,0,,1,0,0,0,0,0
SE03/D08_SE03_R03.csv,SE03,SE,D,D08,R03,11.99,0,,1,0,0,0,0,0
SE03/D08_SE03_R04.csv,SE03,SE,D,D08,R04,12.00,0,,1,0,0,0,0,0
SE03/D08_SE03_R05.csv,SE03,SE,D,D08,R05,12.00,0,,1,0,0,0,0,0
SE03/D09_SE03_R01.csv,SE03,SE,D,D09,R01,12.01,0,,1,0,0,0,0,0
SE03/D09_SE03_R02.csv,SE03,SE,D,D09,R02,12.00,0,,1,0,0,0,0,0
SE03/D09_SE03_R03.csv,SE03,SE,D,D09,R03,12.00,0,,1,0,0,0,0,0
SE03/D09_SE03_R04.csv,SE03,SE,D,D09,R04,12.00,0,,1,0,0,0,0,0
SE03/D09_SE03_R05.csv,SE03,SE,D,D09,R05,12.00,0,,1,0,0,0,0,0
SE03/D10_SE03_R01.csv,SE03,SE,D,D10,R01,12.00,0,,1,0,0,0,0,0
SE03/D10_SE03_R02.csv,SE03,SE,D,D10,R02,11.99,0,,1,0,0,0,0,0
SE03/D10_SE03_R03.csv,SE03,SE,D,D10,R03,11.99,0,,1,0,0,0,0,0
SE03/D10_SE03_R04.csv,SE03,SE,D,D10,R04,12.01,0,,1,0,0,0,0,0
SE03/D10_SE03_R05.csv,SE03,SE,D,D10,R05,12.00,0,,1,0,0,0,0,0
SE03/D11_SE03_R01.csv,SE03,SE,D,D11,R01,11.99,0,,1,0,0,0,0,0
SE03/D11_SE03_R02.csv,SE03,SE,D,D11,R02,12.01,1,4.40,1,1,1,1,1,1
SE03/D11_SE03_R03.csv,SE03,SE,D,D11,R03,12.00,0,,1,0,0,0,0,0
SE03/D11_SE03_R04.csv,SE03,SE,D,D11,R04,12.00,1,4.78,1,1,1,1,1,1
SE03/D11_SE03_R05.csv,SE03,SE,D,D11,R05,12.00,0,,1,0,0,0,0,0
SE03/D12_SE03_R01.csv,SE03,SE,D,D12,R01,12.00,0,,0,0,0,0,0,0
SE03/D12_SE03_R02.csv,SE03,SE,D,D12,R02,12.00,0,,0,0,0,0,0,0
SE03/D12_SE03_R03.csv,SE03,SE,D,D12,R03,12.00,0,,0,0,0,0,0,0
SE03/D12_SE03_R04.csv,SE03,SE,D,D12,R04,12.00,0,,0,0,0,0,0,0
SE03/D12_SE03_R05.csv,SE03,SE,D,D12,R05,12.00,0,,0,0,0,0,0,0
SE03/D14_SE03_R01.csv,SE03,SE,D,D14,R01,12.00,0,,1,0,0,0,0,0
SE03/D14_SE03_R02.csv,SE03,SE,D,D14,R02,12.00,0,,1,0,0,0,0,0
SE03/D14_SE03_R03.csv,SE03,SE,D,D14,R03,12.00,0,,1,0,0,0,0,0
SE03/D14_SE03_R04.csv,SE03,SE,D,D14,R04,12.00,0,,0,0,0,0,0,0
SE03/D14_SE03_R05.csv,SE03,SE,D,D14,R05,12.00,0,,0,0,0,0,0,0
SE03/D15_SE03_R01.csv,SE03,SE,D,D15,R01,12.00,0,,0,0,0,0,0,0
SE03/D15_SE03_R02.csv,SE03,SE,D,D15,R02,12.00,0,,0,0,0,0,0,0
SE03/D15_SE03_R03.csv,SE03,SE,D,D15,R03,12.00,0,,0,0,0,0,0,0
SE03/D15_SE03_R04.csv,SE03,SE,D,D15,R04,12.00,0,,0,0,0,0,0,0
SE03/D15_SE03_R05.csv,SE03,SE,D,D15,R05,12.00,0,,0,0,0,0,0,0
SE03/D16_SE03_R01.csv,SE03,SE,D,D16,R01,12.00,0,,0,0,0,0,0,0
SE03/D16_SE03_R02.csv,SE03,SE,D,D16,R02,12.00,0,,0,0,0,0,0,0
SE03/D16_SE03_R03.csv,SE03,SE,D,D16,R03,12.00,0,,0,0,0,0,0,0
SE03/D16_SE03_R04.csv,SE03,SE,D,D16,R04,12.00,0,,0,0,0,0,0,0
SE03/D16_SE03_R05.csv,SE03,SE,D,D16,R05,12.00,0,,0,0,0,0,0,0
SE03/D17_SE03_R01.csv,SE03,SE,D,D17,R01,23.03,0,,1,0,0,0,0,0
SE03/D17_SE03_R02.csv,SE03,SE,D,D17,R02,21.02,0,,1,0,0,0,0,0
SE03/D17_SE03_R03.csv,SE03,SE,D,D17,R03,25.02,0,,1,0,0,0,0,0
SE03/D17_SE03_R04.csv,SE03,SE,D,D17,R04,25.05,0,,1,0,0,0,0,0
SE03/D17_SE03_R05.csv,SE03,SE,D,D17,R05,24.03,0,,1,0,0,0,0,0
SE04/D01_SE04_R01.csv,SE04,SE,D,D01,R01,100.00,0,,1,0,0,0,0,0
SE04/D02_SE04_R01.csv,SE04,SE,D,D02,R01,100.00,0,,1,0,0,0,0,0
SE04/D03_SE04_R01.csv,SE04,SE,D,D03,R01,100.00,0,,1,1,1,1,1,0
SE04/D04_SE04_R01.csv,SE04,SE,D,D04,R01,100.00,0,,1,1,1,1,1,0
SE04/D05_SE04_R01.csv,SE04,SE,D,D05,R01,25.00,0,,1,0,0,0,0,0
SE04/D05_SE04_R02.csv,SE04,SE,D,D05,R02,25.00,0,,1,0,0,0,0,0
SE04/D05_SE04_R03.csv,SE04,SE,D,D05,R03,25.00,0,,1,0,0,0,0,0
SE04/D05_SE04_R04.csv,SE04,SE,D,D05,R04,25.00,0,,1,0,0,0,0,0
SE04/D05_SE04_R05.csv,SE04,SE,D,D05,R05,25.00,0,,1,0,0,0,0,0
SE04/D07_SE04_R01.csv,SE04,SE,D,D07,R01,11.99,0,,0,0,0,0,0,0
SE04/D07_SE04_R02.csv,SE04,SE,D,D07,R02,12.00,0,,0,0,0,0,0,0
SE04/D07_SE04_R03.csv,SE04,SE,D,D07,R03,12.00,0,,0,0,0,0,0,0
SE04/D07_SE04_R04.csv,SE04,SE,D,D07,R04,12.00,0,,0,0,0,0,0,0
SE04/D07_SE04_R05.csv,SE04,SE,D,D07,R05,12.01,0,,0,0,0,0,0,0
SE04/D08_SE04_R01.csv,SE04,SE,D,D08,R01,12.00,0,,1,0,0,0,0,0
SE04/D08_SE04_R02.csv,SE04,SE,D,D08,R02,12.00,0,,1,0,0,0,0,0
SE04/D08_SE04_R03.csv,SE04,SE,D,D08,R03,12.00,0,,1,0,0,0,0,0
SE04/D08_SE04_R04.csv,SE04,SE,D,D08,R04,12.00,0,,1,0,0,0,0,0
SE04/D08_SE04_R05.csv,SE04,SE,D,D08,R05,12.00,0,,1,0,0,0,0,0
SE04/D09_SE04_R01.csv,SE04,SE,D,D09,R01,12.00,0,,0,0,0,0,0,0
SE04/D09_SE04_R02.csv,SE04,SE,D,D09,R02,12.00,0,,0,0,0,0,0,0
SE04/D09_SE04_R03.csv,SE04,SE,D,D09,R03,12.00,0,,0,0,0,0,0,0
SE04/D09_SE04_R04.csv,SE04,SE,D,D09,R04,12.00,0,,0,0,0,0,0,0
SE04/D09_SE04_R05.csv,SE04,SE,D,D09,R05,12.00,0,,0,0,0,0,0,0
SE04/D10_SE04_R01.csv,SE04,SE,D,D10,R01,12.00,0,,1,0,0,0,0,0
SE04/D10_SE04_R02.csv,SE04,SE,D,D10,R02,12.00,0,,1,0,0,0,0,0
SE04/D10_SE04_R03.csv,SE04,SE,D,D10,R03,12.00,0,,1,0,0,0,0,0
SE04/D10_SE04_R04.csv,SE04,SE,D,D10,R04,12.00,0,,1,0,0,0,0,0
SE04/D10_SE04_R05.csv,SE04,SE,D,D10,R05,11.99,0,,1,0,0,0,0,0
SE04/D11_SE04_R01.csv,SE04,SE,D,D11,R01,12.00,0,,1,0,0,0,0,0
SE04/D11_SE04_R02.csv,SE04,SE,D,D11,R02,12.00,1,4.14,1,1,1,1,1,1
SE04/D11_SE04_R03.csv,SE04,SE,D,D11,R03,12.00,0,,1,0,0,0,0,0
SE04/D11_SE04_R04.csv,SE04,SE,D,D11,R04,12.00,1,4.70,1,1,1,1,1,1
SE04/D11_SE04_R05.csv,SE04,SE,D,D11,R05,12.00,0,,1,0,0,0,0,0
SE04/D12_SE04_R01.csv,SE04,SE,D,D12,R01,12.00,0,,0,0,0,0,0,0
SE04/D12_SE04_R02.csv,SE04,SE,D,D12,R02,12.00,0,,0,0,0,0,0,0
SE04/D12_SE04_R03.csv,SE04,SE,D,D12,R03,12.00,0,,0,0,0,0,0,0
SE04/D12_SE04_R04.csv,SE04,SE,D,D12,R04,12.00,0,,0,0,0,0,0,0
SE04/D12_SE04_R05.csv,SE04,SE,D,D12,R05,12.00,0,,0,0,0,0,0,0
SE04/D14_SE04_R01.csv,SE04,SE,D,D14,R01,11.99,0,,1,0,0,0,0,0
SE04/D14_SE04_R02.csv,SE04,SE,D,D14,R02,12.00,0,,0,0,0,0,0,0
SE04/D14_SE04_R03.csv,SE04,SE,D,D14,R03,12.00,0,,0,0,0,0,0,0
SE04/D14_SE04_R04.csv,SE04,SE,D,D14,R04,12.00,0,,0,0,0,0,0,0
SE04/D14_SE04_R05.csv,SE04,SE,D,D14,R05,12.00,0,,0,0,0,0,0,0
SE04/D15_SE04_R01.csv,SE04,SE,D,D15,R01,12.00,0,,0,0,0,0,0,0
SE04/D15_SE04_R02.csv,SE04,SE,D,D15,R02,12.00,0,,0,0,0,0,0,0
SE04/D15_SE04_R03.csv,SE04,SE,D,D15,R03,12.00,0,,0,0,0,0,0,0
SE04/D15_SE04_R04.csv,SE04,SE,D,D15,R04,12.00,0,,0,0,0,0,0,0
SE04/D15_SE04_R05.csv,SE04,SE,D,D15,R05,12.00,0,,0,0,0,0,0,0
SE04/D16_SE04_R01.csv,SE04,SE,D,D16,R01,11.99,0,,0,0,0,0,0,0
SE04/D16_SE04_R02.csv,SE04,SE,D,D16,R02,12.00,0,,0,0,0,0,0,0
SE04/D16_SE04_R03.csv,SE04,SE,D,D16,R03,12.00,0,,0,0,0,0,0,0
SE04/D16_SE04_R04.csv,SE04,SE,D,D16,R04,12.00,0,,0,0,0,0,0,0
SE04/D16_SE04_R05.csv,SE04,SE,D,D16,R05,12.00,0,,0,0,0,0,0,0
SE04/D17_SE04_R01.csv,SE04,SE,D,D17,R01,21.03,0,,0,0,0,0,0,0
SE04/D17_SE04_R02.csv,SE04,SE,D,D17,R02,19.04,0,,0,0,0,0,0,0
SE04/D17_SE04_R03.csv,SE04,SE,D,D17,R03,16.02,0,,0,0,0,0,0,0
SE04/D17_SE04_R04.csv,SE04,SE,D,D17,R04,16.02,0,,0,0,0,0,0,0
SE04/D17_SE04_R05.csv,SE04,SE,D,D17,R05,16.02,0,,1,0,0,0,0,0
SE05/D01_SE05_R01.csv,SE05,SE,D,D01,R01,100.00,0,,0,0,0,0,0,0
SE05/D02_SE05_R01.csv,SE05,SE,D,D02,R01,100.00,0,,1,0,0,0,0,0
SE05/D03_SE05_R01.csv,SE05,SE,D,D03,R01,100.00,0,,1,1,1,1,1,0
SE05/D04_SE05_R01.csv,SE05,SE,D,D04,R01,100.00,0,,1,1,2,2,2,0
SE05/D05_SE05_R01.csv,SE05,SE,D,D05,R01,25.00,0,,1,0,0,0,0,0
SE05/D05_SE05_R02.csv,SE05,SE,D,D05,R02,25.00,0,,1,0,0,0,0,0
SE05/D05_SE05_R03.csv,SE05,SE,D,D05,R03,25.00,0,,0,0,0,0,0,0
SE05/D05_SE05_R04.csv,SE05,SE,D,D05,R04,25.00,0,,1,0,0,0,0,0
SE05/D05_SE05_R05.csv,SE05,SE,D,D05,R05,25.00,0,,1,0,0,0,0,0
SE05/D07_SE05_R01.csv,SE05,SE,D,D07,R01,11.99,0,,0,0,0,0,0,0
SE05/D07_SE05_R02.csv,SE05,SE,D,D07,R02,12.00,0,,0,0,0,0,0,0
SE05/D07_SE05_R03.csv,SE05,SE,D,D07,R03,12.00,0,,0,0,0,0,0,0
SE05/D07_SE05_R04.csv,SE05,SE,D,D07,R04,12.00,0,,0,0,0,0,0,0
SE05/D07_SE05_R05.csv,SE05,SE,D,D07,R05,11.99,0,,0,0,0,0,0,0
SE05/D08_SE05_R01.csv,SE05,SE,D,D08,R01,12.00,0,,0,0,0,0,0,0
SE05/D08_SE05_R02.csv,SE05,SE,D,D08,R02,12.00,0,,0,0,0,0,0,0
SE05/D08_SE05_R03.csv,SE05,SE,D,D08,R03,12.01,0,,0,0,0,0,0,0
SE05/D08_SE05_R04.csv,SE05,SE,D,D08,R04,12.00,0,,0,0,0,0,0,0
SE05/D08_SE05_R05.csv,SE05,SE,D,D08,R05,12.00,0,,0,0,0,0,0,0
SE05/D09_SE05_R01.csv,SE05,SE,D,D09,R01,12.00,0,,0,0,0,0,0,0
SE05/D09_SE05_R02.csv,SE05,SE,D,D09,R02,12.00,0,,0,0,0,0,0,0
SE05/D09_SE05_R03.csv,SE05,SE,D,D09,R03,12.00,0,,0,0,0,0,0,0
SE05/D09_SE05_R04.csv,SE05,SE,D,D09,R04,12.00,0,,0,0,0,0,0,0
SE05/D09_SE05_R05.csv,SE05,SE,D,D09,R05,12.00,0,,0,0,0,0,0,0
SE05/D10_SE05_R01.csv,SE05,SE,D,D10,R01,12.00,0,,1,0,0,0,0,0
SE05/D10_SE05_R02.csv,SE05,SE,D,D10,R02,12.00,0,,1,0,0,0,0,0
SE05/D10_SE05_R03.csv,SE05,SE,D,D10,R03,12.00,0,,1,0,0,0,0,0
SE05/D10_SE05_R04.csv,SE05,SE,D,D10,R04,12.00,0,,1,0,0,0,0,0
SE05/D10_SE05_R05.csv,SE05,SE,D,D10,R05,12.00,0,,1,0,0,0,0,0
SE05/D11_SE05_R01.csv,SE05,SE,D,D11,R01,11.99,0,,1,0,0,0,0,0
SE05/D11_SE05_R02.csv,SE05,SE,D,D11,R02,12.00,0,,1,0,0,0,0,0
SE05/D11_SE05_R03.csv,SE05,SE,D,D11,R03,12.00,0,,1,1,0,0,0,0
SE05/D11_SE05_R04.csv,SE05,SE,D,D11,R04,12.00,0,,1,0,0,0,0,0
SE05/D11_SE05_R05.csv,SE05,SE,D,D11,R05,12.00,0,,0,0,0,0,0,0
SE05/D12_SE05_R01.csv,SE05,SE,D,D12,R01,12.00,0,,0,0,0,0,0,0
SE05/D12_SE05_R02.csv,SE05,SE,D,D12,R02,12.00,0,,1,0,0,0,0,0
SE05/D12_SE05_R03.csv,SE05,SE,D,D12,R03,12.00,0,,0,0,0,0,0,0
SE05/D12_SE05_R04.csv,SE05,SE,D,D12,R04,12.00,0,,0,0,0,0,0,0
SE05/D12_SE05_R05.csv,SE05,SE,D,D12,R05,12.00,0,,0,0,0,0,0,0
SE05/D14_SE05_R01.csv,SE05,SE,D,D14,R01,12.00,0,,0,0,0,0,0,0
SE05/D14_SE05_R02.csv,SE05,SE,D,D14,R02,12.00,0,,1,0,0,0,0,0
SE05/D14_SE05_R03.csv,SE05,SE,D,D14,R03,12.00,0,,1,0,0,0,0,0
SE05/D14_SE05_R04.csv,SE05,SE,D,D14,R04,12.00,0,,1,0,0,0,0,0
SE05/D14_SE05_R05.csv,SE05,SE,D,D14,R05,12.00,0,,1,0,0,0,0,0
SE05/D15_SE05_R01.csv,SE05,SE,D,D15,R01,12.00,0,,0,0,0,0,0,0
SE05/D15_SE05_R02.csv,SE05,SE,D,D15,R02,12.00,0,,0,0,0,0,0,0
SE05/D15_SE05_R03.csv,SE05,SE,D,D15,R03,12.00,0,,0,0,0,0,0,0
SE05/D15_SE05_R04.csv,SE05,SE,D,D15,R04,12.00,0,,0,0,0,0,0,0
SE05/D15_SE05_R05.csv,SE05,SE,D,D15,R05,12.00,0,,0,0,0,0,0,0
SE05/D16_SE05_R01.csv,SE05,SE,D,D16,R01,11.99,0,,0,0,0,0,0,0
SE05/D16_SE05_R02.csv,SE05,SE,D,D16,R02,12.00,0,,0,0,0,0,0,0
SE05/D16_SE05_R03.csv,SE05,SE,D,D16,R03,12.00,0,,0,0,0,0,0,0
SE05/D16_SE05_R04.csv,SE05,SE,D,D16,R04,12.00,0,,0,0,0,0,0,0
SE05/D16_SE05_R05.csv,SE05,SE,D,D16,R05,12.00,0,,0,0,0,0,0,0
SE05/D17_SE05_R01.csv,SE05,SE,D,D17,R01,20.03,0,,1,0,0,0,0,0
SE05/D17_SE05_R02.csv,SE05,SE,D,D17,R02,25.04,0,,0,0,0,0,0,0
SE05/D17_SE05_R03.csv,SE05,SE,D,D17,R03,17.02,0,,1,0,0,0,0,0
SE05/D17_SE05_R04.csv,SE05,SE,D,D17,R04,17.02,0,,1,0,0,0,0,0
SE05/D17_SE05_R05.csv,SE05,SE,D,D17,R05,19.02,0,,0,0,0,0,0,0
SE06/D01_SE06_R01.csv,SE06,SE,D,D01,R01,100.00,0,,1,0,0,0,0,0
SE06/D02_SE06_R01.csv,SE06,SE,D,D02,R01,100.00,0,,1,0,0,0,0,0
SE06/D03_SE06_R01.csv,SE06,SE,D,D03,R01,100.00,0,,1,0,0,0,0,0
SE06/D04_SE06_R01.csv,SE06,SE,D,D04,R01,100.00,0,,1,1,0,0,0,0
SE06/D05_SE06_R01.csv,SE06,SE,D,D05,R01,25.00,0,,1,0,0,0,0,0
SE06/D05_SE06_R02.csv,SE06,SE,D,D05,R02,25.00,0,,1,0,0,0,0,0
SE06/D05_SE06_R03.csv,SE06,SE,D,D05,R03,25.00,0,,1,0,0,0,0,0
SE06/D05_SE06_R04.csv,SE06,SE,D,D05,R04,25.00,0,,1,0,0,0,0,0
SE06/D05_SE06_R05.csv,SE06,SE,D,D05,R05,25.00,0,,1,0,0,0,0,0
SE06/D06_SE06_R01.csv,SE06,SE,D,D06,R01,25.00,0,,1,1,0,0,0,0
SE06/D06_SE06_R02.csv,SE06,SE,D,D06,R02,25.00,0,,1,0,0,0,0,0
SE06/D06_SE06_R03.csv,SE06,SE,D,D06,R03,25.00,0,,1,0,0,0,0,0
SE06/D06_SE06_R04.csv,SE06,SE,D,D06,R04,25.00,0,,1,1,1,1,1,0
SE06/D06_SE06_R05.csv,SE06,SE,D,D06,R05,25.00,0,,1,0,0,0,0,0
SE06/D07_SE06_R01.csv,SE06,SE,D,D07,R01,11.99,0,,0,0,0,0,0,0
SE06/D07_SE06_R02.csv,SE06,SE,D,D07,R02,12.00,0,,0,0,0,0,0,0
SE06/D07_SE06_R03.csv,SE06,SE,D,D07,R03,12.00,0,,0,0,0,0,0,0
SE06/D07_SE06_R04.csv,SE06,SE,D,D07,R04,12.00,0,,0,0,0,0,0,0
SE06/D07_SE06_R05.csv,SE06,SE,D,D07,R05,12.00,0,,0,0,0,0,0,0
SE06/D08_SE06_R01.csv,SE06,SE,D,D08,R01,12.00,0,,1,0,0,0,0,0
SE06/D08_SE06_R02.csv,SE06,SE,D,D08,R02,12.00,0,,1,0,0,0,0,0
SE06/D08_SE06_R03.csv,SE06,SE,D,D08,R03,12.00,0,,1,0,0,0,0,0
SE06/D08_SE06_R04.csv,SE06,SE,D,D08,R04,12.00,0,,1,0,0,0,0,0
SE06/D08_SE06_R05.csv,SE06,SE,D,D08,R05,12.00,0,,1,0,0,0,0,0
SE06/D09_SE06_R01.csv,SE06,SE,D,D09,R01,12.00,0,,1,0,0,0,0,0
SE06/D09_SE06_R02.csv,SE06,SE,D,D09,R02,12.00,0,,1,0,0,0,0,0
SE06/D09_SE06_R03.csv,SE06,SE,D,D09,R03,12.00,0,,1,0,0,0,0,0
SE06/D09_SE06_R04.csv,SE06,SE,D,D09,R04,12.00,0,,0,0,0,0,0,0
SE06/D09_SE06_R05.csv,SE06,SE,D,D09,R05,12.00,0,,0,0,0,0,0,0
SE06/D10_SE06_R01.csv,SE06,SE,D,D10,R01,12.00,0,,1,0,0,0,0,0
SE06/D10_SE06_R02.csv,SE06,SE,D,D10,R02,12.00,0,,1,0,0,0,0,0
SE06/D10_SE06_R03.csv,SE06,SE,D,D10,R03,12.00,0,,1,0,0,0,0,0
SE06/D10_SE06_R04.csv,SE06,SE,D,D10,R04,12.00,0,,1,0,0,0,0,0
SE06/D10_SE06_R05.csv,SE06,SE,D,D10,R05,12.00,0,,1,0,0,0,0,0
SE06/D11_SE06_R01.csv,SE06,SE,D,D11,R01,12.02,0,,1,0,0,0,0,0
SE06/D11_SE06_R02.csv,SE06,SE,D,D11,R02,12.00,0,,0,0,0,0,0,0
SE06/D11_SE06_R03.csv,SE06,SE,D,D11,R03,12.00,0,,1,0,0,0,0,0
SE06/D11_SE06_R04.csv,SE06,SE,D,D11,R04,12.00,0,,1,0,0,0,0,0
SE06/D11_SE06_R05.csv,SE06,SE,D,D11,R05,12.00,0,,0,0,0,0,0,0
SE06/D12_SE06_R01.csv,SE06,SE,D,D12,R01,12.00,0,,0,0,0,0,0,0
SE06/D12_SE06_R02.csv,SE06,SE,D,D12,R02,12.00,0,,0,0,0,0,0,0
SE06/D12_SE06_R03.csv,SE06,SE,D,D12,R03,12.00,0,,0,0,0,0,0,0
SE06/D12_SE06_R04.csv,SE06,SE,D,D12,R04,12.00,0,,0,0,0,0,0,0
SE06/D12_SE06_R05.csv,SE06,SE,D,D12,R05,12.00,0,,0,0,0,0,0,0
SE06/D13_SE06_R01.csv,SE06,SE,D,D13,R01,12.00,0,,0,0,0,0,0,0
SE06/D13_SE06_R02.csv,SE06,SE,D,D13,R02,12.00,0,,0,0,0,0,0,0
SE06/D13_SE06_R03.csv,SE06,SE,D,D13,R03,12.00,0,,0,0,0,0,0,0
SE06/D13_SE06_R04.csv,SE06,SE,D,D13,R04,12.00,0,,0,0,0,0,0,0
SE06/D13_SE06_R05.csv,SE06,SE,D,D13,R05,12.00,0,,1,0,0,0,0,0
SE06/D14_SE06_R01.csv,SE06,SE,D,D14,R01,12.00,0,,0,0,0,0,0,0
SE06/D14_SE06_R02.csv,SE06,SE,D,D14,R02,12.00,0,,1,0,0,0,0,0
SE06/D14_SE06_R03.csv,SE06,SE,D,D14,R03,12.00,0,,1,0,0,0,0,0
SE06/D14_SE06_R04.csv,SE06,SE,D,D14,R04,12.00,0,,1,0,0,0,0,0
SE06/D14_SE06_R05.csv,SE06,SE,D,D14,R05,12.00,0,,0,0,0,0,0,0
SE06/D15_SE06_R01.csv,SE06,SE,D,D15,R01,12.00,0,,1,0,0,0,0,0
SE06/D15_SE06_R02.csv,SE06,SE,D,D15,R02,12.00,0,,0,0,0,0,0,0
SE06/D15_SE06_R03.csv,SE06,SE,D,D15,R03,12.00,0,,0,0,0,0,0,0
SE06/D15_SE06_R04.csv,SE06,SE,D,D15,R04,12.00,0,,0,0,0,0,0,0
SE06/D15_SE06_R05.csv,SE06,SE,D,D15,R05,12.00,0,,0,0,0,0,0,0
SE06/D16_SE06_R01.csv,SE06,SE,D,D16,R01,11.99,0,,0,0,0,0,0,0
SE06/D16_SE06_R02.csv,SE06,SE,D,D16,R02,12.00,0,,0,0,0,0,0,0
SE06/D16_SE06_R03.csv,SE06,SE,D,D16,R03,12.00,0,,0,0,0,0,0,0
SE06/D16_SE06_R04.csv,SE06,SE,D,D16,R04,12.00,0,,0,0,0,0,0,0
SE06/D16_SE06_R05.csv,SE06,SE,D,D16,R05,12.00,0,,0,0,0,0,0,0
SE06/D17_SE06_R01.csv,SE06,SE,D,D17,R01,25.00,0,,0,0,0,0,0,0
SE06/D17_SE06_R02.csv,SE06,SE,D,D17,R02,25.00,0,,0,0,0,0,0,0
SE06/D17_SE06_R03.csv,SE06,SE,D,D17,R03,25.00,0,,0,0,0,0,0,0
SE06/D17_SE06_R04.csv,SE06,SE,D,D17,R04,25.00,0,,0,0,0,0,0,0
SE06/D17_SE06_R05.csv,SE06,SE,D,D17,R05,25.00,0,,0,0,0,0,0,0
SE06/D18_SE06_R01.csv,SE06,SE,D,D18,R01,12.00,0,,1,0,0,0,0,0
SE06/D18_SE06_R02.csv,SE06,SE,D,D18,R02,12.00,1,4.10,1,1,1,1,1,1
SE06/D18_SE06_R03.csv,SE06,SE,D,D18,R03,12.00,1,4.38,1,1,2,1,1,1
SE06/D18_SE06_R04.csv,SE06,SE,D,D18,R04,12.00,0,,1,0,0,0,0,0
SE06/D18_SE06_R05.csv,SE06,SE,D,D18,R05,12.00,1,4.14,1,1,2,1,1,1
SE06/D19_SE06_R01.csv,SE06,SE,D,D19,R01,12.00,1,6.18,1,1,2,2,2,1
SE06/D19_SE06_R02.csv,SE06,SE,D,D19,R02,12.00,1,5.92,1,1,3,2,2,1
SE06/D19_SE06_R03.csv,SE06,SE,D,D19,R03,12.00,1,5.56,1,1,3,2,2,1
SE06/D19_SE06_R04.csv,SE06,SE,D,D19,R04,12.00,1,4.72,1,1,3,2,2,1
SE06/D19_SE06_R05.csv,SE06,SE,D,D19,R05,12.00,1,5.16,1,1,2,2,2,1
SE06/F01_SE06_R01.csv,SE06,SE,F,F01,R01,15.00,0,,1,1,0,0,0,0
SE06/F01_SE06_R02.csv,SE06,SE,F,F01,R02,15.00,1,9.94,1,1,2,1,1,1
SE06/F01_SE06_R03.csv,SE06,SE,F,F01,R03,15.00,1,9.04,1,1,1,1,1,1
SE06/F01_SE06_R04.csv,SE06,SE,F,F01,R04,15.00,0,,1,0,0,0,0,0
SE06/F01_SE06_R05.csv,SE06,SE,F,F01,R05,15.00,1,10.88,1,1,2,1,1,1
SE06/F02_SE06_R01.csv,SE06,SE,F,F02,R01,15.00,0,,1,1,0,0,0,0
SE06/F02_SE06_R02.csv,SE06,SE,F,F02,R02,15.00,1,6.90,1,1,1,1,1,1
SE06/F02_SE06_R03.csv,SE06,SE,F,F02,R03,15.00,1,6.68,1,1,1,1,1,1
SE06/F02_SE06_R04.csv,SE06,SE,F,F02,R04,15.00,1,8.42,1,1,1,1,1,1
SE06/F02_SE06_R05.csv,SE06,SE,F,F02,R05,15.00,1,8.10,1,1,1,1,1,1
SE06/F03_SE06_R01.csv,SE06,SE,F,F03,R01,15.00,0,,1,1,0,0,0,0
SE06/F03_SE06_R02.csv,SE06,SE,F,F03,R02,15.00,0,,1,1,0,0,0,0
SE06/F03_SE06_R03.csv,SE06,SE,F,F03,R03,15.00,1,6.62,1,1,1,1,1,1
SE06/F03_SE06_R04.csv,SE06,SE,F,F03,R04,15.00,1,7.00,1,1,1,1,1,1
SE06/F03_SE06_R05.csv,SE06,SE,F,F03,R05,15.00,1,6.36,1,1,1,1,1,1
SE06/F04_SE06_R01.csv,SE06,SE,F,F04,R01,15.00,1,8.72,1,1,2,1,1,1
SE06/F04_SE06_R02.csv,SE06,SE,F,F04,R02,15.00,0,,1,1,0,0,0,0
SE06/F04_SE06_R03.csv,SE06,SE,F,F04,R03,15.00,1,10.72,1,1,1,1,1,1
SE06/F04_SE06_R04.csv,SE06,SE,F,F04,R04,15.00,1,10.52,1,1,1,1,1,1
SE06/F04_SE06_R05.csv,SE06,SE,F,F04,R05,15.00,1,9.06,1,1,1,1,1,1
SE06/F05_SE06_R01.csv,SE06,SE,F,F05,R01,15.00,0,,1,1,0,0,0,0
SE06/F05_SE06_R02.csv,SE06,SE,F,F05,R02,15.00,0,,1,1,0,0,0,0
SE06/F05_SE06_R03.csv,SE06,SE,F,F05,R03,15.00,0,,1,1,0,0,0,0
SE06/F05_SE06_R04.csv,SE06,SE,F,F05,R04,15.00,0,,1,1,0,0,0,0
SE06/F05_SE06_R05.csv,SE06,SE,F,F05,R05,15.00,0,,1,1,0,0,0,0
SE06/F06_SE06_R01.csv,SE06,SE,F,F06,R01,14.99,1,12.82,1,1,1,1,1,1
SE06/F06_SE06_R02.csv,SE06,SE,F,F06,R02,15.00,0,,1,0,0,0,0,0
SE06/F06_SE06_R03.csv,SE06,SE,F,F06,R03,15.00,1,10.16,1,1,1,1,1,1
SE06/F06_SE06_R04.csv,SE06,SE,F,F06,R04,15.00,0,,1,0,0,0,0,0
SE06/F06_SE06_R05.csv,SE06,SE,F,F06,R05,15.00,1,9.48,1,1,1,1,1,1
SE06/F07_SE06_R01.csv,SE06,SE,F,F07,R01,15.00,1,8.42,1,1,1,1,1,1
SE06/F07_SE06_R02.csv,SE06,SE,F,F07,R02,15.00,0,,1,0,0,0,0,0
SE06/F07_SE06_R03.csv,SE06,SE,F,F07,R03,15.00,0,,1,0,0,0,0,0
SE06/F07_SE06_R04.csv,SE06,SE,F,F07,R04,15.00,0,,1,0,0,0,0,0
SE06/F07_SE06_R05.csv,SE06,SE,F,F07,R05,14.99,0,,1,0,0,0,0,0
SE06/F08_SE06_R01.csv,SE06,SE,F,F08,R01,15.00,0,,1,0,0,0,0,0
SE06/F08_SE06_R02.csv,SE06,SE,F,F08,R02,15.00,0,,1,0,0,0,0,0
SE06/F08_SE06_R03.csv,SE06,SE,F,F08,R03,15.00,0,,1,0,0,0,0,0
SE06/F08_SE06_R04.csv,SE06,SE,F,F08,R04,15.00,0,,1,0,0,0,0,0
SE06/F08_SE06_R05.csv,SE06,SE,F,F08,R05,15.00,0,,1,0,0,0,0,0
SE06/F09_SE06_R01.csv,SE06,SE,F,F09,R01,14.99,1,4.50,1,1,1,1,1,1
SE06/F09_SE06_R02.csv,SE06,SE,F,F09,R02,15.00,1,3.80,1,1,1,1,1,1
SE06/F09_SE06_R03.csv,SE06,SE,F,F09,R03,15.00,0,,0,0,0,0,0,0
SE06/F09_SE06_R04.csv,SE06,SE,F,F09,R04,15.00,0,,1,0,0,0,0,0
SE06/F09_SE06_R05.csv,SE06,SE,F,F09,R05,15.00,1,5.16,1,1,1,1,1,1
SE06/F10_SE06_R01.csv,SE06,SE,F,F10,R01,15.00,0,,1,0,0,0,0,0
SE06/F10_SE06_R02.csv,SE06,SE,F,F10,R02,15.00,0,,1,0,0,0,0,0
SE06/F10_SE06_R03.csv,SE06,SE,F,F10,R03,15.00,0,,1,0,0,0,0,0
SE06/F10_SE06_R04.csv,SE06,SE,F,F10,R04,15.00,0,,1,0,0,0,0,0
SE06/F10_SE06_R05.csv,SE06,SE,F,F10,R05,15.00,0,,1,0,0,0,0,0
SE06/F11_SE06_R01.csv,SE06,SE,F,F11,R01,14.99,1,6.92,1,1,1,1,1,1
SE06/F11_SE06_R02.csv,SE06,SE,F,F11,R02,15.00,1,5.52,1,1,1,1,1,1
SE06/F11_SE06_R03.csv,SE06,SE,F,F11,R03,15.00,1,6.80,1,1,1,1,1,1
SE06/F11_SE06_R04.csv,SE06,SE,F,F11,R04,15.00,1,3.02,1,1,1,1,1,1
SE06/F11_SE06_R05.csv,SE06,SE,F,F11,R05,14.99,1,4.70,1,1,1,1,1,1
SE06/F12_SE06_R01.csv,SE06,SE,F,F12,R01,15.00,0,,1,1,0,0,0,0
SE06/F12_SE06_R02.csv,SE06,SE,F,F12,R02,15.00,1,6.78,1,1,1,1,1,1
SE06/F12_SE06_R03.csv,SE06,SE,F,F12,R03,15.00,1,3.72,1,1,1,1,1,1
SE06/F12_SE06_R04.csv,SE06,SE,F,F12,R04,15.00,1,2.94,1,1,1,1,1,1
SE06/F12_SE06_R05.csv,SE06,SE,F,F12,R05,15.00,0,,0,0,0,0,0,0
SE06/F13_SE06_R01.csv,SE06,SE,F,F13,R01,15.00,0,,1,0,0,0,0,0
SE06/F13_SE06_R02.csv,SE06,SE,F,F13,R02,14.99,0,,1,0,0,0,0,0
SE06/F13_SE06_R03.csv,SE06,SE,F,F13,R03,15.00,1,10.46,1,1,1,1,1,1
SE06/F13_SE06_R04.csv,SE06,SE,F,F13,R04,15.00,0,,1,0,0,0,0,0
SE06/F13_SE06_R05.csv,SE06,SE,F,F13,R05,15.00,0,,1,0,0,0,0,0
SE06/F14_SE06_R01.csv,SE06,SE,F,F14,R01,15.00,1,2.36,1,1,1,1,1,1
SE06/F14_SE06_R02.csv,SE06,SE,F,F14,R02,15.00,1,5.50,1,1,1,1,1,1
SE06/F14_SE06_R03.csv,SE06,SE,F,F14,R03,15.00,1,4.60,1,1,1,1,1,1
SE06/F14_SE06_R04.csv,SE06,SE,F,F14,R04,15.00,1,6.38,1,1,1,1,1,1
SE06/F14_SE06_R05.csv,SE06,SE,F,F14,R05,15.00,1,4.26,1,1,1,1,1,1
SE06/F15_SE06_R01.csv,SE06,SE,F,F15,R01,15.00,1,6.50,1,1,1,1,1,1
SE06/F15_SE06_R02.csv,SE06,SE,F,F15,R02,15.00,1,8.16,1,1,1,1,1,1
SE06/F15_SE06_R03.csv,SE06,SE,F,F15,R03,15.00,1,5.76,1,1,1,1,1,1
SE06/F15_SE06_R04.csv,SE06,SE,F,F15,R04,15.00,1,8.26,1,1,1,1,1,1
SE06/F15_SE06_R05.csv,SE06,SE,F,F15,R05,15.00,1,9.42,1,1,1,1,1,1
SE07/D01_SE07_R01.csv,SE07,SE,D,D01,R01,100.00,0,,1,0,0,0,0,0
SE07/D02_SE07_R01.csv,SE07,SE,D,D02,R01,100.00,0,,1,0,0,0,0,0
SE07/D03_SE07_R01.csv,SE07,SE,D,D03,R01,99.97,0,,1,1,1,1,1,0
SE07/D04_SE07_R01.csv,SE07,SE,D,D04,R01,99.98,0,,1,1,1,1,1,0
SE07/D05_SE07_R01.csv,SE07,SE,D,D05,R01,25.00,0,,1,0,0,0,0,0
SE07/D05_SE07_R02.csv,SE07,SE,D,D05,R02,25.00,0,,1,1,0,0,0,0
SE07/D05_SE07_R03.csv,SE07,SE,D,D05,R03,25.00,1,16.16,1,1,1,1,1,1
SE07/D05_SE07_R04.csv,SE07,SE,D,D05,R04,25.00,0,,1,0,0,0,0,0
SE07/D05_SE07_R05.csv,SE07,SE,D,D05,R05,25.00,0,,1,0,0,0,0,0
SE07/D07_SE07_R01.csv,SE07,SE,D,D07,R01,12.00,0,,0,0,0,0,0,0
SE07/D07_SE07_R02.csv,SE07,SE,D,D07,R02,12.00,0,,0,0,0,0,0,0
SE07/D07_SE07_R03.csv,SE07,SE,D,D07,R03,12.00,0,,0,0,0,0,0,0
SE07/D07_SE07_R04.csv,SE07,SE,D,D07,R04,12.00,0,,0,0,0,0,0,0
SE07/D07_SE07_R05.csv,SE07,SE,D,D07,R05,12.00,0,,0,0,0,0,0,0
SE07/D08_SE07_R01.csv,SE07,SE,D,D08,R01,12.00,0,,1,0,0,0,0,0
SE07/D08_SE07_R02.csv,SE07,SE,D,D08,R02,12.00,0,,1,0,0,0,0,0
SE07/D08_SE07_R03.csv,SE07,SE,D,D08,R03,11.99,0,,1,0,0,0,0,0
SE07/D08_SE07_R04.csv,SE07,SE,D,D08,R04,12.00,0,,1,0,0,0,0,0
SE07/D08_SE07_R05.csv,SE07,SE,D,D08,R05,12.00,0,,1,0,0,0,0,0
SE07/D09_SE07_R01.csv,SE07,SE,D,D09,R01,12.00,0,,0,0,0,0,0,0
SE07/D09_SE07_R02.csv,SE07,SE,D,D09,R02,12.00,0,,1,0,0,0,0,0
SE07/D09_SE07_R03.csv,SE07,SE,D,D09,R03,12.00,0,,0,0,0,0,0,0
SE07/D09_SE07_R04.csv,SE07,SE,D,D09,R04,12.00,0,,1,0,0,0,0,0
SE07/D09_SE07_R05.csv,SE07,SE,D,D09,R05,12.00,0,,0,0,0,0,0,0
SE07/D10_SE07_R01.csv,SE07,SE,D,D10,R01,12.00,0,,1,0,0,0,0,0
SE07/D10_SE07_R02.csv,SE07,SE,D,D10,R02,12.00,0,,1,0,0,0,0,0
SE07/D10_SE07_R03.csv,SE07,SE,D,D10,R03,12.00,0,,1,0,0,0,0,0
SE07/D10_SE07_R04.csv,SE07,SE,D,D10,R04,12.00,0,,1,0,0,0,0,0
SE07/D10_SE07_R05.csv,SE07,SE,D,D10,R05,12.00,0,,1,0,0,0,0,0
SE07/D11_SE07_R01.csv,SE07,SE,D,D11,R01,12.00,0,,1,0,0,0,0,0
SE07/D11_SE07_R02.csv,SE07,SE,D,D11,R02,12.00,0,,1,0,0,0,0,0
SE07/D11_SE07_R03.csv,SE07,SE,D,D11,R03,12.00,0,,1,0,0,0,0,0
SE07/D11_SE07_R04.csv,SE07,SE,D,D11,R04,12.00,0,,1,0,0,0,0,0
SE07/D11_SE07_R05.csv,SE07,SE,D,D11,R05,12.00,0,,1,0,0,0,0,0
SE07/D12_SE07_R01.csv,SE07,SE,D,D12,R01,12.00,0,,0,0,0,0,0,0
SE07/D12_SE07_R02.csv,SE07,SE,D,D12,R02,12.00,0,,0,0,0,0,0,0
SE07/D12_SE07_R03.csv,SE07,SE,D,D12,R03,12.00,0,,0,0,0,0,0,0
SE07/D12_SE07_R04.csv,SE07,SE,D,D12,R04,12.00,0,,0,0,0,0,0,0
SE07/D12_SE07_R05.csv,SE07,SE,D,D12,R05,12.00,0,,0,0,0,0,0,0
SE07/D14_SE07_R01.csv,SE07,SE,D,D14,R01,12.00,0,,1,0,0,0,0,0
SE07/D14_SE07_R02.csv,SE07,SE,D,D14,R02,12.00,0,,1,0,0,0,0,0
SE07/D14_SE07_R03.csv,SE07,SE,D,D14,R03,12.00,0,,1,0,0,0,0,0
SE07/D14_SE07_R04.csv,SE07,SE,D,D14,R04,12.00,0,,1,0,0,0,0,0
SE07/D14_SE07_R05.csv,SE07,SE,D,D14,R05,12.00,0,,1,0,0,0,0,0
SE07/D15_SE07_R01.csv,SE07,SE,D,D15,R01,12.00,0,,1,0,0,0,0,0
SE07/D15_SE07_R02.csv,SE07,SE,D,D15,R02,12.00,0,,1,0,0,0,0,0
SE07/D15_SE07_R03.csv,SE07,SE,D,D15,R03,12.00,0,,1,0,0,0,0,0
SE07/D15_SE07_R04.csv,SE07,SE,D,D15,R04,12.00,0,,0,0,0,0,0,0
SE07/D15_SE07_R05.csv,SE07,SE,D,D15,R05,12.00,0,,1,0,0,0,0,0
SE07/D16_SE07_R01.csv,SE07,SE,D,D16,R01,12.00,0,,0,0,0,0,0,0
SE07/D16_SE07_R02.csv,SE07,SE,D,D16,R02,12.00,0,,0,0,0,0,0,0
SE07/D16_SE07_R03.csv,SE07,SE,D,D16,R03,12.00,0,,0,0,0,0,0,0
SE07/D16_SE07_R04.csv,SE07,SE,D,D16,R04,12.00,0,,0,0,0,0,0,0
SE07/D16_SE07_R05.csv,SE07,SE,D,D16,R05,12.00,0,,0,0,0,0,0,0
SE07/D17_SE07_R01.csv,SE07,SE,D,D17,R01,25.00,0,,1,0,0,0,0,0
SE07/D17_SE07_R02.csv,SE07,SE,D,D17,R02,25.00,0,,1,0,0,0,0,0
SE07/D17_SE07_R03.csv,SE07,SE,D,D17,R03,25.00,0,,1,0,0,0,0,0
SE07/D17_SE07_R04.csv,SE07,SE,D,D17,R04,25.00,0,,1,0,0,0,0,0
SE07/D17_SE07_R05.csv,SE07,SE,D,D17,R05,25.00,0,,1,0,0,0,0,0
SE08/D01_SE08_R01.csv,SE08,SE,D,D01,R01,100.00,0,,1,0,0,0,0,0
SE08/D02_SE08_R01.csv,SE08,SE,D,D02,R01,100.00,0,,1,0,0,0,0,0
SE08/D03_SE08_R01.csv,SE08,SE,D,D03,R01,100.00,0,,1,1,2,1,1,0
SE08/D04_SE08_R01.csv,SE08,SE,D,D04,R01,100.00,0,,1,1,1,1,1,0
SE08/D05_SE08_R01.csv,SE08,SE,D,D05,R01,25.00,0,,1,0,0,0,0,0
SE08/D05_SE08_R02.csv,SE08,SE,D,D05,R02,25.00,0,,1,0,0,0,0,0
SE08/D05_SE08_R03.csv,SE08,SE,D,D05,R03,25.00,0,,1,0,0,0,0,0
SE08/D05_SE08_R04.csv,SE08,SE,D,D05,R04,25.00,0,,1,1,0,0,0,0
SE08/D05_SE08_R05.csv,SE08,SE,D,D05,R05,25.00,0,,1,0,0,0,0,0
SE08/D07_SE08_R01.csv,SE08,SE,D,D07,R01,12.00,0,,0,0,0,0,0,0
SE08/D07_SE08_R02.csv,SE08,SE,D,D07,R02,12.00,0,,0,0,0,0,0,0
SE08/D07_SE08_R03.csv,SE08,SE,D,D07,R03,12.00,0,,1,0,0,0,0,0
SE08/D07_SE08_R04.csv,SE08,SE,D,D07,R04,11.99,0,,0,0,0,0,0,0
SE08/D07_SE08_R05.csv,SE08,SE,D,D07,R05,12.00,0,,0,0,0,0,0,0
SE08/D08_SE08_R01.csv,SE08,SE,D,D08,R01,11.99,0,,1,0,0,0,0,0
SE08/D08_SE08_R02.csv,SE08,SE,D,D08,R02,11.99,0,,1,0,0,0,0,0
SE08/D08_SE08_R03.csv,SE08,SE,D,D08,R03,12.00,0,,1,0,0,0,0,0
SE08/D08_SE08_R04.csv,SE08,SE,D,D08,R04,12.00,0,,1,0,0,0,0,0
SE08/D08_SE08_R05.csv,SE08,SE,D,D08,R05,12.00,1,3.74,1,1,1,1,1,1
SE08/D09_SE08_R01.csv,SE08,SE,D,D09,R01,12.00,0,,1,0,0,0,0,0
SE08/D09_SE08_R02.csv,SE08,SE,D,D09,R02,12.00,0,,1,0,0,0,0,0
SE08/D09_SE08_R03.csv,SE08,SE,D,D09,R03,12.00,0,,1,0,0,0,0,0
SE08/D09_SE08_R04.csv,SE08,SE,D,D09,R04,12.00,0,,1,0,0,0,0,0
SE08/D09_SE08_R05.csv,SE08,SE,D,D09,R05,12.00,0,,1,0,0,0,0,0
SE08/D10_SE08_R01.csv,SE08,SE,D,D10,R01,12.00,0,,1,0,0,0,0,0
SE08/D10_SE08_R02.csv,SE08,SE,D,D10,R02,12.00,0,,1,0,0,0,0,0
SE08/D10_SE08_R03.csv,SE08,SE,D,D10,R03,12.00,0,,1,0,0,0,0,0
SE08/D10_SE08_R04.csv,SE08,SE,D,D10,R04,12.00,0,,1,0,0,0,0,0
SE08/D10_SE08_R05.csv,SE08,SE,D,D10,R05,12.00,0,,1,0,0,0,0,0
SE08/D11_SE08_R01.csv,SE08,SE,D,D11,R01,12.00,0,,1,0,0,0,0,0
SE08/D11_SE08_R02.csv,SE08,SE,D,D11,R02,12.00,0,,1,0,0,0,0,0
SE08/D11_SE08_R03.csv,SE08,SE,D,D11,R03,12.00,0,,1,0,0,0,0,0
SE08/D11_SE08_R04.csv,SE08,SE,D,D11,R04,12.00,0,,1,0,0,0,0,0
SE08/D11_SE08_R05.csv,SE08,SE,D,D11,R05,12.00,0,,1,0,0,0,0,0
SE08/D12_SE08_R01.csv,SE08,SE,D,D12,R01,12.00,0,,1,0,0,0,0,0
SE08/D12_SE08_R02.csv,SE08,SE,D,D12,R02,12.00,0,,0,0,0,0,0,0
SE08/D12_SE08_R03.csv,SE08,SE,D,D12,R03,12.00,0,,0,0,0,0,0,0
SE08/D12_SE08_R04.csv,SE08,SE,D,D12,R04,12.00,0,,0,0,0,0,0,0
SE08/D12_SE08_R05.csv,SE08,SE,D,D12,R05,12.00,0,,0,0,0,0,0,0
SE08/D14_SE08_R01.csv,SE08,SE,D,D14,R01,12.00,0,,1,0,0,0,0,0
SE08/D14_SE08_R02.csv,SE08,SE,D,D14,R02,12.00,0,,1,0,0,0,0,0
SE08/D14_SE08_R03.csv,SE08,SE,D,D14,R03,12.00,0,,1,0,0,0,0,0
SE08/D14_SE08_R04.csv,SE08,SE,D,D14,R04,12.00,0,,1,0,0,0,0,0
SE08/D14_SE08_R05.csv,SE08,SE,D,D14,R05,12.00,0,,1,0,0,0,0,0
SE08/D15_SE08_R01.csv,SE08,SE,D,D15,R01,12.00,0,,0,0,0,0,0,0
SE08/D15_SE08_R02.csv,SE08,SE,D,D15,R02,12.00,0,,1,0,0,0,0,0
SE08/D15_SE08_R03.csv,SE08,SE,D,D15,R03,12.00,0,,1,0,0,0,0,0
SE08/D15_SE08_R04.csv,SE08,SE,D,D15,R04,12.00,0,,1,0,0,0,0,0
SE08/D15_SE08_R05.csv,SE08,SE,D,D15,R05,12.00,0,,1,0,0,0,0,0
SE08/D16_SE08_R01.csv,SE08,SE,D,D16,R01,12.00,0,,1,0,0,0,0,0
SE08/D16_SE08_R02.csv,SE08,SE,D,D16,R02,12.00,0,,0,0,0,0,0,0
SE08/D16_SE08_R03.csv,SE08,SE,D,D16,R03,12.00,0,,0,0,0,0,0,0
SE08/D16_SE08_R04.csv,SE08,SE,D,D16,R04,12.00,0,,0,0,0,0,0,0
SE08/D16_SE08_R05.csv,SE08,SE,D,D16,R05,12.00,0,,1,0,0,0,0,0
SE08/D17_SE08_R01.csv,SE08,SE,D,D17,R01,25.00,0,,0,0,0,0,0,0
SE08/D17_SE08_R02.csv,SE08,SE,D,D17,R02,25.00,0,,0,0,0,0,0,0
SE08/D17_SE08_R03.csv,SE08,SE,D,D17,R03,25.00,0,,1,0,0,0,0,0
SE08/D17_SE08_R04.csv,SE08,SE,D,D17,R04,25.00,0,,1,0,0,0,0,0
SE08/D17_SE08_R05.csv,SE08,SE,D,D17,R05,25.00,0,,0,0,0,0,0,0
SE09/D01_SE09_R01.csv,SE09,SE,D,D01,R01,99.92,0,,1,0,0,0,0,0
SE09/D02_SE09_R01.csv,SE09,SE,D,D02,R01,100.00,0,,1,0,0,0,0,0
SE09/D03_SE09_R01.csv,SE09,SE,D,D03,R01,100.00,0,,1,1,0,0,0,0
SE09/D04_SE09_R01.csv,SE09,SE,D,D04,R01,100.00,0,,1,1,0,0,0,0
SE09/D05_SE09_R01.csv,SE09,SE,D,D05,R01,25.00,0,,1,0,0,0,0,0
SE09/D05_SE09_R02.csv,SE09,SE,D,D05,R02,25.00,0,,1,0,0,0,0,0
SE09/D05_SE09_R03.csv,SE09,SE,D,D05,R03,25.00,0,,1,0,0,0,0,0
SE09/D05_SE09_R04.csv,SE09,SE,D,D05,R04,25.00,0,,1,0,0,0,0,0
SE09/D05_SE09_R05.csv,SE09,SE,D,D05,R05,25.00,0,,1,0,0,0,0,0
SE09/D07_SE09_R01.csv,SE09,SE,D,D07,R01,12.00,0,,0,0,0,0,0,0
SE09/D07_SE09_R02.csv,SE09,SE,D,D07,R02,11.99,0,,0,0,0,0,0,0
SE09/D07_SE09_R03.csv,SE09,SE,D,D07,R03,12.00,0,,0,0,0,0,0,0
SE09/D07_SE09_R04.csv,SE09,SE,D,D07,R04,12.00,0,,0,0,0,0,0,0
SE09/D07_SE09_R05.csv,SE09,SE,D,D07,R05,12.00,0,,0,0,0,0,0,0
SE09/D08_SE09_R01.csv,SE09,SE,D,D08,R01,12.00,0,,1,0,0,0,0,0
SE09/D08_SE09_R02.csv,SE09,SE,D,D08,R02,12.00,0,,1,0,0,0,0,0
SE09/D08_SE09_R03.csv,SE09,SE,D,D08,R03,12.00,0,,1,0,0,0,0,0
SE09/D08_SE09_R04.csv,SE09,SE,D,D08,R04,12.00,0,,1,0,0,0,0,0
SE09/D08_SE09_R05.csv,SE09,SE,D,D08,R05,12.00,0,,1,0,0,0,0,0
SE09/D09_SE09_R01.csv,SE09,SE,D,D09,R01,12.00,0,,1,0,0,0,0,0
SE09/D09_SE09_R02.csv,SE09,SE,D,D09,R02,12.00,0,,1,0,0,0,0,0
SE09/D09_SE09_R03.csv,SE09,SE,D,D09,R03,12.00,0,,1,0,0,0,0,0
SE09/D09_SE09_R04.csv,SE09,SE,D,D09,R04,12.00,0,,1,0,0,0,0,0
SE09/D09_SE09_R05.csv,SE09,SE,D,D09,R05,12.00,0,,1,0,0,0,0,0
SE09/D10_SE09_R01.csv,SE09,SE,D,D10,R01,12.00,0,,1,0,0,0,0,0
SE09/D10_SE09_R02.csv,SE09,SE,D,D10,R02,12.00,0,,1,0,0,0,0,0
SE09/D10_SE09_R03.csv,SE09,SE,D,D10,R03,12.00,0,,1,0,0,0,0,0
SE09/D10_SE09_R04.csv,SE09,SE,D,D10,R04,12.00,0,,1,0,0,0,0,0
SE09/D10_SE09_R05.csv,SE09,SE,D,D10,R05,12.00,0,,1,0,0,0,0,0
SE09/D11_SE09_R01.csv,SE09,SE,D,D11,R01,11.99,0,,0,0,0,0,0,0
SE09/D11_SE09_R02.csv,SE09,SE,D,D11,R02,12.00,0,,0,0,0,0,0,0
SE09/D11_SE09_R03.csv,SE09,SE,D,D11,R03,12.00,0,,0,0,0,0,0,0
SE09/D11_SE09_R04.csv,SE09,SE,D,D11,R04,12.00,0,,1,0,0,0,0,0
SE09/D11_SE09_R05.csv,SE09,SE,D,D11,R05,12.00,0,,1,0,0,0,0,0
SE09/D12_SE09_R01.csv,SE09,SE,D,D12,R01,12.00,0,,0,0,0,0,0,0
SE09/D12_SE09_R02.csv,SE09,SE,D,D12,R02,12.00,0,,0,0,0,0,0,0
SE09/D12_SE09_R03.csv,SE09,SE,D,D12,R03,12.00,0,,0,0,0,0,0,0
SE09/D12_SE09_R04.csv,SE09,SE,D,D12,R04,12.00,0,,0,0,0,0,0,0
SE09/D12_SE09_R05.csv,SE09,SE,D,D12,R05,12.00,0,,0,0,0,0,0,0
SE09/D14_SE09_R01.csv,SE09,SE,D,D14,R01,12.00,0,,1,0,0,0,0,0
SE09/D14_SE09_R02.csv,SE09,SE,D,D14,R02,12.00,0,,1,0,0,0,0,0
SE09/D14_SE09_R03.csv,SE09,SE,D,D14,R03,12.00,0,,1,0,0,0,0,0
SE09/D14_SE09_R04.csv,SE09,SE,D,D14,R04,12.00,0,,1,0,0,0,0,0
SE09/D14_SE09_R05.csv,SE09,SE,D,D14,R05,12.00,0,,1,0,0,0,0,0
SE09/D15_SE09_R01.csv,SE09,SE,D,D15,R01,12.00,0,,0,0,0,0,0,0
SE09/D15_SE09_R02.csv,SE09,SE,D,D15,R02,12.00,0,,0,0,0,0,0,0
SE09/D15_SE09_R03.csv,SE09,SE,D,D15,R03,12.00,0,,0,0,0,0,0,0
SE09/D15_SE09_R04.csv,SE09,SE,D,D15,R04,12.00,0,,0,0,0,0,0,0
SE09/D15_SE09_R05.csv,SE09,SE,D,D15,R05,12.00,0,,0,0,0,0,0,0
SE09/D16_SE09_R01.csv,SE09,SE,D,D16,R01,11.99,0,,0,0,0,0,0,0
SE09/D16_SE09_R02.csv,SE09,SE,D,D16,R02,12.00,0,,0,0,0,0,0,0
SE09/D16_SE09_R03.csv,SE09,SE,D,D16,R03,12.00,0,,0,0,0,0,0,0
SE09/D16_SE09_R04.csv,SE09,SE,D,D16,R04,12.00,0,,0,0,0,0,0,0
SE09/D16_SE09_R05.csv,SE09,SE,D,D16,R05,12.00,0,,0,0,0,0,0,0
SE09/D17_SE09_R01.csv,SE09,SE,D,D17,R01,25.00,0,,1,0,0,0,0,0
SE09/D17_SE09_R02.csv,SE09,SE,D,D17,R02,25.00,0,,1,0,0,0,0,0
SE09/D17_SE09_R03.csv,SE09,SE,D,D17,R03,25.00,0,,1,0,0,0,0,0
SE09/D17_SE09_R04.csv,SE09,SE,D,D17,R04,25.00,0,,0,0,0,0,0,0
SE09/D17_SE09_R05.csv,SE09,SE,D,D17,R05,25.00,0,,0,0,0,0,0,0
SE10/D01_SE10_R01.csv,SE10,SE,D,D01,R01,100.00,0,,1,0,0,0,0,0
SE10/D02_SE10_R01.csv,SE10,SE,D,D02,R01,100.00,0,,1,0,0,0,0,0
SE10/D03_SE10_R01.csv,SE10,SE,D,D03,R01,100.00,1,29.92,1,1,1,1,1,1
SE10/D04_SE10_R01.csv,SE10,SE,D,D04,R01,100.00,1,8.60,1,1,2,1,1,1
SE10/D05_SE10_R01.csv,SE10,SE,D,D05,R01,25.00,0,,1,0,0,0,0,0
SE10/D05_SE10_R02.csv,SE10,SE,D,D05,R02,25.00,0,,1,0,0,0,0,0
SE10/D05_SE10_R03.csv,SE10,SE,D,D05,R03,25.00,0,,1,0,0,0,0,0
SE10/D05_SE10_R04.csv,SE10,SE,D,D05,R04,25.00,0,,1,0,0,0,0,0
SE10/D05_SE10_R05.csv,SE10,SE,D,D05,R05,25.00,0,,1,0,0,0,0,0
SE10/D07_SE10_R01.csv,SE10,SE,D,D07,R01,12.00,0,,0,0,0,0,0,0
SE10/D07_SE10_R02.csv,SE10,SE,D,D07,R02,11.99,0,,0,0,0,0,0,0
SE10/D07_SE10_R03.csv,SE10,SE,D,D07,R03,12.00,0,,0,0,0,0,0,0
SE10/D07_SE10_R04.csv,SE10,SE,D,D07,R04,12.00,0,,0,0,0,0,0,0
SE10/D07_SE10_R05.csv,SE10,SE,D,D07,R05,12.00,0,,0,0,0,0,0,0
SE10/D08_SE10_R01.csv,SE10,SE,D,D08,R01,12.00,0,,1,0,0,0,0,0
SE10/D08_SE10_R02.csv,SE10,SE,D,D08,R02,12.00,0,,1,0,0,0,0,0
SE10/D08_SE10_R03.csv,SE10,SE,D,D08,R03,12.00,0,,1,0,0,0,0,0
SE10/D08_SE10_R04.csv,SE10,SE,D,D08,R04,12.00,0,,1,0,0,0,0,0
SE10/D08_SE10_R05.csv,SE10,SE,D,D08,R05,12.00,0,,1,0,0,0,0,0
SE10/D09_SE10_R01.csv,SE10,SE,D,D09,R01,12.00,0,,1,0,0,0,0,0
SE10/D09_SE10_R02.csv,SE10,SE,D,D09,R02,12.00,0,,1,0,0,0,0,0
SE10/D09_SE10_R03.csv,SE10,SE,D,D09,R03,12.00,0,,1,0,0,0,0,0
SE10/D09_SE10_R04.csv,SE10,SE,D,D09,R04,12.00,0,,0,0,0,0,0,0
SE10/D09_SE10_R05.csv,SE10,SE,D,D09,R05,12.00,0,,0,0,0,0,0,0
SE10/D10_SE10_R01.csv,SE10,SE,D,D10,R01,12.00,0,,0,0,0,0,0,0
SE10/D10_SE10_R02.csv,SE10,SE,D,D10,R02,12.00,0,,1,0,0,0,0,0
SE10/D10_SE10_R03.csv,SE10,SE,D,D10,R03,12.00,0,,1,0,0,0,0,0
SE10/D10_SE10_R04.csv,SE10,SE,D,D10,R04,12.00,0,,1,0,0,0,0,0
SE10/D10_SE10_R05.csv,SE10,SE,D,D10,R05,12.00,0,,1,0,0,0,0,0
SE10/D11_SE10_R01.csv,SE10,SE,D,D11,R01,11.99,0,,0,0,0,0,0,0
SE10/D11_SE10_R02.csv,SE10,SE,D,D11,R02,12.00,1,4.68,1,1,1,1,1,1
SE10/D11_SE10_R03.csv,SE10,SE,D,D11,R03,12.00,0,,1,0,0,0,0,0
SE10/D11_SE10_R04.csv,SE10,SE,D,D11,R04,12.00,0,,0,0,0,0,0,0
SE10/D11_SE10_R05.csv,SE10,SE,D,D11,R05,12.00,0,,1,0,0,0,0,0
SE10/D12_SE10_R01.csv,SE10,SE,D,D12,R01,12.00,0,,0,0,0,0,0,0
SE10/D12_SE10_R02.csv,SE10,SE,D,D12,R02,12.00,0,,0,0,0,0,0,0
SE10/D12_SE10_R03.csv,SE10,SE,D,D12,R03,12.00,0,,0,0,0,0,0,0
SE10/D12_SE10_R04.csv,SE10,SE,D,D12,R04,12.00,0,,0,0,0,0,0,0
SE10/D12_SE10_R05.csv,SE10,SE,D,D12,R05,12.00,0,,0,0,0,0,0,0
SE10/D14_SE10_R01.csv,SE10,SE,D,D14,R01,12.00,0,,1,0,0,0,0,0
SE10/D14_SE10_R02.csv,SE10,SE,D,D14,R02,12.00,0,,1,0,0,0,0,0
SE10/D14_SE10_R03.csv,SE10,SE,D,D14,R03,12.00,0,,1,0,0,0,0,0
SE10/D14_SE10_R04.csv,SE10,SE,D,D14,R04,12.00,0,,0,0,0,0,0,0
SE10/D14_SE10_R05.csv,SE10,SE,D,D14,R05,12.00,0,,1,0,0,0,0,0
SE10/D15_SE10_R01.csv,SE10,SE,D,D15,R01,12.00,0,,0,0,0,0,0,0
SE10/D15_SE10_R02.csv,SE10,SE,D,D15,R02,12.00,0,,0,0,0,0,0,0
SE10/D15_SE10_R03.csv,SE10,SE,D,D15,R03,12.00,0,,0,0,0,0,0,0
SE10/D15_SE10_R04.csv,SE10,SE,D,D15,R04,12.00,0,,0,0,0,0,0,0
SE10/D15_SE10_R05.csv,SE10,SE,D,D15,R05,12.00,0,,0,0,0,0,0,0
SE10/D16_SE10_R01.csv,SE10,SE,D,D16,R01,11.99,0,,0,0,0,0,0,0
SE10/D16_SE10_R02.csv,SE10,SE,D,D16,R02,12.00,0,,0,0,0,0,0,0
SE10/D16_SE10_R03.csv,SE10,SE,D,D16,R03,12.00,0,,0,0,0,0,0,0
SE10/D16_SE10_R04.csv,SE10,SE,D,D16,R04,12.00,0,,0,0,0,0,0,0
SE10/D16_SE10_R05.csv,SE10,SE,D,D16,R05,12.00,0,,0,0,0,0,0,0
SE10/D17_SE10_R01.csv,SE10,SE,D,D17,R01,25.00,0,,0,0,0,0,0,0
SE10/D17_SE10_R02.csv,SE10,SE,D,D17,R02,25.00,0,,0,0,0,0,0,0
SE10/D17_SE10_R03.csv,SE10,SE,D,D17,R03,25.00,0,,0,0,0,0,0,0
SE10/D17_SE10_R04.csv,SE10,SE,D,D17,R04,25.00,0,,0,0,0,0,0,0
SE10/D17_SE10_R05.csv,SE10,SE,D,D17,R05,25.00,0,,0,0,0,0,0,0
SE11/D01_SE11_R01.csv,SE11,SE,D,D01,R01,100.00,0,,1,0,0,0,0,0
SE11/D02_SE11_R01.csv,SE11,SE,D,D02,R01,100.00,0,,1,0,0,0,0,0
SE11/D03_SE11_R01.csv,SE11,SE,D,D03,R01,100.00,0,,1,1,0,0,0,0
SE11/D04_SE11_R01.csv,SE11,SE,D,D04,R01,100.00,0,,1,1,4,3,3,0
SE11/D05_SE11_R01.csv,SE11,SE,D,D05,R01,25.00,0,,1,0,0,0,0,0
SE11/D05_SE11_R02.csv,SE11,SE,D,D05,R02,25.00,0,,1,0,0,0,0,0
SE11/D05_SE11_R03.csv,SE11,SE,D,D05,R03,25.00,0,,1,0,0,0,0,0
SE11/D05_SE11_R04.csv,SE11,SE,D,D05,R04,25.00,0,,1,0,0,0,0,0
SE11/D05_SE11_R05.csv,SE11,SE,D,D05,R05,25.00,0,,1,0,0,0,0,0
SE11/D07_SE11_R01.csv,SE11,SE,D,D07,R01,11.99,0,,0,0,0,0,0,0
SE11/D07_SE11_R02.csv,SE11,SE,D,D07,R02,12.00,0,,0,0,0,0,0,0
SE11/D07_SE11_R03.csv,SE11,SE,D,D07,R03,11.99,0,,0,0,0,0,0,0
SE11/D07_SE11_R04.csv,SE11,SE,D,D07,R04,12.00,0,,0,0,0,0,0,0
SE11/D07_SE11_R05.csv,SE11,SE,D,D07,R05,12.00,0,,0,0,0,0,0,0
SE11/D08_SE11_R01.csv,SE11,SE,D,D08,R01,12.00,0,,1,0,0,0,0,0
SE11/D08_SE11_R02.csv,SE11,SE,D,D08,R02,12.00,0,,1,0,0,0,0,0
SE11/D08_SE11_R03.csv,SE11,SE,D,D08,R03,12.00,0,,1,0,0,0,0,0
SE11/D08_SE11_R04.csv,SE11,SE,D,D08,R04,12.00,0,,1,0,0,0,0,0
SE11/D08_SE11_R05.csv,SE11,SE,D,D08,R05,12.00,0,,1,0,0,0,0,0
SE11/D09_SE11_R01.csv,SE11,SE,D,D09,R01,12.00,0,,0,0,0,0,0,0
SE11/D09_SE11_R02.csv,SE11,SE,D,D09,R02,12.00,0,,0,0,0,0,0,0
SE11/D09_SE11_R03.csv,SE11,SE,D,D09,R03,12.00,0,,0,0,0,0,0,0
SE11/D09_SE11_R04.csv,SE11,SE,D,D09,R04,12.00,0,,0,0,0,0,0,0
SE11/D09_SE11_R05.csv,SE11,SE,D,D09,R05,12.00,0,,0,0,0,0,0,0
SE11/D10_SE11_R01.csv,SE11,SE,D,D10,R01,12.00,0,,1,0,0,0,0,0
SE11/D10_SE11_R02.csv,SE11,SE,D,D10,R02,12.00,0,,1,0,0,0,0,0
SE11/D10_SE11_R03.csv,SE11,SE,D,D10,R03,12.00,0,,1,0,0,0,0,0
SE11/D10_SE11_R04.csv,SE11,SE,D,D10,R04,12.00,0,,1,0,0,0,0,0
SE11/D10_SE11_R05.csv,SE11,SE,D,D10,R05,12.00,0,,1,0,0,0,0,0
SE11/D11_SE11_R01.csv,SE11,SE,D,D11,R01,11.99,0,,1,1,0,0,0,0
SE11/D11_SE11_R02.csv,SE11,SE,D,D11,R02,12.00,0,,1,0,0,0,0,0
SE11/D11_SE11_R03.csv,SE11,SE,D,D11,R03,12.00,0,,1,0,0,0,0,0
SE11/D11_SE11_R04.csv,SE11,SE,D,D11,R04,12.00,0,,1,0,0,0,0,0
SE11/D11_SE11_R05.csv,SE11,SE,D,D11,R05,12.00,0,,1,0,0,0,0,0
SE11/D12_SE11_R01.csv,SE11,SE,D,D12,R01,12.00,0,,0,0,0,0,0,0
SE11/D12_SE11_R02.csv,SE11,SE,D,D12,R02,12.00,0,,0,0,0,0,0,0
SE11/D12_SE11_R03.csv,SE11,SE,D,D12,R03,12.00,0,,0,0,0,0,0,0
SE11/D12_SE11_R04.csv,SE11,SE,D,D12,R04,12.00,0,,0,0,0,0,0,0
SE11/D12_SE11_R05.csv,SE11,SE,D,D12,R05,12.00,0,,0,0,0,0,0,0
SE11/D14_SE11_R01.csv,SE11,SE,D,D14,R01,12.00,0,,1,0,0,0,0,0
SE11/D14_SE11_R02.csv,SE11,SE,D,D14,R02,12.00,0,,1,0,0,0,0,0
SE11/D14_SE11_R03.csv,SE11,SE,D,D14,R03,12.00,0,,1,0,0,0,0,0
SE11/D14_SE11_R04.csv,SE11,SE,D,D14,R04,12.00,0,,1,0,0,0,0,0
SE11/D14_SE11_R05.csv,SE11,SE,D,D14,R05,12.00,0,,1,0,0,0,0,0
SE11/D15_SE11_R01.csv,SE11,SE,D,D15,R01,12.00,0,,0,0,0,0,0,0
SE11/D15_SE11_R02.csv,SE11,SE,D,D15,R02,12.00,0,,0,0,0,0,0,0
SE11/D15_SE11_R03.csv,SE11,SE,D,D15,R03,12.00,0,,0,0,0,0,0,0
SE11/D15_SE11_R04.csv,SE11,SE,D,D15,R04,12.00,0,,0,0,0,0,0,0
SE11/D15_SE11_R05.csv,SE11,SE,D,D15,R05,12.00,0,,0,0,0,0,0,0
SE11/D16_SE11_R01.csv,SE11,SE,D,D16,R01,11.99,0,,0,0,0,0,0,0
SE11/D16_SE11_R02.csv,SE11,SE,D,D16,R02,12.00,0,,0,0,0,0,0,0
SE11/D16_SE11_R03.csv,SE11,SE,D,D16,R03,12.00,0,,0,0,0,0,0,0
SE11/D16_SE11_R04.csv,SE11,SE,D,D16,R04,12.00,0,,0,0,0,0,0,0
SE11/D16_SE11_R05.csv,SE11,SE,D,D16,R05,12.00,0,,0,0,0,0,0,0
SE11/D17_SE11_R01.csv,SE11,SE,D,D17,R01,25.00,0,,0,0,0,0,0,0
SE11/D17_SE11_R02.csv,SE11,SE,D,D17,R02,25.00,0,,0,0,0,0,0,0
SE11/D17_SE11_R03.csv,SE11,SE,D,D17,R03,25.00,0,,0,0,0,0,0,0
SE11/D17_SE11_R04.csv,SE11,SE,D,D17,R04,25.00,0,,0,0,0,0,0,0
SE11/D17_SE11_R05.csv,SE11,SE,D,D17,R05,25.00,0,,0,0,0,0,0,0
SE12/D01_SE12_R01.csv,SE12,SE,D,D01,R01,99.99,0,,1,0,0,0,0,0
SE12/D02_SE12_R01.csv,SE12,SE,D,D02,R01,100.00,0,,1,0,0,0,0,0
SE12/D03_SE12_R01.csv,SE12,SE,D,D03,R01,100.00,0,,1,1,0,0,0,0
SE12/D04_SE12_R01.csv,SE12,SE,D,D04,R01,99.98,0,,1,1,0,0,0,0
SE12/D05_SE12_R01.csv,SE12,SE,D,D05,R01,25.00,0,,1,0,0,0,0,0
SE12/D05_SE12_R02.csv,SE12,SE,D,D05,R02,24.96,0,,1,0,0,0,0,0
SE12/D05_SE12_R03.csv,SE12,SE,D,D05,R03,25.00,1,17.06,1,1,1,1,1,1
SE12/D05_SE12_R04.csv,SE12,SE,D,D05,R04,25.00,0,,1,0,0,0,0,0
SE12/D05_SE12_R05.csv,SE12,SE,D,D05,R05,25.00,0,,1,0,0,0,0,0
SE12/D07_SE12_R01.csv,SE12,SE,D,D07,R01,11.99,0,,0,0,0,0,0,0
SE12/D07_SE12_R02.csv,SE12,SE,D,D07,R02,12.00,0,,0,0,0,0,0,0
SE12/D07_SE12_R03.csv,SE12,SE,D,D07,R03,12.00,0,,0,0,0,0,0,0
SE12/D07_SE12_R04.csv,SE12,SE,D,D07,R04,12.00,0,,0,0,0,0,0,0
SE12/D07_SE12_R05.csv,SE12,SE,D,D07,R05,12.00,0,,0,0,0,0,0,0
SE12/D08_SE12_R01.csv,SE12,SE,D,D08,R01,12.00,1,3.16,1,1,1,1,1,1
SE12/D08_SE12_R02.csv,SE12,SE,D,D08,R02,12.00,0,,1,0,0,0,0,0
SE12/D08_SE12_R03.csv,SE12,SE,D,D08,R03,12.00,0,,1,0,0,0,0,0
SE12/D08_SE12_R04.csv,SE12,SE,D,D08,R04,12.00,0,,1,0,0,0,0,0
SE12/D08_SE12_R05.csv,SE12,SE,D,D08,R05,12.00,0,,1,0,0,0,0,0
SE12/D09_SE12_R01.csv,SE12,SE,D,D09,R01,12.00,0,,1,0,0,0,0,0
SE12/D09_SE12_R02.csv,SE12,SE,D,D09,R02,12.00,0,,1,0,0,0,0,0
SE12/D09_SE12_R03.csv,SE12,SE,D,D09,R03,12.00,0,,1,0,0,0,0,0
SE12/D09_SE12_R04.csv,SE12,SE,D,D09,R04,12.00,0,,1,0,0,0,0,0
SE12/D09_SE12_R05.csv,SE12,SE,D,D09,R05,12.00,0,,1,0,0,0,0,0
SE12/D10_SE12_R01.csv,SE12,SE,D,D10,R01,12.00,0,,1,0,0,0,0,0
SE12/D10_SE12_R02.csv,SE12,SE,D,D10,R02,12.00,0,,1,0,0,0,0,0
SE12/D10_SE12_R03.csv,SE12,SE,D,D10,R03,12.00,0,,1,0,0,0,0,0
SE12/D10_SE12_R04.csv,SE12,SE,D,D10,R04,12.00,0,,1,0,0,0,0,0
SE12/D10_SE12_R05.csv,SE12,SE,D,D10,R05,12.00,0,,1,0,0,0,0,0
SE12/D11_SE12_R01.csv,SE12,SE,D,D11,R01,11.99,0,,1,0,0,0,0,0
SE12/D11_SE12_R02.csv,SE12,SE,D,D11,R02,12.00,0,,1,0,0,0,0,0
SE12/D11_SE12_R03.csv,SE12,SE,D,D11,R03,12.00,0,,1,0,0,0,0,0
SE12/D11_SE12_R04.csv,SE12,SE,D,D11,R04,12.00,0,,1,1,0,0,0,0
SE12/D11_SE12_R05.csv,SE12,SE,D,D11,R05,12.00,0,,1,1,0,0,0,0
SE12/D12_SE12_R01.csv,SE12,SE,D,D12,R01,11.99,0,,0,0,0,0,0,0
SE12/D12_SE12_R02.csv,SE12,SE,D,D12,R02,12.00,0,,1,0,0,0,0,0
SE12/D12_SE12_R03.csv,SE12,SE,D,D12,R03,12.00,0,,0,0,0,0,0,0
SE12/D12_SE12_R04.csv,SE12,SE,D,D12,R04,12.00,0,,1,0,0,0,0,0
SE12/D12_SE12_R05.csv,SE12,SE,D,D12,R05,12.00,0,,1,0,0,0,0,0
SE12/D14_SE12_R01.csv,SE12,SE,D,D14,R01,12.00,0,,1,0,0,0,0,0
SE12/D14_SE12_R02.csv,SE12,SE,D,D14,R02,12.00,0,,1,0,0,0,0,0
SE12/D14_SE12_R03.csv,SE12,SE,D,D14,R03,12.00,0,,1,0,0,0,0,0
SE12/D14_SE12_R04.csv,SE12,SE,D,D14,R04,12.00,0,,1,0,0,0,0,0
SE12/D14_SE12_R05.csv,SE12,SE,D,D14,R05,12.00,0,,1,0,0,0,0,0
SE12/D15_SE12_R01.csv,SE12,SE,D,D15,R01,12.00,0,,0,0,0,0,0,0
SE12/D15_SE12_R02.csv,SE12,SE,D,D15,R02,12.00,0,,1,0,0,0,0,0
SE12/D15_SE12_R03.csv,SE12,SE,D,D15,R03,12.00,0,,0,0,0,0,0,0
SE12/D15_SE12_R04.csv,SE12,SE,D,D15,R04,12.00,0,,0,0,0,0,0,0
SE12/D15_SE12_R05.csv,SE12,SE,D,D15,R05,12.00,0,,0,0,0,0,0,0
SE12/D16_SE12_R01.csv,SE12,SE,D,D16,R01,11.99,0,,0,0,0,0,0,0
SE12/D16_SE12_R02.csv,SE12,SE,D,D16,R02,12.00,0,,0,0,0,0,0,0
SE12/D16_SE12_R03.csv,SE12,SE,D,D16,R03,11.99,0,,0,0,0,0,0,0
SE12/D16_SE12_R04.csv,SE12,SE,D,D16,R04,12.00,0,,0,0,0,0,0,0
SE12/D16_SE12_R05.csv,SE12,SE,D,D16,R05,12.00,0,,0,0,0,0,0,0
SE12/D17_SE12_R01.csv,SE12,SE,D,D17,R01,25.00,0,,1,0,0,0,0,0
SE12/D17_SE12_R02.csv,SE12,SE,D,D17,R02,25.00,0,,1,0,0,0,0,0
SE12/D17_SE12_R03.csv,SE12,SE,D,D17,R03,24.98,0,,0,0,0,0,0,0
SE12/D17_SE12_R04.csv,SE12,SE,D,D17,R04,25.00,0,,1,0,0,0,0,0
SE12/D17_SE12_R05.csv,SE12,SE,D,D17,R05,25.00,0,,1,0,0,0,0,0
SE13/D01_SE13_R01.csv,SE13,SE,D,D01,R01,100.00,0,,1,0,0,0,0,0
SE13/D02_SE13_R01.csv,SE13,SE,D,D02,R01,100.00,0,,1,0,0,0,0,0
SE13/D03_SE13_R01.csv,SE13,SE,D,D03,R01,100.00,0,,1,0,0,0,0,0
SE13/D04_SE13_R01.csv,SE13,SE,D,D04,R01,100.00,0,,1,1,0,0,0,0
SE13/D05_SE13_R01.csv,SE13,SE,D,D05,R01,25.00,0,,1,0,0,0,0,0
SE13/D05_SE13_R02.csv,SE13,SE,D,D05,R02,25.00,0,,1,0,0,0,0,0
SE13/D05_SE13_R03.csv,SE13,SE,D,D05,R03,25.00,0,,1,0,0,0,0,0
SE13/D05_SE13_R04.csv,SE13,SE,D,D05,R04,25.00,0,,1,0,0,0,0,0
SE13/D05_SE13_R05.csv,SE13,SE,D,D05,R05,25.00,0,,1,0,0,0,0,0
SE13/D07_SE13_R01.csv,SE13,SE,D,D07,R01,11.99,0,,0,0,0,0,0,0
SE13/D07_SE13_R02.csv,SE13,SE,D,D07,R02,12.00,0,,0,0,0,0,0,0
SE13/D07_SE13_R03.csv,SE13,SE,D,D07,R03,12.00,0,,0,0,0,0,0,0
SE13/D07_SE13_R04.csv,SE13,SE,D,D07,R04,12.00,0,,0,0,0,0,0,0
SE13/D07_SE13_R05.csv,SE13,SE,D,D07,R05,12.00,0,,0,0,0,0,0,0
SE13/D08_SE13_R01.csv,SE13,SE,D,D08,R01,12.00,0,,1,0,0,0,0,0
SE13/D08_SE13_R02.csv,SE13,SE,D,D08,R02,12.00,0,,1,0,0,0,0,0
SE13/D08_SE13_R03.csv,SE13,SE,D,D08,R03,12.00,0,,1,0,0,0,0,0
SE13/D08_SE13_R04.csv,SE13,SE,D,D08,R04,12.00,0,,1,0,0,0,0,0
SE13/D08_SE13_R05.csv,SE13,SE,D,D08,R05,12.00,0,,1,0,0,0,0,0
SE13/D09_SE13_R01.csv,SE13,SE,D,D09,R01,12.00,0,,1,0,0,0,0,0
SE13/D09_SE13_R02.csv,SE13,SE,D,D09,R02,12.00,0,,1,0,0,0,0,0
SE13/D09_SE13_R03.csv,SE13,SE,D,D09,R03,12.00,0,,1,0,0,0,0,0
SE13/D09_SE13_R04.csv,SE13,SE,D,D09,R04,12.00,0,,0,0,0,0,0,0
SE13/D09_SE13_R05.csv,SE13,SE,D,D09,R05,12.00,0,,0,0,0,0,0,0
SE13/D10_SE13_R01.csv,SE13,SE,D,D10,R01,12.00,0,,1,0,0,0,0,0
SE13/D10_SE13_R02.csv,SE13,SE,D,D10,R02,12.00,0,,1,0,0,0,0,0
SE13/D10_SE13_R03.csv,SE13,SE,D,D10,R03,12.00,0,,1,0,0,0,0,0
SE13/D10_SE13_R04.csv,SE13,SE,D,D10,R04,12.00,0,,1,0,0,0,0,0
SE13/D10_SE13_R05.csv,SE13,SE,D,D10,R05,12.00,0,,1,0,0,0,0,0
SE13/D11_SE13_R01.csv,SE13,SE,D,D11,R01,11.99,0,,0,0,0,0,0,0
SE13/D11_SE13_R02.csv,SE13,SE,D,D11,R02,12.00,0,,0,0,0,0,0,0
SE13/D11_SE13_R03.csv,SE13,SE,D,D11,R03,12.00,0,,0,0,0,0,0,0
SE13/D11_SE13_R04.csv,SE13,SE,D,D11,R04,12.00,0,,1,0,0,0,0,0
SE13/D11_SE13_R05.csv,SE13,SE,D,D11,R05,12.00,0,,1,0,0,0,0,0
SE13/D12_SE13_R01.csv,SE13,SE,D,D12,R01,12.00,0,,0,0,0,0,0,0
SE13/D12_SE13_R02.csv,SE13,SE,D,D12,R02,12.00,0,,0,0,0,0,0,0
SE13/D12_SE13_R03.csv,SE13,SE,D,D12,R03,12.00,0,,0,0,0,0,0,0
SE13/D12_SE13_R04.csv,SE13,SE,D,D12,R04,12.00,0,,0,0,0,0,0,0
SE13/D12_SE13_R05.csv,SE13,SE,D,D12,R05,12.00,0,,0,0,0,0,0,0
SE13/D14_SE13_R01.csv,SE13,SE,D,D14,R01,12.00,0,,1,0,0,0,0,0
SE13/D14_SE13_R02.csv,SE13,SE,D,D14,R02,12.00,0,,1,0,0,0,0,0
SE13/D14_SE13_R03.csv,SE13,SE,D,D14,R03,12.00,0,,1,0,0,0,0,0
SE13/D14_SE13_R04.csv,SE13,SE,D,D14,R04,12.00,0,,1,0,0,0,0,0
SE13/D14_SE13_R05.csv,SE13,SE,D,D14,R05,12.00,0,,1,0,0,0,0,0
SE13/D15_SE13_R01.csv,SE13,SE,D,D15,R01,12.00,0,,0,0,0,0,0,0
SE13/D15_SE13_R02.csv,SE13,SE,D,D15,R02,12.00,0,,0,0,0,0,0,0
SE13/D15_SE13_R03.csv,SE13,SE,D,D15,R03,12.00,0,,0,0,0,0,0,0
SE13/D15_SE13_R04.csv,SE13,SE,D,D15,R04,12.00,0,,0,0,0,0,0,0
SE13/D15_SE13_R05.csv,SE13,SE,D,D15,R05,12.00,0,,1,0,0,0,0,0
SE13/D16_SE13_R01.csv,SE13,SE,D,D16,R01,11.99,0,,0,0,0,0,0,0
SE13/D16_SE13_R02.csv,SE13,SE,D,D16,R02,12.00,0,,0,0,0,0,0,0
SE13/D16_SE13_R03.csv,SE13,SE,D,D16,R03,12.00,0,,0,0,0,0,0,0
SE13/D16_SE13_R04.csv,SE13,SE,D,D16,R04,12.00,0,,0,0,0,0,0,0
SE13/D16_SE13_R05.csv,SE13,SE,D,D16,R05,12.00,0,,0,0,0,0,0,0
SE13/D17_SE13_R01.csv,SE13,SE,D,D17,R01,25.00,0,,0,0,0,0,0,0
SE13/D17_SE13_R02.csv,SE13,SE,D,D17,R02,25.00,0,,1,0,0,0,0,0
SE13/D17_SE13_R03.csv,SE13,SE,D,D17,R03,25.00,0,,0,0,0,0,0,0
SE13/D17_SE13_R04.csv,SE13,SE,D,D17,R04,25.00,0,,1,0,0,0,0,0
SE13/D17_SE13_R05.csv,SE13,SE,D,D17,R05,25.00,0,,1,0,0,0,0,0
SE14/D01_SE14_R01.csv,SE14,SE,D,D01,R01,100.00,0,,1,0,0,0,0,0
SE14/D02_SE14_R01.csv,SE14,SE,D,D02,R01,100.00,0,,1,0,0,0,0,0
SE14/D03_SE14_R01.csv,SE14,SE,D,D03,R01,99.95,0,,1,1,1,1,1,0
SE14/D04_SE14_R01.csv,SE14,SE,D,D04,R01,99.97,0,,1,1,1,1,1,0
SE14/D05_SE14_R01.csv,SE14,SE,D,D05,R01,25.00,0,,1,0,0,0,0,0
SE14/D05_SE14_R02.csv,SE14,SE,D,D05,R02,25.00,0,,1,0,0,0,0,0
SE14/D05_SE14_R03.csv,SE14,SE,D,D05,R03,25.00,0,,0,0,0,0,0,0
SE14/D05_SE14_R04.csv,SE14,SE,D,D05,R04,25.00,0,,1,0,0,0,0,0
SE14/D05_SE14_R05.csv,SE14,SE,D,D05,R05,25.00,0,,0,0,0,0,0,0
SE14/D07_SE14_R01.csv,SE14,SE,D,D07,R01,11.99,0,,0,0,0,0,0,0
SE14/D07_SE14_R02.csv,SE14,SE,D,D07,R02,12.00,0,,0,0,0,0,0,0
SE14/D07_SE14_R03.csv,SE14,SE,D,D07,R03,12.00,0,,0,0,0,0,0,0
SE14/D07_SE14_R05.csv,SE14,SE,D,D07,R05,12.00,0,,0,0,0,0,0,0
SE14/D07_SE14_R06.csv,SE14,SE,D,D07,R06,12.00,0,,0,0,0,0,0,0
SE14/D08_SE14_R01.csv,SE14,SE,D,D08,R01,12.00,0,,1,0,0,0,0,0
SE14/D08_SE14_R02.csv,SE14,SE,D,D08,R02,12.00,0,,1,0,0,0,0,0
SE14/D08_SE14_R03.csv,SE14,SE,D,D08,R03,12.00,0,,1,0,0,0,0,0
SE14/D08_SE14_R04.csv,SE14,SE,D,D08,R04,12.00,0,,1,0,0,0,0,0
SE14/D08_SE14_R05.csv,SE14,SE,D,D08,R05,12.00,0,,1,0,0,0,0,0
SE14/D09_SE14_R01.csv,SE14,SE,D,D09,R01,12.00,0,,1,0,0,0,0,0
SE14/D09_SE14_R02.csv,SE14,SE,D,D09,R02,12.00,0,,1,0,0,0,0,0
SE14/D09_SE14_R03.csv,SE14,SE,D,D09,R03,12.00,0,,1,0,0,0,0,0
SE14/D09_SE14_R04.csv,SE14,SE,D,D09,R04,12.00,0,,0,0,0,0,0,0
SE14/D09_SE14_R05.csv,SE14,SE,D,D09,R05,12.00,0,,0,0,0,0,0,0
SE14/D10_SE14_R01.csv,SE14,SE,D,D10,R01,12.00,0,,1,0,0,0,0,0
SE14/D10_SE14_R02.csv,SE14,SE,D,D10,R02,12.00,0,,1,0,0,0,0,0
SE14/D10_SE14_R03.csv,SE14,SE,D,D10,R03,12.00,0,,1,0,0,0,0,0
SE14/D10_SE14_R04.csv,SE14,SE,D,D10,R04,12.00,0,,1,0,0,0,0,0
SE14/D10_SE14_R05.csv,SE14,SE,D,D10,R05,12.00,0,,1,0,0,0,0,0
SE14/D11_SE14_R01.csv,SE14,SE,D,D11,R01,11.99,1,6.54,1,1,1,1,1,1
SE14/D11_SE14_R02.csv,SE14,SE,D,D11,R02,12.00,0,,1,0,0,0,0,0
SE14/D11_SE14_R03.csv,SE14,SE,D,D11,R03,12.00,0,,1,0,0,0,0,0
SE14/D11_SE14_R04.csv,SE14,SE,D,D11,R04,12.00,0,,1,0,0,0,0,0
SE14/D11_SE14_R05.csv,SE14,SE,D,D11,R05,12.00,0,,1,0,0,0,0,0
SE14/D12_SE14_R01.csv,SE14,SE,D,D12,R01,12.00,0,,0,0,0,0,0,0
SE14/D12_SE14_R02.csv,SE14,SE,D,D12,R02,12.00,0,,0,0,0,0,0,0
SE14/D12_SE14_R03.csv,SE14,SE,D,D12,R03,12.00,0,,0,0,0,0,0,0
SE14/D12_SE14_R04.csv,SE14,SE,D,D12,R04,12.00,0,,0,0,0,0,0,0
SE14/D12_SE14_R05.csv,SE14,SE,D,D12,R05,12.00,0,,0,0,0,0,0,0
SE14/D14_SE14_R01.csv,SE14,SE,D,D14,R01,12.00,0,,0,0,0,0,0,0
SE14/D14_SE14_R02.csv,SE14,SE,D,D14,R02,12.00,0,,0,0,0,0,0,0
SE14/D14_SE14_R03.csv,SE14,SE,D,D14,R03,11.99,0,,0,0,0,0,0,0
SE14/D14_SE14_R04.csv,SE14,SE,D,D14,R04,12.00,0,,0,0,0,0,0,0
SE14/D14_SE14_R05.csv,SE14,SE,D,D14,R05,12.00,0,,0,0,0,0,0,0
SE14/D15_SE14_R01.csv,SE14,SE,D,D15,R01,12.00,0,,0,0,0,0,0,0
SE14/D15_SE14_R02.csv,SE14,SE,D,D15,R02,12.00,0,,0,0,0,0,0,0
SE14/D15_SE14_R03.csv,SE14,SE,D,D15,R03,12.00,0,,0,0,0,0,0,0
SE14/D15_SE14_R04.csv,SE14,SE,D,D15,R04,11.97,0,,0,0,0,0,0,0
SE14/D15_SE14_R05.csv,SE14,SE,D,D15,R05,12.00,0,,0,0,0,0,0,0
SE14/D16_SE14_R01.csv,SE14,SE,D,D16,R01,12.00,0,,0,0,0,0,0,0
SE14/D16_SE14_R02.csv,SE14,SE,D,D16,R02,12.00,0,,0,0,0,0,0,0
SE14/D16_SE14_R03.csv,SE14,SE,D,D16,R03,12.00,0,,0,0,0,0,0,0
SE14/D16_SE14_R04.csv,SE14,SE,D,D16,R04,12.00,0,,0,0,0,0,0,0
SE14/D16_SE14_R05.csv,SE14,SE,D,D16,R05,12.00,0,,0,0,0,0,0,0
SE14/D17_SE14_R01.csv,SE14,SE,D,D17,R01,25.00,0,,0,0,0,0,0,0
SE14/D17_SE14_R02.csv,SE14,SE,D,D17,R02,25.00,0,,0,0,0,0,0,0
SE14/D17_SE14_R03.csv,SE14,SE,D,D17,R03,25.00,0,,0,0,0,0,0,0
SE14/D17_SE14_R04.csv,SE14,SE,D,D17,R04,25.00,0,,0,0,0,0,0,0
SE14/D17_SE14_R05.csv,SE14,SE,D,D17,R05,25.00,0,,0,0,0,0,0,0
SE15/D01_SE15_R01.csv,SE15,SE,D,D01,R01,100.00,0,,1,0,0,0,0,0
SE15/D02_SE15_R01.csv,SE15,SE,D,D02,R01,100.00,0,,1,0,0,0,0,0
SE15/D03_SE15_R01.csv,SE15,SE,D,D03,R01,100.00,0,,1,0,0,0,0,0
SE15/D05_SE15_R01.csv,SE15,SE,D,D05,R01,25.00,0,,0,0,0,0,0,0
SE15/D05_SE15_R02.csv,SE15,SE,D,D05,R02,25.00,0,,0,0,0,0,0,0
SE15/D05_SE15_R03.csv,SE15,SE,D,D05,R03,25.00,0,,0,0,0,0,0,0
SE15/D05_SE15_R04.csv,SE15,SE,D,D05,R04,25.00,0,,0,0,0,0,0,0
SE15/D05_SE15_R05.csv,SE15,SE,D,D05,R05,25.00,0,,0,0,0,0,0,0
SE15/D07_SE15_R01.csv,SE15,SE,D,D07,R01,11.99,0,,0,0,0,0,0,0
SE15/D07_SE15_R02.csv,SE15,SE,D,D07,R02,12.00,0,,0,0,0,0,0,0
SE15/D07_SE15_R03.csv,SE15,SE,D,D07,R03,12.00,0,,0,0,0,0,0,0
SE15/D07_SE15_R04.csv,SE15,SE,D,D07,R04,12.00,0,,0,0,0,0,0,0
SE15/D07_SE15_R05.csv,SE15,SE,D,D07,R05,12.00,0,,0,0,0,0,0,0
SE15/D08_SE15_R01.csv,SE15,SE,D,D08,R01,12.00,0,,1,0,0,0,0,0
SE15/D08_SE15_R02.csv,SE15,SE,D,D08,R02,12.00,0,,1,0,0,0,0,0
SE15/D08_SE15_R03.csv,SE15,SE,D,D08,R03,12.00,0,,1,0,0,0,0,0
SE15/D08_SE15_R04.csv,SE15,SE,D,D08,R04,12.00,0,,0,0,0,0,0,0
SE15/D08_SE15_R05.csv,SE15,SE,D,D08,R05,12.00,0,,0,0,0,0,0,0
SE15/D09_SE15_R01.csv,SE15,SE,D,D09,R01,12.00,0,,0,0,0,0,0,0
SE15/D09_SE15_R02.csv,SE15,SE,D,D09,R02,12.00,0,,0,0,0,0,0,0
SE15/D09_SE15_R03.csv,SE15,SE,D,D09,R03,12.00,0,,0,0,0,0,0,0
SE15/D09_SE15_R04.csv,SE15,SE,D,D09,R04,12.00,0,,0,0,0,0,0,0
SE15/D09_SE15_R05.csv,SE15,SE,D,D09,R05,12.00,0,,0,0,0,0,0,0
SE15/D10_SE15_R01.csv,SE15,SE,D,D10,R01,12.00,0,,1,0,0,0,0,0
SE15/D10_SE15_R02.csv,SE15,SE,D,D10,R02,12.00,0,,1,0,0,0,0,0
SE15/D10_SE15_R03.csv,SE15,SE,D,D10,R03,12.00,0,,1,0,0,0,0,0
SE15/D10_SE15_R04.csv,SE15,SE,D,D10,R04,12.00,0,,1,0,0,0,0,0
SE15/D10_SE15_R05.csv,SE15,SE,D,D10,R05,12.00,0,,0,0,0,0,0,0
SE15/D11_SE15_R01.csv,SE15,SE,D,D11,R01,12.00,1,5.12,1,1,1,1,1,1
SE15/D11_SE15_R02.csv,SE15,SE,D,D11,R02,12.00,0,,1,0,0,0,0,0
SE15/D11_SE15_R03.csv,SE15,SE,D,D11,R03,12.00,0,,1,0,0,0,0,0
SE15/D11_SE15_R04.csv,SE15,SE,D,D11,R04,12.00,0,,1,0,0,0,0,0
SE15/D11_SE15_R05.csv,SE15,SE,D,D11,R05,12.00,0,,1,0,0,0,0,0
SE15/D12_SE15_R01.csv,SE15,SE,D,D12,R01,11.99,0,,0,0,0,0,0,0
SE15/D12_SE15_R02.csv,SE15,SE,D,D12,R02,12.00,0,,0,0,0,0,0,0
SE15/D12_SE15_R03.csv,SE15,SE,D,D12,R03,12.00,0,,0,0,0,0,0,0
SE15/D12_SE15_R04.csv,SE15,SE,D,D12,R04,12.00,0,,0,0,0,0,0,0
SE15/D12_SE15_R05.csv,SE15,SE,D,D12,R05,12.00,0,,0,0,0,0,0,0
SE15/D14_SE15_R01.csv,SE15,SE,D,D14,R01,12.00,0,,0,0,0,0,0,0
SE15/D14_SE15_R02.csv,SE15,SE,D,D14,R02,12.00,0,,1,0,0,0,0,0
SE15/D14_SE15_R03.csv,SE15,SE,D,D14,R03,12.00,0,,0,0,0,0,0,0
SE15/D14_SE15_R04.csv,SE15,SE,D,D14,R04,12.00,0,,0,0,0,0,0,0
SE15/D14_SE15_R05.csv,SE15,SE,D,D14,R05,12.00,0,,1,0,0,0,0,0
SE15/D15_SE15_R01.csv,SE15,SE,D,D15,R01,12.00,0,,0,0,0,0,0,0
SE15/D15_SE15_R02.csv,SE15,SE,D,D15,R02,12.00,0,,0,0,0,0,0,0
SE15/D15_SE15_R03.csv,SE15,SE,D,D15,R03,12.00,0,,0,0,0,0,0,0
SE15/D15_SE15_R04.csv,SE15,SE,D,D15,R04,12.00,0,,0,0,0,0,0,0
SE15/D15_SE15_R05.csv,SE15,SE,D,D15,R05,12.00,0,,0,0,0,0,0,0
SE15/D16_SE15_R01.csv,SE15,SE,D,D16,R01,11.99,0,,0,0,0,0,0,0
SE15/D16_SE15_R02.csv,SE15,SE,D,D16,R02,12.00,0,,0,0,0,0,0,0
SE15/D16_SE15_R03.csv,SE15,SE,D,D16,R03,12.00,0,,0,0,0,0,0,0
SE15/D16_SE15_R04.csv,SE15,SE,D,D16,R04,12.00,0,,0,0,0,0,0,0
SE15/D16_SE15_R05.csv,SE15,SE,D,D16,R05,12.00,0,,0,0,0,0,0,0
SE15/D17_SE15_R01.csv,SE15,SE,D,D17,R01,25.00,0,,0,0,0,0,0,0
SE15/D17_SE15_R02.csv,SE15,SE,D,D17,R02,25.00,0,,0,0,0,0,0,0
SE15/D17_SE15_R03.csv,SE15,SE,D,D17,R03,25.00,0,,0,0,0,0,0,0
SE15/D17_SE15_R04.csv,SE15,SE,D,D17,R04,25.00,0,,0,0,0,0,0,0
SE15/D17_SE15_R05.csv,SE15,SE,D,D17,R05,25.00,0,,0,0,0,0,0,0
