file,subject,group,kind,activity,trial,duration_s,n_alarms,alarm_times_s,stage_impact,stage_edgeOK,stage_velocityOK,stage_lying,stage_alarm
SA01/D01_SA01_R01.csv,SA01,SA,D,D01,R01,100.00,0,,0,0,0,0,0
SA01/D02_SA01_R01.csv,SA01,SA,D,D02,R01,100.00,0,,0,0,0,0,0
SA01/D03_SA01_R01.csv,SA01,SA,D,D03,R01,100.00,0,,24,24,24,0,0
SA01/D04_SA01_R01.csv,SA01,SA,D,D04,R01,100.00,0,,122,122,7,0,0
SA01/D05_SA01_R01.csv,SA01,SA,D,D05,R01,25.00,0,,0,0,0,0,0
SA01/D05_SA01_R02.csv,SA01,SA,D,D05,R02,25.00,0,,0,0,0,0,0
SA01/D05_SA01_R03.csv,SA01,SA,D,D05,R03,25.00,0,,0,0,0,0,0
SA01/D05_SA01_R04.csv,SA01,SA,D,D05,R04,25.00,0,,0,0,0,0,0
SA01/D05_SA01_R05.csv,SA01,SA,D,D05,R05,25.00,0,,0,0,0,0,0
SA01/D06_SA01_R01.csv,SA01,SA,D,D06,R01,25.00,0,,1,1,1,0,0
SA01/D06_SA01_R02.csv,SA01,SA,D,D06,R02,25.00,0,,2,2,1,0,0
SA01/D06_SA01_R03.csv,SA01,SA,D,D06,R03,25.00,0,,2,2,1,0,0
SA01/D06_SA01_R04.csv,SA01,SA,D,D06,R04,25.00,0,,2,2,1,0,0
SA01/D06_SA01_R05.csv,SA01,SA,D,D06,R05,25.00,0,,1,1,1,0,0
SA01/D07_SA01_R01.csv,SA01,SA,D,D07,R01,12.00,0,,0,0,0,0,0
SA01/D07_SA01_R02.csv,SA01,SA,D,D07,R02,12.00,0,,0,0,0,0,0
SA01/D07_SA01_R03.csv,SA01,SA,D,D07,R03,12.00,0,,0,0,0,0,0
SA01/D07_SA01_R04.csv,SA01,SA,D,D07,R04,12.00,0,,0,0,0,0,0
SA01/D07_SA01_R05.csv,SA01,SA,D,D07,R05,12.00,0,,0,0,0,0,0
SA01/D08_SA01_R01.csv,SA01,SA,D,D08,R01,12.00,0,,1,1,1,0,0
SA01/D08_SA01_R02.csv,SA01,SA,D,D08,R02,12.00,0,,1,1,1,0,0
SA01/D08_SA01_R03.csv,SA01,SA,D,D08,R03,12.00,0,,1,0,0,0,0
SA01/D08_SA01_R04.csv,SA01,SA,D,D08,R04,12.00,0,,1,1,0,0,0
SA01/D08_SA01_R05.csv,SA01,SA,D,D08,R05,12.00,0,,1,1,1,0,0
SA01/D09_SA01_R01.csv,SA01,SA,D,D09,R01,12.00,0,,0,0,0,0,0
SA01/D09_SA01_R02.csv,SA01,SA,D,D09,R02,12.00,0,,0,0,0,0,0
SA01/D09_SA01_R03.csv,SA01,SA,D,D09,R03,12.00,0,,0,0,0,0,0
SA01/D09_SA01_R04.csv,SA01,SA,D,D09,R04,12.00,0,,0,0,0,0,0
SA01/D09_SA01_R05.csv,SA01,SA,D,D09,R05,12.00,0,,0,0,0,0,0
SA01/D10_SA01_R01.csv,SA01,SA,D,D10,R01,12.00,0,,1,0,0,0,0
SA01/D10_SA01_R02.csv,SA01,SA,D,D10,R02,12.00,0,,1,0,0,0,0
SA01/D10_SA01_R03.csv,SA01,SA,D,D10,R03,12.00,0,,1,0,0,0,0
SA01/D10_SA01_R04.csv,SA01,SA,D,D10,R04,12.00,0,,1,0,0,0,0
SA01/D10_SA01_R05.csv,SA01,SA,D,D10,R05,12.00,0,,1,0,0,0,0
SA01/D11_SA01_R01.csv,SA01,SA,D,D11,R01,12.00,0,,1,1,1,0,0
SA01/D11_SA01_R02.csv,SA01,SA,D,D11,R02,12.00,0,,1,1,1,0,0
SA01/D11_SA01_R03.csv,SA01,SA,D,D11,R03,12.00,0,,1,1,1,0,0
SA01/D11_SA01_R04.csv,SA01,SA,D,D11,R04,12.00,0,,1,0,0,0,0
SA01/D11_SA01_R05.csv,SA01,SA,D,D11,R05,12.00,0,,1,0,0,0,0
SA01/D12_SA01_R01.csv,SA01,SA,D,D12,R01,12.00,0,,0,0,0,0,0
SA01/D12_SA01_R02.csv,SA01,SA,D,D12,R02,12.00,0,,0,0,0,0,0
SA01/D12_SA01_R03.csv,SA01,SA,D,D12,R03,12.00,0,,0,0,0,0,0
SA01/D12_SA01_R04.csv,SA01,SA,D,D12,R04,12.00,0,,0,0,0,0,0
SA01/D12_SA01_R05.csv,SA01,SA,D,D12,R05,12.00,0,,0,0,0,0,0
SA01/D13_SA01_R01.csv,SA01,SA,D,D13,R01,12.00,0,,0,0,0,0,0
SA01/D13_SA01_R02.csv,SA01,SA,D,D13,R02,12.00,0,,0,0,0,0,0
SA01/D13_SA01_R03.csv,SA01,SA,D,D13,R03,12.00,0,,0,0,0,0,0
SA01/D13_SA01_R04.csv,SA01,SA,D,D13,R04,12.00,0,,0,0,0,0,0
SA01/D13_SA01_R05.csv,SA01,SA,D,D13,R05,12.00,0,,0,0,0,0,0
SA01/D14_SA01_R01.csv,SA01,SA,D,D14,R01,12.00,0,,0,0,0,0,0
SA01/D14_SA01_R02.csv,SA01,SA,D,D14,R02,12.00,0,,0,0,0,0,0
SA01/D14_SA01_R03.csv,SA01,SA,D,D14,R03,12.00,0,,0,0,0,0,0
SA01/D14_SA01_R04.csv,SA01,SA,D,D14,R04,12.00,0,,0,0,0,0,0
SA01/D14_SA01_R05.csv,SA01,SA,D,D14,R05,12.00,0,,0,0,0,0,0
SA01/D15_SA01_R01.csv,SA01,SA,D,D15,R01,12.00,0,,0,0,0,0,0
SA01/D15_SA01_R02.csv,SA01,SA,D,D15,R02,12.00,0,,0,0,0,0,0
SA01/D15_SA01_R03.csv,SA01,SA,D,D15,R03,12.00,0,,0,0,0,0,0
SA01/D15_SA01_R04.csv,SA01,SA,D,D15,R04,12.00,0,,0,0,0,0,0
SA01/D15_SA01_R05.csv,SA01,SA,D,D15,R05,12.00,0,,0,0,0,0,0
SA01/D16_SA01_R01.csv,SA01,SA,D,D16,R01,12.00,0,,0,0,0,0,0
SA01/D16_SA01_R02.csv,SA01,SA,D,D16,R02,12.00,0,,0,0,0,0,0
SA01/D16_SA01_R03.csv,SA01,SA,D,D16,R03,12.00,0,,0,0,0,0,0
SA01/D16_SA01_R04.csv,SA01,SA,D,D16,R04,12.00,0,,0,0,0,0,0
SA01/D16_SA01_R05.csv,SA01,SA,D,D16,R05,12.00,0,,0,0,0,0,0
SA01/D17_SA01_R01.csv,SA01,SA,D,D17,R01,25.00,0,,0,0,0,0,0
SA01/D17_SA01_R02.csv,SA01,SA,D,D17,R02,25.00,0,,0,0,0,0,0
SA01/D17_SA01_R03.csv,SA01,SA,D,D17,R03,25.00,0,,0,0,0,0,0
SA01/D17_SA01_R04.csv,SA01,SA,D,D17,R04,25.00,0,,0,0,0,0,0
SA01/D17_SA01_R05.csv,SA01,SA,D,D17,R05,25.00,0,,0,0,0,0,0
SA01/D18_SA01_R01.csv,SA01,SA,D,D18,R01,12.00,0,,1,1,1,0,0
SA01/D18_SA01_R02.csv,SA01,SA,D,D18,R02,12.00,0,,1,1,1,0,0
SA01/D18_SA01_R03.csv,SA01,SA,D,D18,R03,12.00,0,,1,1,1,0,0
SA01/D18_SA01_R04.csv,SA01,SA,D,D18,R04,12.00,0,,1,1,1,0,0
SA01/D18_SA01_R05.csv,SA01,SA,D,D18,R05,12.00,0,,1,1,1,0,0
SA01/D19_SA01_R01.csv,SA01,SA,D,D19,R01,12.00,0,,1,1,1,0,0
SA01/D19_SA01_R02.csv,SA01,SA,D,D19,R02,12.00,0,,2,2,2,0,0
SA01/D19_SA01_R03.csv,SA01,SA,D,D19,R03,12.00,0,,2,2,2,0,0
SA01/D19_SA01_R04.csv,SA01,SA,D,D19,R04,12.00,0,,1,0,0,0,0
SA01/D19_SA01_R05.csv,SA01,SA,D,D19,R05,12.00,0,,1,1,1,0,0
SA01/F01_SA01_R01.csv,SA01,SA,F,F01,R01,15.00,0,,1,1,0,0,0
SA01/F01_SA01_R02.csv,SA01,SA,F,F01,R02,15.00,0,,1,1,0,0,0
SA01/F01_SA01_R03.csv,SA01,SA,F,F01,R03,15.00,0,,1,1,0,0,0
SA01/F01_SA01_R04.csv,SA01,SA,F,F01,R04,15.00,1,10.01,1,1,1,1,1
SA01/F01_SA01_R05.csv,SA01,SA,F,F01,R05,15.00,0,,1,1,0,0,0
SA01/F02_SA01_R01.csv,SA01,SA,F,F02,R01,15.00,0,,1,1,0,0,0
SA01/F02_SA01_R02.csv,SA01,SA,F,F02,R02,15.00,0,,1,1,0,0,0
SA01/F02_SA01_R03.csv,SA01,SA,F,F02,R03,15.00,0,,1,1,0,0,0
SA01/F02_SA01_R04.csv,SA01,SA,F,F02,R04,15.00,1,11.38,1,1,1,1,1
SA01/F02_SA01_R05.csv,SA01,SA,F,F02,R05,15.00,0,,1,1,0,0,0
SA01/F03_SA01_R01.csv,SA01,SA,F,F03,R01,15.00,0,,1,1,0,0,0
SA01/F03_SA01_R02.csv,SA01,SA,F,F03,R02,15.00,1,10.91,1,1,1,1,1
SA01/F03_SA01_R03.csv,SA01,SA,F,F03,R03,15.00,0,,1,1,0,0,0
SA01/F03_SA01_R04.csv,SA01,SA,F,F03,R04,15.00,0,,1,1,0,0,0
SA01/F03_SA01_R05.csv,SA01,SA,F,F03,R05,15.00,0,,1,1,0,0,0
SA01/F04_SA01_R01.csv,SA01,SA,F,F04,R01,15.00,1,10.51,1,1,1,1,1
SA01/F04_SA01_R02.csv,SA01,SA,F,F04,R02,15.00,1,11.71,1,1,1,1,1
SA01/F04_SA01_R03.csv,SA01,SA,F,F04,R03,15.00,1,10.87,1,1,1,1,1
SA01/F04_SA01_R04.csv,SA01,SA,F,F04,R04,15.00,1,10.71,1,1,1,1,1
SA01/F04_SA01_R05.csv,SA01,SA,F,F04,R05,15.00,1,11.32,1,1,1,1,1
SA01/F05_SA01_R01.csv,SA01,SA,F,F05,R01,15.00,0,,4,4,0,0,0
SA01/F05_SA01_R02.csv,SA01,SA,F,F05,R02,15.00,0,,3,2,2,0,0
SA01/F05_SA01_R03.csv,SA01,SA,F,F05,R03,15.00,1,9.37,2,2,2,1,1
SA01/F05_SA01_R04.csv,SA01,SA,F,F05,R04,15.00,0,,2,2,2,0,0
SA01/F05_SA01_R05.csv,SA01,SA,F,F05,R05,15.00,1,8.79,2,2,2,1,1
SA01/F06_SA01_R01.csv,SA01,SA,F,F06,R01,15.00,0,,1,1,0,0,0
SA01/F06_SA01_R02.csv,SA01,SA,F,F06,R02,15.00,1,10.62,1,1,1,1,1
SA01/F06_SA01_R03.csv,SA01,SA,F,F06,R03,15.00,1,11.72,1,1,1,1,1
SA01/F06_SA01_R04.csv,SA01,SA,F,F06,R04,15.00,1,10.84,1,1,1,1,1
SA01/F06_SA01_R05.csv,SA01,SA,F,F06,R05,15.00,1,12.34,1,1,1,1,1
SA01/F07_SA01_R01.csv,SA01,SA,F,F07,R01,15.00,0,,1,0,0,0,0
SA01/F07_SA01_R02.csv,SA01,SA,F,F07,R02,15.00,0,,1,0,0,0,0
SA01/F07_SA01_R03.csv,SA01,SA,F,F07,R03,15.00,0,,1,0,0,0,0
SA01/F07_SA01_R04.csv,SA01,SA,F,F07,R04,15.00,0,,1,0,0,0,0
SA01/F07_SA01_R05.csv,SA01,SA,F,F07,R05,15.00,0,,1,1,0,0,0
SA01/F08_SA01_R01.csv,SA01,SA,F,F08,R01,15.00,1,9.06,1,1,1,1,1
SA01/F08_SA01_R02.csv,SA01,SA,F,F08,R02,15.00,0,,1,1,0,0,0
SA01/F08_SA01_R03.csv,SA01,SA,F,F08,R03,15.00,0,,1,1,0,0,0
SA01/F08_SA01_R04.csv,SA01,SA,F,F08,R04,15.00,0,,1,1,0,0,0
SA01/F08_SA01_R05.csv,SA01,SA,F,F08,R05,15.00,0,,0,0,0,0,0
SA01/F09_SA01_R01.csv,SA01,SA,F,F09,R01,15.00,0,,1,0,0,0,0
SA01/F09_SA01_R02.csv,SA01,SA,F,F09,R02,15.00,0,,1,0,0,0,0
SA01/F09_SA01_R03.csv,SA01,SA,F,F09,R03,15.00,0,,1,0,0,0,0
SA01/F09_SA01_R04.csv,SA01,SA,F,F09,R04,15.00,0,,1,0,0,0,0
SA01/F09_SA01_R05.csv,SA01,SA,F,F09,R05,15.00,0,,1,0,0,0,0
SA01/F10_SA01_R01.csv,SA01,SA,F,F10,R01,15.00,0,,0,0,0,0,0
SA01/F10_SA01_R02.csv,SA01,SA,F,F10,R02,15.00,0,,1,0,0,0,0
SA01/F10_SA01_R03.csv,SA01,SA,F,F10,R03,15.00,1,11.06,1,1,1,1,1
SA01/F10_SA01_R04.csv,SA01,SA,F,F10,R04,15.00,0,,1,0,0,0,0
SA01/F10_SA01_R05.csv,SA01,SA,F,F10,R05,15.00,0,,0,0,0,0,0
SA01/F11_SA01_R01.csv,SA01,SA,F,F11,R01,15.00,0,,1,0,0,0,0
SA01/F11_SA01_R02.csv,SA01,SA,F,F11,R02,15.00,0,,1,0,0,0,0
SA01/F11_SA01_R03.csv,SA01,SA,F,F11,R03,15.00,0,,1,0,0,0,0
SA01/F11_SA01_R04.csv,SA01,SA,F,F11,R04,15.00,0,,1,0,0,0,0
SA01/F11_SA01_R05.csv,SA01,SA,F,F11,R05,15.00,0,,1,0,0,0,0
SA01/F12_SA01_R01.csv,SA01,SA,F,F12,R01,15.00,0,,1,0,0,0,0
SA01/F12_SA01_R02.csv,SA01,SA,F,F12,R02,15.00,0,,1,0,0,0,0
SA01/F12_SA01_R03.csv,SA01,SA,F,F12,R03,15.00,1,8.61,1,1,1,1,1
SA01/F12_SA01_R04.csv,SA01,SA,F,F12,R04,15.00,1,9.03,1,1,1,1,1
SA01/F12_SA01_R05.csv,SA01,SA,F,F12,R05,15.00,0,,1,0,0,0,0
SA01/F13_SA01_R01.csv,SA01,SA,F,F13,R01,15.00,0,,1,1,0,0,0
SA01/F13_SA01_R02.csv,SA01,SA,F,F13,R02,15.00,0,,0,0,0,0,0
SA01/F13_SA01_R03.csv,SA01,SA,F,F13,R03,15.00,0,,1,1,0,0,0
SA01/F13_SA01_R04.csv,SA01,SA,F,F13,R04,15.00,0,,1,0,0,0,0
SA01/F13_SA01_R05.csv,SA01,SA,F,F13,R05,15.00,0,,2,0,0,0,0
SA01/F14_SA01_R01.csv,SA01,SA,F,F14,R01,15.00,0,,1,1,0,0,0
SA01/F14_SA01_R02.csv,SA01,SA,F,F14,R02,15.00,1,9.13,1,1,1,1,1
SA01/F14_SA01_R03.csv,SA01,SA,F,F14,R03,15.00,1,11.30,1,1,1,1,1
SA01/F14_SA01_R04.csv,SA01,SA,F,F14,R04,15.00,1,12.14,1,1,1,1,1
SA01/F14_SA01_R05.csv,SA01,SA,F,F14,R05,15.00,1,11.51,1,1,1,1,1
SA01/F15_SA01_R01.csv,SA01,SA,F,F15,R01,15.00,0,,0,0,0,0,0
SA01/F15_SA01_R02.csv,SA01,SA,F,F15,R02,15.00,0,,1,0,0,0,0
SA01/F15_SA01_R03.csv,SA01,SA,F,F15,R03,15.00,0,,1,1,0,0,0
SA01/F15_SA01_R04.csv,SA01,SA,F,F15,R04,15.00,1,10.65,1,1,1,1,1
SA01/F15_SA01_R05.csv,SA01,SA,F,F15,R05,15.00,0,,1,1,0,0,0
SA02/D01_SA02_R01.csv,SA02,SA,D,D01,R01,100.00,0,,0,0,0,0,0
SA02/D02_SA02_R01.csv,SA02,SA,D,D02,R01,100.00,0,,0,0,0,0,0
SA02/D03_SA02_R01.csv,SA02,SA,D,D03,R01,100.00,0,,30,30,30,0,0
SA02/D04_SA02_R01.csv,SA02,SA,D,D04,R01,100.00,0,,84,84,16,0,0
SA02/D05_SA02_R01.csv,SA02,SA,D,D05,R01,25.00,0,,0,0,0,0,0
SA02/D05_SA02_R02.csv,SA02,SA,D,D05,R02,25.00,0,,0,0,0,0,0
SA02/D05_SA02_R03.csv,SA02,SA,D,D05,R03,25.00,0,,0,0,0,0,0
SA02/D05_SA02_R04.csv,SA02,SA,D,D05,R04,25.00,0,,0,0,0,0,0
SA02/D05_SA02_R05.csv,SA02,SA,D,D05,R05,25.00,0,,0,0,0,0,0
SA02/D06_SA02_R01.csv,SA02,SA,D,D06,R01,25.00,0,,2,2,2,0,0
SA02/D06_SA02_R02.csv,SA02,SA,D,D06,R02,25.00,0,,3,3,2,0,0
SA02/D06_SA02_R03.csv,SA02,SA,D,D06,R03,25.00,0,,2,2,1,0,0
SA02/D06_SA02_R04.csv,SA02,SA,D,D06,R04,25.00,0,,2,2,2,0,0
SA02/D06_SA02_R05.csv,SA02,SA,D,D06,R05,25.00,0,,2,2,2,0,0
SA02/D07_SA02_R01.csv,SA02,SA,D,D07,R01,12.00,0,,0,0,0,0,0
SA02/D07_SA02_R02.csv,SA02,SA,D,D07,R02,12.00,0,,0,0,0,0,0
SA02/D07_SA02_R03.csv,SA02,SA,D,D07,R03,12.00,0,,0,0,0,0,0
SA02/D07_SA02_R04.csv,SA02,SA,D,D07,R04,12.00,0,,0,0,0,0,0
SA02/D07_SA02_R05.csv,SA02,SA,D,D07,R05,12.00,0,,0,0,0,0,0
SA02/D08_SA02_R01.csv,SA02,SA,D,D08,R01,12.00,0,,0,0,0,0,0
SA02/D08_SA02_R02.csv,SA02,SA,D,D08,R02,12.00,0,,0,0,0,0,0
SA02/D08_SA02_R03.csv,SA02,SA,D,D08,R03,12.00,0,,0,0,0,0,0
SA02/D08_SA02_R04.csv,SA02,SA,D,D08,R04,12.00,0,,1,1,1,0,0
SA02/D08_SA02_R05.csv,SA02,SA,D,D08,R05,12.00,0,,1,1,1,0,0
SA02/D09_SA02_R01.csv,SA02,SA,D,D09,R01,12.00,0,,1,0,0,0,0
SA02/D09_SA02_R02.csv,SA02,SA,D,D09,R02,12.00,0,,0,0,0,0,0
SA02/D09_SA02_R03.csv,SA02,SA,D,D09,R03,12.00,0,,0,0,0,0,0
SA02/D09_SA02_R04.csv,SA02,SA,D,D09,R04,12.00,0,,0,0,0,0,0
SA02/D09_SA02_R05.csv,SA02,SA,D,D09,R05,12.00,0,,0,0,0,0,0
SA02/D10_SA02_R01.csv,SA02,SA,D,D10,R01,12.00,0,,0,0,0,0,0
SA02/D10_SA02_R02.csv,SA02,SA,D,D10,R02,12.00,0,,0,0,0,0,0
SA02/D10_SA02_R03.csv,SA02,SA,D,D10,R03,12.00,0,,0,0,0,0,0
SA02/D10_SA02_R04.csv,SA02,SA,D,D10,R04,12.00,0,,0,0,0,0,0
SA02/D10_SA02_R05.csv,SA02,SA,D,D10,R05,12.00,0,,0,0,0,0,0
SA02/D11_SA02_R01.csv,SA02,SA,D,D11,R01,12.00,0,,1,1,1,0,0
SA02/D11_SA02_R02.csv,SA02,SA,D,D11,R02,12.00,0,,1,1,1,0,0
SA02/D11_SA02_R03.csv,SA02,SA,D,D11,R03,12.00,0,,1,1,1,0,0
SA02/D11_SA02_R04.csv,SA02,SA,D,D11,R04,12.00,0,,1,1,1,0,0
SA02/D11_SA02_R05.csv,SA02,SA,D,D11,R05,12.00,0,,1,1,1,0,0
SA02/D12_SA02_R01.csv,SA02,SA,D,D12,R01,12.00,0,,0,0,0,0,0
SA02/D12_SA02_R02.csv,SA02,SA,D,D12,R02,12.00,0,,0,0,0,0,0
SA02/D12_SA02_R03.csv,SA02,SA,D,D12,R03,12.00,0,,0,0,0,0,0
SA02/D12_SA02_R04.csv,SA02,SA,D,D12,R04,12.00,0,,0,0,0,0,0
SA02/D12_SA02_R05.csv,SA02,SA,D,D12,R05,12.00,0,,0,0,0,0,0
SA02/D13_SA02_R01.csv,SA02,SA,D,D13,R01,12.00,0,,0,0,0,0,0
SA02/D13_SA02_R02.csv,SA02,SA,D,D13,R02,12.00,0,,0,0,0,0,0
SA02/D13_SA02_R03.csv,SA02,SA,D,D13,R03,12.00,0,,0,0,0,0,0
SA02/D13_SA02_R04.csv,SA02,SA,D,D13,R04,12.00,0,,0,0,0,0,0
SA02/D13_SA02_R05.csv,SA02,SA,D,D13,R05,12.00,0,,0,0,0,0,0
SA02/D14_SA02_R01.csv,SA02,SA,D,D14,R01,11.99,0,,0,0,0,0,0
SA02/D14_SA02_R02.csv,SA02,SA,D,D14,R02,12.00,0,,0,0,0,0,0
SA02/D14_SA02_R03.csv,SA02,SA,D,D14,R03,12.00,0,,0,0,0,0,0
SA02/D14_SA02_R04.csv,SA02,SA,D,D14,R04,12.00,0,,0,0,0,0,0
SA02/D14_SA02_R05.csv,SA02,SA,D,D14,R05,12.00,0,,0,0,0,0,0
SA02/D15_SA02_R01.csv,SA02,SA,D,D15,R01,12.00,0,,0,0,0,0,0
SA02/D15_SA02_R02.csv,SA02,SA,D,D15,R02,12.00,0,,0,0,0,0,0
SA02/D15_SA02_R03.csv,SA02,SA,D,D15,R03,12.00,0,,0,0,0,0,0
SA02/D15_SA02_R04.csv,SA02,SA,D,D15,R04,12.00,0,,0,0,0,0,0
SA02/D15_SA02_R05.csv,SA02,SA,D,D15,R05,12.00,0,,0,0,0,0,0
SA02/D16_SA02_R01.csv,SA02,SA,D,D16,R01,11.99,0,,0,0,0,0,0
SA02/D16_SA02_R02.csv,SA02,SA,D,D16,R02,12.00,0,,0,0,0,0,0
SA02/D16_SA02_R03.csv,SA02,SA,D,D16,R03,12.00,0,,0,0,0,0,0
SA02/D16_SA02_R04.csv,SA02,SA,D,D16,R04,12.00,0,,0,0,0,0,0
SA02/D16_SA02_R05.csv,SA02,SA,D,D16,R05,12.00,0,,0,0,0,0,0
SA02/D17_SA02_R01.csv,SA02,SA,D,D17,R01,25.00,0,,0,0,0,0,0
SA02/D17_SA02_R02.csv,SA02,SA,D,D17,R02,25.00,0,,0,0,0,0,0
SA02/D17_SA02_R03.csv,SA02,SA,D,D17,R03,25.00,0,,0,0,0,0,0
SA02/D17_SA02_R04.csv,SA02,SA,D,D17,R04,25.00,0,,0,0,0,0,0
SA02/D17_SA02_R05.csv,SA02,SA,D,D17,R05,25.00,0,,0,0,0,0,0
SA02/D18_SA02_R01.csv,SA02,SA,D,D18,R01,12.00,0,,1,1,0,0,0
SA02/D18_SA02_R02.csv,SA02,SA,D,D18,R02,12.00,0,,1,1,1,0,0
SA02/D18_SA02_R03.csv,SA02,SA,D,D18,R03,12.00,0,,1,1,1,0,0
SA02/D18_SA02_R04.csv,SA02,SA,D,D18,R04,12.00,0,,1,1,1,0,0
SA02/D18_SA02_R05.csv,SA02,SA,D,D18,R05,12.00,0,,1,1,1,0,0
SA02/D19_SA02_R01.csv,SA02,SA,D,D19,R01,12.00,0,,2,2,2,0,0
SA02/D19_SA02_R02.csv,SA02,SA,D,D19,R02,12.00,0,,2,2,2,0,0
SA02/D19_SA02_R03.csv,SA02,SA,D,D19,R03,12.00,0,,2,2,2,0,0
SA02/D19_SA02_R04.csv,SA02,SA,D,D19,R04,12.00,0,,2,2,2,0,0
SA02/D19_SA02_R05.csv,SA02,SA,D,D19,R05,12.00,0,,2,2,2,0,0
SA02/F01_SA02_R01.csv,SA02,SA,F,F01,R01,15.00,1,12.35,1,1,1,1,1
SA02/F01_SA02_R02.csv,SA02,SA,F,F01,R02,15.00,0,,1,0,0,0,0
SA02/F01_SA02_R03.csv,SA02,SA,F,F01,R03,15.00,0,,1,1,0,0,0
SA02/F01_SA02_R04.csv,SA02,SA,F,F01,R04,15.00,0,,1,1,0,0,0
SA02/F01_SA02_R05.csv,SA02,SA,F,F01,R05,15.00,0,,1,1,0,0,0
SA02/F02_SA02_R01.csv,SA02,SA,F,F02,R01,15.00,1,13.23,1,1,1,1,1
SA02/F02_SA02_R02.csv,SA02,SA,F,F02,R02,14.99,0,,1,1,0,0,0
SA02/F02_SA02_R03.csv,SA02,SA,F,F02,R03,15.00,1,14.87,1,1,1,1,1
SA02/F02_SA02_R04.csv,SA02,SA,F,F02,R04,15.00,1,11.58,1,1,1,1,1
SA02/F02_SA02_R05.csv,SA02,SA,F,F02,R05,15.00,0,,1,1,0,0,0
SA02/F03_SA02_R01.csv,SA02,SA,F,F03,R01,15.00,0,,1,0,0,0,0
SA02/F03_SA02_R02.csv,SA02,SA,F,F03,R02,14.99,0,,1,1,0,0,0
SA02/F03_SA02_R03.csv,SA02,SA,F,F03,R03,15.00,0,,1,1,0,0,0
SA02/F03_SA02_R04.csv,SA02,SA,F,F03,R04,15.01,0,,1,1,0,0,0
SA02/F03_SA02_R05.csv,SA02,SA,F,F03,R05,15.00,0,,1,1,0,0,0
SA02/F04_SA02_R01.csv,SA02,SA,F,F04,R01,15.00,0,,1,1,0,0,0
SA02/F04_SA02_R02.csv,SA02,SA,F,F04,R02,15.00,1,12.54,2,2,1,1,1
SA02/F04_SA02_R03.csv,SA02,SA,F,F04,R03,15.00,0,,1,1,0,0,0
SA02/F04_SA02_R04.csv,SA02,SA,F,F04,R04,15.00,0,,2,2,0,0,0
SA02/F04_SA02_R05.csv,SA02,SA,F,F04,R05,15.00,0,,1,1,0,0,0
SA02/F05_SA02_R01.csv,SA02,SA,F,F05,R01,15.00,1,10.97,3,3,3,1,1
SA02/F05_SA02_R02.csv,SA02,SA,F,F05,R02,15.00,0,,2,2,2,0,0
SA02/F05_SA02_R03.csv,SA02,SA,F,F05,R03,15.00,0,,2,2,2,0,0
SA02/F05_SA02_R04.csv,SA02,SA,F,F05,R04,15.00,1,9.38,3,3,2,1,1
SA02/F05_SA02_R05.csv,SA02,SA,F,F05,R05,15.00,0,,3,3,2,0,0
SA02/F06_SA02_R01.csv,SA02,SA,F,F06,R01,15.00,1,10.96,1,1,1,1,1
SA02/F06_SA02_R02.csv,SA02,SA,F,F06,R02,15.00,0,,1,1,0,0,0
SA02/F06_SA02_R03.csv,SA02,SA,F,F06,R03,15.00,0,,1,1,0,0,0
SA02/F06_SA02_R04.csv,SA02,SA,F,F06,R04,15.00,1,13.46,1,1,1,1,1
SA02/F06_SA02_R05.csv,SA02,SA,F,F06,R05,15.00,0,,1,1,0,0,0
SA02/F07_SA02_R01.csv,SA02,SA,F,F07,R01,15.00,1,12.60,1,1,1,1,1
SA02/F07_SA02_R02.csv,SA02,SA,F,F07,R02,15.00,0,,1,1,0,0,0
SA02/F07_SA02_R03.csv,SA02,SA,F,F07,R03,15.00,1,12.91,1,1,1,1,1
SA02/F07_SA02_R04.csv,SA02,SA,F,F07,R04,15.00,1,12.53,1,1,1,1,1
SA02/F07_SA02_R05.csv,SA02,SA,F,F07,R05,15.00,1,12.20,1,1,1,1,1
SA02/F08_SA02_R01.csv,SA02,SA,F,F08,R01,15.00,1,10.22,1,1,1,1,1
SA02/F08_SA02_R02.csv,SA02,SA,F,F08,R02,15.00,1,9.79,1,1,1,1,1
SA02/F08_SA02_R03.csv,SA02,SA,F,F08,R03,15.00,1,9.85,1,1,1,1,1
SA02/F08_SA02_R04.csv,SA02,SA,F,F08,R04,15.00,1,9.74,1,1,1,1,1
SA02/F08_SA02_R05.csv,SA02,SA,F,F08,R05,15.00,1,11.08,1,1,1,1,1
SA02/F09_SA02_R01.csv,SA02,SA,F,F09,R01,15.00,1,11.65,1,1,1,1,1
SA02/F09_SA02_R02.csv,SA02,SA,F,F09,R02,15.00,1,10.64,1,1,1,1,1
SA02/F09_SA02_R03.csv,SA02,SA,F,F09,R03,15.00,0,,1,1,0,0,0
SA02/F09_SA02_R04.csv,SA02,SA,F,F09,R04,15.00,1,9.73,1,1,1,1,1
SA02/F09_SA02_R05.csv,SA02,SA,F,F09,R05,15.00,1,12.28,1,1,1,1,1
SA02/F10_SA02_R01.csv,SA02,SA,F,F10,R01,15.00,1,13.25,1,1,1,1,1
SA02/F10_SA02_R02.csv,SA02,SA,F,F10,R02,15.00,1,7.80,1,1,1,1,1
SA02/F10_SA02_R03.csv,SA02,SA,F,F10,R03,15.00,1,10.78,1,1,1,1,1
SA02/F10_SA02_R04.csv,SA02,SA,F,F10,R04,15.00,0,,1,1,0,0,0
SA02/F10_SA02_R05.csv,SA02,SA,F,F10,R05,15.00,1,11.32,1,1,1,1,1
SA02/F11_SA02_R01.csv,SA02,SA,F,F11,R01,15.00,0,,1,0,0,0,0
SA02/F11_SA02_R02.csv,SA02,SA,F,F11,R02,15.00,1,10.61,1,1,1,1,1
SA02/F11_SA02_R03.csv,SA02,SA,F,F11,R03,15.00,0,,1,1,0,0,0
SA02/F11_SA02_R04.csv,SA02,SA,F,F11,R04,15.00,1,11.92,1,1,1,1,1
SA02/F11_SA02_R05.csv,SA02,SA,F,F11,R05,15.00,0,,1,1,0,0,0
SA02/F12_SA02_R01.csv,SA02,SA,F,F12,R01,15.00,1,8.89,1,1,1,1,1
SA02/F12_SA02_R02.csv,SA02,SA,F,F12,R02,15.00,1,10.26,1,1,1,1,1
SA02/F12_SA02_R03.csv,SA02,SA,F,F12,R03,15.00,1,9.37,1,1,1,1,1
SA02/F12_SA02_R04.csv,SA02,SA,F,F12,R04,15.00,1,12.61,1,1,1,1,1
SA02/F12_SA02_R05.csv,SA02,SA,F,F12,R05,15.00,1,8.98,1,1,1,1,1
SA02/F13_SA02_R01.csv,SA02,SA,F,F13,R01,15.00,0,,0,0,0,0,0
SA02/F13_SA02_R02.csv,SA02,SA,F,F13,R02,15.00,1,10.82,1,1,1,1,1
SA02/F13_SA02_R03.csv,SA02,SA,F,F13,R03,15.00,1,10.22,1,1,1,1,1
SA02/F13_SA02_R04.csv,SA02,SA,F,F13,R04,15.00,1,10.70,1,1,1,1,1
SA02/F13_SA02_R05.csv,SA02,SA,F,F13,R05,15.00,0,,1,1,0,0,0
SA02/F14_SA02_R01.csv,SA02,SA,F,F14,R01,15.00,0,,1,1,0,0,0
SA02/F14_SA02_R02.csv,SA02,SA,F,F14,R02,15.00,1,10.69,1,1,1,1,1
SA02/F14_SA02_R03.csv,SA02,SA,F,F14,R03,15.00,1,8.63,1,1,1,1,1
SA02/F14_SA02_R04.csv,SA02,SA,F,F14,R04,15.00,1,10.54,1,1,1,1,1
SA02/F14_SA02_R05.csv,SA02,SA,F,F14,R05,15.00,1,10.38,1,1,1,1,1
SA02/F15_SA02_R01.csv,SA02,SA,F,F15,R01,15.00,0,,1,1,0,0,0
SA02/F15_SA02_R02.csv,SA02,SA,F,F15,R02,15.00,0,,1,1,0,0,0
SA02/F15_SA02_R03.csv,SA02,SA,F,F15,R03,15.00,1,13.03,1,1,1,1,1
SA02/F15_SA02_R04.csv,SA02,SA,F,F15,R04,15.00,0,,1,1,0,0,0
SA02/F15_SA02_R05.csv,SA02,SA,F,F15,R05,15.00,0,,1,1,0,0,0
SA03/D01_SA03_R01.csv,SA03,SA,D,D01,R01,100.00,0,,0,0,0,0,0
SA03/D02_SA03_R01.csv,SA03,SA,D,D02,R01,100.00,0,,1,1,0,0,0
SA03/D03_SA03_R01.csv,SA03,SA,D,D03,R01,100.00,0,,99,99,4,0,0
SA03/D04_SA03_R01.csv,SA03,SA,D,D04,R01,100.00,0,,124,121,2,0,0
SA03/D05_SA03_R01.csv,SA03,SA,D,D05,R01,25.00,0,,0,0,0,0,0
SA03/D05_SA03_R02.csv,SA03,SA,D,D05,R02,25.00,0,,0,0,0,0,0
SA03/D05_SA03_R03.csv,SA03,SA,D,D05,R03,25.00,0,,0,0,0,0,0
SA03/D05_SA03_R04.csv,SA03,SA,D,D05,R04,25.00,0,,0,0,0,0,0
SA03/D05_SA03_R05.csv,SA03,SA,D,D05,R05,25.00,0,,0,0,0,0,0
SA03/D06_SA03_R01.csv,SA03,SA,D,D06,R01,25.00,0,,7,6,1,0,0
SA03/D06_SA03_R02.csv,SA03,SA,D,D06,R02,25.00,0,,6,5,1,0,0
SA03/D06_SA03_R03.csv,SA03,SA,D,D06,R03,25.00,0,,10,10,0,0,0
SA03/D06_SA03_R04.csv,SA03,SA,D,D06,R04,25.00,0,,6,6,1,0,0
SA03/D06_SA03_R05.csv,SA03,SA,D,D06,R05,25.00,0,,5,5,1,0,0
SA03/D07_SA03_R01.csv,SA03,SA,D,D07,R01,12.00,0,,0,0,0,0,0
SA03/D07_SA03_R02.csv,SA03,SA,D,D07,R02,12.00,0,,0,0,0,0,0
SA03/D07_SA03_R03.csv,SA03,SA,D,D07,R03,12.00,0,,0,0,0,0,0
SA03/D07_SA03_R04.csv,SA03,SA,D,D07,R04,12.00,0,,0,0,0,0,0
SA03/D07_SA03_R05.csv,SA03,SA,D,D07,R05,12.00,0,,0,0,0,0,0
SA03/D08_SA03_R01.csv,SA03,SA,D,D08,R01,12.00,0,,1,1,1,0,0
SA03/D08_SA03_R02.csv,SA03,SA,D,D08,R02,12.00,0,,1,1,1,0,0
SA03/D08_SA03_R03.csv,SA03,SA,D,D08,R03,12.00,0,,1,1,1,0,0
SA03/D08_SA03_R04.csv,SA03,SA,D,D08,R04,12.00,0,,0,0,0,0,0
SA03/D08_SA03_R05.csv,SA03,SA,D,D08,R05,12.00,0,,0,0,0,0,0
SA03/D09_SA03_R01.csv,SA03,SA,D,D09,R01,12.00,0,,0,0,0,0,0
SA03/D09_SA03_R02.csv,SA03,SA,D,D09,R02,12.00,0,,0,0,0,0,0
SA03/D09_SA03_R03.csv,SA03,SA,D,D09,R03,12.00,0,,0,0,0,0,0
SA03/D09_SA03_R04.csv,SA03,SA,D,D09,R04,12.00,0,,0,0,0,0,0
SA03/D09_SA03_R05.csv,SA03,SA,D,D09,R05,12.00,0,,0,0,0,0,0
SA03/D10_SA03_R01.csv,SA03,SA,D,D10,R01,12.00,0,,0,0,0,0,0
SA03/D10_SA03_R02.csv,SA03,SA,D,D10,R02,12.00,0,,0,0,0,0,0
SA03/D10_SA03_R03.csv,SA03,SA,D,D10,R03,12.00,0,,0,0,0,0,0
SA03/D10_SA03_R04.csv,SA03,SA,D,D10,R04,12.00,0,,0,0,0,0,0
SA03/D10_SA03_R05.csv,SA03,SA,D,D10,R05,12.00,0,,0,0,0,0,0
SA03/D11_SA03_R01.csv,SA03,SA,D,D11,R01,11.99,0,,1,0,0,0,0
SA03/D11_SA03_R02.csv,SA03,SA,D,D11,R02,12.00,0,,1,0,0,0,0
SA03/D11_SA03_R03.csv,SA03,SA,D,D11,R03,12.00,0,,1,0,0,0,0
SA03/D11_SA03_R04.csv,SA03,SA,D,D11,R04,11.99,0,,1,0,0,0,0
SA03/D11_SA03_R05.csv,SA03,SA,D,D11,R05,12.00,0,,1,0,0,0,0
SA03/D12_SA03_R01.csv,SA03,SA,D,D12,R01,12.00,0,,0,0,0,0,0
SA03/D12_SA03_R02.csv,SA03,SA,D,D12,R02,12.00,0,,0,0,0,0,0
SA03/D12_SA03_R03.csv,SA03,SA,D,D12,R03,12.00,0,,0,0,0,0,0
SA03/D12_SA03_R04.csv,SA03,SA,D,D12,R04,12.00,0,,0,0,0,0,0
SA03/D12_SA03_R05.csv,SA03,SA,D,D12,R05,12.00,0,,0,0,0,0,0
SA03/D13_SA03_R01.csv,SA03,SA,D,D13,R01,12.00,0,,0,0,0,0,0
SA03/D13_SA03_R02.csv,SA03,SA,D,D13,R02,12.00,0,,0,0,0,0,0
SA03/D13_SA03_R03.csv,SA03,SA,D,D13,R03,12.00,0,,0,0,0,0,0
SA03/D13_SA03_R04.csv,SA03,SA,D,D13,R04,12.00,0,,0,0,0,0,0
SA03/D13_SA03_R05.csv,SA03,SA,D,D13,R05,12.00,0,,0,0,0,0,0
SA03/D14_SA03_R01.csv,SA03,SA,D,D14,R01,12.00,0,,0,0,0,0,0
SA03/D14_SA03_R02.csv,SA03,SA,D,D14,R02,12.00,0,,0,0,0,0,0
SA03/D14_SA03_R03.csv,SA03,SA,D,D14,R03,12.00,0,,0,0,0,0,0
SA03/D14_SA03_R04.csv,SA03,SA,D,D14,R04,12.00,0,,1,1,0,0,0
SA03/D14_SA03_R05.csv,SA03,SA,D,D14,R05,12.00,0,,0,0,0,0,0
SA03/D15_SA03_R01.csv,SA03,SA,D,D15,R01,12.00,0,,0,0,0,0,0
SA03/D15_SA03_R02.csv,SA03,SA,D,D15,R02,12.00,0,,0,0,0,0,0
SA03/D15_SA03_R03.csv,SA03,SA,D,D15,R03,12.00,0,,0,0,0,0,0
SA03/D15_SA03_R04.csv,SA03,SA,D,D15,R04,12.00,0,,0,0,0,0,0
SA03/D15_SA03_R05.csv,SA03,SA,D,D15,R05,12.00,0,,0,0,0,0,0
SA03/D16_SA03_R01.csv,SA03,SA,D,D16,R01,11.99,0,,0,0,0,0,0
SA03/D16_SA03_R02.csv,SA03,SA,D,D16,R02,12.00,0,,0,0,0,0,0
SA03/D16_SA03_R03.csv,SA03,SA,D,D16,R03,12.00,0,,0,0,0,0,0
SA03/D16_SA03_R04.csv,SA03,SA,D,D16,R04,12.00,0,,0,0,0,0,0
SA03/D16_SA03_R05.csv,SA03,SA,D,D16,R05,12.00,0,,0,0,0,0,0
SA03/D17_SA03_R01.csv,SA03,SA,D,D17,R01,25.00,0,,0,0,0,0,0
SA03/D17_SA03_R02.csv,SA03,SA,D,D17,R02,25.00,0,,0,0,0,0,0
SA03/D17_SA03_R03.csv,SA03,SA,D,D17,R03,25.00,0,,0,0,0,0,0
SA03/D17_SA03_R04.csv,SA03,SA,D,D17,R04,25.00,0,,0,0,0,0,0
SA03/D17_SA03_R05.csv,SA03,SA,D,D17,R05,25.00,0,,0,0,0,0,0
SA03/D18_SA03_R01.csv,SA03,SA,D,D18,R01,12.00,0,,1,1,0,0,0
SA03/D18_SA03_R02.csv,SA03,SA,D,D18,R02,12.00,0,,1,1,0,0,0
SA03/D18_SA03_R03.csv,SA03,SA,D,D18,R03,12.00,0,,2,1,0,0,0
SA03/D18_SA03_R04.csv,SA03,SA,D,D18,R04,12.00,0,,1,1,0,0,0
SA03/D18_SA03_R05.csv,SA03,SA,D,D18,R05,12.00,0,,1,1,0,0,0
SA03/D19_SA03_R01.csv,SA03,SA,D,D19,R01,12.00,0,,2,2,0,0,0
SA03/D19_SA03_R02.csv,SA03,SA,D,D19,R02,12.00,0,,2,1,1,0,0
SA03/D19_SA03_R03.csv,SA03,SA,D,D19,R03,12.00,0,,2,2,1,0,0
SA03/D19_SA03_R04.csv,SA03,SA,D,D19,R04,12.00,0,,2,2,1,0,0
SA03/D19_SA03_R05.csv,SA03,SA,D,D19,R05,12.00,0,,2,2,1,0,0
SA03/F01_SA03_R01.csv,SA03,SA,F,F01,R01,14.99,0,,1,1,0,0,0
SA03/F01_SA03_R02.csv,SA03,SA,F,F01,R02,15.00,0,,1,1,0,0,0
SA03/F01_SA03_R03.csv,SA03,SA,F,F01,R03,15.00,0,,1,0,0,0,0
SA03/F01_SA03_R04.csv,SA03,SA,F,F01,R04,15.00,0,,1,1,0,0,0
SA03/F01_SA03_R05.csv,SA03,SA,F,F01,R05,15.00,0,,1,1,0,0,0
SA03/F02_SA03_R01.csv,SA03,SA,F,F02,R01,15.00,0,,1,1,0,0,0
SA03/F02_SA03_R02.csv,SA03,SA,F,F02,R02,15.00,1,9.52,1,1,1,1,1
SA03/F02_SA03_R03.csv,SA03,SA,F,F02,R03,15.00,0,,1,1,0,0,0
SA03/F02_SA03_R04.csv,SA03,SA,F,F02,R04,15.00,0,,1,1,0,0,0
SA03/F02_SA03_R05.csv,SA03,SA,F,F02,R05,15.00,0,,1,1,0,0,0
SA03/F03_SA03_R01.csv,SA03,SA,F,F03,R01,15.00,1,10.13,1,1,1,1,1
SA03/F03_SA03_R02.csv,SA03,SA,F,F03,R02,15.00,0,,1,1,0,0,0
SA03/F03_SA03_R03.csv,SA03,SA,F,F03,R03,15.00,1,10.44,1,1,1,1,1
SA03/F03_SA03_R04.csv,SA03,SA,F,F03,R04,15.00,0,,1,1,0,0,0
SA03/F03_SA03_R05.csv,SA03,SA,F,F03,R05,15.00,0,,1,1,0,0,0
SA03/F04_SA03_R01.csv,SA03,SA,F,F04,R01,15.00,0,,1,1,0,0,0
SA03/F04_SA03_R02.csv,SA03,SA,F,F04,R02,15.00,0,,1,1,0,0,0
SA03/F04_SA03_R03.csv,SA03,SA,F,F04,R03,15.00,1,13.71,1,1,1,1,1
SA03/F04_SA03_R04.csv,SA03,SA,F,F04,R04,15.00,0,,1,1,0,0,0
SA03/F04_SA03_R05.csv,SA03,SA,F,F04,R05,15.00,1,12.98,1,1,1,1,1
SA03/F05_SA03_R01.csv,SA03,SA,F,F05,R01,15.00,0,,2,2,1,0,0
SA03/F05_SA03_R02.csv,SA03,SA,F,F05,R02,15.00,0,,4,4,1,0,0
SA03/F05_SA03_R03.csv,SA03,SA,F,F05,R03,15.00,0,,4,4,1,0,0
SA03/F05_SA03_R04.csv,SA03,SA,F,F05,R04,15.00,0,,5,5,1,0,0
SA03/F05_SA03_R05.csv,SA03,SA,F,F05,R05,15.00,0,,4,4,1,0,0
SA03/F06_SA03_R01.csv,SA03,SA,F,F06,R01,14.99,1,13.65,1,1,1,1,1
SA03/F06_SA03_R02.csv,SA03,SA,F,F06,R02,15.00,1,13.41,1,1,1,1,1
SA03/F06_SA03_R03.csv,SA03,SA,F,F06,R03,15.00,0,,1,0,0,0,0
SA03/F06_SA03_R04.csv,SA03,SA,F,F06,R04,15.00,1,12.80,1,1,1,1,1
SA03/F06_SA03_R05.csv,SA03,SA,F,F06,R05,15.00,1,12.85,1,1,1,1,1
SA03/F07_SA03_R01.csv,SA03,SA,F,F07,R01,15.00,1,12.76,1,1,1,1,1
SA03/F07_SA03_R02.csv,SA03,SA,F,F07,R02,15.00,1,11.72,1,1,1,1,1
SA03/F07_SA03_R03.csv,SA03,SA,F,F07,R03,15.00,0,,1,0,0,0,0
SA03/F07_SA03_R04.csv,SA03,SA,F,F07,R04,15.00,0,,1,0,0,0,0
SA03/F07_SA03_R05.csv,SA03,SA,F,F07,R05,15.00,0,,0,0,0,0,0
SA03/F08_SA03_R01.csv,SA03,SA,F,F08,R01,14.99,0,,1,1,0,0,0
SA03/F08_SA03_R02.csv,SA03,SA,F,F08,R02,15.00,0,,1,1,0,0,0
SA03/F08_SA03_R03.csv,SA03,SA,F,F08,R03,15.00,0,,1,1,0,0,0
SA03/F08_SA03_R04.csv,SA03,SA,F,F08,R04,15.00,0,,1,1,0,0,0
SA03/F08_SA03_R05.csv,SA03,SA,F,F08,R05,15.00,0,,1,1,0,0,0
SA03/F09_SA03_R01.csv,SA03,SA,F,F09,R01,14.99,1,8.28,1,1,1,1,1
SA03/F09_SA03_R02.csv,SA03,SA,F,F09,R02,15.00,1,8.86,1,1,1,1,1
SA03/F09_SA03_R03.csv,SA03,SA,F,F09,R03,15.00,1,9.28,1,1,1,1,1
SA03/F09_SA03_R04.csv,SA03,SA,F,F09,R04,15.00,1,7.12,1,1,1,1,1
SA03/F09_SA03_R05.csv,SA03,SA,F,F09,R05,15.00,1,8.56,1,1,1,1,1
SA03/F10_SA03_R01.csv,SA03,SA,F,F10,R01,15.00,1,8.42,1,1,1,1,1
SA03/F10_SA03_R02.csv,SA03,SA,F,F10,R02,15.00,0,,1,1,0,0,0
SA03/F10_SA03_R03.csv,SA03,SA,F,F10,R03,15.00,1,9.93,1,1,1,1,1
SA03/F10_SA03_R04.csv,SA03,SA,F,F10,R04,15.00,1,12.83,1,1,1,1,1
SA03/F10_SA03_R05.csv,SA03,SA,F,F10,R05,15.00,0,,1,1,0,0,0
SA03/F11_SA03_R01.csv,SA03,SA,F,F11,R01,14.99,1,8.44,1,1,1,1,1
SA03/F11_SA03_R02.csv,SA03,SA,F,F11,R02,15.00,1,9.15,1,1,1,1,1
SA03/F11_SA03_R03.csv,SA03,SA,F,F11,R03,15.00,1,9.86,1,1,1,1,1
SA03/F11_SA03_R04.csv,SA03,SA,F,F11,R04,15.00,1,9.65,1,1,1,1,1
SA03/F11_SA03_R05.csv,SA03,SA,F,F11,R05,15.00,1,8.10,1,1,1,1,1
SA03/F12_SA03_R01.csv,SA03,SA,F,F12,R01,15.00,1,8.34,1,1,1,1,1
SA03/F12_SA03_R02.csv,SA03,SA,F,F12,R02,15.00,1,10.56,1,1,1,1,1
SA03/F12_SA03_R03.csv,SA03,SA,F,F12,R03,15.00,1,9.86,1,1,1,1,1
SA03/F12_SA03_R04.csv,SA03,SA,F,F12,R04,15.00,0,,1,1,0,0,0
SA03/F12_SA03_R05.csv,SA03,SA,F,F12,R05,15.00,1,8.39,1,1,1,1,1
SA03/F13_SA03_R01.csv,SA03,SA,F,F13,R01,15.00,0,,0,0,0,0,0
SA03/F13_SA03_R02.csv,SA03,SA,F,F13,R02,15.00,0,,1,1,0,0,0
SA03/F13_SA03_R03.csv,SA03,SA,F,F13,R03,15.00,0,,1,1,0,0,0
SA03/F13_SA03_R04.csv,SA03,SA,F,F13,R04,15.00,1,8.42,1,1,1,1,1
SA03/F13_SA03_R05.csv,SA03,SA,F,F13,R05,15.00,1,9.07,1,1,1,1,1
SA03/F14_SA03_R01.csv,SA03,SA,F,F14,R01,15.00,0,,0,0,0,0,0
SA03/F14_SA03_R02.csv,SA03,SA,F,F14,R02,15.00,0,,1,1,0,0,0
SA03/F14_SA03_R03.csv,SA03,SA,F,F14,R03,15.00,0,,1,0,0,0,0
SA03/F14_SA03_R04.csv,SA03,SA,F,F14,R04,15.00,1,8.44,1,1,1,1,1
SA03/F14_SA03_R05.csv,SA03,SA,F,F14,R05,15.00,0,,1,1,0,0,0
SA03/F15_SA03_R01.csv,SA03,SA,F,F15,R01,15.00,1,7.21,1,1,1,1,1
SA03/F15_SA03_R02.csv,SA03,SA,F,F15,R02,15.00,0,,1,1,0,0,0
SA03/F15_SA03_R03.csv,SA03,SA,F,F15,R03,15.00,0,,1,1,0,0,0
SA03/F15_SA03_R04.csv,SA03,SA,F,F15,R04,15.00,1,9.31,1,1,1,1,1
SA03/F15_SA03_R05.csv,SA03,SA,F,F15,R05,15.00,1,9.85,1,1,1,1,1
SA04/D01_SA04_R01.csv,SA04,SA,D,D01,R01,100.00,0,,0,0,0,0,0
SA04/D02_SA04_R01.csv,SA04,SA,D,D02,R01,100.00,0,,0,0,0,0,0
SA04/D03_SA04_R01.csv,SA04,SA,D,D03,R01,100.00,0,,32,32,32,0,0
SA04/D04_SA04_R01.csv,SA04,SA,D,D04,R01,100.00,0,,67,67,21,0,0
SA04/D05_SA04_R01.csv,SA04,SA,D,D05,R01,25.00,0,,0,0,0,0,0
SA04/D05_SA04_R02.csv,SA04,SA,D,D05,R02,25.00,0,,0,0,0,0,0
SA04/D05_SA04_R03.csv,SA04,SA,D,D05,R03,25.00,0,,0,0,0,0,0
SA04/D05_SA04_R04.csv,SA04,SA,D,D05,R04,25.00,0,,0,0,0,0,0
SA04/D05_SA04_R05.csv,SA04,SA,D,D05,R05,25.00,0,,0,0,0,0,0
SA04/D06_SA04_R01.csv,SA04,SA,D,D06,R01,25.00,0,,8,8,0,0,0
SA04/D06_SA04_R02.csv,SA04,SA,D,D06,R02,25.00,0,,8,8,0,0,0
SA04/D06_SA04_R03.csv,SA04,SA,D,D06,R03,25.00,0,,9,9,0,0,0
SA04/D06_SA04_R04.csv,SA04,SA,D,D06,R04,25.00,0,,8,8,0,0,0
SA04/D06_SA04_R05.csv,SA04,SA,D,D06,R05,25.00,0,,9,8,0,0,0
SA04/D07_SA04_R01.csv,SA04,SA,D,D07,R01,12.00,0,,0,0,0,0,0
SA04/D07_SA04_R02.csv,SA04,SA,D,D07,R02,12.00,0,,0,0,0,0,0
SA04/D07_SA04_R03.csv,SA04,SA,D,D07,R03,12.00,0,,0,0,0,0,0
SA04/D07_SA04_R04.csv,SA04,SA,D,D07,R04,12.00,0,,0,0,0,0,0
SA04/D07_SA04_R05.csv,SA04,SA,D,D07,R05,12.00,0,,0,0,0,0,0
SA04/D08_SA04_R01.csv,SA04,SA,D,D08,R01,12.00,0,,1,1,1,0,0
SA04/D08_SA04_R02.csv,SA04,SA,D,D08,R02,12.00,0,,0,0,0,0,0
SA04/D08_SA04_R03.csv,SA04,SA,D,D08,R03,12.00,0,,1,1,1,0,0
SA04/D08_SA04_R04.csv,SA04,SA,D,D08,R04,12.00,0,,0,0,0,0,0
SA04/D08_SA04_R05.csv,SA04,SA,D,D08,R05,12.00,0,,0,0,0,0,0
SA04/D09_SA04_R01.csv,SA04,SA,D,D09,R01,12.00,0,,0,0,0,0,0
SA04/D09_SA04_R02.csv,SA04,SA,D,D09,R02,12.00,0,,0,0,0,0,0
SA04/D09_SA04_R03.csv,SA04,SA,D,D09,R03,12.00,0,,0,0,0,0,0
SA04/D09_SA04_R04.csv,SA04,SA,D,D09,R04,12.00,0,,0,0,0,0,0
SA04/D09_SA04_R05.csv,SA04,SA,D,D09,R05,12.00,0,,0,0,0,0,0
SA04/D10_SA04_R01.csv,SA04,SA,D,D10,R01,12.00,0,,1,1,1,0,0
SA04/D10_SA04_R02.csv,SA04,SA,D,D10,R02,12.00,0,,1,1,1,0,0
SA04/D10_SA04_R03.csv,SA04,SA,D,D10,R03,12.00,0,,1,0,0,0,0
SA04/D10_SA04_R04.csv,SA04,SA,D,D10,R04,12.00,0,,1,1,1,0,0
SA04/D10_SA04_R05.csv,SA04,SA,D,D10,R05,12.00,0,,1,1,1,0,0
SA04/D11_SA04_R01.csv,SA04,SA,D,D11,R01,12.00,0,,1,1,1,0,0
SA04/D11_SA04_R02.csv,SA04,SA,D,D11,R02,12.00,0,,1,1,0,0,0
SA04/D11_SA04_R03.csv,SA04,SA,D,D11,R03,12.00,0,,1,1,0,0,0
SA04/D11_SA04_R04.csv,SA04,SA,D,D11,R04,12.00,0,,1,1,0,0,0
SA04/D11_SA04_R05.csv,SA04,SA,D,D11,R05,12.00,0,,1,1,1,0,0
SA04/D12_SA04_R01.csv,SA04,SA,D,D12,R01,12.00,0,,0,0,0,0,0
SA04/D12_SA04_R02.csv,SA04,SA,D,D12,R02,12.00,0,,0,0,0,0,0
SA04/D12_SA04_R03.csv,SA04,SA,D,D12,R03,12.00,0,,0,0,0,0,0
SA04/D12_SA04_R04.csv,SA04,SA,D,D12,R04,12.00,0,,0,0,0,0,0
SA04/D12_SA04_R05.csv,SA04,SA,D,D12,R05,12.00,0,,0,0,0,0,0
SA04/D13_SA04_R01.csv,SA04,SA,D,D13,R01,12.00,0,,0,0,0,0,0
SA04/D13_SA04_R02.csv,SA04,SA,D,D13,R02,12.00,0,,0,0,0,0,0
SA04/D13_SA04_R03.csv,SA04,SA,D,D13,R03,12.00,0,,0,0,0,0,0
SA04/D13_SA04_R04.csv,SA04,SA,D,D13,R04,12.00,0,,0,0,0,0,0
SA04/D13_SA04_R05.csv,SA04,SA,D,D13,R05,12.00,0,,0,0,0,0,0
SA04/D14_SA04_R01.csv,SA04,SA,D,D14,R01,12.00,0,,0,0,0,0,0
SA04/D14_SA04_R02.csv,SA04,SA,D,D14,R02,12.00,0,,0,0,0,0,0
SA04/D14_SA04_R03.csv,SA04,SA,D,D14,R03,12.00,0,,0,0,0,0,0
SA04/D14_SA04_R04.csv,SA04,SA,D,D14,R04,12.00,0,,0,0,0,0,0
SA04/D14_SA04_R05.csv,SA04,SA,D,D14,R05,12.00,0,,0,0,0,0,0
SA04/D15_SA04_R01.csv,SA04,SA,D,D15,R01,12.00,0,,0,0,0,0,0
SA04/D15_SA04_R02.csv,SA04,SA,D,D15,R02,12.00,0,,0,0,0,0,0
SA04/D15_SA04_R03.csv,SA04,SA,D,D15,R03,12.00,0,,0,0,0,0,0
SA04/D15_SA04_R04.csv,SA04,SA,D,D15,R04,12.00,0,,0,0,0,0,0
SA04/D15_SA04_R05.csv,SA04,SA,D,D15,R05,12.00,0,,0,0,0,0,0
SA04/D16_SA04_R01.csv,SA04,SA,D,D16,R01,11.99,0,,0,0,0,0,0
SA04/D16_SA04_R02.csv,SA04,SA,D,D16,R02,12.00,0,,0,0,0,0,0
SA04/D16_SA04_R03.csv,SA04,SA,D,D16,R03,12.00,0,,0,0,0,0,0
SA04/D16_SA04_R04.csv,SA04,SA,D,D16,R04,12.00,0,,0,0,0,0,0
SA04/D16_SA04_R05.csv,SA04,SA,D,D16,R05,12.00,0,,0,0,0,0,0
SA04/D17_SA04_R01.csv,SA04,SA,D,D17,R01,25.00,0,,0,0,0,0,0
SA04/D17_SA04_R02.csv,SA04,SA,D,D17,R02,25.00,0,,0,0,0,0,0
SA04/D17_SA04_R03.csv,SA04,SA,D,D17,R03,25.00,0,,0,0,0,0,0
SA04/D17_SA04_R04.csv,SA04,SA,D,D17,R04,25.00,0,,0,0,0,0,0
SA04/D17_SA04_R05.csv,SA04,SA,D,D17,R05,25.00,0,,0,0,0,0,0
SA04/D18_SA04_R01.csv,SA04,SA,D,D18,R01,12.00,0,,2,2,1,0,0
SA04/D18_SA04_R02.csv,SA04,SA,D,D18,R02,12.00,0,,1,1,1,0,0
SA04/D18_SA04_R03.csv,SA04,SA,D,D18,R03,12.00,0,,2,2,1,0,0
SA04/D18_SA04_R04.csv,SA04,SA,D,D18,R04,12.00,0,,2,2,1,0,0
SA04/D18_SA04_R05.csv,SA04,SA,D,D18,R05,12.00,0,,2,2,0,0,0
SA04/D19_SA04_R01.csv,SA04,SA,D,D19,R01,12.00,0,,3,2,2,0,0
SA04/D19_SA04_R02.csv,SA04,SA,D,D19,R02,12.00,0,,4,2,2,0,0
SA04/D19_SA04_R03.csv,SA04,SA,D,D19,R03,12.00,0,,3,2,2,0,0
SA04/D19_SA04_R04.csv,SA04,SA,D,D19,R04,12.00,0,,4,2,2,0,0
SA04/D19_SA04_R05.csv,SA04,SA,D,D19,R05,12.00,0,,3,3,2,0,0
SA04/F01_SA04_R01.csv,SA04,SA,F,F01,R01,14.99,0,,1,1,0,0,0
SA04/F01_SA04_R02.csv,SA04,SA,F,F01,R02,15.00,1,12.92,1,1,1,1,1
SA04/F01_SA04_R03.csv,SA04,SA,F,F01,R03,15.00,1,12.56,1,1,1,1,1
SA04/F01_SA04_R04.csv,SA04,SA,F,F01,R04,15.00,1,12.24,1,1,1,1,1
SA04/F01_SA04_R05.csv,SA04,SA,F,F01,R05,15.00,1,12.95,1,1,1,1,1
SA04/F02_SA04_R01.csv,SA04,SA,F,F02,R01,15.00,0,,1,1,0,0,0
SA04/F02_SA04_R02.csv,SA04,SA,F,F02,R02,15.00,0,,1,1,0,0,0
SA04/F02_SA04_R03.csv,SA04,SA,F,F02,R03,15.00,0,,1,1,0,0,0
SA04/F02_SA04_R04.csv,SA04,SA,F,F02,R04,15.00,1,9.17,1,1,1,1,1
SA04/F02_SA04_R05.csv,SA04,SA,F,F02,R05,15.00,0,,1,1,0,0,0
SA04/F03_SA04_R01.csv,SA04,SA,F,F03,R01,15.00,0,,1,1,0,0,0
SA04/F03_SA04_R02.csv,SA04,SA,F,F03,R02,15.00,1,8.88,1,1,1,1,1
SA04/F03_SA04_R03.csv,SA04,SA,F,F03,R03,15.00,1,10.03,1,1,1,1,1
SA04/F03_SA04_R04.csv,SA04,SA,F,F03,R04,15.00,1,10.59,1,1,1,1,1
SA04/F03_SA04_R05.csv,SA04,SA,F,F03,R05,15.00,1,10.35,1,1,1,1,1
SA04/F04_SA04_R01.csv,SA04,SA,F,F04,R01,15.00,0,,1,1,0,0,0
SA04/F04_SA04_R02.csv,SA04,SA,F,F04,R02,15.00,1,12.08,1,1,1,1,1
SA04/F04_SA04_R03.csv,SA04,SA,F,F04,R03,15.00,0,,2,2,0,0,0
SA04/F04_SA04_R04.csv,SA04,SA,F,F04,R04,15.00,0,,1,1,0,0,0
SA04/F04_SA04_R05.csv,SA04,SA,F,F04,R05,15.00,1,12.46,1,1,1,1,1
SA04/F05_SA04_R01.csv,SA04,SA,F,F05,R01,15.00,0,,2,2,1,0,0
SA04/F05_SA04_R02.csv,SA04,SA,F,F05,R02,15.00,1,7.80,2,2,2,1,1
SA04/F05_SA04_R03.csv,SA04,SA,F,F05,R03,15.00,1,7.68,1,1,1,1,1
SA04/F05_SA04_R04.csv,SA04,SA,F,F05,R04,15.00,1,7.87,2,2,2,1,1
SA04/F05_SA04_R05.csv,SA04,SA,F,F05,R05,15.00,1,7.97,2,2,2,1,1
SA04/F06_SA04_R01.csv,SA04,SA,F,F06,R01,14.99,1,11.48,1,1,1,1,1
SA04/F06_SA04_R02.csv,SA04,SA,F,F06,R02,15.00,1,12.36,1,1,1,1,1
SA04/F06_SA04_R03.csv,SA04,SA,F,F06,R03,15.00,1,12.96,1,1,1,1,1
SA04/F06_SA04_R04.csv,SA04,SA,F,F06,R04,15.00,1,12.48,1,1,1,1,1
SA04/F06_SA04_R05.csv,SA04,SA,F,F06,R05,15.00,1,12.51,1,1,1,1,1
SA04/F07_SA04_R01.csv,SA04,SA,F,F07,R01,15.00,1,10.89,1,1,1,1,1
SA04/F07_SA04_R02.csv,SA04,SA,F,F07,R02,14.99,0,,2,1,0,0,0
SA04/F07_SA04_R03.csv,SA04,SA,F,F07,R03,15.00,1,9.67,1,1,1,1,1
SA04/F07_SA04_R04.csv,SA04,SA,F,F07,R04,15.00,1,8.80,1,1,1,1,1
SA04/F07_SA04_R05.csv,SA04,SA,F,F07,R05,15.00,0,,2,2,0,0,0
SA04/F08_SA04_R01.csv,SA04,SA,F,F08,R01,15.00,0,,1,1,0,0,0
SA04/F08_SA04_R02.csv,SA04,SA,F,F08,R02,15.00,1,7.64,1,1,1,1,1
SA04/F08_SA04_R03.csv,SA04,SA,F,F08,R03,15.00,1,7.93,1,1,1,1,1
SA04/F08_SA04_R04.csv,SA04,SA,F,F08,R04,15.00,1,7.09,1,1,1,1,1
SA04/F08_SA04_R05.csv,SA04,SA,F,F08,R05,15.00,0,,1,1,0,0,0
SA04/F09_SA04_R01.csv,SA04,SA,F,F09,R01,15.00,1,7.62,1,1,1,1,1
SA04/F09_SA04_R02.csv,SA04,SA,F,F09,R02,15.00,1,11.62,1,1,1,1,1
SA04/F09_SA04_R03.csv,SA04,SA,F,F09,R03,15.00,1,9.64,1,1,1,1,1
SA04/F09_SA04_R04.csv,SA04,SA,F,F09,R04,15.00,1,10.51,1,1,1,1,1
SA04/F09_SA04_R05.csv,SA04,SA,F,F09,R05,15.00,1,10.59,1,1,1,1,1
SA04/F10_SA04_R01.csv,SA04,SA,F,F10,R01,15.00,0,,1,0,0,0,0
SA04/F10_SA04_R02.csv,SA04,SA,F,F10,R02,15.00,0,,1,1,0,0,0
SA04/F10_SA04_R03.csv,SA04,SA,F,F10,R03,15.00,0,,1,1,0,0,0
SA04/F10_SA04_R04.csv,SA04,SA,F,F10,R04,15.00,0,,1,1,0,0,0
SA04/F10_SA04_R05.csv,SA04,SA,F,F10,R05,15.00,1,12.02,1,1,1,1,1
SA04/F11_SA04_R01.csv,SA04,SA,F,F11,R01,14.99,0,,1,1,0,0,0
SA04/F11_SA04_R02.csv,SA04,SA,F,F11,R02,15.00,0,,1,1,0,0,0
SA04/F11_SA04_R03.csv,SA04,SA,F,F11,R03,15.00,0,,1,1,0,0,0
SA04/F11_SA04_R04.csv,SA04,SA,F,F11,R04,15.00,0,,1,1,0,0,0
SA04/F11_SA04_R05.csv,SA04,SA,F,F11,R05,15.00,0,,1,1,0,0,0
SA04/F12_SA04_R01.csv,SA04,SA,F,F12,R01,15.00,1,7.63,1,1,1,1,1
SA04/F12_SA04_R02.csv,SA04,SA,F,F12,R02,15.00,0,,1,1,0,0,0
SA04/F12_SA04_R03.csv,SA04,SA,F,F12,R03,15.00,0,,1,0,0,0,0
SA04/F12_SA04_R04.csv,SA04,SA,F,F12,R04,15.00,0,,1,1,0,0,0
SA04/F12_SA04_R05.csv,SA04,SA,F,F12,R05,15.00,1,7.67,1,1,1,1,1
SA04/F13_SA04_R01.csv,SA04,SA,F,F13,R01,15.00,0,,0,0,0,0,0
SA04/F13_SA04_R02.csv,SA04,SA,F,F13,R02,15.00,0,,0,0,0,0,0
SA04/F13_SA04_R03.csv,SA04,SA,F,F13,R03,15.00,0,,1,1,0,0,0
SA04/F13_SA04_R04.csv,SA04,SA,F,F13,R04,15.00,0,,1,1,0,0,0
SA04/F13_SA04_R05.csv,SA04,SA,F,F13,R05,15.00,0,,1,1,0,0,0
SA04/F14_SA04_R01.csv,SA04,SA,F,F14,R01,15.00,1,6.27,1,1,1,1,1
SA04/F14_SA04_R02.csv,SA04,SA,F,F14,R02,15.00,0,,1,1,0,0,0
SA04/F14_SA04_R03.csv,SA04,SA,F,F14,R03,15.00,1,5.87,1,1,1,1,1
SA04/F14_SA04_R04.csv,SA04,SA,F,F14,R04,15.00,1,6.55,1,1,1,1,1
SA04/F14_SA04_R05.csv,SA04,SA,F,F14,R05,15.00,1,7.95,1,1,1,1,1
SA04/F15_SA04_R01.csv,SA04,SA,F,F15,R01,15.00,0,,1,1,0,0,0
SA04/F15_SA04_R02.csv,SA04,SA,F,F15,R02,15.00,0,,1,1,0,0,0
SA04/F15_SA04_R03.csv,SA04,SA,F,F15,R03,15.00,1,8.22,1,1,1,1,1
SA04/F15_SA04_R04.csv,SA04,SA,F,F15,R04,15.00,1,8.75,1,1,1,1,1
SA04/F15_SA04_R05.csv,SA04,SA,F,F15,R05,15.00,1,7.59,1,1,1,1,1
SA05/D01_SA05_R01.csv,SA05,SA,D,D01,R01,100.00,0,,0,0,0,0,0
SA05/D02_SA05_R01.csv,SA05,SA,D,D02,R01,100.00,0,,0,0,0,0,0
SA05/D03_SA05_R01.csv,SA05,SA,D,D03,R01,100.00,0,,29,28,28,0,0
SA05/D04_SA05_R01.csv,SA05,SA,D,D04,R01,100.00,0,,67,67,20,0,0
SA05/D05_SA05_R01.csv,SA05,SA,D,D05,R01,25.00,0,,0,0,0,0,0
SA05/D05_SA05_R02.csv,SA05,SA,D,D05,R02,25.00,0,,0,0,0,0,0
SA05/D05_SA05_R03.csv,SA05,SA,D,D05,R03,25.00,0,,0,0,0,0,0
SA05/D05_SA05_R04.csv,SA05,SA,D,D05,R04,25.00,0,,0,0,0,0,0
SA05/D05_SA05_R05.csv,SA05,SA,D,D05,R05,25.00,0,,0,0,0,0,0
SA05/D06_SA05_R01.csv,SA05,SA,D,D06,R01,25.00,0,,8,8,0,0,0
SA05/D06_SA05_R02.csv,SA05,SA,D,D06,R02,25.00,0,,8,8,0,0,0
SA05/D06_SA05_R03.csv,SA05,SA,D,D06,R03,25.00,0,,7,7,0,0,0
SA05/D06_SA05_R04.csv,SA05,SA,D,D06,R04,25.00,0,,7,7,0,0,0
SA05/D06_SA05_R05.csv,SA05,SA,D,D06,R05,25.00,0,,4,4,1,0,0
SA05/D07_SA05_R01.csv,SA05,SA,D,D07,R01,12.00,0,,0,0,0,0,0
SA05/D07_SA05_R02.csv,SA05,SA,D,D07,R02,12.00,0,,0,0,0,0,0
SA05/D07_SA05_R03.csv,SA05,SA,D,D07,R03,12.00,0,,0,0,0,0,0
SA05/D07_SA05_R04.csv,SA05,SA,D,D07,R04,12.00,0,,0,0,0,0,0
SA05/D07_SA05_R05.csv,SA05,SA,D,D07,R05,12.00,0,,0,0,0,0,0
SA05/D08_SA05_R01.csv,SA05,SA,D,D08,R01,12.00,0,,0,0,0,0,0
SA05/D08_SA05_R02.csv,SA05,SA,D,D08,R02,12.00,0,,0,0,0,0,0
SA05/D08_SA05_R03.csv,SA05,SA,D,D08,R03,12.00,0,,0,0,0,0,0
SA05/D08_SA05_R04.csv,SA05,SA,D,D08,R04,12.00,0,,0,0,0,0,0
SA05/D08_SA05_R05.csv,SA05,SA,D,D08,R05,12.00,0,,0,0,0,0,0
SA05/D09_SA05_R01.csv,SA05,SA,D,D09,R01,12.00,0,,0,0,0,0,0
SA05/D09_SA05_R02.csv,SA05,SA,D,D09,R02,12.00,0,,0,0,0,0,0
SA05/D09_SA05_R03.csv,SA05,SA,D,D09,R03,12.00,0,,0,0,0,0,0
SA05/D09_SA05_R04.csv,SA05,SA,D,D09,R04,12.00,0,,0,0,0,0,0
SA05/D09_SA05_R05.csv,SA05,SA,D,D09,R05,12.00,0,,0,0,0,0,0
SA05/D10_SA05_R01.csv,SA05,SA,D,D10,R01,12.00,0,,1,1,1,0,0
SA05/D10_SA05_R02.csv,SA05,SA,D,D10,R02,12.00,0,,0,0,0,0,0
SA05/D10_SA05_R03.csv,SA05,SA,D,D10,R03,12.00,0,,0,0,0,0,0
SA05/D10_SA05_R04.csv,SA05,SA,D,D10,R04,12.00,0,,0,0,0,0,0
SA05/D10_SA05_R05.csv,SA05,SA,D,D10,R05,12.00,0,,0,0,0,0,0
SA05/D11_SA05_R01.csv,SA05,SA,D,D11,R01,11.99,0,,1,1,1,0,0
SA05/D11_SA05_R02.csv,SA05,SA,D,D11,R02,12.00,0,,1,1,1,0,0
SA05/D11_SA05_R03.csv,SA05,SA,D,D11,R03,12.00,0,,1,1,1,0,0
SA05/D11_SA05_R04.csv,SA05,SA,D,D11,R04,12.00,0,,0,0,0,0,0
SA05/D11_SA05_R05.csv,SA05,SA,D,D11,R05,12.00,0,,1,1,1,0,0
SA05/D12_SA05_R01.csv,SA05,SA,D,D12,R01,12.00,0,,0,0,0,0,0
SA05/D12_SA05_R02.csv,SA05,SA,D,D12,R02,12.00,0,,0,0,0,0,0
SA05/D12_SA05_R03.csv,SA05,SA,D,D12,R03,12.00,0,,0,0,0,0,0
SA05/D12_SA05_R04.csv,SA05,SA,D,D12,R04,12.00,0,,0,0,0,0,0
SA05/D12_SA05_R05.csv,SA05,SA,D,D12,R05,12.00,0,,0,0,0,0,0
SA05/D13_SA05_R01.csv,SA05,SA,D,D13,R01,12.00,0,,1,1,0,0,0
SA05/D13_SA05_R02.csv,SA05,SA,D,D13,R02,12.00,0,,0,0,0,0,0
SA05/D13_SA05_R03.csv,SA05,SA,D,D13,R03,12.00,0,,0,0,0,0,0
SA05/D13_SA05_R04.csv,SA05,SA,D,D13,R04,12.00,0,,0,0,0,0,0
SA05/D13_SA05_R05.csv,SA05,SA,D,D13,R05,12.00,0,,0,0,0,0,0
SA05/D14_SA05_R01.csv,SA05,SA,D,D14,R01,12.00,0,,0,0,0,0,0
SA05/D14_SA05_R02.csv,SA05,SA,D,D14,R02,12.00,0,,0,0,0,0,0
SA05/D14_SA05_R03.csv,SA05,SA,D,D14,R03,12.00,0,,0,0,0,0,0
SA05/D14_SA05_R04.csv,SA05,SA,D,D14,R04,12.00,0,,0,0,0,0,0
SA05/D14_SA05_R05.csv,SA05,SA,D,D14,R05,12.00,0,,0,0,0,0,0
SA05/D15_SA05_R01.csv,SA05,SA,D,D15,R01,12.00,0,,0,0,0,0,0
SA05/D15_SA05_R02.csv,SA05,SA,D,D15,R02,12.00,0,,0,0,0,0,0
SA05/D15_SA05_R03.csv,SA05,SA,D,D15,R03,12.00,0,,0,0,0,0,0
SA05/D15_SA05_R04.csv,SA05,SA,D,D15,R04,12.00,0,,0,0,0,0,0
SA05/D15_SA05_R05.csv,SA05,SA,D,D15,R05,12.00,0,,0,0,0,0,0
SA05/D16_SA05_R01.csv,SA05,SA,D,D16,R01,11.99,0,,0,0,0,0,0
SA05/D16_SA05_R02.csv,SA05,SA,D,D16,R02,12.00,0,,0,0,0,0,0
SA05/D16_SA05_R03.csv,SA05,SA,D,D16,R03,12.00,0,,0,0,0,0,0
SA05/D16_SA05_R04.csv,SA05,SA,D,D16,R04,12.00,0,,0,0,0,0,0
SA05/D16_SA05_R05.csv,SA05,SA,D,D16,R05,12.00,0,,0,0,0,0,0
SA05/D17_SA05_R01.csv,SA05,SA,D,D17,R01,25.00,0,,0,0,0,0,0
SA05/D17_SA05_R02.csv,SA05,SA,D,D17,R02,25.00,0,,0,0,0,0,0
SA05/D17_SA05_R03.csv,SA05,SA,D,D17,R03,25.00,0,,0,0,0,0,0
SA05/D17_SA05_R04.csv,SA05,SA,D,D17,R04,25.00,0,,0,0,0,0,0
SA05/D17_SA05_R05.csv,SA05,SA,D,D17,R05,25.00,0,,0,0,0,0,0
SA05/D18_SA05_R01.csv,SA05,SA,D,D18,R01,12.00,0,,1,1,1,0,0
SA05/D18_SA05_R02.csv,SA05,SA,D,D18,R02,12.00,0,,2,2,1,0,0
SA05/D18_SA05_R03.csv,SA05,SA,D,D18,R03,12.00,0,,1,1,1,0,0
SA05/D18_SA05_R04.csv,SA05,SA,D,D18,R04,12.00,0,,2,2,1,0,0
SA05/D18_SA05_R05.csv,SA05,SA,D,D18,R05,12.00,0,,2,1,0,0,0
SA05/D19_SA05_R01.csv,SA05,SA,D,D19,R01,12.00,0,,2,2,1,0,0
SA05/D19_SA05_R02.csv,SA05,SA,D,D19,R02,12.00,0,,3,3,2,0,0
SA05/D19_SA05_R03.csv,SA05,SA,D,D19,R03,12.00,0,,2,2,2,0,0
SA05/D19_SA05_R04.csv,SA05,SA,D,D19,R04,12.00,0,,2,2,2,0,0
SA05/D19_SA05_R05.csv,SA05,SA,D,D19,R05,12.00,0,,2,2,2,0,0
SA05/F01_SA05_R01.csv,SA05,SA,F,F01,R01,14.99,0,,1,1,0,0,0
SA05/F01_SA05_R02.csv,SA05,SA,F,F01,R02,15.00,1,12.34,1,1,1,1,1
SA05/F01_SA05_R03.csv,SA05,SA,F,F01,R03,15.00,1,11.60,1,1,1,1,1
SA05/F01_SA05_R04.csv,SA05,SA,F,F01,R04,15.00,0,,1,1,0,0,0
SA05/F01_SA05_R05.csv,SA05,SA,F,F01,R05,15.00,0,,1,1,0,0,0
SA05/F02_SA05_R01.csv,SA05,SA,F,F02,R01,15.00,1,9.40,1,1,1,1,1
SA05/F02_SA05_R02.csv,SA05,SA,F,F02,R02,15.00,1,10.09,1,1,1,1,1
SA05/F02_SA05_R03.csv,SA05,SA,F,F02,R03,15.00,1,9.68,1,1,1,1,1
SA05/F02_SA05_R04.csv,SA05,SA,F,F02,R04,15.00,1,11.43,1,1,1,1,1
SA05/F02_SA05_R05.csv,SA05,SA,F,F02,R05,15.00,1,9.87,1,1,1,1,1
SA05/F03_SA05_R01.csv,SA05,SA,F,F03,R01,15.00,1,10.19,1,1,1,1,1
SA05/F03_SA05_R02.csv,SA05,SA,F,F03,R02,15.00,0,,1,1,0,0,0
SA05/F03_SA05_R03.csv,SA05,SA,F,F03,R03,15.00,1,11.14,1,1,1,1,1
SA05/F03_SA05_R04.csv,SA05,SA,F,F03,R04,15.00,1,10.13,1,1,1,1,1
SA05/F03_SA05_R05.csv,SA05,SA,F,F03,R05,15.00,1,9.90,1,1,1,1,1
SA05/F04_SA05_R01.csv,SA05,SA,F,F04,R01,15.00,0,,1,1,0,0,0
SA05/F04_SA05_R02.csv,SA05,SA,F,F04,R02,15.00,1,11.07,1,1,1,1,1
SA05/F04_SA05_R03.csv,SA05,SA,F,F04,R03,15.00,1,10.90,1,1,1,1,1
SA05/F04_SA05_R04.csv,SA05,SA,F,F04,R04,15.00,0,,1,1,0,0,0
SA05/F04_SA05_R05.csv,SA05,SA,F,F04,R05,15.00,0,,1,1,0,0,0
SA05/F05_SA05_R01.csv,SA05,SA,F,F05,R01,15.00,0,,1,1,1,0,0
SA05/F05_SA05_R02.csv,SA05,SA,F,F05,R02,15.00,0,,1,1,1,0,0
SA05/F05_SA05_R03.csv,SA05,SA,F,F05,R03,15.00,0,,1,1,1,0,0
SA05/F05_SA05_R04.csv,SA05,SA,F,F05,R04,15.00,1,8.11,2,2,2,1,1
SA05/F05_SA05_R05.csv,SA05,SA,F,F05,R05,15.00,1,8.07,2,2,2,1,1
SA05/F06_SA05_R01.csv,SA05,SA,F,F06,R01,14.99,1,11.03,1,1,1,1,1
SA05/F06_SA05_R02.csv,SA05,SA,F,F06,R02,15.00,1,11.28,1,1,1,1,1
SA05/F06_SA05_R03.csv,SA05,SA,F,F06,R03,15.00,1,11.85,1,1,1,1,1
SA05/F06_SA05_R04.csv,SA05,SA,F,F06,R04,15.00,1,11.29,1,1,1,1,1
SA05/F06_SA05_R05.csv,SA05,SA,F,F06,R05,15.00,0,,1,1,0,0,0
SA05/F07_SA05_R01.csv,SA05,SA,F,F07,R01,15.00,1,9.60,1,1,1,1,1
SA05/F07_SA05_R02.csv,SA05,SA,F,F07,R02,15.00,0,,1,1,0,0,0
SA05/F07_SA05_R03.csv,SA05,SA,F,F07,R03,15.00,0,,1,1,0,0,0
SA05/F07_SA05_R04.csv,SA05,SA,F,F07,R04,15.00,1,10.90,1,1,1,1,1
SA05/F07_SA05_R05.csv,SA05,SA,F,F07,R05,15.00,0,,1,1,0,0,0
SA05/F08_SA05_R01.csv,SA05,SA,F,F08,R01,15.00,1,8.29,1,1,1,1,1
SA05/F08_SA05_R02.csv,SA05,SA,F,F08,R02,15.00,0,,1,1,0,0,0
SA05/F08_SA05_R03.csv,SA05,SA,F,F08,R03,15.00,1,10.61,1,1,1,1,1
SA05/F08_SA05_R04.csv,SA05,SA,F,F08,R04,15.00,0,,1,1,0,0,0
SA05/F08_SA05_R05.csv,SA05,SA,F,F08,R05,15.00,0,,1,1,0,0,0
SA05/F09_SA05_R01.csv,SA05,SA,F,F09,R01,15.00,1,11.17,1,1,1,1,1
SA05/F09_SA05_R02.csv,SA05,SA,F,F09,R02,15.00,1,10.47,1,1,1,1,1
SA05/F09_SA05_R03.csv,SA05,SA,F,F09,R03,15.00,0,,1,1,0,0,0
SA05/F09_SA05_R04.csv,SA05,SA,F,F09,R04,15.00,0,,1,1,0,0,0
SA05/F09_SA05_R05.csv,SA05,SA,F,F09,R05,15.00,1,11.54,1,1,1,1,1
SA05/F10_SA05_R01.csv,SA05,SA,F,F10,R01,15.00,1,10.51,1,1,1,1,1
SA05/F10_SA05_R02.csv,SA05,SA,F,F10,R02,15.00,0,,1,1,0,0,0
SA05/F10_SA05_R03.csv,SA05,SA,F,F10,R03,15.00,1,10.37,1,1,1,1,1
SA05/F10_SA05_R04.csv,SA05,SA,F,F10,R04,15.00,1,10.61,1,1,1,1,1
SA05/F10_SA05_R05.csv,SA05,SA,F,F10,R05,15.00,0,,1,1,0,0,0
SA05/F11_SA05_R01.csv,SA05,SA,F,F11,R01,15.00,1,9.76,1,1,1,1,1
SA05/F11_SA05_R02.csv,SA05,SA,F,F11,R02,15.00,1,10.19,1,1,1,1,1
SA05/F11_SA05_R03.csv,SA05,SA,F,F11,R03,15.00,1,10.31,1,1,1,1,1
SA05/F11_SA05_R04.csv,SA05,SA,F,F11,R04,15.00,0,,0,0,0,0,0
SA05/F11_SA05_R05.csv,SA05,SA,F,F11,R05,15.00,1,10.23,1,1,1,1,1
SA05/F12_SA05_R01.csv,SA05,SA,F,F12,R01,15.00,0,,1,1,0,0,0
SA05/F12_SA05_R02.csv,SA05,SA,F,F12,R02,15.00,0,,1,0,0,0,0
SA05/F12_SA05_R03.csv,SA05,SA,F,F12,R03,15.00,1,8.22,1,1,1,1,1
SA05/F12_SA05_R04.csv,SA05,SA,F,F12,R04,15.00,0,,1,1,0,0,0
SA05/F12_SA05_R05.csv,SA05,SA,F,F12,R05,15.00,0,,1,0,0,0,0
SA05/F13_SA05_R01.csv,SA05,SA,F,F13,R01,15.00,0,,0,0,0,0,0
SA05/F13_SA05_R02.csv,SA05,SA,F,F13,R02,15.00,0,,0,0,0,0,0
SA05/F13_SA05_R03.csv,SA05,SA,F,F13,R03,15.00,0,,0,0,0,0,0
SA05/F13_SA05_R04.csv,SA05,SA,F,F13,R04,14.99,0,,0,0,0,0,0
SA05/F13_SA05_R05.csv,SA05,SA,F,F13,R05,14.99,0,,0,0,0,0,0
SA05/F14_SA05_R01.csv,SA05,SA,F,F14,R01,15.00,1,7.78,1,1,1,1,1
SA05/F14_SA05_R02.csv,SA05,SA,F,F14,R02,15.00,1,8.18,1,1,1,1,1
SA05/F14_SA05_R03.csv,SA05,SA,F,F14,R03,15.00,1,7.92,1,1,1,1,1
SA05/F14_SA05_R04.csv,SA05,SA,F,F14,R04,15.00,0,,1,1,0,0,0
SA05/F14_SA05_R05.csv,SA05,SA,F,F14,R05,15.00,1,8.69,1,1,1,1,1
SA05/F15_SA05_R01.csv,SA05,SA,F,F15,R01,15.00,1,8.03,1,1,1,1,1
SA05/F15_SA05_R02.csv,SA05,SA,F,F15,R02,15.00,0,,1,1,0,0,0
SA05/F15_SA05_R03.csv,SA05,SA,F,F15,R03,15.00,1,8.17,1,1,1,1,1
SA05/F15_SA05_R04.csv,SA05,SA,F,F15,R04,15.00,1,9.54,1,1,1,1,1
SA05/F15_SA05_R05.csv,SA05,SA,F,F15,R05,15.00,1,8.63,1,1,1,1,1
SA06/D01_SA06_R01.csv,SA06,SA,D,D01,R01,100.00,0,,0,0,0,0,0
SA06/D02_SA06_R01.csv,SA06,SA,D,D02,R01,100.00,0,,0,0,0,0,0
SA06/D03_SA06_R01.csv,SA06,SA,D,D03,R01,100.00,0,,22,22,22,0,0
SA06/D04_SA06_R01.csv,SA06,SA,D,D04,R01,100.00,0,,46,46,25,0,0
SA06/D05_SA06_R01.csv,SA06,SA,D,D05,R01,25.00,0,,0,0,0,0,0
SA06/D05_SA06_R02.csv,SA06,SA,D,D05,R02,25.00,0,,0,0,0,0,0
SA06/D05_SA06_R03.csv,SA06,SA,D,D05,R03,25.00,0,,0,0,0,0,0
SA06/D05_SA06_R04.csv,SA06,SA,D,D05,R04,25.00,0,,0,0,0,0,0
SA06/D05_SA06_R05.csv,SA06,SA,D,D05,R05,25.00,0,,0,0,0,0,0
SA06/D06_SA06_R01.csv,SA06,SA,D,D06,R01,25.00,0,,5,4,0,0,0
SA06/D06_SA06_R02.csv,SA06,SA,D,D06,R02,25.00,0,,4,4,0,0,0
SA06/D06_SA06_R03.csv,SA06,SA,D,D06,R03,25.00,0,,4,4,1,0,0
SA06/D06_SA06_R04.csv,SA06,SA,D,D06,R04,25.00,0,,4,4,1,0,0
SA06/D06_SA06_R05.csv,SA06,SA,D,D06,R05,25.00,0,,1,1,1,0,0
SA06/D07_SA06_R01.csv,SA06,SA,D,D07,R01,12.00,0,,0,0,0,0,0
SA06/D07_SA06_R02.csv,SA06,SA,D,D07,R02,12.00,0,,0,0,0,0,0
SA06/D07_SA06_R03.csv,SA06,SA,D,D07,R03,12.00,0,,0,0,0,0,0
SA06/D07_SA06_R04.csv,SA06,SA,D,D07,R04,12.00,0,,0,0,0,0,0
SA06/D07_SA06_R05.csv,SA06,SA,D,D07,R05,12.00,0,,0,0,0,0,0
SA06/D08_SA06_R01.csv,SA06,SA,D,D08,R01,12.00,0,,1,1,1,0,0
SA06/D08_SA06_R02.csv,SA06,SA,D,D08,R02,12.00,0,,1,1,1,0,0
SA06/D08_SA06_R03.csv,SA06,SA,D,D08,R03,12.00,0,,0,0,0,0,0
SA06/D08_SA06_R04.csv,SA06,SA,D,D08,R04,12.00,0,,0,0,0,0,0
SA06/D08_SA06_R05.csv,SA06,SA,D,D08,R05,12.00,0,,0,0,0,0,0
SA06/D09_SA06_R01.csv,SA06,SA,D,D09,R01,12.00,0,,0,0,0,0,0
SA06/D09_SA06_R02.csv,SA06,SA,D,D09,R02,12.00,0,,0,0,0,0,0
SA06/D09_SA06_R03.csv,SA06,SA,D,D09,R03,12.00,0,,0,0,0,0,0
SA06/D09_SA06_R04.csv,SA06,SA,D,D09,R04,12.00,0,,0,0,0,0,0
SA06/D09_SA06_R05.csv,SA06,SA,D,D09,R05,12.00,0,,1,0,0,0,0
SA06/D10_SA06_R01.csv,SA06,SA,D,D10,R01,12.00,0,,0,0,0,0,0
SA06/D10_SA06_R02.csv,SA06,SA,D,D10,R02,12.00,0,,0,0,0,0,0
SA06/D10_SA06_R03.csv,SA06,SA,D,D10,R03,12.00,0,,0,0,0,0,0
SA06/D10_SA06_R04.csv,SA06,SA,D,D10,R04,12.00,0,,0,0,0,0,0
SA06/D10_SA06_R05.csv,SA06,SA,D,D10,R05,12.00,0,,0,0,0,0,0
SA06/D11_SA06_R01.csv,SA06,SA,D,D11,R01,12.00,0,,1,0,0,0,0
SA06/D11_SA06_R02.csv,SA06,SA,D,D11,R02,12.00,0,,1,0,0,0,0
SA06/D11_SA06_R03.csv,SA06,SA,D,D11,R03,12.00,0,,1,0,0,0,0
SA06/D11_SA06_R04.csv,SA06,SA,D,D11,R04,12.00,0,,1,1,1,0,0
SA06/D11_SA06_R05.csv,SA06,SA,D,D11,R05,12.00,0,,1,0,0,0,0
SA06/D12_SA06_R01.csv,SA06,SA,D,D12,R01,12.00,0,,0,0,0,0,0
SA06/D12_SA06_R02.csv,SA06,SA,D,D12,R02,11.99,0,,0,0,0,0,0
SA06/D12_SA06_R03.csv,SA06,SA,D,D12,R03,12.00,0,,0,0,0,0,0
SA06/D12_SA06_R04.csv,SA06,SA,D,D12,R04,11.99,0,,0,0,0,0,0
SA06/D12_SA06_R05.csv,SA06,SA,D,D12,R05,12.00,0,,0,0,0,0,0
SA06/D13_SA06_R01.csv,SA06,SA,D,D13,R01,12.00,0,,0,0,0,0,0
SA06/D13_SA06_R02.csv,SA06,SA,D,D13,R02,12.00,0,,0,0,0,0,0
SA06/D13_SA06_R03.csv,SA06,SA,D,D13,R03,12.00,0,,0,0,0,0,0
SA06/D13_SA06_R04.csv,SA06,SA,D,D13,R04,12.00,0,,0,0,0,0,0
SA06/D13_SA06_R05.csv,SA06,SA,D,D13,R05,11.99,0,,0,0,0,0,0
SA06/D14_SA06_R01.csv,SA06,SA,D,D14,R01,12.00,0,,0,0,0,0,0
SA06/D14_SA06_R02.csv,SA06,SA,D,D14,R02,12.00,0,,0,0,0,0,0
SA06/D14_SA06_R03.csv,SA06,SA,D,D14,R03,12.00,0,,0,0,0,0,0
SA06/D14_SA06_R04.csv,SA06,SA,D,D14,R04,11.99,0,,0,0,0,0,0
SA06/D14_SA06_R05.csv,SA06,SA,D,D14,R05,12.00,0,,0,0,0,0,0
SA06/D15_SA06_R01.csv,SA06,SA,D,D15,R01,12.00,0,,0,0,0,0,0
SA06/D15_SA06_R02.csv,SA06,SA,D,D15,R02,12.00,0,,0,0,0,0,0
SA06/D15_SA06_R03.csv,SA06,SA,D,D15,R03,12.00,0,,0,0,0,0,0
SA06/D15_SA06_R04.csv,SA06,SA,D,D15,R04,12.00,0,,0,0,0,0,0
SA06/D15_SA06_R05.csv,SA06,SA,D,D15,R05,12.00,0,,0,0,0,0,0
SA06/D16_SA06_R01.csv,SA06,SA,D,D16,R01,12.00,0,,0,0,0,0,0
SA06/D16_SA06_R02.csv,SA06,SA,D,D16,R02,12.00,0,,0,0,0,0,0
SA06/D16_SA06_R03.csv,SA06,SA,D,D16,R03,12.00,0,,0,0,0,0,0
SA06/D16_SA06_R04.csv,SA06,SA,D,D16,R04,12.00,0,,0,0,0,0,0
SA06/D16_SA06_R05.csv,SA06,SA,D,D16,R05,12.00,0,,0,0,0,0,0
SA06/D17_SA06_R01.csv,SA06,SA,D,D17,R01,25.00,0,,0,0,0,0,0
SA06/D17_SA06_R02.csv,SA06,SA,D,D17,R02,25.00,0,,0,0,0,0,0
SA06/D17_SA06_R03.csv,SA06,SA,D,D17,R03,25.00,0,,0,0,0,0,0
SA06/D17_SA06_R04.csv,SA06,SA,D,D17,R04,25.00,0,,0,0,0,0,0
SA06/D17_SA06_R05.csv,SA06,SA,D,D17,R05,25.00,0,,0,0,0,0,0
SA06/D18_SA06_R01.csv,SA06,SA,D,D18,R01,11.99,0,,1,1,1,0,0
SA06/D18_SA06_R02.csv,SA06,SA,D,D18,R02,12.00,0,,1,1,1,0,0
SA06/D18_SA06_R03.csv,SA06,SA,D,D18,R03,12.00,0,,1,1,1,0,0
SA06/D18_SA06_R04.csv,SA06,SA,D,D18,R04,12.00,0,,1,1,1,0,0
SA06/D18_SA06_R05.csv,SA06,SA,D,D18,R05,12.00,0,,1,1,1,0,0
SA06/D19_SA06_R01.csv,SA06,SA,D,D19,R01,11.99,0,,3,3,2,0,0
SA06/D19_SA06_R02.csv,SA06,SA,D,D19,R02,12.00,0,,3,3,2,0,0
SA06/D19_SA06_R03.csv,SA06,SA,D,D19,R03,12.00,0,,3,3,2,0,0
SA06/D19_SA06_R04.csv,SA06,SA,D,D19,R04,12.00,0,,2,2,0,0,0
SA06/D19_SA06_R05.csv,SA06,SA,D,D19,R05,12.00,0,,2,2,2,0,0
SA06/F01_SA06_R01.csv,SA06,SA,F,F01,R01,14.99,0,,1,1,0,0,0
SA06/F01_SA06_R02.csv,SA06,SA,F,F01,R02,15.00,1,12.00,1,1,1,1,1
SA06/F01_SA06_R03.csv,SA06,SA,F,F01,R03,15.00,1,11.46,1,1,1,1,1
SA06/F01_SA06_R04.csv,SA06,SA,F,F01,R04,14.99,0,,1,1,0,0,0
SA06/F01_SA06_R05.csv,SA06,SA,F,F01,R05,15.00,1,12.11,1,1,1,1,1
SA06/F02_SA06_R01.csv,SA06,SA,F,F02,R01,15.00,1,11.10,1,1,1,1,1
SA06/F02_SA06_R02.csv,SA06,SA,F,F02,R02,15.00,1,10.10,1,1,1,1,1
SA06/F02_SA06_R03.csv,SA06,SA,F,F02,R03,15.00,0,,1,1,0,0,0
SA06/F02_SA06_R04.csv,SA06,SA,F,F02,R04,15.00,1,10.85,1,1,1,1,1
SA06/F02_SA06_R05.csv,SA06,SA,F,F02,R05,15.00,0,,1,1,0,0,0
SA06/F03_SA06_R01.csv,SA06,SA,F,F03,R01,15.00,1,9.35,1,1,1,1,1
SA06/F03_SA06_R02.csv,SA06,SA,F,F03,R02,15.00,1,9.54,1,1,1,1,1
SA06/F03_SA06_R03.csv,SA06,SA,F,F03,R03,15.00,1,9.96,1,1,1,1,1
SA06/F03_SA06_R04.csv,SA06,SA,F,F03,R04,15.00,1,9.80,1,1,1,1,1
SA06/F03_SA06_R05.csv,SA06,SA,F,F03,R05,15.00,1,9.45,1,1,1,1,1
SA06/F04_SA06_R01.csv,SA06,SA,F,F04,R01,15.00,1,11.44,1,1,1,1,1
SA06/F04_SA06_R02.csv,SA06,SA,F,F04,R02,15.00,1,11.10,1,1,1,1,1
SA06/F04_SA06_R03.csv,SA06,SA,F,F04,R03,15.00,1,11.14,1,1,1,1,1
SA06/F04_SA06_R04.csv,SA06,SA,F,F04,R04,15.00,1,10.28,1,1,1,1,1
SA06/F04_SA06_R05.csv,SA06,SA,F,F04,R05,15.00,0,,1,1,0,0,0
SA06/F05_SA06_R01.csv,SA06,SA,F,F05,R01,15.00,0,,1,1,0,0,0
SA06/F05_SA06_R02.csv,SA06,SA,F,F05,R02,15.00,1,7.83,1,1,1,1,1
SA06/F05_SA06_R03.csv,SA06,SA,F,F05,R03,15.00,1,7.93,1,1,1,1,1
SA06/F05_SA06_R04.csv,SA06,SA,F,F05,R04,15.00,1,8.00,1,1,1,1,1
SA06/F05_SA06_R05.csv,SA06,SA,F,F05,R05,15.00,0,,1,1,0,0,0
SA06/F06_SA06_R01.csv,SA06,SA,F,F06,R01,14.99,1,11.38,1,1,1,1,1
SA06/F06_SA06_R02.csv,SA06,SA,F,F06,R02,15.00,1,13.17,1,1,1,1,1
SA06/F06_SA06_R03.csv,SA06,SA,F,F06,R03,15.00,1,13.69,1,1,1,1,1
SA06/F06_SA06_R04.csv,SA06,SA,F,F06,R04,15.00,1,13.42,1,1,1,1,1
SA06/F06_SA06_R05.csv,SA06,SA,F,F06,R05,15.00,0,,1,1,0,0,0
SA06/F07_SA06_R01.csv,SA06,SA,F,F07,R01,15.00,1,10.50,1,1,1,1,1
SA06/F07_SA06_R02.csv,SA06,SA,F,F07,R02,15.00,1,11.51,1,1,1,1,1
SA06/F07_SA06_R03.csv,SA06,SA,F,F07,R03,15.00,1,10.44,1,1,1,1,1
SA06/F07_SA06_R04.csv,SA06,SA,F,F07,R04,15.00,1,10.85,1,1,1,1,1
SA06/F07_SA06_R05.csv,SA06,SA,F,F07,R05,15.00,1,11.21,1,1,1,1,1
SA06/F08_SA06_R01.csv,SA06,SA,F,F08,R01,15.00,1,9.07,1,1,1,1,1
SA06/F08_SA06_R02.csv,SA06,SA,F,F08,R02,15.00,1,8.77,1,1,1,1,1
SA06/F08_SA06_R03.csv,SA06,SA,F,F08,R03,15.00,1,9.33,1,1,1,1,1
SA06/F08_SA06_R04.csv,SA06,SA,F,F08,R04,15.00,1,9.98,1,1,1,1,1
SA06/F08_SA06_R05.csv,SA06,SA,F,F08,R05,15.00,0,,1,1,0,0,0
SA06/F09_SA06_R01.csv,SA06,SA,F,F09,R01,15.00,1,6.13,1,1,1,1,1
SA06/F09_SA06_R02.csv,SA06,SA,F,F09,R02,15.00,1,7.95,1,1,1,1,1
SA06/F09_SA06_R03.csv,SA06,SA,F,F09,R03,15.00,1,8.37,1,1,1,1,1
SA06/F09_SA06_R04.csv,SA06,SA,F,F09,R04,15.00,1,6.15,1,1,1,1,1
SA06/F09_SA06_R05.csv,SA06,SA,F,F09,R05,15.00,1,6.48,1,1,1,1,1
SA06/F10_SA06_R01.csv,SA06,SA,F,F10,R01,15.00,1,7.32,1,1,1,1,1
SA06/F10_SA06_R02.csv,SA06,SA,F,F10,R02,15.00,1,8.17,1,1,1,1,1
SA06/F10_SA06_R03.csv,SA06,SA,F,F10,R03,15.00,1,10.37,1,1,1,1,1
SA06/F10_SA06_R04.csv,SA06,SA,F,F10,R04,15.00,1,6.52,1,1,1,1,1
SA06/F10_SA06_R05.csv,SA06,SA,F,F10,R05,15.00,1,8.35,1,1,1,1,1
SA06/F11_SA06_R01.csv,SA06,SA,F,F11,R01,14.99,1,7.96,1,1,1,1,1
SA06/F11_SA06_R02.csv,SA06,SA,F,F11,R02,15.00,0,,1,1,1,0,0
SA06/F11_SA06_R03.csv,SA06,SA,F,F11,R03,15.00,1,6.34,1,1,1,1,1
SA06/F11_SA06_R04.csv,SA06,SA,F,F11,R04,15.00,1,6.29,1,1,1,1,1
SA06/F11_SA06_R05.csv,SA06,SA,F,F11,R05,15.00,1,7.45,1,1,1,1,1
SA06/F12_SA06_R01.csv,SA06,SA,F,F12,R01,15.00,1,7.94,1,1,1,1,1
SA06/F12_SA06_R02.csv,SA06,SA,F,F12,R02,15.00,1,6.08,1,1,1,1,1
SA06/F12_SA06_R03.csv,SA06,SA,F,F12,R03,15.00,1,8.64,1,1,1,1,1
SA06/F12_SA06_R04.csv,SA06,SA,F,F12,R04,15.00,1,6.54,1,1,1,1,1
SA06/F12_SA06_R05.csv,SA06,SA,F,F12,R05,15.00,1,5.71,1,1,1,1,1
SA06/F13_SA06_R01.csv,SA06,SA,F,F13,R01,15.00,0,,1,1,0,0,0
SA06/F13_SA06_R02.csv,SA06,SA,F,F13,R02,15.00,1,10.87,1,1,1,1,1
SA06/F13_SA06_R03.csv,SA06,SA,F,F13,R03,15.00,1,6.42,1,1,1,1,1
SA06/F13_SA06_R04.csv,SA06,SA,F,F13,R04,15.00,1,10.08,1,1,1,1,1
SA06/F13_SA06_R05.csv,SA06,SA,F,F13,R05,15.00,1,11.72,1,1,1,1,1
SA06/F14_SA06_R01.csv,SA06,SA,F,F14,R01,15.00,1,9.89,1,1,1,1,1
SA06/F14_SA06_R02.csv,SA06,SA,F,F14,R02,15.00,1,7.25,1,1,1,1,1
SA06/F14_SA06_R03.csv,SA06,SA,F,F14,R03,15.00,1,5.33,1,1,1,1,1
SA06/F14_SA06_R04.csv,SA06,SA,F,F14,R04,15.00,1,9.62,1,1,1,1,1
SA06/F14_SA06_R05.csv,SA06,SA,F,F14,R05,15.00,1,9.91,1,1,1,1,1
SA06/F15_SA06_R01.csv,SA06,SA,F,F15,R01,15.00,1,6.07,1,1,1,1,1
SA06/F15_SA06_R02.csv,SA06,SA,F,F15,R02,15.00,1,8.11,1,1,1,1,1
SA06/F15_SA06_R03.csv,SA06,SA,F,F15,R03,14.99,1,9.61,1,1,1,1,1
SA06/F15_SA06_R04.csv,SA06,SA,F,F15,R04,15.00,1,10.51,1,1,1,1,1
SA06/F15_SA06_R05.csv,SA06,SA,F,F15,R05,15.00,1,9.29,1,1,1,1,1
SA07/D03_SA07_R01.csv,SA07,SA,D,D03,R01,100.00,0,,121,121,4,0,0
SA07/D06_SA07_R03.csv,SA07,SA,D,D06,R03,25.00,0,,2,2,2,0,0
SA07/D07_SA07_R02.csv,SA07,SA,D,D07,R02,12.00,0,,0,0,0,0,0
SA07/D07_SA07_R04.csv,SA07,SA,D,D07,R04,12.00,0,,0,0,0,0,0
SA07/D08_SA07_R01.csv,SA07,SA,D,D08,R01,12.00,0,,0,0,0,0,0
SA07/D08_SA07_R05.csv,SA07,SA,D,D08,R05,12.00,0,,0,0,0,0,0
SA07/D10_SA07_R01.csv,SA07,SA,D,D10,R01,12.00,0,,0,0,0,0,0
SA07/D10_SA07_R02.csv,SA07,SA,D,D10,R02,12.00,0,,1,0,0,0,0
SA07/D11_SA07_R01.csv,SA07,SA,D,D11,R01,11.99,0,,1,1,0,0,0
SA07/D11_SA07_R04.csv,SA07,SA,D,D11,R04,12.00,0,,0,0,0,0,0
SA07/D12_SA07_R04.csv,SA07,SA,D,D12,R04,12.00,0,,0,0,0,0,0
SA07/D13_SA07_R02.csv,SA07,SA,D,D13,R02,12.00,0,,0,0,0,0,0
SA07/D13_SA07_R05.csv,SA07,SA,D,D13,R05,12.00,0,,0,0,0,0,0
SA07/D14_SA07_R01.csv,SA07,SA,D,D14,R01,12.00,0,,0,0,0,0,0
SA07/D14_SA07_R03.csv,SA07,SA,D,D14,R03,12.00,0,,0,0,0,0,0
SA07/D15_SA07_R04.csv,SA07,SA,D,D15,R04,12.00,0,,0,0,0,0,0
SA07/D15_SA07_R05.csv,SA07,SA,D,D15,R05,12.00,0,,0,0,0,0,0
SA07/D16_SA07_R05.csv,SA07,SA,D,D16,R05,12.00,0,,0,0,0,0,0
SA07/D17_SA07_R01.csv,SA07,SA,D,D17,R01,25.00,0,,0,0,0,0,0
SA07/D17_SA07_R02.csv,SA07,SA,D,D17,R02,25.00,0,,0,0,0,0,0
SA07/D17_SA07_R04.csv,SA07,SA,D,D17,R04,25.00,0,,0,0,0,0,0
SA07/D18_SA07_R02.csv,SA07,SA,D,D18,R02,12.00,0,,1,1,0,0,0
SA07/D18_SA07_R05.csv,SA07,SA,D,D18,R05,12.00,0,,1,1,0,0,0
SA07/D19_SA07_R03.csv,SA07,SA,D,D19,R03,12.00,0,,2,2,2,0,0
SA07/F01_SA07_R02.csv,SA07,SA,F,F01,R02,15.00,1,9.79,1,1,1,1,1
SA07/F03_SA07_R04.csv,SA07,SA,F,F03,R04,15.00,1,10.19,1,1,1,1,1
SA07/F04_SA07_R01.csv,SA07,SA,F,F04,R01,15.00,1,10.03,1,1,1,1,1
SA07/F04_SA07_R02.csv,SA07,SA,F,F04,R02,15.00,0,,1,1,0,0,0
SA07/F04_SA07_R03.csv,SA07,SA,F,F04,R03,15.00,1,9.77,1,1,1,1,1
SA07/F05_SA07_R01.csv,SA07,SA,F,F05,R01,15.00,0,,2,2,1,0,0
SA07/F05_SA07_R02.csv,SA07,SA,F,F05,R02,15.00,1,7.46,2,2,2,1,1
SA07/F05_SA07_R03.csv,SA07,SA,F,F05,R03,15.00,0,,5,5,0,0,0
SA07/F05_SA07_R05.csv,SA07,SA,F,F05,R05,15.00,1,7.57,5,5,1,1,1
SA07/F06_SA07_R01.csv,SA07,SA,F,F06,R01,15.00,1,12.23,1,1,1,1,1
SA07/F06_SA07_R03.csv,SA07,SA,F,F06,R03,14.99,1,11.12,1,1,1,1,1
SA07/F08_SA07_R03.csv,SA07,SA,F,F08,R03,15.00,1,9.40,1,1,1,1,1
SA07/F09_SA07_R02.csv,SA07,SA,F,F09,R02,15.00,1,8.97,1,1,1,1,1
SA07/F09_SA07_R04.csv,SA07,SA,F,F09,R04,15.00,1,10.37,1,1,1,1,1
SA07/F10_SA07_R05.csv,SA07,SA,F,F10,R05,15.00,1,9.79,1,1,1,1,1
SA07/F11_SA07_R03.csv,SA07,SA,F,F11,R03,15.00,0,,1,0,0,0,0
SA07/F12_SA07_R03.csv,SA07,SA,F,F12,R03,15.00,1,8.09,1,1,1,1,1
SA07/F12_SA07_R04.csv,SA07,SA,F,F12,R04,15.00,0,,1,0,0,0,0
SA07/F13_SA07_R01.csv,SA07,SA,F,F13,R01,15.00,0,,1,0,0,0,0
SA07/F13_SA07_R03.csv,SA07,SA,F,F13,R03,15.00,0,,1,0,0,0,0
SA07/F15_SA07_R03.csv,SA07,SA,F,F15,R03,15.00,1,9.44,1,1,1,1,1
SA08/D01_SA08_R01.csv,SA08,SA,D,D01,R01,100.00,0,,0,0,0,0,0
SA08/D02_SA08_R01.csv,SA08,SA,D,D02,R01,100.00,0,,0,0,0,0,0
SA08/D03_SA08_R01.csv,SA08,SA,D,D03,R01,100.00,0,,14,14,14,0,0
SA08/D04_SA08_R01.csv,SA08,SA,D,D04,R01,100.00,0,,41,41,27,0,0
SA08/D05_SA08_R01.csv,SA08,SA,D,D05,R01,25.00,0,,0,0,0,0,0
SA08/D05_SA08_R02.csv,SA08,SA,D,D05,R02,25.00,0,,0,0,0,0,0
SA08/D05_SA08_R03.csv,SA08,SA,D,D05,R03,25.00,0,,0,0,0,0,0
SA08/D05_SA08_R04.csv,SA08,SA,D,D05,R04,25.00,0,,0,0,0,0,0
SA08/D05_SA08_R05.csv,SA08,SA,D,D05,R05,25.00,0,,0,0,0,0,0
SA08/D06_SA08_R01.csv,SA08,SA,D,D06,R01,25.00,0,,9,9,0,0,0
SA08/D06_SA08_R02.csv,SA08,SA,D,D06,R02,25.00,0,,8,7,1,0,0
SA08/D06_SA08_R03.csv,SA08,SA,D,D06,R03,25.00,0,,8,8,1,0,0
SA08/D06_SA08_R04.csv,SA08,SA,D,D06,R04,25.00,0,,9,9,1,0,0
SA08/D06_SA08_R05.csv,SA08,SA,D,D06,R05,25.00,0,,8,8,0,0,0
SA08/D07_SA08_R01.csv,SA08,SA,D,D07,R01,12.00,0,,0,0,0,0,0
SA08/D07_SA08_R02.csv,SA08,SA,D,D07,R02,12.00,0,,0,0,0,0,0
SA08/D07_SA08_R03.csv,SA08,SA,D,D07,R03,12.00,0,,0,0,0,0,0
SA08/D07_SA08_R04.csv,SA08,SA,D,D07,R04,12.00,0,,0,0,0,0,0
SA08/D07_SA08_R05.csv,SA08,SA,D,D07,R05,12.00,0,,0,0,0,0,0
SA08/D08_SA08_R01.csv,SA08,SA,D,D08,R01,12.00,0,,1,1,1,0,0
SA08/D08_SA08_R02.csv,SA08,SA,D,D08,R02,12.00,0,,1,1,1,0,0
SA08/D08_SA08_R03.csv,SA08,SA,D,D08,R03,12.00,0,,1,1,1,0,0
SA08/D08_SA08_R04.csv,SA08,SA,D,D08,R04,12.00,0,,1,1,1,0,0
SA08/D08_SA08_R05.csv,SA08,SA,D,D08,R05,12.00,0,,1,1,1,0,0
SA08/D09_SA08_R01.csv,SA08,SA,D,D09,R01,12.00,0,,0,0,0,0,0
SA08/D09_SA08_R02.csv,SA08,SA,D,D09,R02,12.00,0,,0,0,0,0,0
SA08/D09_SA08_R03.csv,SA08,SA,D,D09,R03,12.00,0,,0,0,0,0,0
SA08/D09_SA08_R04.csv,SA08,SA,D,D09,R04,11.99,0,,0,0,0,0,0
SA08/D09_SA08_R05.csv,SA08,SA,D,D09,R05,12.00,0,,0,0,0,0,0
SA08/D10_SA08_R01.csv,SA08,SA,D,D10,R01,12.00,0,,0,0,0,0,0
SA08/D10_SA08_R02.csv,SA08,SA,D,D10,R02,12.00,0,,1,0,0,0,0
SA08/D10_SA08_R03.csv,SA08,SA,D,D10,R03,12.00,0,,1,1,1,0,0
SA08/D10_SA08_R04.csv,SA08,SA,D,D10,R04,12.00,0,,1,1,1,0,0
SA08/D10_SA08_R05.csv,SA08,SA,D,D10,R05,12.00,0,,0,0,0,0,0
SA08/D11_SA08_R01.csv,SA08,SA,D,D11,R01,11.99,0,,1,1,1,0,0
SA08/D11_SA08_R02.csv,SA08,SA,D,D11,R02,12.00,0,,1,1,1,0,0
SA08/D11_SA08_R03.csv,SA08,SA,D,D11,R03,12.00,0,,1,1,0,0,0
SA08/D11_SA08_R04.csv,SA08,SA,D,D11,R04,12.00,0,,1,0,0,0,0
SA08/D11_SA08_R05.csv,SA08,SA,D,D11,R05,12.00,0,,1,0,0,0,0
SA08/D12_SA08_R01.csv,SA08,SA,D,D12,R01,12.00,0,,0,0,0,0,0
SA08/D12_SA08_R02.csv,SA08,SA,D,D12,R02,12.00,0,,0,0,0,0,0
SA08/D12_SA08_R03.csv,SA08,SA,D,D12,R03,12.00,0,,0,0,0,0,0
SA08/D12_SA08_R04.csv,SA08,SA,D,D12,R04,12.00,0,,0,0,0,0,0
SA08/D12_SA08_R05.csv,SA08,SA,D,D12,R05,12.00,0,,0,0,0,0,0
SA08/D13_SA08_R01.csv,SA08,SA,D,D13,R01,12.00,0,,0,0,0,0,0
SA08/D13_SA08_R02.csv,SA08,SA,D,D13,R02,12.00,0,,0,0,0,0,0
SA08/D13_SA08_R03.csv,SA08,SA,D,D13,R03,12.00,0,,0,0,0,0,0
SA08/D13_SA08_R04.csv,SA08,SA,D,D13,R04,12.00,0,,0,0,0,0,0
SA08/D13_SA08_R05.csv,SA08,SA,D,D13,R05,12.00,0,,0,0,0,0,0
SA08/D14_SA08_R01.csv,SA08,SA,D,D14,R01,12.00,0,,0,0,0,0,0
SA08/D14_SA08_R02.csv,SA08,SA,D,D14,R02,12.00,1,11.77,1,1,1,1,1
SA08/D14_SA08_R03.csv,SA08,SA,D,D14,R03,12.00,1,10.90,2,1,1,1,1
SA08/D14_SA08_R04.csv,SA08,SA,D,D14,R04,12.00,1,10.18,1,1,1,1,1
SA08/D14_SA08_R05.csv,SA08,SA,D,D14,R05,12.00,1,11.44,1,1,1,1,1
SA08/D15_SA08_R01.csv,SA08,SA,D,D15,R01,12.00,0,,0,0,0,0,0
SA08/D15_SA08_R02.csv,SA08,SA,D,D15,R02,12.00,0,,0,0,0,0,0
SA08/D15_SA08_R03.csv,SA08,SA,D,D15,R03,12.00,0,,0,0,0,0,0
SA08/D15_SA08_R04.csv,SA08,SA,D,D15,R04,12.00,0,,0,0,0,0,0
SA08/D15_SA08_R05.csv,SA08,SA,D,D15,R05,12.00,0,,0,0,0,0,0
SA08/D16_SA08_R01.csv,SA08,SA,D,D16,R01,11.99,0,,0,0,0,0,0
SA08/D16_SA08_R02.csv,SA08,SA,D,D16,R02,12.00,0,,0,0,0,0,0
SA08/D16_SA08_R03.csv,SA08,SA,D,D16,R03,12.00,0,,0,0,0,0,0
SA08/D16_SA08_R04.csv,SA08,SA,D,D16,R04,12.00,0,,0,0,0,0,0
SA08/D16_SA08_R05.csv,SA08,SA,D,D16,R05,12.00,0,,0,0,0,0,0
SA08/D17_SA08_R01.csv,SA08,SA,D,D17,R01,25.00,0,,0,0,0,0,0
SA08/D17_SA08_R02.csv,SA08,SA,D,D17,R02,25.00,0,,0,0,0,0,0
SA08/D17_SA08_R03.csv,SA08,SA,D,D17,R03,25.00,0,,0,0,0,0,0
SA08/D17_SA08_R04.csv,SA08,SA,D,D17,R04,25.00,0,,0,0,0,0,0
SA08/D17_SA08_R05.csv,SA08,SA,D,D17,R05,25.00,0,,0,0,0,0,0
SA08/D18_SA08_R01.csv,SA08,SA,D,D18,R01,12.00,0,,1,1,1,0,0
SA08/D18_SA08_R02.csv,SA08,SA,D,D18,R02,12.00,0,,1,1,1,0,0
SA08/D18_SA08_R03.csv,SA08,SA,D,D18,R03,12.00,0,,1,1,1,0,0
SA08/D18_SA08_R04.csv,SA08,SA,D,D18,R04,12.00,0,,1,1,1,0,0
SA08/D18_SA08_R05.csv,SA08,SA,D,D18,R05,12.00,0,,1,1,1,0,0
SA08/D19_SA08_R01.csv,SA08,SA,D,D19,R01,12.00,0,,2,2,2,0,0
SA08/D19_SA08_R02.csv,SA08,SA,D,D19,R02,12.00,0,,2,2,2,0,0
SA08/D19_SA08_R03.csv,SA08,SA,D,D19,R03,12.00,0,,2,2,2,0,0
SA08/D19_SA08_R04.csv,SA08,SA,D,D19,R04,12.00,0,,2,2,2,0,0
SA08/D19_SA08_R05.csv,SA08,SA,D,D19,R05,12.00,0,,2,2,2,0,0
SA08/F01_SA08_R01.csv,SA08,SA,F,F01,R01,14.99,1,9.71,1,1,1,1,1
SA08/F01_SA08_R02.csv,SA08,SA,F,F01,R02,15.00,1,9.04,1,1,1,1,1
SA08/F01_SA08_R03.csv,SA08,SA,F,F01,R03,15.00,0,,1,1,0,0,0
SA08/F01_SA08_R04.csv,SA08,SA,F,F01,R04,15.00,1,8.64,1,1,1,1,1
SA08/F01_SA08_R05.csv,SA08,SA,F,F01,R05,15.00,0,,1,1,0,0,0
SA08/F02_SA08_R01.csv,SA08,SA,F,F02,R01,15.00,0,,1,1,0,0,0
SA08/F02_SA08_R02.csv,SA08,SA,F,F02,R02,15.00,0,,1,1,0,0,0
SA08/F02_SA08_R03.csv,SA08,SA,F,F02,R03,15.00,0,,1,1,0,0,0
SA08/F02_SA08_R04.csv,SA08,SA,F,F02,R04,15.00,0,,1,1,0,0,0
SA08/F02_SA08_R05.csv,SA08,SA,F,F02,R05,15.00,0,,1,1,0,0,0
SA08/F03_SA08_R01.csv,SA08,SA,F,F03,R01,15.00,1,8.61,1,1,1,1,1
SA08/F03_SA08_R02.csv,SA08,SA,F,F03,R02,15.00,1,8.44,1,1,1,1,1
SA08/F03_SA08_R03.csv,SA08,SA,F,F03,R03,15.00,1,8.92,1,1,1,1,1
SA08/F03_SA08_R04.csv,SA08,SA,F,F03,R04,15.00,1,8.12,1,1,1,1,1
SA08/F03_SA08_R05.csv,SA08,SA,F,F03,R05,15.00,1,8.87,1,1,1,1,1
SA08/F04_SA08_R01.csv,SA08,SA,F,F04,R01,15.00,1,9.94,1,1,1,1,1
SA08/F04_SA08_R02.csv,SA08,SA,F,F04,R02,15.00,1,10.50,1,1,1,1,1
SA08/F04_SA08_R03.csv,SA08,SA,F,F04,R03,15.00,1,10.13,1,1,1,1,1
SA08/F04_SA08_R04.csv,SA08,SA,F,F04,R04,15.00,1,10.84,1,1,1,1,1
SA08/F04_SA08_R05.csv,SA08,SA,F,F04,R05,15.00,0,,1,1,0,0,0
SA08/F05_SA08_R01.csv,SA08,SA,F,F05,R01,15.00,1,7.86,2,2,2,1,1
SA08/F05_SA08_R02.csv,SA08,SA,F,F05,R02,15.00,1,7.92,2,2,2,1,1
SA08/F05_SA08_R03.csv,SA08,SA,F,F05,R03,15.00,0,,3,3,1,0,0
SA08/F05_SA08_R04.csv,SA08,SA,F,F05,R04,15.00,1,7.13,2,2,2,1,1
SA08/F05_SA08_R05.csv,SA08,SA,F,F05,R05,15.00,1,8.11,2,2,2,1,1
SA08/F06_SA08_R01.csv,SA08,SA,F,F06,R01,14.99,1,10.26,1,1,1,1,1
SA08/F06_SA08_R02.csv,SA08,SA,F,F06,R02,15.00,1,10.02,1,1,1,1,1
SA08/F06_SA08_R03.csv,SA08,SA,F,F06,R03,15.00,1,10.12,1,1,1,1,1
SA08/F06_SA08_R04.csv,SA08,SA,F,F06,R04,15.00,1,10.52,1,1,1,1,1
SA08/F06_SA08_R05.csv,SA08,SA,F,F06,R05,15.00,1,10.00,1,1,1,1,1
SA08/F07_SA08_R01.csv,SA08,SA,F,F07,R01,15.00,1,8.04,1,1,1,1,1
SA08/F07_SA08_R02.csv,SA08,SA,F,F07,R02,15.00,1,9.43,1,1,1,1,1
SA08/F07_SA08_R03.csv,SA08,SA,F,F07,R03,15.00,0,,1,0,0,0,0
SA08/F07_SA08_R04.csv,SA08,SA,F,F07,R04,15.00,1,9.48,1,1,1,1,1
SA08/F07_SA08_R05.csv,SA08,SA,F,F07,R05,15.00,0,,1,1,0,0,0
SA08/F08_SA08_R01.csv,SA08,SA,F,F08,R01,15.00,1,10.53,1,1,1,1,1
SA08/F08_SA08_R02.csv,SA08,SA,F,F08,R02,15.00,1,9.85,1,1,1,1,1
SA08/F08_SA08_R03.csv,SA08,SA,F,F08,R03,15.00,1,9.79,1,1,1,1,1
SA08/F08_SA08_R04.csv,SA08,SA,F,F08,R04,15.00,1,9.59,1,1,1,1,1
SA08/F08_SA08_R05.csv,SA08,SA,F,F08,R05,15.00,1,9.06,1,1,1,1,1
SA08/F09_SA08_R01.csv,SA08,SA,F,F09,R01,15.00,1,8.56,1,1,1,1,1
SA08/F09_SA08_R02.csv,SA08,SA,F,F09,R02,15.00,1,9.81,1,1,1,1,1
SA08/F09_SA08_R03.csv,SA08,SA,F,F09,R03,15.00,1,7.98,1,1,1,1,1
SA08/F09_SA08_R04.csv,SA08,SA,F,F09,R04,15.00,1,9.75,1,1,1,1,1
SA08/F09_SA08_R05.csv,SA08,SA,F,F09,R05,15.00,1,8.85,1,1,1,1,1
SA08/F10_SA08_R01.csv,SA08,SA,F,F10,R01,15.00,1,9.35,1,1,1,1,1
SA08/F10_SA08_R02.csv,SA08,SA,F,F10,R02,15.00,1,9.03,1,1,1,1,1
SA08/F10_SA08_R03.csv,SA08,SA,F,F10,R03,15.00,1,8.37,1,1,1,1,1
SA08/F10_SA08_R04.csv,SA08,SA,F,F10,R04,15.00,1,8.09,1,1,1,1,1
SA08/F10_SA08_R05.csv,SA08,SA,F,F10,R05,15.00,1,8.87,1,1,1,1,1
SA08/F11_SA08_R01.csv,SA08,SA,F,F11,R01,14.99,0,,1,0,0,0,0
SA08/F11_SA08_R02.csv,SA08,SA,F,F11,R02,15.00,0,,1,1,0,0,0
SA08/F11_SA08_R03.csv,SA08,SA,F,F11,R03,15.00,1,7.07,1,1,1,1,1
SA08/F11_SA08_R04.csv,SA08,SA,F,F11,R04,15.00,0,,1,1,0,0,0
SA08/F11_SA08_R05.csv,SA08,SA,F,F11,R05,15.00,1,7.82,1,1,1,1,1
SA08/F12_SA08_R01.csv,SA08,SA,F,F12,R01,15.00,1,8.25,1,1,1,1,1
SA08/F12_SA08_R02.csv,SA08,SA,F,F12,R02,15.00,1,8.84,1,1,1,1,1
SA08/F12_SA08_R03.csv,SA08,SA,F,F12,R03,15.00,1,11.38,1,1,1,1,1
SA08/F12_SA08_R04.csv,SA08,SA,F,F12,R04,15.00,1,9.29,1,1,1,1,1
SA08/F12_SA08_R05.csv,SA08,SA,F,F12,R05,15.00,1,7.75,1,1,1,1,1
SA08/F13_SA08_R01.csv,SA08,SA,F,F13,R01,15.00,1,7.92,1,1,1,1,1
SA08/F13_SA08_R02.csv,SA08,SA,F,F13,R02,15.00,1,8.79,1,1,1,1,1
SA08/F13_SA08_R03.csv,SA08,SA,F,F13,R03,15.00,0,,1,0,0,0,0
SA08/F13_SA08_R04.csv,SA08,SA,F,F13,R04,15.00,0,,1,1,0,0,0
SA08/F13_SA08_R05.csv,SA08,SA,F,F13,R05,15.00,0,,0,0,0,0,0
SA08/F14_SA08_R01.csv,SA08,SA,F,F14,R01,15.00,1,7.20,1,1,1,1,1
SA08/F14_SA08_R02.csv,SA08,SA,F,F14,R02,15.00,1,6.00,1,1,1,1,1
SA08/F14_SA08_R03.csv,SA08,SA,F,F14,R03,15.00,1,7.49,1,1,1,1,1
SA08/F14_SA08_R04.csv,SA08,SA,F,F14,R04,15.00,1,7.92,1,1,1,1,1
SA08/F14_SA08_R05.csv,SA08,SA,F,F14,R05,15.00,0,,1,1,0,0,0
SA08/F15_SA08_R01.csv,SA08,SA,F,F15,R01,15.00,1,7.71,1,1,1,1,1
SA08/F15_SA08_R02.csv,SA08,SA,F,F15,R02,15.00,1,9.23,1,1,1,1,1
SA08/F15_SA08_R03.csv,SA08,SA,F,F15,R03,15.00,1,9.30,1,1,1,1,1
SA08/F15_SA08_R04.csv,SA08,SA,F,F15,R04,15.00,1,9.13,1,1,1,1,1
SA08/F15_SA08_R05.csv,SA08,SA,F,F15,R05,15.00,1,10.07,1,1,1,1,1
SA09/D01_SA09_R01.csv,SA09,SA,D,D01,R01,100.00,0,,0,0,0,0,0
SA09/D02_SA09_R01.csv,SA09,SA,D,D02,R01,100.00,0,,0,0,0,0,0
SA09/D03_SA09_R01.csv,SA09,SA,D,D03,R01,100.00,0,,21,21,21,0,0
SA09/D04_SA09_R01.csv,SA09,SA,D,D04,R01,100.00,0,,42,42,28,0,0
SA09/D05_SA09_R01.csv,SA09,SA,D,D05,R01,25.00,0,,0,0,0,0,0
SA09/D05_SA09_R02.csv,SA09,SA,D,D05,R02,25.00,0,,0,0,0,0,0
SA09/D05_SA09_R03.csv,SA09,SA,D,D05,R03,25.00,0,,0,0,0,0,0
SA09/D05_SA09_R04.csv,SA09,SA,D,D05,R04,25.00,0,,0,0,0,0,0
SA09/D05_SA09_R05.csv,SA09,SA,D,D05,R05,25.00,0,,0,0,0,0,0
SA09/D06_SA09_R01.csv,SA09,SA,D,D06,R01,25.00,0,,5,5,1,0,0
SA09/D06_SA09_R02.csv,SA09,SA,D,D06,R02,25.00,0,,8,7,0,0,0
SA09/D06_SA09_R03.csv,SA09,SA,D,D06,R03,25.00,0,,5,4,1,0,0
SA09/D06_SA09_R04.csv,SA09,SA,D,D06,R04,25.00,0,,5,4,1,0,0
SA09/D06_SA09_R05.csv,SA09,SA,D,D06,R05,25.00,0,,5,5,2,0,0
SA09/D07_SA09_R01.csv,SA09,SA,D,D07,R01,12.00,0,,0,0,0,0,0
SA09/D07_SA09_R02.csv,SA09,SA,D,D07,R02,12.00,0,,0,0,0,0,0
SA09/D07_SA09_R03.csv,SA09,SA,D,D07,R03,12.00,0,,0,0,0,0,0
SA09/D07_SA09_R04.csv,SA09,SA,D,D07,R04,12.00,0,,0,0,0,0,0
SA09/D07_SA09_R05.csv,SA09,SA,D,D07,R05,12.00,0,,0,0,0,0,0
SA09/D08_SA09_R01.csv,SA09,SA,D,D08,R01,12.00,0,,0,0,0,0,0
SA09/D08_SA09_R02.csv,SA09,SA,D,D08,R02,12.00,0,,0,0,0,0,0
SA09/D08_SA09_R03.csv,SA09,SA,D,D08,R03,12.00,0,,0,0,0,0,0
SA09/D08_SA09_R04.csv,SA09,SA,D,D08,R04,12.00,0,,0,0,0,0,0
SA09/D08_SA09_R05.csv,SA09,SA,D,D08,R05,12.00,0,,0,0,0,0,0
SA09/D09_SA09_R01.csv,SA09,SA,D,D09,R01,12.00,0,,1,0,0,0,0
SA09/D09_SA09_R02.csv,SA09,SA,D,D09,R02,12.00,0,,0,0,0,0,0
SA09/D09_SA09_R03.csv,SA09,SA,D,D09,R03,12.00,0,,0,0,0,0,0
SA09/D09_SA09_R04.csv,SA09,SA,D,D09,R04,12.00,0,,0,0,0,0,0
SA09/D09_SA09_R05.csv,SA09,SA,D,D09,R05,12.00,0,,0,0,0,0,0
SA09/D10_SA09_R01.csv,SA09,SA,D,D10,R01,12.00,0,,0,0,0,0,0
SA09/D10_SA09_R02.csv,SA09,SA,D,D10,R02,12.00,0,,0,0,0,0,0
SA09/D10_SA09_R03.csv,SA09,SA,D,D10,R03,12.00,0,,0,0,0,0,0
SA09/D10_SA09_R04.csv,SA09,SA,D,D10,R04,12.00,0,,0,0,0,0,0
SA09/D10_SA09_R05.csv,SA09,SA,D,D10,R05,12.00,0,,0,0,0,0,0
SA09/D11_SA09_R01.csv,SA09,SA,D,D11,R01,11.99,0,,1,1,1,0,0
SA09/D11_SA09_R02.csv,SA09,SA,D,D11,R02,12.00,0,,1,1,1,0,0
SA09/D11_SA09_R03.csv,SA09,SA,D,D11,R03,12.00,0,,1,1,1,0,0
SA09/D11_SA09_R04.csv,SA09,SA,D,D11,R04,12.00,0,,1,1,1,0,0
SA09/D11_SA09_R05.csv,SA09,SA,D,D11,R05,12.00,0,,1,1,1,0,0
SA09/D12_SA09_R01.csv,SA09,SA,D,D12,R01,12.00,0,,0,0,0,0,0
SA09/D12_SA09_R02.csv,SA09,SA,D,D12,R02,12.00,0,,0,0,0,0,0
SA09/D12_SA09_R03.csv,SA09,SA,D,D12,R03,12.00,0,,0,0,0,0,0
SA09/D12_SA09_R04.csv,SA09,SA,D,D12,R04,12.00,0,,0,0,0,0,0
SA09/D12_SA09_R05.csv,SA09,SA,D,D12,R05,12.00,0,,0,0,0,0,0
SA09/D13_SA09_R01.csv,SA09,SA,D,D13,R01,12.00,0,,1,0,0,0,0
SA09/D13_SA09_R02.csv,SA09,SA,D,D13,R02,12.00,0,,0,0,0,0,0
SA09/D13_SA09_R03.csv,SA09,SA,D,D13,R03,12.00,0,,0,0,0,0,0
SA09/D13_SA09_R04.csv,SA09,SA,D,D13,R04,12.00,0,,0,0,0,0,0
SA09/D13_SA09_R05.csv,SA09,SA,D,D13,R05,11.99,0,,0,0,0,0,0
SA09/D14_SA09_R01.csv,SA09,SA,D,D14,R01,12.00,0,,0,0,0,0,0
SA09/D14_SA09_R02.csv,SA09,SA,D,D14,R02,12.00,0,,0,0,0,0,0
SA09/D14_SA09_R03.csv,SA09,SA,D,D14,R03,12.00,0,,0,0,0,0,0
SA09/D14_SA09_R04.csv,SA09,SA,D,D14,R04,12.00,0,,0,0,0,0,0
SA09/D14_SA09_R05.csv,SA09,SA,D,D14,R05,12.00,0,,0,0,0,0,0
SA09/D15_SA09_R01.csv,SA09,SA,D,D15,R01,12.00,0,,0,0,0,0,0
SA09/D15_SA09_R02.csv,SA09,SA,D,D15,R02,12.00,0,,0,0,0,0,0
SA09/D15_SA09_R03.csv,SA09,SA,D,D15,R03,12.00,0,,0,0,0,0,0
SA09/D15_SA09_R04.csv,SA09,SA,D,D15,R04,12.00,0,,0,0,0,0,0
SA09/D15_SA09_R05.csv,SA09,SA,D,D15,R05,12.00,0,,0,0,0,0,0
SA09/D16_SA09_R01.csv,SA09,SA,D,D16,R01,11.99,0,,0,0,0,0,0
SA09/D16_SA09_R02.csv,SA09,SA,D,D16,R02,12.00,0,,0,0,0,0,0
SA09/D16_SA09_R03.csv,SA09,SA,D,D16,R03,11.99,0,,0,0,0,0,0
SA09/D16_SA09_R04.csv,SA09,SA,D,D16,R04,12.00,0,,0,0,0,0,0
SA09/D16_SA09_R05.csv,SA09,SA,D,D16,R05,12.00,0,,0,0,0,0,0
SA09/D17_SA09_R01.csv,SA09,SA,D,D17,R01,25.00,0,,0,0,0,0,0
SA09/D17_SA09_R02.csv,SA09,SA,D,D17,R02,25.00,0,,0,0,0,0,0
SA09/D17_SA09_R03.csv,SA09,SA,D,D17,R03,25.00,0,,0,0,0,0,0
SA09/D17_SA09_R04.csv,SA09,SA,D,D17,R04,25.00,0,,0,0,0,0,0
SA09/D17_SA09_R05.csv,SA09,SA,D,D17,R05,25.00,0,,0,0,0,0,0
SA09/D18_SA09_R01.csv,SA09,SA,D,D18,R01,11.99,0,,1,1,1,0,0
SA09/D18_SA09_R02.csv,SA09,SA,D,D18,R02,12.00,0,,1,1,1,0,0
SA09/D18_SA09_R03.csv,SA09,SA,D,D18,R03,12.00,0,,1,1,1,0,0
SA09/D18_SA09_R04.csv,SA09,SA,D,D18,R04,12.00,0,,1,1,1,0,0
SA09/D18_SA09_R05.csv,SA09,SA,D,D18,R05,12.00,0,,1,1,1,0,0
SA09/D19_SA09_R01.csv,SA09,SA,D,D19,R01,12.00,0,,1,1,1,0,0
SA09/D19_SA09_R02.csv,SA09,SA,D,D19,R02,12.00,0,,2,2,2,0,0
SA09/D19_SA09_R03.csv,SA09,SA,D,D19,R03,12.00,0,,2,2,2,0,0
SA09/D19_SA09_R04.csv,SA09,SA,D,D19,R04,12.00,0,,2,2,2,0,0
SA09/D19_SA09_R05.csv,SA09,SA,D,D19,R05,12.00,0,,2,2,2,0,0
SA09/F01_SA09_R01.csv,SA09,SA,F,F01,R01,15.00,1,10.84,1,1,1,1,1
SA09/F01_SA09_R02.csv,SA09,SA,F,F01,R02,15.00,1,10.32,1,1,1,1,1
SA09/F01_SA09_R03.csv,SA09,SA,F,F01,R03,15.00,0,,2,2,0,0,0
SA09/F01_SA09_R04.csv,SA09,SA,F,F01,R04,15.00,0,,1,1,0,0,0
SA09/F01_SA09_R05.csv,SA09,SA,F,F01,R05,15.00,0,,1,1,0,0,0
SA09/F02_SA09_R01.csv,SA09,SA,F,F02,R01,15.00,0,,1,1,0,0,0
SA09/F02_SA09_R02.csv,SA09,SA,F,F02,R02,15.00,1,11.30,1,1,1,1,1
SA09/F02_SA09_R03.csv,SA09,SA,F,F02,R03,15.00,0,,1,1,0,0,0
SA09/F02_SA09_R04.csv,SA09,SA,F,F02,R04,15.00,0,,1,0,0,0,0
SA09/F02_SA09_R05.csv,SA09,SA,F,F02,R05,14.99,0,,1,0,0,0,0
SA09/F03_SA09_R01.csv,SA09,SA,F,F03,R01,15.00,1,7.86,1,1,1,1,1
SA09/F03_SA09_R02.csv,SA09,SA,F,F03,R02,15.00,0,,1,1,0,0,0
SA09/F03_SA09_R03.csv,SA09,SA,F,F03,R03,15.00,1,9.27,1,1,1,1,1
SA09/F03_SA09_R04.csv,SA09,SA,F,F03,R04,15.00,1,8.76,1,1,1,1,1
SA09/F03_SA09_R05.csv,SA09,SA,F,F03,R05,15.00,1,9.88,1,1,1,1,1
SA09/F04_SA09_R01.csv,SA09,SA,F,F04,R01,15.00,1,10.15,2,2,1,1,1
SA09/F04_SA09_R02.csv,SA09,SA,F,F04,R02,15.00,1,10.25,1,1,1,1,1
SA09/F04_SA09_R03.csv,SA09,SA,F,F04,R03,15.00,1,10.90,1,1,1,1,1
SA09/F04_SA09_R04.csv,SA09,SA,F,F04,R04,15.00,1,11.21,1,1,1,1,1
SA09/F04_SA09_R05.csv,SA09,SA,F,F04,R05,15.00,1,10.23,1,1,1,1,1
SA09/F05_SA09_R01.csv,SA09,SA,F,F05,R01,15.00,0,,2,2,0,0,0
SA09/F05_SA09_R02.csv,SA09,SA,F,F05,R02,15.00,0,,1,1,1,0,0
SA09/F05_SA09_R03.csv,SA09,SA,F,F05,R03,15.00,1,7.78,2,2,1,1,1
SA09/F05_SA09_R04.csv,SA09,SA,F,F05,R04,15.00,1,8.32,1,1,1,1,1
SA09/F05_SA09_R05.csv,SA09,SA,F,F05,R05,15.00,0,,1,1,1,0,0
SA09/F06_SA09_R01.csv,SA09,SA,F,F06,R01,15.00,0,,1,1,0,0,0
SA09/F06_SA09_R02.csv,SA09,SA,F,F06,R02,15.00,1,10.81,1,1,1,1,1
SA09/F06_SA09_R03.csv,SA09,SA,F,F06,R03,15.00,1,10.48,1,1,1,1,1
SA09/F06_SA09_R04.csv,SA09,SA,F,F06,R04,15.00,1,11.08,1,1,1,1,1
SA09/F06_SA09_R05.csv,SA09,SA,F,F06,R05,15.00,1,10.52,1,1,1,1,1
SA09/F07_SA09_R01.csv,SA09,SA,F,F07,R01,14.99,0,,1,1,0,0,0
SA09/F07_SA09_R02.csv,SA09,SA,F,F07,R02,15.00,0,,1,1,0,0,0
SA09/F07_SA09_R03.csv,SA09,SA,F,F07,R03,15.00,1,10.32,1,1,1,1,1
SA09/F07_SA09_R04.csv,SA09,SA,F,F07,R04,15.00,0,,1,1,0,0,0
SA09/F07_SA09_R05.csv,SA09,SA,F,F07,R05,15.00,1,10.24,1,1,1,1,1
SA09/F08_SA09_R01.csv,SA09,SA,F,F08,R01,15.00,1,9.81,1,1,1,1,1
SA09/F08_SA09_R02.csv,SA09,SA,F,F08,R02,15.00,1,10.36,1,1,1,1,1
SA09/F08_SA09_R03.csv,SA09,SA,F,F08,R03,15.00,1,11.04,1,1,1,1,1
SA09/F08_SA09_R04.csv,SA09,SA,F,F08,R04,15.00,1,8.90,1,1,1,1,1
SA09/F08_SA09_R05.csv,SA09,SA,F,F08,R05,15.00,0,,0,0,0,0,0
SA09/F09_SA09_R01.csv,SA09,SA,F,F09,R01,15.00,1,9.08,1,1,1,1,1
SA09/F09_SA09_R02.csv,SA09,SA,F,F09,R02,15.00,1,9.64,1,1,1,1,1
SA09/F09_SA09_R03.csv,SA09,SA,F,F09,R03,15.00,1,10.05,1,1,1,1,1
SA09/F09_SA09_R04.csv,SA09,SA,F,F09,R04,15.00,1,8.54,1,1,1,1,1
SA09/F09_SA09_R05.csv,SA09,SA,F,F09,R05,15.00,1,9.46,1,1,1,1,1
SA09/F10_SA09_R01.csv,SA09,SA,F,F10,R01,15.00,0,,1,1,0,0,0
SA09/F10_SA09_R02.csv,SA09,SA,F,F10,R02,15.00,1,9.30,1,1,1,1,1
SA09/F10_SA09_R03.csv,SA09,SA,F,F10,R03,15.00,0,,1,1,0,0,0
SA09/F10_SA09_R04.csv,SA09,SA,F,F10,R04,15.00,0,,1,1,0,0,0
SA09/F10_SA09_R05.csv,SA09,SA,F,F10,R05,15.00,1,8.05,1,1,1,1,1
SA09/F11_SA09_R01.csv,SA09,SA,F,F11,R01,14.99,1,8.07,1,1,1,1,1
SA09/F11_SA09_R02.csv,SA09,SA,F,F11,R02,15.00,0,,1,0,0,0,0
SA09/F11_SA09_R03.csv,SA09,SA,F,F11,R03,15.00,1,9.57,1,1,1,1,1
SA09/F11_SA09_R04.csv,SA09,SA,F,F11,R04,15.00,1,9.33,1,1,1,1,1
SA09/F11_SA09_R05.csv,SA09,SA,F,F11,R05,15.00,1,9.53,1,1,1,1,1
SA09/F12_SA09_R01.csv,SA09,SA,F,F12,R01,15.00,1,9.05,1,1,1,1,1
SA09/F12_SA09_R02.csv,SA09,SA,F,F12,R02,15.00,1,9.40,1,1,1,1,1
SA09/F12_SA09_R03.csv,SA09,SA,F,F12,R03,15.00,1,10.10,1,1,1,1,1
SA09/F12_SA09_R04.csv,SA09,SA,F,F12,R04,15.00,1,9.70,1,1,1,1,1
SA09/F12_SA09_R05.csv,SA09,SA,F,F12,R05,15.00,1,9.13,1,1,1,1,1
SA09/F13_SA09_R01.csv,SA09,SA,F,F13,R01,15.00,1,10.62,1,1,1,1,1
SA09/F13_SA09_R02.csv,SA09,SA,F,F13,R02,15.00,0,,0,0,0,0,0
SA09/F13_SA09_R03.csv,SA09,SA,F,F13,R03,15.00,1,11.61,1,1,1,1,1
SA09/F13_SA09_R04.csv,SA09,SA,F,F13,R04,15.00,0,,0,0,0,0,0
SA09/F13_SA09_R05.csv,SA09,SA,F,F13,R05,15.00,1,10.27,1,1,1,1,1
SA09/F14_SA09_R01.csv,SA09,SA,F,F14,R01,15.00,1,8.22,1,1,1,1,1
SA09/F14_SA09_R02.csv,SA09,SA,F,F14,R02,15.00,1,9.95,1,1,1,1,1
SA09/F14_SA09_R03.csv,SA09,SA,F,F14,R03,15.00,1,10.55,1,1,1,1,1
SA09/F14_SA09_R04.csv,SA09,SA,F,F14,R04,15.00,1,8.85,1,1,1,1,1
SA09/F14_SA09_R05.csv,SA09,SA,F,F14,R05,15.00,0,,1,1,0,0,0
SA09/F15_SA09_R01.csv,SA09,SA,F,F15,R01,15.00,1,9.70,1,1,1,1,1
SA09/F15_SA09_R02.csv,SA09,SA,F,F15,R02,15.00,0,,1,1,0,0,0
SA09/F15_SA09_R03.csv,SA09,SA,F,F15,R03,15.00,0,,1,1,0,0,0
SA09/F15_SA09_R04.csv,SA09,SA,F,F15,R04,15.00,0,,1,1,0,0,0
SA09/F15_SA09_R05.csv,SA09,SA,F,F15,R05,15.00,1,9.68,1,1,1,1,1
SA10/D01_SA10_R01.csv,SA10,SA,D,D01,R01,100.00,0,,0,0,0,0,0
SA10/D02_SA10_R01.csv,SA10,SA,D,D02,R01,100.00,0,,0,0,0,0,0
SA10/D03_SA10_R01.csv,SA10,SA,D,D03,R01,100.00,0,,31,31,27,0,0
SA10/D04_SA10_R01.csv,SA10,SA,D,D04,R01,100.00,0,,55,55,23,0,0
SA10/D05_SA10_R01.csv,SA10,SA,D,D05,R01,25.00,0,,0,0,0,0,0
SA10/D05_SA10_R02.csv,SA10,SA,D,D05,R02,25.00,0,,0,0,0,0,0
SA10/D05_SA10_R03.csv,SA10,SA,D,D05,R03,25.00,0,,0,0,0,0,0
SA10/D05_SA10_R04.csv,SA10,SA,D,D05,R04,25.00,0,,0,0,0,0,0
SA10/D05_SA10_R05.csv,SA10,SA,D,D05,R05,25.00,0,,0,0,0,0,0
SA10/D06_SA10_R01.csv,SA10,SA,D,D06,R01,25.00,0,,4,4,1,0,0
SA10/D06_SA10_R02.csv,SA10,SA,D,D06,R02,25.00,0,,5,4,0,0,0
SA10/D06_SA10_R03.csv,SA10,SA,D,D06,R03,25.00,0,,7,7,1,0,0
SA10/D06_SA10_R04.csv,SA10,SA,D,D06,R04,25.02,0,,6,6,1,0,0
SA10/D06_SA10_R05.csv,SA10,SA,D,D06,R05,25.00,0,,5,4,0,0,0
SA10/D07_SA10_R01.csv,SA10,SA,D,D07,R01,12.00,0,,0,0,0,0,0
SA10/D07_SA10_R02.csv,SA10,SA,D,D07,R02,12.00,0,,0,0,0,0,0
SA10/D07_SA10_R03.csv,SA10,SA,D,D07,R03,12.00,0,,0,0,0,0,0
SA10/D07_SA10_R04.csv,SA10,SA,D,D07,R04,12.00,0,,0,0,0,0,0
SA10/D07_SA10_R05.csv,SA10,SA,D,D07,R05,12.00,0,,0,0,0,0,0
SA10/D08_SA10_R01.csv,SA10,SA,D,D08,R01,12.00,0,,0,0,0,0,0
SA10/D08_SA10_R02.csv,SA10,SA,D,D08,R02,12.00,0,,0,0,0,0,0
SA10/D08_SA10_R03.csv,SA10,SA,D,D08,R03,12.00,0,,1,1,1,0,0
SA10/D08_SA10_R04.csv,SA10,SA,D,D08,R04,12.00,0,,0,0,0,0,0
SA10/D08_SA10_R05.csv,SA10,SA,D,D08,R05,11.99,0,,0,0,0,0,0
SA10/D09_SA10_R01.csv,SA10,SA,D,D09,R01,11.99,0,,1,0,0,0,0
SA10/D09_SA10_R02.csv,SA10,SA,D,D09,R02,12.00,0,,0,0,0,0,0
SA10/D09_SA10_R03.csv,SA10,SA,D,D09,R03,12.00,0,,0,0,0,0,0
SA10/D09_SA10_R04.csv,SA10,SA,D,D09,R04,12.00,0,,0,0,0,0,0
SA10/D09_SA10_R05.csv,SA10,SA,D,D09,R05,12.00,0,,0,0,0,0,0
SA10/D10_SA10_R01.csv,SA10,SA,D,D10,R01,12.00,0,,0,0,0,0,0
SA10/D10_SA10_R02.csv,SA10,SA,D,D10,R02,12.00,0,,0,0,0,0,0
SA10/D10_SA10_R03.csv,SA10,SA,D,D10,R03,12.00,0,,0,0,0,0,0
SA10/D10_SA10_R04.csv,SA10,SA,D,D10,R04,12.00,0,,0,0,0,0,0
SA10/D10_SA10_R05.csv,SA10,SA,D,D10,R05,12.00,0,,0,0,0,0,0
SA10/D11_SA10_R01.csv,SA10,SA,D,D11,R01,11.99,0,,1,0,0,0,0
SA10/D11_SA10_R02.csv,SA10,SA,D,D11,R02,12.00,0,,1,0,0,0,0
SA10/D11_SA10_R03.csv,SA10,SA,D,D11,R03,12.00,0,,1,0,0,0,0
SA10/D11_SA10_R04.csv,SA10,SA,D,D11,R04,12.00,0,,1,0,0,0,0
SA10/D11_SA10_R05.csv,SA10,SA,D,D11,R05,12.00,0,,1,0,0,0,0
SA10/D12_SA10_R01.csv,SA10,SA,D,D12,R01,12.00,0,,0,0,0,0,0
SA10/D12_SA10_R02.csv,SA10,SA,D,D12,R02,12.00,0,,0,0,0,0,0
SA10/D12_SA10_R03.csv,SA10,SA,D,D12,R03,12.00,0,,0,0,0,0,0
SA10/D12_SA10_R04.csv,SA10,SA,D,D12,R04,12.00,0,,0,0,0,0,0
SA10/D12_SA10_R05.csv,SA10,SA,D,D12,R05,12.00,0,,0,0,0,0,0
SA10/D13_SA10_R01.csv,SA10,SA,D,D13,R01,12.00,0,,0,0,0,0,0
SA10/D13_SA10_R02.csv,SA10,SA,D,D13,R02,12.00,0,,0,0,0,0,0
SA10/D13_SA10_R03.csv,SA10,SA,D,D13,R03,12.00,0,,0,0,0,0,0
SA10/D13_SA10_R04.csv,SA10,SA,D,D13,R04,12.00,0,,0,0,0,0,0
SA10/D13_SA10_R05.csv,SA10,SA,D,D13,R05,12.00,0,,0,0,0,0,0
SA10/D14_SA10_R01.csv,SA10,SA,D,D14,R01,12.00,0,,0,0,0,0,0
SA10/D14_SA10_R02.csv,SA10,SA,D,D14,R02,12.00,0,,0,0,0,0,0
SA10/D14_SA10_R03.csv,SA10,SA,D,D14,R03,12.00,0,,0,0,0,0,0
SA10/D14_SA10_R04.csv,SA10,SA,D,D14,R04,12.00,0,,0,0,0,0,0
SA10/D14_SA10_R05.csv,SA10,SA,D,D14,R05,12.00,0,,0,0,0,0,0
SA10/D15_SA10_R01.csv,SA10,SA,D,D15,R01,12.00,0,,0,0,0,0,0
SA10/D15_SA10_R02.csv,SA10,SA,D,D15,R02,12.00,0,,0,0,0,0,0
SA10/D15_SA10_R03.csv,SA10,SA,D,D15,R03,12.00,0,,0,0,0,0,0
SA10/D15_SA10_R04.csv,SA10,SA,D,D15,R04,12.00,0,,0,0,0,0,0
SA10/D15_SA10_R05.csv,SA10,SA,D,D15,R05,12.00,0,,0,0,0,0,0
SA10/D16_SA10_R01.csv,SA10,SA,D,D16,R01,11.99,0,,0,0,0,0,0
SA10/D16_SA10_R02.csv,SA10,SA,D,D16,R02,12.00,0,,0,0,0,0,0
SA10/D16_SA10_R03.csv,SA10,SA,D,D16,R03,12.00,0,,0,0,0,0,0
SA10/D16_SA10_R04.csv,SA10,SA,D,D16,R04,12.00,0,,0,0,0,0,0
SA10/D16_SA10_R05.csv,SA10,SA,D,D16,R05,12.00,0,,0,0,0,0,0
SA10/D17_SA10_R01.csv,SA10,SA,D,D17,R01,25.00,0,,0,0,0,0,0
SA10/D17_SA10_R02.csv,SA10,SA,D,D17,R02,25.00,0,,0,0,0,0,0
SA10/D17_SA10_R03.csv,SA10,SA,D,D17,R03,25.00,0,,0,0,0,0,0
SA10/D17_SA10_R04.csv,SA10,SA,D,D17,R04,25.00,0,,0,0,0,0,0
SA10/D17_SA10_R05.csv,SA10,SA,D,D17,R05,25.00,0,,0,0,0,0,0
SA10/D18_SA10_R01.csv,SA10,SA,D,D18,R01,12.00,0,,1,1,0,0,0
SA10/D18_SA10_R02.csv,SA10,SA,D,D18,R02,12.00,0,,1,1,1,0,0
SA10/D18_SA10_R03.csv,SA10,SA,D,D18,R03,12.00,0,,1,1,1,0,0
SA10/D18_SA10_R04.csv,SA10,SA,D,D18,R04,12.00,0,,1,1,1,0,0
SA10/D18_SA10_R05.csv,SA10,SA,D,D18,R05,11.99,0,,1,1,1,0,0
SA10/D19_SA10_R01.csv,SA10,SA,D,D19,R01,12.00,0,,2,2,2,0,0
SA10/D19_SA10_R02.csv,SA10,SA,D,D19,R02,12.00,0,,2,2,2,0,0
SA10/D19_SA10_R03.csv,SA10,SA,D,D19,R03,12.00,0,,2,2,2,0,0
SA10/D19_SA10_R04.csv,SA10,SA,D,D19,R04,12.00,0,,2,2,2,0,0
SA10/D19_SA10_R05.csv,SA10,SA,D,D19,R05,12.00,0,,1,1,1,0,0
SA10/F01_SA10_R01.csv,SA10,SA,F,F01,R01,14.99,1,7.63,1,1,1,1,1
SA10/F01_SA10_R02.csv,SA10,SA,F,F01,R02,15.00,0,,1,0,0,0,0
SA10/F01_SA10_R03.csv,SA10,SA,F,F01,R03,15.00,0,,1,1,0,0,0
SA10/F01_SA10_R04.csv,SA10,SA,F,F01,R04,15.00,1,8.20,1,1,1,1,1
SA10/F01_SA10_R05.csv,SA10,SA,F,F01,R05,15.00,0,,1,1,0,0,0
SA10/F02_SA10_R01.csv,SA10,SA,F,F02,R01,15.00,0,,1,1,0,0,0
SA10/F02_SA10_R02.csv,SA10,SA,F,F02,R02,15.00,1,8.19,1,1,1,1,1
SA10/F02_SA10_R03.csv,SA10,SA,F,F02,R03,15.00,0,,1,1,0,0,0
SA10/F02_SA10_R04.csv,SA10,SA,F,F02,R04,15.00,0,,1,1,0,0,0
SA10/F02_SA10_R05.csv,SA10,SA,F,F02,R05,15.00,1,8.23,1,1,1,1,1
SA10/F03_SA10_R01.csv,SA10,SA,F,F03,R01,15.00,0,,1,1,0,0,0
SA10/F03_SA10_R02.csv,SA10,SA,F,F03,R02,15.00,0,,1,1,0,0,0
SA10/F03_SA10_R03.csv,SA10,SA,F,F03,R03,15.00,0,,1,1,0,0,0
SA10/F03_SA10_R04.csv,SA10,SA,F,F03,R04,15.00,0,,1,1,0,0,0
SA10/F03_SA10_R05.csv,SA10,SA,F,F03,R05,15.00,0,,1,1,0,0,0
SA10/F04_SA10_R01.csv,SA10,SA,F,F04,R01,15.00,0,,1,1,0,0,0
SA10/F04_SA10_R02.csv,SA10,SA,F,F04,R02,15.00,0,,1,1,0,0,0
SA10/F04_SA10_R03.csv,SA10,SA,F,F04,R03,15.00,1,8.73,1,1,1,1,1
SA10/F04_SA10_R04.csv,SA10,SA,F,F04,R04,15.00,0,,1,1,0,0,0
SA10/F04_SA10_R05.csv,SA10,SA,F,F04,R05,15.00,0,,1,1,0,0,0
SA10/F05_SA10_R01.csv,SA10,SA,F,F05,R01,15.00,0,,1,1,1,0,0
SA10/F05_SA10_R02.csv,SA10,SA,F,F05,R02,15.00,0,,1,1,0,0,0
SA10/F05_SA10_R03.csv,SA10,SA,F,F05,R03,15.00,1,8.17,2,2,2,1,1
SA10/F05_SA10_R04.csv,SA10,SA,F,F05,R04,15.00,0,,1,1,1,0,0
SA10/F05_SA10_R05.csv,SA10,SA,F,F05,R05,15.00,0,,2,2,1,0,0
SA10/F06_SA10_R01.csv,SA10,SA,F,F06,R01,14.99,1,9.63,1,1,1,1,1
SA10/F06_SA10_R02.csv,SA10,SA,F,F06,R02,15.00,0,,1,1,0,0,0
SA10/F06_SA10_R03.csv,SA10,SA,F,F06,R03,15.00,0,,1,1,0,0,0
SA10/F06_SA10_R04.csv,SA10,SA,F,F06,R04,15.00,1,10.27,1,1,1,1,1
SA10/F06_SA10_R05.csv,SA10,SA,F,F06,R05,15.00,1,9.27,1,1,1,1,1
SA10/F07_SA10_R01.csv,SA10,SA,F,F07,R01,15.00,1,9.49,1,1,1,1,1
SA10/F07_SA10_R02.csv,SA10,SA,F,F07,R02,15.00,1,9.14,1,1,1,1,1
SA10/F07_SA10_R03.csv,SA10,SA,F,F07,R03,15.00,1,10.19,1,1,1,1,1
SA10/F07_SA10_R04.csv,SA10,SA,F,F07,R04,15.00,0,,1,1,0,0,0
SA10/F07_SA10_R05.csv,SA10,SA,F,F07,R05,15.00,0,,1,1,0,0,0
SA10/F08_SA10_R01.csv,SA10,SA,F,F08,R01,14.99,0,,1,1,0,0,0
SA10/F08_SA10_R02.csv,SA10,SA,F,F08,R02,15.00,0,,1,1,0,0,0
SA10/F08_SA10_R03.csv,SA10,SA,F,F08,R03,14.99,0,,1,1,0,0,0
SA10/F08_SA10_R04.csv,SA10,SA,F,F08,R04,15.00,0,,1,1,0,0,0
SA10/F08_SA10_R05.csv,SA10,SA,F,F08,R05,15.00,0,,1,1,0,0,0
SA10/F09_SA10_R01.csv,SA10,SA,F,F09,R01,15.00,0,,1,1,0,0,0
SA10/F09_SA10_R02.csv,SA10,SA,F,F09,R02,15.00,0,,1,1,0,0,0
SA10/F09_SA10_R03.csv,SA10,SA,F,F09,R03,15.00,0,,1,1,0,0,0
SA10/F09_SA10_R04.csv,SA10,SA,F,F09,R04,15.00,0,,1,1,0,0,0
SA10/F09_SA10_R05.csv,SA10,SA,F,F09,R05,15.00,0,,1,0,0,0,0
SA10/F10_SA10_R01.csv,SA10,SA,F,F10,R01,15.00,0,,1,1,0,0,0
SA10/F10_SA10_R02.csv,SA10,SA,F,F10,R02,15.00,0,,0,0,0,0,0
SA10/F10_SA10_R03.csv,SA10,SA,F,F10,R03,15.00,0,,1,1,0,0,0
SA10/F10_SA10_R04.csv,SA10,SA,F,F10,R04,15.00,0,,1,1,0,0,0
SA10/F10_SA10_R05.csv,SA10,SA,F,F10,R05,15.00,0,,1,1,0,0,0
SA10/F11_SA10_R01.csv,SA10,SA,F,F11,R01,14.99,0,,1,1,0,0,0
SA10/F11_SA10_R02.csv,SA10,SA,F,F11,R02,15.00,0,,1,0,0,0,0
SA10/F11_SA10_R03.csv,SA10,SA,F,F11,R03,15.00,0,,1,0,0,0,0
SA10/F11_SA10_R04.csv,SA10,SA,F,F11,R04,15.00,0,,1,0,0,0,0
SA10/F11_SA10_R05.csv,SA10,SA,F,F11,R05,15.00,0,,1,0,0,0,0
SA10/F12_SA10_R01.csv,SA10,SA,F,F12,R01,14.99,0,,1,0,0,0,0
SA10/F12_SA10_R02.csv,SA10,SA,F,F12,R02,15.00,1,6.67,1,1,1,1,1
SA10/F12_SA10_R03.csv,SA10,SA,F,F12,R03,15.00,1,6.21,1,1,1,1,1
SA10/F12_SA10_R04.csv,SA10,SA,F,F12,R04,15.00,0,,1,0,0,0,0
SA10/F12_SA10_R05.csv,SA10,SA,F,F12,R05,15.00,1,6.36,1,1,1,1,1
SA10/F13_SA10_R01.csv,SA10,SA,F,F13,R01,15.00,1,6.79,1,1,1,1,1
SA10/F13_SA10_R02.csv,SA10,SA,F,F13,R02,15.00,0,,1,1,0,0,0
SA10/F13_SA10_R03.csv,SA10,SA,F,F13,R03,15.00,0,,1,1,0,0,0
SA10/F13_SA10_R04.csv,SA10,SA,F,F13,R04,15.00,1,6.99,1,1,1,1,1
SA10/F13_SA10_R05.csv,SA10,SA,F,F13,R05,15.00,0,,1,0,0,0,0
SA10/F14_SA10_R01.csv,SA10,SA,F,F14,R01,15.00,1,7.64,1,1,1,1,1
SA10/F14_SA10_R02.csv,SA10,SA,F,F14,R02,15.00,0,,1,1,0,0,0
SA10/F14_SA10_R03.csv,SA10,SA,F,F14,R03,15.00,1,8.14,1,1,1,1,1
SA10/F14_SA10_R04.csv,SA10,SA,F,F14,R04,15.00,1,8.35,1,1,1,1,1
SA10/F14_SA10_R05.csv,SA10,SA,F,F14,R05,15.00,1,8.65,1,1,1,1,1
SA10/F15_SA10_R01.csv,SA10,SA,F,F15,R01,15.00,1,8.51,1,1,1,1,1
SA10/F15_SA10_R02.csv,SA10,SA,F,F15,R02,15.00,0,,0,0,0,0,0
SA10/F15_SA10_R03.csv,SA10,SA,F,F15,R03,14.99,0,,0,0,0,0,0
SA10/F15_SA10_R04.csv,SA10,SA,F,F15,R04,15.00,0,,0,0,0,0,0
SA10/F15_SA10_R05.csv,SA10,SA,F,F15,R05,15.00,1,10.28,1,1,1,1,1
SA11/D01_SA11_R01.csv,SA11,SA,D,D01,R01,100.00,0,,0,0,0,0,0
SA11/D02_SA11_R01.csv,SA11,SA,D,D02,R01,100.00,0,,0,0,0,0,0
SA11/D03_SA11_R01.csv,SA11,SA,D,D03,R01,100.00,0,,4,4,4,0,0
SA11/D04_SA11_R01.csv,SA11,SA,D,D04,R01,100.00,0,,59,59,9,0,0
SA11/D05_SA11_R01.csv,SA11,SA,D,D05,R01,25.00,0,,0,0,0,0,0
SA11/D05_SA11_R02.csv,SA11,SA,D,D05,R02,25.00,0,,0,0,0,0,0
SA11/D05_SA11_R03.csv,SA11,SA,D,D05,R03,25.00,0,,0,0,0,0,0
SA11/D05_SA11_R04.csv,SA11,SA,D,D05,R04,25.00,0,,0,0,0,0,0
SA11/D05_SA11_R05.csv,SA11,SA,D,D05,R05,25.00,0,,0,0,0,0,0
SA11/D06_SA11_R01.csv,SA11,SA,D,D06,R01,25.00,0,,5,5,0,0,0
SA11/D06_SA11_R02.csv,SA11,SA,D,D06,R02,25.00,0,,4,4,1,0,0
SA11/D06_SA11_R03.csv,SA11,SA,D,D06,R03,25.00,0,,5,5,1,0,0
SA11/D06_SA11_R04.csv,SA11,SA,D,D06,R04,25.00,0,,4,4,1,0,0
SA11/D06_SA11_R05.csv,SA11,SA,D,D06,R05,25.00,0,,5,5,1,0,0
SA11/D07_SA11_R01.csv,SA11,SA,D,D07,R01,12.00,0,,0,0,0,0,0
SA11/D07_SA11_R02.csv,SA11,SA,D,D07,R02,12.00,0,,0,0,0,0,0
SA11/D07_SA11_R03.csv,SA11,SA,D,D07,R03,12.00,0,,0,0,0,0,0
SA11/D07_SA11_R04.csv,SA11,SA,D,D07,R04,12.00,0,,0,0,0,0,0
SA11/D07_SA11_R05.csv,SA11,SA,D,D07,R05,12.00,0,,0,0,0,0,0
SA11/D08_SA11_R01.csv,SA11,SA,D,D08,R01,12.00,0,,0,0,0,0,0
SA11/D08_SA11_R02.csv,SA11,SA,D,D08,R02,12.00,0,,0,0,0,0,0
SA11/D08_SA11_R03.csv,SA11,SA,D,D08,R03,12.00,0,,0,0,0,0,0
SA11/D08_SA11_R04.csv,SA11,SA,D,D08,R04,12.00,0,,0,0,0,0,0
SA11/D08_SA11_R05.csv,SA11,SA,D,D08,R05,12.00,0,,0,0,0,0,0
SA11/D09_SA11_R01.csv,SA11,SA,D,D09,R01,12.00,0,,0,0,0,0,0
SA11/D09_SA11_R02.csv,SA11,SA,D,D09,R02,12.00,0,,0,0,0,0,0
SA11/D09_SA11_R03.csv,SA11,SA,D,D09,R03,12.00,0,,0,0,0,0,0
SA11/D09_SA11_R04.csv,SA11,SA,D,D09,R04,12.00,0,,0,0,0,0,0
SA11/D09_SA11_R05.csv,SA11,SA,D,D09,R05,12.00,0,,0,0,0,0,0
SA11/D10_SA11_R01.csv,SA11,SA,D,D10,R01,12.00,0,,0,0,0,0,0
SA11/D10_SA11_R02.csv,SA11,SA,D,D10,R02,12.00,0,,0,0,0,0,0
SA11/D10_SA11_R03.csv,SA11,SA,D,D10,R03,12.00,0,,0,0,0,0,0
SA11/D10_SA11_R04.csv,SA11,SA,D,D10,R04,12.00,0,,0,0,0,0,0
SA11/D10_SA11_R05.csv,SA11,SA,D,D10,R05,12.00,0,,0,0,0,0,0
SA11/D11_SA11_R01.csv,SA11,SA,D,D11,R01,11.99,0,,1,1,1,0,0
SA11/D11_SA11_R02.csv,SA11,SA,D,D11,R02,12.00,0,,1,0,0,0,0
SA11/D11_SA11_R03.csv,SA11,SA,D,D11,R03,12.00,0,,0,0,0,0,0
SA11/D11_SA11_R04.csv,SA11,SA,D,D11,R04,12.00,0,,0,0,0,0,0
SA11/D11_SA11_R05.csv,SA11,SA,D,D11,R05,12.00,0,,0,0,0,0,0
SA11/D12_SA11_R01.csv,SA11,SA,D,D12,R01,11.99,0,,0,0,0,0,0
SA11/D12_SA11_R02.csv,SA11,SA,D,D12,R02,12.00,0,,0,0,0,0,0
SA11/D12_SA11_R03.csv,SA11,SA,D,D12,R03,12.00,0,,0,0,0,0,0
SA11/D12_SA11_R04.csv,SA11,SA,D,D12,R04,12.00,0,,0,0,0,0,0
SA11/D12_SA11_R05.csv,SA11,SA,D,D12,R05,12.00,0,,0,0,0,0,0
SA11/D13_SA11_R01.csv,SA11,SA,D,D13,R01,12.00,0,,0,0,0,0,0
SA11/D13_SA11_R02.csv,SA11,SA,D,D13,R02,12.00,0,,0,0,0,0,0
SA11/D13_SA11_R03.csv,SA11,SA,D,D13,R03,12.00,0,,0,0,0,0,0
SA11/D13_SA11_R04.csv,SA11,SA,D,D13,R04,12.00,0,,0,0,0,0,0
SA11/D13_SA11_R05.csv,SA11,SA,D,D13,R05,12.00,0,,0,0,0,0,0
SA11/D14_SA11_R01.csv,SA11,SA,D,D14,R01,12.00,0,,1,1,1,0,0
SA11/D14_SA11_R02.csv,SA11,SA,D,D14,R02,12.00,0,,0,0,0,0,0
SA11/D14_SA11_R03.csv,SA11,SA,D,D14,R03,12.00,0,,0,0,0,0,0
SA11/D14_SA11_R04.csv,SA11,SA,D,D14,R04,12.00,0,,0,0,0,0,0
SA11/D14_SA11_R05.csv,SA11,SA,D,D14,R05,12.00,1,11.58,1,1,1,1,1
SA11/D15_SA11_R01.csv,SA11,SA,D,D15,R01,12.00,0,,0,0,0,0,0
SA11/D15_SA11_R02.csv,SA11,SA,D,D15,R02,12.00,0,,0,0,0,0,0
SA11/D15_SA11_R03.csv,SA11,SA,D,D15,R03,12.00,0,,0,0,0,0,0
SA11/D15_SA11_R04.csv,SA11,SA,D,D15,R04,12.00,0,,0,0,0,0,0
SA11/D15_SA11_R05.csv,SA11,SA,D,D15,R05,12.00,0,,0,0,0,0,0
SA11/D16_SA11_R01.csv,SA11,SA,D,D16,R01,11.99,0,,0,0,0,0,0
SA11/D16_SA11_R02.csv,SA11,SA,D,D16,R02,12.00,0,,0,0,0,0,0
SA11/D16_SA11_R03.csv,SA11,SA,D,D16,R03,12.00,0,,0,0,0,0,0
SA11/D16_SA11_R04.csv,SA11,SA,D,D16,R04,12.00,0,,0,0,0,0,0
SA11/D16_SA11_R05.csv,SA11,SA,D,D16,R05,12.00,0,,0,0,0,0,0
SA11/D17_SA11_R01.csv,SA11,SA,D,D17,R01,25.00,0,,0,0,0,0,0
SA11/D17_SA11_R02.csv,SA11,SA,D,D17,R02,25.00,0,,0,0,0,0,0
SA11/D17_SA11_R03.csv,SA11,SA,D,D17,R03,25.00,0,,0,0,0,0,0
SA11/D17_SA11_R04.csv,SA11,SA,D,D17,R04,25.00,0,,0,0,0,0,0
SA11/D17_SA11_R05.csv,SA11,SA,D,D17,R05,25.00,0,,0,0,0,0,0
SA11/D18_SA11_R01.csv,SA11,SA,D,D18,R01,12.00,0,,1,1,1,0,0
SA11/D18_SA11_R02.csv,SA11,SA,D,D18,R02,12.00,0,,1,1,0,0,0
SA11/D18_SA11_R03.csv,SA11,SA,D,D18,R03,12.00,0,,1,1,0,0,0
SA11/D18_SA11_R04.csv,SA11,SA,D,D18,R04,12.00,0,,1,1,0,0,0
SA11/D18_SA11_R05.csv,SA11,SA,D,D18,R05,12.00,0,,2,2,0,0,0
SA11/D19_SA11_R01.csv,SA11,SA,D,D19,R01,12.00,0,,3,3,2,0,0
SA11/D19_SA11_R02.csv,SA11,SA,D,D19,R02,12.00,0,,2,2,2,0,0
SA11/D19_SA11_R03.csv,SA11,SA,D,D19,R03,12.00,0,,2,2,2,0,0
SA11/D19_SA11_R04.csv,SA11,SA,D,D19,R04,12.00,0,,2,2,2,0,0
SA11/D19_SA11_R05.csv,SA11,SA,D,D19,R05,12.00,0,,2,2,2,0,0
SA11/F01_SA11_R01.csv,SA11,SA,F,F01,R01,15.00,1,7.99,1,1,1,1,1
SA11/F01_SA11_R02.csv,SA11,SA,F,F01,R02,15.00,1,9.39,1,1,1,1,1
SA11/F01_SA11_R03.csv,SA11,SA,F,F01,R03,15.00,1,8.09,1,1,1,1,1
SA11/F01_SA11_R04.csv,SA11,SA,F,F01,R04,15.00,1,8.06,1,1,1,1,1
SA11/F01_SA11_R05.csv,SA11,SA,F,F01,R05,14.99,0,,1,1,0,0,0
SA11/F02_SA11_R01.csv,SA11,SA,F,F02,R01,15.00,0,,1,1,0,0,0
SA11/F02_SA11_R02.csv,SA11,SA,F,F02,R02,15.00,0,,1,1,0,0,0
SA11/F02_SA11_R03.csv,SA11,SA,F,F02,R03,15.00,0,,1,1,0,0,0
SA11/F02_SA11_R04.csv,SA11,SA,F,F02,R04,15.00,1,6.92,1,1,1,1,1
SA11/F02_SA11_R05.csv,SA11,SA,F,F02,R05,15.00,0,,1,1,0,0,0
SA11/F03_SA11_R01.csv,SA11,SA,F,F03,R01,15.00,1,8.48,1,1,1,1,1
SA11/F03_SA11_R02.csv,SA11,SA,F,F03,R02,15.00,1,8.46,1,1,1,1,1
SA11/F03_SA11_R03.csv,SA11,SA,F,F03,R03,15.00,1,8.22,1,1,1,1,1
SA11/F03_SA11_R04.csv,SA11,SA,F,F03,R04,15.00,1,8.29,1,1,1,1,1
SA11/F03_SA11_R05.csv,SA11,SA,F,F03,R05,15.00,1,8.45,1,1,1,1,1
SA11/F04_SA11_R01.csv,SA11,SA,F,F04,R01,15.00,1,9.73,1,1,1,1,1
SA11/F04_SA11_R02.csv,SA11,SA,F,F04,R02,15.00,1,9.59,1,1,1,1,1
SA11/F04_SA11_R03.csv,SA11,SA,F,F04,R03,15.00,1,9.40,1,1,1,1,1
SA11/F04_SA11_R04.csv,SA11,SA,F,F04,R04,15.00,1,9.97,1,1,1,1,1
SA11/F04_SA11_R05.csv,SA11,SA,F,F04,R05,15.00,1,9.34,1,1,1,1,1
SA11/F05_SA11_R01.csv,SA11,SA,F,F05,R01,15.00,0,,2,2,1,0,0
SA11/F05_SA11_R02.csv,SA11,SA,F,F05,R02,14.99,1,9.31,2,2,2,1,1
SA11/F05_SA11_R03.csv,SA11,SA,F,F05,R03,15.00,1,10.04,2,2,1,1,1
SA11/F05_SA11_R04.csv,SA11,SA,F,F05,R04,15.00,1,8.29,1,1,1,1,1
SA11/F05_SA11_R05.csv,SA11,SA,F,F05,R05,15.00,1,8.14,2,2,1,1,1
SA11/F06_SA11_R01.csv,SA11,SA,F,F06,R01,14.99,1,9.80,1,1,1,1,1
SA11/F06_SA11_R02.csv,SA11,SA,F,F06,R02,15.00,1,10.79,1,1,1,1,1
SA11/F06_SA11_R03.csv,SA11,SA,F,F06,R03,15.00,1,9.71,1,1,1,1,1
SA11/F06_SA11_R04.csv,SA11,SA,F,F06,R04,15.00,1,10.72,1,1,1,1,1
SA11/F06_SA11_R05.csv,SA11,SA,F,F06,R05,15.00,1,10.13,1,1,1,1,1
SA11/F07_SA11_R01.csv,SA11,SA,F,F07,R01,15.00,1,9.53,1,1,1,1,1
SA11/F07_SA11_R02.csv,SA11,SA,F,F07,R02,15.00,1,9.40,1,1,1,1,1
SA11/F07_SA11_R03.csv,SA11,SA,F,F07,R03,15.00,1,9.70,1,1,1,1,1
SA11/F07_SA11_R04.csv,SA11,SA,F,F07,R04,15.00,0,,1,0,0,0,0
SA11/F07_SA11_R05.csv,SA11,SA,F,F07,R05,15.00,1,9.79,1,1,1,1,1
SA11/F08_SA11_R01.csv,SA11,SA,F,F08,R01,15.00,1,9.58,1,1,1,1,1
SA11/F08_SA11_R02.csv,SA11,SA,F,F08,R02,15.00,1,10.95,1,1,1,1,1
SA11/F08_SA11_R03.csv,SA11,SA,F,F08,R03,15.00,1,10.96,2,2,1,1,1
SA11/F08_SA11_R04.csv,SA11,SA,F,F08,R04,15.00,0,,2,2,0,0,0
SA11/F08_SA11_R05.csv,SA11,SA,F,F08,R05,15.00,1,10.17,1,1,1,1,1
SA11/F09_SA11_R01.csv,SA11,SA,F,F09,R01,15.00,1,8.81,1,1,1,1,1
SA11/F09_SA11_R02.csv,SA11,SA,F,F09,R02,15.00,1,10.21,1,1,1,1,1
SA11/F09_SA11_R03.csv,SA11,SA,F,F09,R03,15.00,1,10.57,1,1,1,1,1
SA11/F09_SA11_R04.csv,SA11,SA,F,F09,R04,15.00,1,9.58,1,1,1,1,1
SA11/F09_SA11_R05.csv,SA11,SA,F,F09,R05,15.00,1,9.85,1,1,1,1,1
SA11/F10_SA11_R01.csv,SA11,SA,F,F10,R01,15.00,1,7.48,1,1,1,1,1
SA11/F10_SA11_R02.csv,SA11,SA,F,F10,R02,15.00,1,6.25,1,1,1,1,1
SA11/F10_SA11_R03.csv,SA11,SA,F,F10,R03,15.00,0,,1,1,0,0,0
SA11/F10_SA11_R04.csv,SA11,SA,F,F10,R04,15.00,1,9.29,2,1,1,1,1
SA11/F10_SA11_R05.csv,SA11,SA,F,F10,R05,15.00,1,7.57,1,1,1,1,1
SA11/F11_SA11_R01.csv,SA11,SA,F,F11,R01,14.99,1,8.87,1,1,1,1,1
SA11/F11_SA11_R02.csv,SA11,SA,F,F11,R02,15.00,1,8.40,1,1,1,1,1
SA11/F11_SA11_R03.csv,SA11,SA,F,F11,R03,15.00,0,,1,0,0,0,0
SA11/F11_SA11_R04.csv,SA11,SA,F,F11,R04,15.00,0,,1,0,0,0,0
SA11/F11_SA11_R05.csv,SA11,SA,F,F11,R05,15.00,1,9.94,1,1,1,1,1
SA11/F12_SA11_R01.csv,SA11,SA,F,F12,R01,15.00,1,7.25,1,1,1,1,1
SA11/F12_SA11_R02.csv,SA11,SA,F,F12,R02,15.00,1,8.02,1,1,1,1,1
SA11/F12_SA11_R03.csv,SA11,SA,F,F12,R03,15.00,1,8.43,1,1,1,1,1
SA11/F12_SA11_R04.csv,SA11,SA,F,F12,R04,15.00,1,5.92,1,1,1,1,1
SA11/F12_SA11_R05.csv,SA11,SA,F,F12,R05,15.00,1,8.46,1,1,1,1,1
SA11/F13_SA11_R01.csv,SA11,SA,F,F13,R01,14.99,1,7.08,1,1,1,1,1
SA11/F13_SA11_R02.csv,SA11,SA,F,F13,R02,15.00,1,8.07,1,1,1,1,1
SA11/F13_SA11_R03.csv,SA11,SA,F,F13,R03,15.00,0,,1,1,0,0,0
SA11/F13_SA11_R04.csv,SA11,SA,F,F13,R04,15.00,0,,1,1,0,0,0
SA11/F13_SA11_R05.csv,SA11,SA,F,F13,R05,15.00,1,10.04,1,1,1,1,1
SA11/F14_SA11_R01.csv,SA11,SA,F,F14,R01,15.00,0,,1,1,1,0,0
SA11/F14_SA11_R02.csv,SA11,SA,F,F14,R02,15.00,0,,1,1,1,0,0
SA11/F14_SA11_R03.csv,SA11,SA,F,F14,R03,15.00,0,,1,1,1,0,0
SA11/F14_SA11_R04.csv,SA11,SA,F,F14,R04,15.00,0,,1,1,1,0,0
SA11/F14_SA11_R05.csv,SA11,SA,F,F14,R05,15.00,0,,1,1,1,0,0
SA11/F15_SA11_R01.csv,SA11,SA,F,F15,R01,15.00,1,8.68,1,1,1,1,1
SA11/F15_SA11_R02.csv,SA11,SA,F,F15,R02,15.00,1,9.95,1,1,1,1,1
SA11/F15_SA11_R03.csv,SA11,SA,F,F15,R03,15.00,1,7.59,1,1,1,1,1
SA11/F15_SA11_R04.csv,SA11,SA,F,F15,R04,15.00,1,9.91,1,1,1,1,1
SA11/F15_SA11_R05.csv,SA11,SA,F,F15,R05,15.00,1,8.27,1,1,1,1,1
SA12/D01_SA12_R01.csv,SA12,SA,D,D01,R01,100.00,0,,0,0,0,0,0
SA12/D02_SA12_R01.csv,SA12,SA,D,D02,R01,100.00,0,,0,0,0,0,0
SA12/D03_SA12_R01.csv,SA12,SA,D,D03,R01,100.00,0,,0,0,0,0,0
SA12/D04_SA12_R01.csv,SA12,SA,D,D04,R01,100.00,0,,120,120,3,0,0
SA12/D05_SA12_R01.csv,SA12,SA,D,D05,R01,25.00,0,,0,0,0,0,0
SA12/D05_SA12_R02.csv,SA12,SA,D,D05,R02,25.00,0,,0,0,0,0,0
SA12/D05_SA12_R03.csv,SA12,SA,D,D05,R03,25.00,0,,0,0,0,0,0
SA12/D05_SA12_R04.csv,SA12,SA,D,D05,R04,25.00,0,,0,0,0,0,0
SA12/D05_SA12_R05.csv,SA12,SA,D,D05,R05,25.00,0,,0,0,0,0,0
SA12/D06_SA12_R01.csv,SA12,SA,D,D06,R01,25.00,0,,7,7,0,0,0
SA12/D06_SA12_R02.csv,SA12,SA,D,D06,R02,25.00,0,,4,4,1,0,0
SA12/D06_SA12_R03.csv,SA12,SA,D,D06,R03,25.00,0,,3,3,0,0,0
SA12/D06_SA12_R04.csv,SA12,SA,D,D06,R04,25.00,0,,7,7,0,0,0
SA12/D06_SA12_R05.csv,SA12,SA,D,D06,R05,25.00,0,,4,4,1,0,0
SA12/D07_SA12_R01.csv,SA12,SA,D,D07,R01,12.00,0,,0,0,0,0,0
SA12/D07_SA12_R02.csv,SA12,SA,D,D07,R02,12.00,0,,0,0,0,0,0
SA12/D07_SA12_R03.csv,SA12,SA,D,D07,R03,12.00,0,,0,0,0,0,0
SA12/D07_SA12_R04.csv,SA12,SA,D,D07,R04,12.00,0,,0,0,0,0,0
SA12/D07_SA12_R05.csv,SA12,SA,D,D07,R05,12.00,0,,0,0,0,0,0
SA12/D08_SA12_R01.csv,SA12,SA,D,D08,R01,12.00,0,,0,0,0,0,0
SA12/D08_SA12_R02.csv,SA12,SA,D,D08,R02,12.00,0,,0,0,0,0,0
SA12/D08_SA12_R03.csv,SA12,SA,D,D08,R03,12.00,0,,0,0,0,0,0
SA12/D08_SA12_R04.csv,SA12,SA,D,D08,R04,12.00,0,,1,1,1,0,0
SA12/D08_SA12_R05.csv,SA12,SA,D,D08,R05,12.00,0,,0,0,0,0,0
SA12/D09_SA12_R01.csv,SA12,SA,D,D09,R01,12.00,0,,0,0,0,0,0
SA12/D09_SA12_R02.csv,SA12,SA,D,D09,R02,12.00,0,,0,0,0,0,0
SA12/D09_SA12_R03.csv,SA12,SA,D,D09,R03,11.99,0,,0,0,0,0,0
SA12/D09_SA12_R04.csv,SA12,SA,D,D09,R04,12.00,0,,0,0,0,0,0
SA12/D09_SA12_R05.csv,SA12,SA,D,D09,R05,12.00,0,,0,0,0,0,0
SA12/D10_SA12_R01.csv,SA12,SA,D,D10,R01,12.00,0,,0,0,0,0,0
SA12/D10_SA12_R02.csv,SA12,SA,D,D10,R02,12.00,0,,0,0,0,0,0
SA12/D10_SA12_R03.csv,SA12,SA,D,D10,R03,12.00,0,,0,0,0,0,0
SA12/D10_SA12_R04.csv,SA12,SA,D,D10,R04,12.00,0,,0,0,0,0,0
SA12/D10_SA12_R05.csv,SA12,SA,D,D10,R05,12.00,0,,0,0,0,0,0
SA12/D11_SA12_R01.csv,SA12,SA,D,D11,R01,11.99,0,,1,1,1,0,0
SA12/D11_SA12_R02.csv,SA12,SA,D,D11,R02,12.00,0,,1,1,1,0,0
SA12/D11_SA12_R03.csv,SA12,SA,D,D11,R03,12.00,0,,1,1,1,0,0
SA12/D11_SA12_R04.csv,SA12,SA,D,D11,R04,12.00,0,,1,1,1,0,0
SA12/D11_SA12_R05.csv,SA12,SA,D,D11,R05,12.00,0,,1,1,1,0,0
SA12/D12_SA12_R01.csv,SA12,SA,D,D12,R01,12.00,0,,0,0,0,0,0
SA12/D12_SA12_R02.csv,SA12,SA,D,D12,R02,12.00,0,,0,0,0,0,0
SA12/D12_SA12_R03.csv,SA12,SA,D,D12,R03,12.00,0,,0,0,0,0,0
SA12/D12_SA12_R04.csv,SA12,SA,D,D12,R04,12.00,0,,0,0,0,0,0
SA12/D12_SA12_R05.csv,SA12,SA,D,D12,R05,12.00,0,,0,0,0,0,0
SA12/D13_SA12_R01.csv,SA12,SA,D,D13,R01,12.00,0,,0,0,0,0,0
SA12/D13_SA12_R02.csv,SA12,SA,D,D13,R02,12.00,0,,0,0,0,0,0
SA12/D13_SA12_R03.csv,SA12,SA,D,D13,R03,12.00,0,,0,0,0,0,0
SA12/D13_SA12_R04.csv,SA12,SA,D,D13,R04,12.00,0,,0,0,0,0,0
SA12/D13_SA12_R05.csv,SA12,SA,D,D13,R05,12.00,0,,0,0,0,0,0
SA12/D14_SA12_R01.csv,SA12,SA,D,D14,R01,12.00,0,,0,0,0,0,0
SA12/D14_SA12_R02.csv,SA12,SA,D,D14,R02,12.00,0,,0,0,0,0,0
SA12/D14_SA12_R03.csv,SA12,SA,D,D14,R03,12.00,0,,0,0,0,0,0
SA12/D14_SA12_R04.csv,SA12,SA,D,D14,R04,12.00,0,,0,0,0,0,0
SA12/D14_SA12_R05.csv,SA12,SA,D,D14,R05,12.00,0,,0,0,0,0,0
SA12/D15_SA12_R01.csv,SA12,SA,D,D15,R01,12.00,0,,0,0,0,0,0
SA12/D15_SA12_R02.csv,SA12,SA,D,D15,R02,12.00,0,,0,0,0,0,0
SA12/D15_SA12_R03.csv,SA12,SA,D,D15,R03,12.00,0,,0,0,0,0,0
SA12/D15_SA12_R04.csv,SA12,SA,D,D15,R04,12.00,0,,0,0,0,0,0
SA12/D15_SA12_R05.csv,SA12,SA,D,D15,R05,12.00,0,,0,0,0,0,0
SA12/D16_SA12_R01.csv,SA12,SA,D,D16,R01,11.99,0,,0,0,0,0,0
SA12/D16_SA12_R02.csv,SA12,SA,D,D16,R02,12.00,0,,0,0,0,0,0
SA12/D16_SA12_R03.csv,SA12,SA,D,D16,R03,12.00,0,,0,0,0,0,0
SA12/D16_SA12_R04.csv,SA12,SA,D,D16,R04,12.00,0,,0,0,0,0,0
SA12/D16_SA12_R05.csv,SA12,SA,D,D16,R05,12.00,0,,0,0,0,0,0
SA12/D17_SA12_R01.csv,SA12,SA,D,D17,R01,25.00,0,,0,0,0,0,0
SA12/D17_SA12_R02.csv,SA12,SA,D,D17,R02,25.00,0,,0,0,0,0,0
SA12/D17_SA12_R03.csv,SA12,SA,D,D17,R03,25.00,0,,0,0,0,0,0
SA12/D17_SA12_R04.csv,SA12,SA,D,D17,R04,25.00,0,,0,0,0,0,0
SA12/D17_SA12_R05.csv,SA12,SA,D,D17,R05,25.00,0,,0,0,0,0,0
SA12/D18_SA12_R01.csv,SA12,SA,D,D18,R01,12.00,0,,1,1,1,0,0
SA12/D18_SA12_R02.csv,SA12,SA,D,D18,R02,12.00,0,,1,1,1,0,0
SA12/D18_SA12_R03.csv,SA12,SA,D,D18,R03,12.00,0,,1,1,1,0,0
SA12/D18_SA12_R04.csv,SA12,SA,D,D18,R04,12.00,0,,1,1,0,0,0
SA12/D18_SA12_R05.csv,SA12,SA,D,D18,R05,12.00,0,,2,1,1,0,0
SA12/D19_SA12_R01.csv,SA12,SA,D,D19,R01,12.00,0,,3,2,2,0,0
SA12/D19_SA12_R02.csv,SA12,SA,D,D19,R02,12.00,0,,2,2,2,0,0
SA12/D19_SA12_R03.csv,SA12,SA,D,D19,R03,12.00,0,,2,2,2,0,0
SA12/D19_SA12_R04.csv,SA12,SA,D,D19,R04,12.00,0,,1,1,1,0,0
SA12/D19_SA12_R05.csv,SA12,SA,D,D19,R05,12.00,0,,1,1,1,0,0
SA12/F01_SA12_R01.csv,SA12,SA,F,F01,R01,15.00,1,10.35,1,1,1,1,1
SA12/F01_SA12_R02.csv,SA12,SA,F,F01,R02,15.00,1,11.04,1,1,1,1,1
SA12/F01_SA12_R03.csv,SA12,SA,F,F01,R03,15.00,1,11.52,1,1,1,1,1
SA12/F01_SA12_R04.csv,SA12,SA,F,F01,R04,15.00,0,,1,1,0,0,0
SA12/F01_SA12_R05.csv,SA12,SA,F,F01,R05,15.00,1,11.39,1,1,1,1,1
SA12/F02_SA12_R01.csv,SA12,SA,F,F02,R01,15.00,0,,1,1,0,0,0
SA12/F02_SA12_R02.csv,SA12,SA,F,F02,R02,15.00,1,13.99,1,1,1,1,1
SA12/F02_SA12_R03.csv,SA12,SA,F,F02,R03,15.00,0,,1,1,0,0,0
SA12/F02_SA12_R04.csv,SA12,SA,F,F02,R04,15.00,1,12.68,1,1,1,1,1
SA12/F02_SA12_R05.csv,SA12,SA,F,F02,R05,15.00,1,13.01,1,1,1,1,1
SA12/F03_SA12_R01.csv,SA12,SA,F,F03,R01,15.00,0,,1,1,0,0,0
SA12/F03_SA12_R02.csv,SA12,SA,F,F03,R02,15.00,1,12.24,1,1,1,1,1
SA12/F03_SA12_R03.csv,SA12,SA,F,F03,R03,15.00,0,,1,1,0,0,0
SA12/F03_SA12_R04.csv,SA12,SA,F,F03,R04,15.00,0,,1,1,0,0,0
SA12/F03_SA12_R05.csv,SA12,SA,F,F03,R05,15.00,0,,1,1,0,0,0
SA12/F04_SA12_R01.csv,SA12,SA,F,F04,R01,15.00,1,10.81,1,1,1,1,1
SA12/F04_SA12_R02.csv,SA12,SA,F,F04,R02,15.00,1,10.62,1,1,1,1,1
SA12/F04_SA12_R03.csv,SA12,SA,F,F04,R03,14.99,1,11.70,1,1,1,1,1
SA12/F04_SA12_R04.csv,SA12,SA,F,F04,R04,15.00,1,11.39,1,1,1,1,1
SA12/F04_SA12_R05.csv,SA12,SA,F,F04,R05,15.00,1,11.54,1,1,1,1,1
SA12/F05_SA12_R01.csv,SA12,SA,F,F05,R01,15.00,0,,3,3,0,0,0
SA12/F05_SA12_R02.csv,SA12,SA,F,F05,R02,15.00,0,,1,1,1,0,0
SA12/F05_SA12_R03.csv,SA12,SA,F,F05,R03,15.00,0,,1,1,1,0,0
SA12/F05_SA12_R04.csv,SA12,SA,F,F05,R04,15.00,0,,1,1,1,0,0
SA12/F05_SA12_R05.csv,SA12,SA,F,F05,R05,15.00,0,,2,2,0,0,0
SA12/F06_SA12_R01.csv,SA12,SA,F,F06,R01,14.99,1,11.10,1,1,1,1,1
SA12/F06_SA12_R02.csv,SA12,SA,F,F06,R02,15.00,1,12.47,1,1,1,1,1
SA12/F06_SA12_R03.csv,SA12,SA,F,F06,R03,14.99,1,10.12,1,1,1,1,1
SA12/F06_SA12_R04.csv,SA12,SA,F,F06,R04,14.99,1,11.38,1,1,1,1,1
SA12/F06_SA12_R05.csv,SA12,SA,F,F06,R05,15.00,1,11.11,1,1,1,1,1
SA12/F07_SA12_R01.csv,SA12,SA,F,F07,R01,15.00,1,10.07,1,1,1,1,1
SA12/F07_SA12_R02.csv,SA12,SA,F,F07,R02,15.00,0,,2,1,0,0,0
SA12/F07_SA12_R03.csv,SA12,SA,F,F07,R03,15.00,1,9.78,1,1,1,1,1
SA12/F07_SA12_R04.csv,SA12,SA,F,F07,R04,15.00,0,,1,1,0,0,0
SA12/F07_SA12_R05.csv,SA12,SA,F,F07,R05,14.99,0,,1,1,0,0,0
SA12/F08_SA12_R01.csv,SA12,SA,F,F08,R01,15.00,1,9.27,1,1,1,1,1
SA12/F08_SA12_R02.csv,SA12,SA,F,F08,R02,15.00,0,,1,1,0,0,0
SA12/F08_SA12_R03.csv,SA12,SA,F,F08,R03,15.00,1,8.78,1,1,1,1,1
SA12/F08_SA12_R04.csv,SA12,SA,F,F08,R04,15.00,0,,1,1,0,0,0
SA12/F08_SA12_R05.csv,SA12,SA,F,F08,R05,15.00,1,8.55,1,1,1,1,1
SA12/F09_SA12_R01.csv,SA12,SA,F,F09,R01,15.00,0,,1,1,0,0,0
SA12/F09_SA12_R02.csv,SA12,SA,F,F09,R02,15.00,1,8.55,1,1,1,1,1
SA12/F09_SA12_R03.csv,SA12,SA,F,F09,R03,15.00,1,9.07,1,1,1,1,1
SA12/F09_SA12_R04.csv,SA12,SA,F,F09,R04,15.00,1,8.41,1,1,1,1,1
SA12/F09_SA12_R05.csv,SA12,SA,F,F09,R05,15.00,1,8.76,1,1,1,1,1
SA12/F10_SA12_R01.csv,SA12,SA,F,F10,R01,15.00,1,9.14,1,1,1,1,1
SA12/F10_SA12_R02.csv,SA12,SA,F,F10,R02,15.00,1,8.93,1,1,1,1,1
SA12/F10_SA12_R03.csv,SA12,SA,F,F10,R03,15.00,1,8.63,1,1,1,1,1
SA12/F10_SA12_R04.csv,SA12,SA,F,F10,R04,15.00,1,9.27,1,1,1,1,1
SA12/F10_SA12_R05.csv,SA12,SA,F,F10,R05,15.00,0,,1,1,0,0,0
SA12/F11_SA12_R01.csv,SA12,SA,F,F11,R01,14.99,1,8.68,1,1,1,1,1
SA12/F11_SA12_R02.csv,SA12,SA,F,F11,R02,15.00,1,8.84,1,1,1,1,1
SA12/F11_SA12_R03.csv,SA12,SA,F,F11,R03,15.00,0,,1,1,1,0,0
SA12/F11_SA12_R04.csv,SA12,SA,F,F11,R04,15.00,1,7.78,1,1,1,1,1
SA12/F11_SA12_R05.csv,SA12,SA,F,F11,R05,15.00,0,,1,1,0,0,0
SA12/F12_SA12_R01.csv,SA12,SA,F,F12,R01,15.00,1,8.00,1,1,1,1,1
SA12/F12_SA12_R02.csv,SA12,SA,F,F12,R02,15.00,1,8.21,1,1,1,1,1
SA12/F12_SA12_R03.csv,SA12,SA,F,F12,R03,15.00,1,9.38,1,1,1,1,1
SA12/F12_SA12_R04.csv,SA12,SA,F,F12,R04,15.00,1,8.62,1,1,1,1,1
SA12/F12_SA12_R05.csv,SA12,SA,F,F12,R05,15.00,1,9.37,1,1,1,1,1
SA12/F13_SA12_R01.csv,SA12,SA,F,F13,R01,15.00,1,10.95,1,1,1,1,1
SA12/F13_SA12_R02.csv,SA12,SA,F,F13,R02,15.00,1,7.57,1,1,1,1,1
SA12/F13_SA12_R03.csv,SA12,SA,F,F13,R03,15.00,1,8.86,1,1,1,1,1
SA12/F13_SA12_R04.csv,SA12,SA,F,F13,R04,15.00,1,8.38,1,1,1,1,1
SA12/F13_SA12_R05.csv,SA12,SA,F,F13,R05,15.00,1,10.75,1,1,1,1,1
SA12/F14_SA12_R01.csv,SA12,SA,F,F14,R01,15.00,1,7.32,1,1,1,1,1
SA12/F14_SA12_R02.csv,SA12,SA,F,F14,R02,15.00,1,7.77,1,1,1,1,1
SA12/F14_SA12_R03.csv,SA12,SA,F,F14,R03,15.00,1,8.75,1,1,1,1,1
SA12/F14_SA12_R04.csv,SA12,SA,F,F14,R04,15.00,1,8.81,1,1,1,1,1
SA12/F14_SA12_R05.csv,SA12,SA,F,F14,R05,15.00,1,8.92,1,1,1,1,1
SA12/F15_SA12_R01.csv,SA12,SA,F,F15,R01,15.00,1,9.19,1,1,1,1,1
SA12/F15_SA12_R02.csv,SA12,SA,F,F15,R02,15.00,1,9.50,1,1,1,1,1
SA12/F15_SA12_R03.csv,SA12,SA,F,F15,R03,15.00,1,9.09,1,1,1,1,1
SA12/F15_SA12_R04.csv,SA12,SA,F,F15,R04,15.00,1,9.15,1,1,1,1,1
SA12/F15_SA12_R05.csv,SA12,SA,F,F15,R05,15.00,1,9.11,1,1,1,1,1
SA13/D01_SA13_R01.csv,SA13,SA,D,D01,R01,100.00,0,,0,0,0,0,0
SA13/D02_SA13_R01.csv,SA13,SA,D,D02,R01,100.00,0,,0,0,0,0,0
SA13/D03_SA13_R01.csv,SA13,SA,D,D03,R01,100.00,0,,31,31,27,0,0
SA13/D04_SA13_R01.csv,SA13,SA,D,D04,R01,100.00,0,,138,138,1,0,0
SA13/D05_SA13_R01.csv,SA13,SA,D,D05,R01,25.00,0,,0,0,0,0,0
SA13/D05_SA13_R02.csv,SA13,SA,D,D05,R02,25.00,0,,0,0,0,0,0
SA13/D05_SA13_R03.csv,SA13,SA,D,D05,R03,25.00,0,,0,0,0,0,0
SA13/D05_SA13_R04.csv,SA13,SA,D,D05,R04,25.00,0,,0,0,0,0,0
SA13/D05_SA13_R05.csv,SA13,SA,D,D05,R05,25.00,0,,0,0,0,0,0
SA13/D06_SA13_R01.csv,SA13,SA,D,D06,R01,25.00,0,,6,6,2,0,0
SA13/D06_SA13_R02.csv,SA13,SA,D,D06,R02,25.00,0,,9,9,0,0,0
SA13/D06_SA13_R03.csv,SA13,SA,D,D06,R03,25.00,0,,8,8,0,0,0
SA13/D06_SA13_R04.csv,SA13,SA,D,D06,R04,25.00,0,,9,9,1,0,0
SA13/D06_SA13_R05.csv,SA13,SA,D,D06,R05,25.00,0,,9,9,0,0,0
SA13/D07_SA13_R01.csv,SA13,SA,D,D07,R01,12.00,0,,0,0,0,0,0
SA13/D07_SA13_R02.csv,SA13,SA,D,D07,R02,12.00,0,,0,0,0,0,0
SA13/D07_SA13_R03.csv,SA13,SA,D,D07,R03,12.00,0,,0,0,0,0,0
SA13/D07_SA13_R04.csv,SA13,SA,D,D07,R04,12.00,0,,0,0,0,0,0
SA13/D07_SA13_R05.csv,SA13,SA,D,D07,R05,12.00,0,,0,0,0,0,0
SA13/D08_SA13_R01.csv,SA13,SA,D,D08,R01,12.00,0,,0,0,0,0,0
SA13/D08_SA13_R02.csv,SA13,SA,D,D08,R02,12.00,0,,0,0,0,0,0
SA13/D08_SA13_R03.csv,SA13,SA,D,D08,R03,12.00,0,,0,0,0,0,0
SA13/D08_SA13_R04.csv,SA13,SA,D,D08,R04,12.00,0,,0,0,0,0,0
SA13/D08_SA13_R05.csv,SA13,SA,D,D08,R05,12.00,0,,0,0,0,0,0
SA13/D09_SA13_R01.csv,SA13,SA,D,D09,R01,12.00,0,,0,0,0,0,0
SA13/D09_SA13_R02.csv,SA13,SA,D,D09,R02,12.00,0,,0,0,0,0,0
SA13/D09_SA13_R03.csv,SA13,SA,D,D09,R03,12.00,0,,0,0,0,0,0
SA13/D09_SA13_R04.csv,SA13,SA,D,D09,R04,12.00,0,,0,0,0,0,0
SA13/D09_SA13_R05.csv,SA13,SA,D,D09,R05,12.00,0,,0,0,0,0,0
SA13/D10_SA13_R01.csv,SA13,SA,D,D10,R01,12.00,0,,0,0,0,0,0
SA13/D10_SA13_R02.csv,SA13,SA,D,D10,R02,12.00,0,,0,0,0,0,0
SA13/D10_SA13_R03.csv,SA13,SA,D,D10,R03,11.99,0,,0,0,0,0,0
SA13/D10_SA13_R04.csv,SA13,SA,D,D10,R04,12.00,0,,0,0,0,0,0
SA13/D10_SA13_R05.csv,SA13,SA,D,D10,R05,12.00,0,,0,0,0,0,0
SA13/D11_SA13_R01.csv,SA13,SA,D,D11,R01,11.99,0,,1,1,1,0,0
SA13/D11_SA13_R02.csv,SA13,SA,D,D11,R02,12.00,0,,1,1,0,0,0
SA13/D11_SA13_R03.csv,SA13,SA,D,D11,R03,12.00,0,,0,0,0,0,0
SA13/D11_SA13_R04.csv,SA13,SA,D,D11,R04,12.00,0,,1,1,0,0,0
SA13/D11_SA13_R05.csv,SA13,SA,D,D11,R05,12.00,0,,0,0,0,0,0
SA13/D12_SA13_R01.csv,SA13,SA,D,D12,R01,12.00,0,,0,0,0,0,0
SA13/D12_SA13_R02.csv,SA13,SA,D,D12,R02,12.00,0,,0,0,0,0,0
SA13/D12_SA13_R03.csv,SA13,SA,D,D12,R03,12.00,0,,0,0,0,0,0
SA13/D12_SA13_R04.csv,SA13,SA,D,D12,R04,12.00,0,,0,0,0,0,0
SA13/D12_SA13_R05.csv,SA13,SA,D,D12,R05,12.00,0,,0,0,0,0,0
SA13/D13_SA13_R01.csv,SA13,SA,D,D13,R01,12.00,0,,0,0,0,0,0
SA13/D13_SA13_R02.csv,SA13,SA,D,D13,R02,12.00,0,,0,0,0,0,0
SA13/D13_SA13_R03.csv,SA13,SA,D,D13,R03,12.00,0,,0,0,0,0,0
SA13/D13_SA13_R04.csv,SA13,SA,D,D13,R04,12.00,0,,0,0,0,0,0
SA13/D13_SA13_R05.csv,SA13,SA,D,D13,R05,12.00,0,,0,0,0,0,0
SA13/D14_SA13_R01.csv,SA13,SA,D,D14,R01,12.00,0,,0,0,0,0,0
SA13/D14_SA13_R02.csv,SA13,SA,D,D14,R02,12.00,0,,0,0,0,0,0
SA13/D14_SA13_R03.csv,SA13,SA,D,D14,R03,12.00,0,,0,0,0,0,0
SA13/D14_SA13_R04.csv,SA13,SA,D,D14,R04,12.00,0,,0,0,0,0,0
SA13/D14_SA13_R05.csv,SA13,SA,D,D14,R05,12.00,0,,0,0,0,0,0
SA13/D15_SA13_R01.csv,SA13,SA,D,D15,R01,12.00,0,,0,0,0,0,0
SA13/D15_SA13_R02.csv,SA13,SA,D,D15,R02,12.00,0,,0,0,0,0,0
SA13/D15_SA13_R03.csv,SA13,SA,D,D15,R03,12.00,0,,0,0,0,0,0
SA13/D15_SA13_R04.csv,SA13,SA,D,D15,R04,12.00,0,,0,0,0,0,0
SA13/D15_SA13_R05.csv,SA13,SA,D,D15,R05,12.00,0,,0,0,0,0,0
SA13/D16_SA13_R01.csv,SA13,SA,D,D16,R01,11.99,0,,0,0,0,0,0
SA13/D16_SA13_R02.csv,SA13,SA,D,D16,R02,12.00,0,,0,0,0,0,0
SA13/D16_SA13_R03.csv,SA13,SA,D,D16,R03,12.00,0,,0,0,0,0,0
SA13/D16_SA13_R04.csv,SA13,SA,D,D16,R04,12.00,0,,0,0,0,0,0
SA13/D16_SA13_R05.csv,SA13,SA,D,D16,R05,12.00,0,,0,0,0,0,0
SA13/D17_SA13_R01.csv,SA13,SA,D,D17,R01,25.00,0,,0,0,0,0,0
SA13/D17_SA13_R02.csv,SA13,SA,D,D17,R02,25.00,0,,0,0,0,0,0
SA13/D17_SA13_R03.csv,SA13,SA,D,D17,R03,25.00,0,,0,0,0,0,0
SA13/D17_SA13_R04.csv,SA13,SA,D,D17,R04,25.00,0,,0,0,0,0,0
SA13/D17_SA13_R05.csv,SA13,SA,D,D17,R05,25.00,0,,0,0,0,0,0
SA13/D18_SA13_R01.csv,SA13,SA,D,D18,R01,12.00,0,,1,1,0,0,0
SA13/D18_SA13_R02.csv,SA13,SA,D,D18,R02,12.00,0,,1,1,0,0,0
SA13/D18_SA13_R03.csv,SA13,SA,D,D18,R03,12.00,0,,1,1,0,0,0
SA13/D18_SA13_R04.csv,SA13,SA,D,D18,R04,12.00,0,,1,1,0,0,0
SA13/D18_SA13_R05.csv,SA13,SA,D,D18,R05,12.00,0,,1,1,0,0,0
SA13/D19_SA13_R01.csv,SA13,SA,D,D19,R01,12.00,0,,2,2,2,0,0
SA13/D19_SA13_R02.csv,SA13,SA,D,D19,R02,12.00,0,,2,2,2,0,0
SA13/D19_SA13_R03.csv,SA13,SA,D,D19,R03,12.00,0,,1,1,1,0,0
SA13/D19_SA13_R04.csv,SA13,SA,D,D19,R04,12.00,0,,2,2,2,0,0
SA13/D19_SA13_R05.csv,SA13,SA,D,D19,R05,12.00,0,,4,4,2,0,0
SA13/F01_SA13_R01.csv,SA13,SA,F,F01,R01,15.00,0,,1,0,0,0,0
SA13/F01_SA13_R02.csv,SA13,SA,F,F01,R02,15.00,1,9.93,1,1,1,1,1
SA13/F01_SA13_R03.csv,SA13,SA,F,F01,R03,15.00,1,9.93,1,1,1,1,1
SA13/F01_SA13_R04.csv,SA13,SA,F,F01,R04,15.00,1,10.64,1,1,1,1,1
SA13/F01_SA13_R05.csv,SA13,SA,F,F01,R05,14.99,1,10.78,1,1,1,1,1
SA13/F02_SA13_R01.csv,SA13,SA,F,F02,R01,15.00,0,,1,1,0,0,0
SA13/F02_SA13_R02.csv,SA13,SA,F,F02,R02,15.00,0,,1,1,0,0,0
SA13/F02_SA13_R03.csv,SA13,SA,F,F02,R03,15.00,0,,1,1,0,0,0
SA13/F02_SA13_R04.csv,SA13,SA,F,F02,R04,15.00,0,,1,1,0,0,0
SA13/F02_SA13_R05.csv,SA13,SA,F,F02,R05,15.00,0,,1,1,0,0,0
SA13/F03_SA13_R01.csv,SA13,SA,F,F03,R01,15.00,0,,1,1,0,0,0
SA13/F03_SA13_R02.csv,SA13,SA,F,F03,R02,15.00,0,,1,1,0,0,0
SA13/F03_SA13_R03.csv,SA13,SA,F,F03,R03,15.00,0,,1,1,0,0,0
SA13/F03_SA13_R04.csv,SA13,SA,F,F03,R04,15.00,1,10.36,2,1,1,1,1
SA13/F03_SA13_R05.csv,SA13,SA,F,F03,R05,15.00,1,11.71,1,1,1,1,1
SA13/F04_SA13_R01.csv,SA13,SA,F,F04,R01,15.00,1,10.74,1,1,1,1,1
SA13/F04_SA13_R02.csv,SA13,SA,F,F04,R02,15.00,1,10.62,1,1,1,1,1
SA13/F04_SA13_R03.csv,SA13,SA,F,F04,R03,15.00,1,10.64,1,1,1,1,1
SA13/F04_SA13_R04.csv,SA13,SA,F,F04,R04,15.00,1,11.70,1,1,1,1,1
SA13/F04_SA13_R05.csv,SA13,SA,F,F04,R05,15.00,1,11.09,1,1,1,1,1
SA13/F05_SA13_R01.csv,SA13,SA,F,F05,R01,15.00,1,6.23,5,5,1,1,1
SA13/F05_SA13_R02.csv,SA13,SA,F,F05,R02,15.00,0,,3,3,0,0,0
SA13/F05_SA13_R03.csv,SA13,SA,F,F05,R03,15.00,1,7.18,4,4,1,1,1
SA13/F05_SA13_R04.csv,SA13,SA,F,F05,R04,15.00,0,,4,4,0,0,0
SA13/F05_SA13_R05.csv,SA13,SA,F,F05,R05,15.00,0,,3,3,0,0,0
SA13/F06_SA13_R01.csv,SA13,SA,F,F06,R01,15.00,0,,1,0,0,0,0
SA13/F06_SA13_R02.csv,SA13,SA,F,F06,R02,15.00,1,11.10,1,1,1,1,1
SA13/F06_SA13_R03.csv,SA13,SA,F,F06,R03,15.00,1,11.65,1,1,1,1,1
SA13/F06_SA13_R04.csv,SA13,SA,F,F06,R04,14.99,0,,0,0,0,0,0
SA13/F06_SA13_R05.csv,SA13,SA,F,F06,R05,15.00,0,,1,1,0,0,0
SA13/F07_SA13_R01.csv,SA13,SA,F,F07,R01,15.00,0,,2,1,0,0,0
SA13/F07_SA13_R02.csv,SA13,SA,F,F07,R02,15.00,1,10.29,1,1,1,1,1
SA13/F07_SA13_R03.csv,SA13,SA,F,F07,R03,15.00,0,,1,1,0,0,0
SA13/F07_SA13_R04.csv,SA13,SA,F,F07,R04,15.00,0,,1,1,0,0,0
SA13/F07_SA13_R05.csv,SA13,SA,F,F07,R05,15.00,1,9.22,1,1,1,1,1
SA13/F08_SA13_R01.csv,SA13,SA,F,F08,R01,14.99,1,9.63,1,1,1,1,1
SA13/F08_SA13_R02.csv,SA13,SA,F,F08,R02,15.00,0,,1,1,0,0,0
SA13/F08_SA13_R03.csv,SA13,SA,F,F08,R03,15.00,1,9.38,1,1,1,1,1
SA13/F08_SA13_R04.csv,SA13,SA,F,F08,R04,15.00,1,9.35,1,1,1,1,1
SA13/F08_SA13_R05.csv,SA13,SA,F,F08,R05,14.99,1,8.72,1,1,1,1,1
SA13/F09_SA13_R01.csv,SA13,SA,F,F09,R01,15.00,1,7.78,1,1,1,1,1
SA13/F09_SA13_R02.csv,SA13,SA,F,F09,R02,15.00,0,,1,0,0,0,0
SA13/F09_SA13_R03.csv,SA13,SA,F,F09,R03,15.00,1,5.48,1,1,1,1,1
SA13/F09_SA13_R04.csv,SA13,SA,F,F09,R04,15.00,0,,1,1,0,0,0
SA13/F09_SA13_R05.csv,SA13,SA,F,F09,R05,15.00,1,9.89,1,1,1,1,1
SA13/F10_SA13_R01.csv,SA13,SA,F,F10,R01,15.00,0,,1,1,0,0,0
SA13/F10_SA13_R02.csv,SA13,SA,F,F10,R02,15.00,1,7.13,1,1,1,1,1
SA13/F10_SA13_R03.csv,SA13,SA,F,F10,R03,15.00,1,7.15,1,1,1,1,1
SA13/F10_SA13_R04.csv,SA13,SA,F,F10,R04,15.00,1,7.02,1,1,1,1,1
SA13/F10_SA13_R05.csv,SA13,SA,F,F10,R05,15.00,0,,1,1,0,0,0
SA13/F11_SA13_R01.csv,SA13,SA,F,F11,R01,15.00,0,,1,1,0,0,0
SA13/F11_SA13_R02.csv,SA13,SA,F,F11,R02,14.99,0,,0,0,0,0,0
SA13/F11_SA13_R03.csv,SA13,SA,F,F11,R03,15.00,1,7.21,1,1,1,1,1
SA13/F11_SA13_R04.csv,SA13,SA,F,F11,R04,15.00,0,,1,1,0,0,0
SA13/F11_SA13_R05.csv,SA13,SA,F,F11,R05,15.00,0,,1,1,0,0,0
SA13/F12_SA13_R01.csv,SA13,SA,F,F12,R01,15.00,0,,1,0,0,0,0
SA13/F12_SA13_R02.csv,SA13,SA,F,F12,R02,15.00,0,,1,1,0,0,0
SA13/F12_SA13_R03.csv,SA13,SA,F,F12,R03,15.00,0,,1,1,0,0,0
SA13/F12_SA13_R04.csv,SA13,SA,F,F12,R04,15.00,1,6.69,1,1,1,1,1
SA13/F12_SA13_R05.csv,SA13,SA,F,F12,R05,15.00,0,,0,0,0,0,0
SA13/F13_SA13_R01.csv,SA13,SA,F,F13,R01,15.00,1,6.43,1,1,1,1,1
SA13/F13_SA13_R02.csv,SA13,SA,F,F13,R02,15.00,1,9.27,1,1,1,1,1
SA13/F13_SA13_R03.csv,SA13,SA,F,F13,R03,15.00,1,7.63,1,1,1,1,1
SA13/F13_SA13_R04.csv,SA13,SA,F,F13,R04,15.00,1,7.03,1,1,1,1,1
SA13/F13_SA13_R05.csv,SA13,SA,F,F13,R05,15.00,1,8.30,1,1,1,1,1
SA13/F14_SA13_R01.csv,SA13,SA,F,F14,R01,15.00,1,6.47,1,1,1,1,1
SA13/F14_SA13_R02.csv,SA13,SA,F,F14,R02,15.00,1,6.63,1,1,1,1,1
SA13/F14_SA13_R03.csv,SA13,SA,F,F14,R03,15.00,1,6.02,1,1,1,1,1
SA13/F14_SA13_R04.csv,SA13,SA,F,F14,R04,15.00,1,6.15,1,1,1,1,1
SA13/F14_SA13_R05.csv,SA13,SA,F,F14,R05,15.00,1,6.42,1,1,1,1,1
SA13/F15_SA13_R01.csv,SA13,SA,F,F15,R01,15.00,1,6.35,1,1,1,1,1
SA13/F15_SA13_R02.csv,SA13,SA,F,F15,R02,15.00,1,6.29,1,1,1,1,1
SA13/F15_SA13_R03.csv,SA13,SA,F,F15,R03,15.00,1,6.98,1,1,1,1,1
SA13/F15_SA13_R04.csv,SA13,SA,F,F15,R04,15.00,1,7.08,1,1,1,1,1
SA13/F15_SA13_R05.csv,SA13,SA,F,F15,R05,15.00,1,6.70,1,1,1,1,1
SA14/D01_SA14_R01.csv,SA14,SA,D,D01,R01,100.00,0,,0,0,0,0,0
SA14/D02_SA14_R01.csv,SA14,SA,D,D02,R01,100.00,0,,0,0,0,0,0
SA14/D03_SA14_R01.csv,SA14,SA,D,D03,R01,100.00,0,,30,30,11,0,0
SA14/D04_SA14_R01.csv,SA14,SA,D,D04,R01,100.00,0,,40,40,27,0,0
SA14/D05_SA14_R01.csv,SA14,SA,D,D05,R01,25.00,0,,0,0,0,0,0
SA14/D05_SA14_R02.csv,SA14,SA,D,D05,R02,25.00,0,,0,0,0,0,0
SA14/D05_SA14_R03.csv,SA14,SA,D,D05,R03,25.00,0,,0,0,0,0,0
SA14/D05_SA14_R04.csv,SA14,SA,D,D05,R04,25.00,0,,0,0,0,0,0
SA14/D05_SA14_R05.csv,SA14,SA,D,D05,R05,25.00,0,,0,0,0,0,0
SA14/D06_SA14_R01.csv,SA14,SA,D,D06,R01,25.00,0,,6,6,1,0,0
SA14/D06_SA14_R02.csv,SA14,SA,D,D06,R02,25.00,0,,5,5,0,0,0
SA14/D06_SA14_R03.csv,SA14,SA,D,D06,R03,25.00,0,,7,7,0,0,0
SA14/D06_SA14_R04.csv,SA14,SA,D,D06,R04,25.00,0,,5,5,2,0,0
SA14/D06_SA14_R05.csv,SA14,SA,D,D06,R05,25.00,0,,7,7,2,0,0
SA14/D07_SA14_R01.csv,SA14,SA,D,D07,R01,12.00,0,,0,0,0,0,0
SA14/D07_SA14_R02.csv,SA14,SA,D,D07,R02,12.00,0,,0,0,0,0,0
SA14/D07_SA14_R03.csv,SA14,SA,D,D07,R03,12.00,0,,0,0,0,0,0
SA14/D07_SA14_R04.csv,SA14,SA,D,D07,R04,12.00,0,,0,0,0,0,0
SA14/D07_SA14_R05.csv,SA14,SA,D,D07,R05,12.00,0,,0,0,0,0,0
SA14/D08_SA14_R01.csv,SA14,SA,D,D08,R01,12.00,0,,1,0,0,0,0
SA14/D08_SA14_R02.csv,SA14,SA,D,D08,R02,12.00,0,,1,1,0,0,0
SA14/D08_SA14_R03.csv,SA14,SA,D,D08,R03,12.00,0,,1,1,0,0,0
SA14/D08_SA14_R04.csv,SA14,SA,D,D08,R04,12.00,0,,1,1,0,0,0
SA14/D08_SA14_R05.csv,SA14,SA,D,D08,R05,12.00,0,,1,0,0,0,0
SA14/D09_SA14_R01.csv,SA14,SA,D,D09,R01,12.00,0,,0,0,0,0,0
SA14/D09_SA14_R02.csv,SA14,SA,D,D09,R02,12.00,0,,0,0,0,0,0
SA14/D09_SA14_R03.csv,SA14,SA,D,D09,R03,12.00,0,,0,0,0,0,0
SA14/D09_SA14_R04.csv,SA14,SA,D,D09,R04,12.00,0,,0,0,0,0,0
SA14/D09_SA14_R05.csv,SA14,SA,D,D09,R05,12.00,0,,0,0,0,0,0
SA14/D10_SA14_R01.csv,SA14,SA,D,D10,R01,12.00,0,,1,1,1,0,0
SA14/D10_SA14_R02.csv,SA14,SA,D,D10,R02,12.00,0,,0,0,0,0,0
SA14/D10_SA14_R03.csv,SA14,SA,D,D10,R03,12.00,0,,0,0,0,0,0
SA14/D10_SA14_R04.csv,SA14,SA,D,D10,R04,12.00,0,,0,0,0,0,0
SA14/D10_SA14_R05.csv,SA14,SA,D,D10,R05,12.00,0,,0,0,0,0,0
SA14/D11_SA14_R01.csv,SA14,SA,D,D11,R01,11.99,0,,1,1,0,0,0
SA14/D11_SA14_R02.csv,SA14,SA,D,D11,R02,12.00,0,,1,1,1,0,0
SA14/D11_SA14_R03.csv,SA14,SA,D,D11,R03,12.00,0,,1,1,1,0,0
SA14/D11_SA14_R04.csv,SA14,SA,D,D11,R04,12.00,0,,1,1,1,0,0
SA14/D11_SA14_R05.csv,SA14,SA,D,D11,R05,12.00,0,,1,1,1,0,0
SA14/D12_SA14_R01.csv,SA14,SA,D,D12,R01,12.00,0,,0,0,0,0,0
SA14/D12_SA14_R02.csv,SA14,SA,D,D12,R02,12.00,0,,0,0,0,0,0
SA14/D12_SA14_R03.csv,SA14,SA,D,D12,R03,12.00,0,,0,0,0,0,0
SA14/D12_SA14_R04.csv,SA14,SA,D,D12,R04,12.00,0,,0,0,0,0,0
SA14/D12_SA14_R05.csv,SA14,SA,D,D12,R05,12.00,0,,0,0,0,0,0
SA14/D13_SA14_R01.csv,SA14,SA,D,D13,R01,12.00,0,,0,0,0,0,0
SA14/D13_SA14_R02.csv,SA14,SA,D,D13,R02,12.00,0,,0,0,0,0,0
SA14/D13_SA14_R03.csv,SA14,SA,D,D13,R03,12.00,0,,0,0,0,0,0
SA14/D13_SA14_R04.csv,SA14,SA,D,D13,R04,12.00,0,,0,0,0,0,0
SA14/D13_SA14_R05.csv,SA14,SA,D,D13,R05,12.00,0,,0,0,0,0,0
SA14/D14_SA14_R01.csv,SA14,SA,D,D14,R01,12.00,0,,0,0,0,0,0
SA14/D14_SA14_R02.csv,SA14,SA,D,D14,R02,12.00,0,,0,0,0,0,0
SA14/D14_SA14_R03.csv,SA14,SA,D,D14,R03,12.00,0,,0,0,0,0,0
SA14/D14_SA14_R04.csv,SA14,SA,D,D14,R04,12.00,0,,0,0,0,0,0
SA14/D14_SA14_R05.csv,SA14,SA,D,D14,R05,12.00,0,,0,0,0,0,0
SA14/D15_SA14_R01.csv,SA14,SA,D,D15,R01,12.00,0,,0,0,0,0,0
SA14/D15_SA14_R02.csv,SA14,SA,D,D15,R02,12.00,0,,0,0,0,0,0
SA14/D15_SA14_R03.csv,SA14,SA,D,D15,R03,12.00,0,,0,0,0,0,0
SA14/D15_SA14_R04.csv,SA14,SA,D,D15,R04,12.00,0,,0,0,0,0,0
SA14/D15_SA14_R05.csv,SA14,SA,D,D15,R05,12.00,0,,0,0,0,0,0
SA14/D16_SA14_R01.csv,SA14,SA,D,D16,R01,11.99,0,,0,0,0,0,0
SA14/D16_SA14_R02.csv,SA14,SA,D,D16,R02,12.00,0,,0,0,0,0,0
SA14/D16_SA14_R03.csv,SA14,SA,D,D16,R03,12.00,0,,0,0,0,0,0
SA14/D16_SA14_R04.csv,SA14,SA,D,D16,R04,12.00,0,,0,0,0,0,0
SA14/D16_SA14_R05.csv,SA14,SA,D,D16,R05,12.00,0,,0,0,0,0,0
SA14/D17_SA14_R01.csv,SA14,SA,D,D17,R01,25.00,0,,0,0,0,0,0
SA14/D17_SA14_R02.csv,SA14,SA,D,D17,R02,25.00,0,,0,0,0,0,0
SA14/D17_SA14_R03.csv,SA14,SA,D,D17,R03,25.00,0,,0,0,0,0,0
SA14/D17_SA14_R04.csv,SA14,SA,D,D17,R04,25.00,0,,0,0,0,0,0
SA14/D17_SA14_R05.csv,SA14,SA,D,D17,R05,25.00,0,,0,0,0,0,0
SA14/D18_SA14_R01.csv,SA14,SA,D,D18,R01,12.00,0,,1,1,1,0,0
SA14/D18_SA14_R02.csv,SA14,SA,D,D18,R02,12.00,0,,1,1,1,0,0
SA14/D18_SA14_R03.csv,SA14,SA,D,D18,R03,12.00,0,,1,1,1,0,0
SA14/D18_SA14_R04.csv,SA14,SA,D,D18,R04,12.00,0,,1,1,0,0,0
SA14/D18_SA14_R05.csv,SA14,SA,D,D18,R05,12.00,0,,1,1,1,0,0
SA14/D19_SA14_R01.csv,SA14,SA,D,D19,R01,12.00,0,,2,2,1,0,0
SA14/D19_SA14_R02.csv,SA14,SA,D,D19,R02,12.00,0,,2,0,0,0,0
SA14/D19_SA14_R03.csv,SA14,SA,D,D19,R03,12.00,0,,3,3,2,0,0
SA14/D19_SA14_R04.csv,SA14,SA,D,D19,R04,12.00,0,,3,2,1,0,0
SA14/D19_SA14_R05.csv,SA14,SA,D,D19,R05,12.00,0,,2,2,1,0,0
SA14/F01_SA14_R01.csv,SA14,SA,F,F01,R01,14.99,1,9.55,1,1,1,1,1
SA14/F01_SA14_R02.csv,SA14,SA,F,F01,R02,14.91,0,,1,1,0,0,0
SA14/F01_SA14_R03.csv,SA14,SA,F,F01,R03,15.00,1,10.13,1,1,1,1,1
SA14/F01_SA14_R04.csv,SA14,SA,F,F01,R04,15.00,1,9.27,1,1,1,1,1
SA14/F01_SA14_R05.csv,SA14,SA,F,F01,R05,15.00,1,9.25,1,1,1,1,1
SA14/F02_SA14_R01.csv,SA14,SA,F,F02,R01,15.00,0,,1,1,0,0,0
SA14/F02_SA14_R02.csv,SA14,SA,F,F02,R02,15.00,1,11.24,1,1,1,1,1
SA14/F02_SA14_R03.csv,SA14,SA,F,F02,R03,15.00,1,10.79,1,1,1,1,1
SA14/F02_SA14_R04.csv,SA14,SA,F,F02,R04,15.00,0,,1,1,0,0,0
SA14/F02_SA14_R05.csv,SA14,SA,F,F02,R05,15.00,1,10.08,1,1,1,1,1
SA14/F03_SA14_R01.csv,SA14,SA,F,F03,R01,15.00,1,6.33,1,1,1,1,1
SA14/F03_SA14_R02.csv,SA14,SA,F,F03,R02,15.00,0,,1,1,0,0,0
SA14/F03_SA14_R03.csv,SA14,SA,F,F03,R03,15.00,1,7.24,1,1,1,1,1
SA14/F03_SA14_R04.csv,SA14,SA,F,F03,R04,15.00,0,,1,1,0,0,0
SA14/F03_SA14_R05.csv,SA14,SA,F,F03,R05,15.00,0,,1,1,0,0,0
SA14/F04_SA14_R01.csv,SA14,SA,F,F04,R01,15.00,1,8.75,1,1,1,1,1
SA14/F04_SA14_R02.csv,SA14,SA,F,F04,R02,15.00,1,8.14,1,1,1,1,1
SA14/F04_SA14_R03.csv,SA14,SA,F,F04,R03,15.00,1,8.61,1,1,1,1,1
SA14/F04_SA14_R04.csv,SA14,SA,F,F04,R04,15.00,1,8.57,1,1,1,1,1
SA14/F04_SA14_R05.csv,SA14,SA,F,F04,R05,14.99,1,8.65,1,1,1,1,1
SA14/F05_SA14_R01.csv,SA14,SA,F,F05,R01,15.00,1,5.96,1,1,1,1,1
SA14/F05_SA14_R02.csv,SA14,SA,F,F05,R02,15.00,0,,1,1,1,0,0
SA14/F05_SA14_R03.csv,SA14,SA,F,F05,R03,15.00,0,,1,1,1,0,0
SA14/F05_SA14_R04.csv,SA14,SA,F,F05,R04,15.00,0,,1,1,1,0,0
SA14/F05_SA14_R05.csv,SA14,SA,F,F05,R05,15.00,0,,1,1,0,0,0
SA14/F06_SA14_R01.csv,SA14,SA,F,F06,R01,14.99,0,,1,0,0,0,0
SA14/F06_SA14_R02.csv,SA14,SA,F,F06,R02,14.90,1,9.49,1,1,1,1,1
SA14/F06_SA14_R03.csv,SA14,SA,F,F06,R03,15.00,0,,1,1,0,0,0
SA14/F06_SA14_R04.csv,SA14,SA,F,F06,R04,15.00,0,,1,1,0,0,0
SA14/F06_SA14_R05.csv,SA14,SA,F,F06,R05,15.00,1,9.62,1,1,1,1,1
SA14/F07_SA14_R01.csv,SA14,SA,F,F07,R01,15.00,1,9.83,1,1,1,1,1
SA14/F07_SA14_R02.csv,SA14,SA,F,F07,R02,15.00,1,9.99,2,1,1,1,1
SA14/F07_SA14_R03.csv,SA14,SA,F,F07,R03,15.00,1,9.10,1,1,1,1,1
SA14/F07_SA14_R04.csv,SA14,SA,F,F07,R04,15.00,1,10.31,1,1,1,1,1
SA14/F07_SA14_R05.csv,SA14,SA,F,F07,R05,15.00,0,,1,1,0,0,0
SA14/F08_SA14_R01.csv,SA14,SA,F,F08,R01,15.00,1,6.26,1,1,1,1,1
SA14/F08_SA14_R02.csv,SA14,SA,F,F08,R02,15.00,1,8.77,1,1,1,1,1
SA14/F08_SA14_R03.csv,SA14,SA,F,F08,R03,15.00,1,8.13,1,1,1,1,1
SA14/F08_SA14_R04.csv,SA14,SA,F,F08,R04,15.00,1,10.10,1,1,1,1,1
SA14/F08_SA14_R05.csv,SA14,SA,F,F08,R05,14.99,0,,1,0,0,0,0
SA14/F09_SA14_R01.csv,SA14,SA,F,F09,R01,15.00,0,,1,0,0,0,0
SA14/F09_SA14_R02.csv,SA14,SA,F,F09,R02,15.00,0,,1,0,0,0,0
SA14/F09_SA14_R03.csv,SA14,SA,F,F09,R03,15.00,1,7.79,1,1,1,1,1
SA14/F09_SA14_R04.csv,SA14,SA,F,F09,R04,15.00,0,,1,0,0,0,0
SA14/F09_SA14_R05.csv,SA14,SA,F,F09,R05,15.00,1,7.67,1,1,1,1,1
SA14/F10_SA14_R01.csv,SA14,SA,F,F10,R01,15.00,1,7.80,1,1,1,1,1
SA14/F10_SA14_R02.csv,SA14,SA,F,F10,R02,15.00,0,,1,1,0,0,0
SA14/F10_SA14_R03.csv,SA14,SA,F,F10,R03,15.00,0,,1,1,0,0,0
SA14/F10_SA14_R04.csv,SA14,SA,F,F10,R04,15.00,0,,1,1,0,0,0
SA14/F10_SA14_R05.csv,SA14,SA,F,F10,R05,15.00,0,,1,1,0,0,0
SA14/F11_SA14_R01.csv,SA14,SA,F,F11,R01,14.99,0,,1,1,0,0,0
SA14/F11_SA14_R02.csv,SA14,SA,F,F11,R02,14.91,0,,1,1,0,0,0
SA14/F11_SA14_R03.csv,SA14,SA,F,F11,R03,15.00,0,,1,0,0,0,0
SA14/F11_SA14_R04.csv,SA14,SA,F,F11,R04,15.00,0,,1,1,1,0,0
SA14/F11_SA14_R05.csv,SA14,SA,F,F11,R05,15.00,0,,1,1,0,0,0
SA14/F12_SA14_R01.csv,SA14,SA,F,F12,R01,14.99,0,,1,0,0,0,0
SA14/F12_SA14_R02.csv,SA14,SA,F,F12,R02,15.00,0,,1,0,0,0,0
SA14/F12_SA14_R03.csv,SA14,SA,F,F12,R03,15.00,0,,1,0,0,0,0
SA14/F12_SA14_R04.csv,SA14,SA,F,F12,R04,15.00,0,,1,0,0,0,0
SA14/F12_SA14_R05.csv,SA14,SA,F,F12,R05,15.00,0,,1,0,0,0,0
SA14/F13_SA14_R01.csv,SA14,SA,F,F13,R01,15.00,1,7.46,1,1,1,1,1
SA14/F13_SA14_R02.csv,SA14,SA,F,F13,R02,15.00,1,7.48,1,1,1,1,1
SA14/F13_SA14_R03.csv,SA14,SA,F,F13,R03,15.00,1,8.58,1,1,1,1,1
SA14/F13_SA14_R04.csv,SA14,SA,F,F13,R04,15.00,1,6.63,1,1,1,1,1
SA14/F13_SA14_R05.csv,SA14,SA,F,F13,R05,15.00,1,7.41,1,1,1,1,1
SA14/F14_SA14_R01.csv,SA14,SA,F,F14,R01,15.00,1,6.18,1,1,1,1,1
SA14/F14_SA14_R02.csv,SA14,SA,F,F14,R02,15.00,1,6.94,1,1,1,1,1
SA14/F14_SA14_R03.csv,SA14,SA,F,F14,R03,15.00,1,7.52,1,1,1,1,1
SA14/F14_SA14_R04.csv,SA14,SA,F,F14,R04,15.00,1,6.37,1,1,1,1,1
SA14/F14_SA14_R05.csv,SA14,SA,F,F14,R05,15.00,1,7.86,1,1,1,1,1
SA14/F15_SA14_R01.csv,SA14,SA,F,F15,R01,15.00,0,,1,1,0,0,0
SA14/F15_SA14_R02.csv,SA14,SA,F,F15,R02,15.00,0,,1,1,0,0,0
SA14/F15_SA14_R03.csv,SA14,SA,F,F15,R03,15.00,0,,1,1,0,0,0
SA14/F15_SA14_R04.csv,SA14,SA,F,F15,R04,15.00,0,,1,1,0,0,0
SA14/F15_SA14_R05.csv,SA14,SA,F,F15,R05,15.00,0,,1,1,0,0,0
SA15/D01_SA15_R01.csv,SA15,SA,D,D01,R01,100.00,0,,0,0,0,0,0
SA15/D02_SA15_R01.csv,SA15,SA,D,D02,R01,100.00,0,,0,0,0,0,0
SA15/D03_SA15_R01.csv,SA15,SA,D,D03,R01,100.00,0,,26,25,25,0,0
SA15/D04_SA15_R01.csv,SA15,SA,D,D04,R01,100.00,0,,33,32,30,0,0
SA15/D05_SA15_R01.csv,SA15,SA,D,D05,R01,25.00,0,,0,0,0,0,0
SA15/D05_SA15_R02.csv,SA15,SA,D,D05,R02,25.00,0,,0,0,0,0,0
SA15/D05_SA15_R03.csv,SA15,SA,D,D05,R03,25.00,0,,0,0,0,0,0
SA15/D05_SA15_R04.csv,SA15,SA,D,D05,R04,25.00,0,,0,0,0,0,0
SA15/D05_SA15_R05.csv,SA15,SA,D,D05,R05,25.00,0,,0,0,0,0,0
SA15/D06_SA15_R01.csv,SA15,SA,D,D06,R01,25.00,0,,8,7,0,0,0
SA15/D06_SA15_R02.csv,SA15,SA,D,D06,R02,25.00,0,,8,8,0,0,0
SA15/D06_SA15_R03.csv,SA15,SA,D,D06,R03,25.00,0,,10,10,1,0,0
SA15/D06_SA15_R04.csv,SA15,SA,D,D06,R04,25.00,0,,8,7,1,0,0
SA15/D06_SA15_R05.csv,SA15,SA,D,D06,R05,25.00,0,,6,5,1,0,0
SA15/D07_SA15_R01.csv,SA15,SA,D,D07,R01,12.00,0,,0,0,0,0,0
SA15/D07_SA15_R02.csv,SA15,SA,D,D07,R02,12.00,0,,0,0,0,0,0
SA15/D07_SA15_R03.csv,SA15,SA,D,D07,R03,12.00,0,,0,0,0,0,0
SA15/D07_SA15_R04.csv,SA15,SA,D,D07,R04,12.00,0,,0,0,0,0,0
SA15/D07_SA15_R05.csv,SA15,SA,D,D07,R05,12.00,0,,0,0,0,0,0
SA15/D08_SA15_R01.csv,SA15,SA,D,D08,R01,12.00,0,,0,0,0,0,0
SA15/D08_SA15_R02.csv,SA15,SA,D,D08,R02,12.00,0,,1,1,0,0,0
SA15/D08_SA15_R03.csv,SA15,SA,D,D08,R03,12.00,0,,0,0,0,0,0
SA15/D08_SA15_R04.csv,SA15,SA,D,D08,R04,12.00,0,,1,0,0,0,0
SA15/D08_SA15_R05.csv,SA15,SA,D,D08,R05,12.00,0,,0,0,0,0,0
SA15/D09_SA15_R01.csv,SA15,SA,D,D09,R01,12.00,0,,0,0,0,0,0
SA15/D09_SA15_R02.csv,SA15,SA,D,D09,R02,12.00,0,,0,0,0,0,0
SA15/D09_SA15_R03.csv,SA15,SA,D,D09,R03,12.00,0,,0,0,0,0,0
SA15/D09_SA15_R04.csv,SA15,SA,D,D09,R04,12.00,0,,0,0,0,0,0
SA15/D09_SA15_R05.csv,SA15,SA,D,D09,R05,12.00,0,,0,0,0,0,0
SA15/D10_SA15_R01.csv,SA15,SA,D,D10,R01,12.00,0,,0,0,0,0,0
SA15/D10_SA15_R02.csv,SA15,SA,D,D10,R02,12.00,0,,0,0,0,0,0
SA15/D10_SA15_R03.csv,SA15,SA,D,D10,R03,12.00,0,,0,0,0,0,0
SA15/D10_SA15_R04.csv,SA15,SA,D,D10,R04,12.00,0,,0,0,0,0,0
SA15/D10_SA15_R05.csv,SA15,SA,D,D10,R05,12.00,0,,0,0,0,0,0
SA15/D11_SA15_R01.csv,SA15,SA,D,D11,R01,11.99,0,,1,1,1,0,0
SA15/D11_SA15_R02.csv,SA15,SA,D,D11,R02,12.00,0,,1,1,1,0,0
SA15/D11_SA15_R03.csv,SA15,SA,D,D11,R03,12.00,0,,1,1,1,0,0
SA15/D11_SA15_R04.csv,SA15,SA,D,D11,R04,12.00,0,,1,1,1,0,0
SA15/D11_SA15_R05.csv,SA15,SA,D,D11,R05,12.00,0,,1,1,1,0,0
SA15/D12_SA15_R01.csv,SA15,SA,D,D12,R01,12.00,0,,0,0,0,0,0
SA15/D12_SA15_R02.csv,SA15,SA,D,D12,R02,12.00,0,,0,0,0,0,0
SA15/D12_SA15_R03.csv,SA15,SA,D,D12,R03,12.00,0,,0,0,0,0,0
SA15/D12_SA15_R04.csv,SA15,SA,D,D12,R04,11.99,0,,0,0,0,0,0
SA15/D12_SA15_R05.csv,SA15,SA,D,D12,R05,12.00,0,,0,0,0,0,0
SA15/D13_SA15_R01.csv,SA15,SA,D,D13,R01,12.00,0,,0,0,0,0,0
SA15/D13_SA15_R02.csv,SA15,SA,D,D13,R02,12.00,0,,0,0,0,0,0
SA15/D13_SA15_R03.csv,SA15,SA,D,D13,R03,12.00,0,,0,0,0,0,0
SA15/D13_SA15_R04.csv,SA15,SA,D,D13,R04,12.00,0,,0,0,0,0,0
SA15/D13_SA15_R05.csv,SA15,SA,D,D13,R05,12.00,0,,0,0,0,0,0
SA15/D14_SA15_R01.csv,SA15,SA,D,D14,R01,12.00,0,,0,0,0,0,0
SA15/D14_SA15_R02.csv,SA15,SA,D,D14,R02,12.00,0,,0,0,0,0,0
SA15/D14_SA15_R03.csv,SA15,SA,D,D14,R03,12.00,0,,0,0,0,0,0
SA15/D14_SA15_R04.csv,SA15,SA,D,D14,R04,12.00,0,,0,0,0,0,0
SA15/D14_SA15_R05.csv,SA15,SA,D,D14,R05,12.00,0,,0,0,0,0,0
SA15/D15_SA15_R01.csv,SA15,SA,D,D15,R01,12.00,0,,0,0,0,0,0
SA15/D15_SA15_R02.csv,SA15,SA,D,D15,R02,12.00,0,,0,0,0,0,0
SA15/D15_SA15_R03.csv,SA15,SA,D,D15,R03,12.00,0,,0,0,0,0,0
SA15/D15_SA15_R04.csv,SA15,SA,D,D15,R04,12.00,0,,0,0,0,0,0
SA15/D15_SA15_R05.csv,SA15,SA,D,D15,R05,12.00,0,,0,0,0,0,0
SA15/D16_SA15_R01.csv,SA15,SA,D,D16,R01,11.99,0,,0,0,0,0,0
SA15/D16_SA15_R02.csv,SA15,SA,D,D16,R02,12.00,0,,0,0,0,0,0
SA15/D16_SA15_R03.csv,SA15,SA,D,D16,R03,12.00,0,,0,0,0,0,0
SA15/D16_SA15_R04.csv,SA15,SA,D,D16,R04,12.00,0,,0,0,0,0,0
SA15/D16_SA15_R05.csv,SA15,SA,D,D16,R05,12.00,0,,0,0,0,0,0
SA15/D17_SE15_R01.csv,SA15,SA,D,D17,R01,25.00,0,,0,0,0,0,0
SA15/D17_SE15_R02.csv,SA15,SA,D,D17,R02,25.00,0,,0,0,0,0,0
SA15/D17_SE15_R03.csv,SA15,SA,D,D17,R03,25.00,0,,0,0,0,0,0
SA15/D17_SE15_R04.csv,SA15,SA,D,D17,R04,25.00,0,,0,0,0,0,0
SA15/D17_SE15_R05.csv,SA15,SA,D,D17,R05,25.00,0,,0,0,0,0,0
SA15/D18_SA15_R01.csv,SA15,SA,D,D18,R01,12.00,0,,1,1,1,0,0
SA15/D18_SA15_R02.csv,SA15,SA,D,D18,R02,12.00,0,,1,1,1,0,0
SA15/D18_SA15_R03.csv,SA15,SA,D,D18,R03,12.00,0,,1,1,1,0,0
SA15/D18_SA15_R04.csv,SA15,SA,D,D18,R04,12.00,0,,1,1,1,0,0
SA15/D18_SA15_R05.csv,SA15,SA,D,D18,R05,12.00,0,,1,1,1,0,0
SA15/D19_SA15_R01.csv,SA15,SA,D,D19,R01,12.00,0,,3,2,1,0,0
SA15/D19_SA15_R02.csv,SA15,SA,D,D19,R02,12.00,0,,2,0,0,0,0
SA15/D19_SA15_R03.csv,SA15,SA,D,D19,R03,12.00,0,,2,2,1,0,0
SA15/D19_SA15_R04.csv,SA15,SA,D,D19,R04,12.00,0,,2,2,1,0,0
SA15/D19_SA15_R05.csv,SA15,SA,D,D19,R05,12.00,0,,2,2,1,0,0
SA15/F01_SA15_R01.csv,SA15,SA,F,F01,R01,14.99,0,,1,1,0,0,0
SA15/F01_SA15_R02.csv,SA15,SA,F,F01,R02,15.00,0,,1,0,0,0,0
SA15/F01_SA15_R03.csv,SA15,SA,F,F01,R03,15.00,0,,1,1,0,0,0
SA15/F01_SA15_R04.csv,SA15,SA,F,F01,R04,15.00,0,,1,1,0,0,0
SA15/F01_SA15_R05.csv,SA15,SA,F,F01,R05,15.00,0,,1,1,0,0,0
SA15/F02_SA15_R01.csv,SA15,SA,F,F02,R01,15.00,1,9.65,1,1,1,1,1
SA15/F02_SA15_R02.csv,SA15,SA,F,F02,R02,15.00,1,10.18,1,1,1,1,1
SA15/F02_SA15_R03.csv,SA15,SA,F,F02,R03,15.00,1,10.46,1,1,1,1,1
SA15/F02_SA15_R04.csv,SA15,SA,F,F02,R04,15.00,1,10.72,1,1,1,1,1
SA15/F02_SA15_R05.csv,SA15,SA,F,F02,R05,15.00,1,10.87,1,1,1,1,1
SA15/F03_SA15_R01.csv,SA15,SA,F,F03,R01,15.00,1,10.08,1,1,1,1,1
SA15/F03_SA15_R02.csv,SA15,SA,F,F03,R02,15.00,1,7.65,1,1,1,1,1
SA15/F03_SA15_R03.csv,SA15,SA,F,F03,R03,15.00,1,8.36,1,1,1,1,1
SA15/F03_SA15_R04.csv,SA15,SA,F,F03,R04,15.00,0,,1,1,0,0,0
SA15/F03_SA15_R05.csv,SA15,SA,F,F03,R05,15.00,1,9.29,1,1,1,1,1
SA15/F04_SA15_R01.csv,SA15,SA,F,F04,R01,15.00,0,,1,1,0,0,0
SA15/F04_SA15_R02.csv,SA15,SA,F,F04,R02,15.00,0,,1,1,0,0,0
SA15/F04_SA15_R03.csv,SA15,SA,F,F04,R03,15.00,0,,1,1,0,0,0
SA15/F04_SA15_R04.csv,SA15,SA,F,F04,R04,15.00,0,,1,1,0,0,0
SA15/F04_SA15_R05.csv,SA15,SA,F,F04,R05,15.00,0,,1,1,0,0,0
SA15/F05_SA15_R01.csv,SA15,SA,F,F05,R01,15.00,0,,1,1,0,0,0
SA15/F05_SA15_R02.csv,SA15,SA,F,F05,R02,15.00,0,,1,1,0,0,0
SA15/F05_SA15_R03.csv,SA15,SA,F,F05,R03,15.00,1,7.18,1,1,1,1,1
SA15/F05_SA15_R04.csv,SA15,SA,F,F05,R04,15.00,0,,2,2,1,0,0
SA15/F05_SA15_R05.csv,SA15,SA,F,F05,R05,15.00,0,,1,1,0,0,0
SA15/F06_SA15_R01.csv,SA15,SA,F,F06,R01,14.99,1,10.56,1,1,1,1,1
SA15/F06_SA15_R02.csv,SA15,SA,F,F06,R02,15.00,1,10.87,1,1,1,1,1
SA15/F06_SA15_R03.csv,SA15,SA,F,F06,R03,15.00,1,10.80,1,1,1,1,1
SA15/F06_SA15_R04.csv,SA15,SA,F,F06,R04,15.00,1,10.97,1,1,1,1,1
SA15/F06_SA15_R05.csv,SA15,SA,F,F06,R05,15.00,1,10.85,1,1,1,1,1
SA15/F07_SA15_R01.csv,SA15,SA,F,F07,R01,15.00,0,,1,1,0,0,0
SA15/F07_SA15_R02.csv,SA15,SA,F,F07,R02,15.00,0,,1,1,0,0,0
SA15/F07_SA15_R03.csv,SA15,SA,F,F07,R03,15.00,1,10.78,1,1,1,1,1
SA15/F07_SA15_R04.csv,SA15,SA,F,F07,R04,15.00,0,,1,1,0,0,0
SA15/F07_SA15_R05.csv,SA15,SA,F,F07,R05,15.00,1,11.22,1,1,1,1,1
SA15/F08_SA15_R01.csv,SA15,SA,F,F08,R01,14.99,1,9.80,1,1,1,1,1
SA15/F08_SA15_R02.csv,SA15,SA,F,F08,R02,15.00,1,9.76,1,1,1,1,1
SA15/F08_SA15_R03.csv,SA15,SA,F,F08,R03,15.00,1,10.37,1,1,1,1,1
SA15/F08_SA15_R04.csv,SA15,SA,F,F08,R04,15.00,0,,1,0,0,0,0
SA15/F08_SA15_R05.csv,SA15,SA,F,F08,R05,15.00,0,,1,0,0,0,0
SA15/F09_SA15_R01.csv,SA15,SA,F,F09,R01,15.00,1,8.48,1,1,1,1,1
SA15/F09_SA15_R02.csv,SA15,SA,F,F09,R02,15.00,0,,1,0,0,0,0
SA15/F09_SA15_R03.csv,SA15,SA,F,F09,R03,15.00,1,9.02,1,1,1,1,1
SA15/F09_SA15_R04.csv,SA15,SA,F,F09,R04,15.00,1,9.12,1,1,1,1,1
SA15/F09_SA15_R05.csv,SA15,SA,F,F09,R05,15.00,1,9.51,1,1,1,1,1
SA15/F10_SA15_R01.csv,SA15,SA,F,F10,R01,15.00,1,8.98,1,1,1,1,1
SA15/F10_SA15_R02.csv,SA15,SA,F,F10,R02,15.00,1,13.43,1,1,1,1,1
SA15/F10_SA15_R03.csv,SA15,SA,F,F10,R03,15.00,0,,1,1,0,0,0
SA15/F10_SA15_R04.csv,SA15,SA,F,F10,R04,15.00,0,,1,1,0,0,0
SA15/F10_SA15_R05.csv,SA15,SA,F,F10,R05,15.00,1,8.85,1,1,1,1,1
SA15/F11_SA15_R01.csv,SA15,SA,F,F11,R01,14.99,0,,1,1,1,0,0
SA15/F11_SA15_R02.csv,SA15,SA,F,F11,R02,15.00,0,,1,1,1,0,0
SA15/F11_SA15_R03.csv,SA15,SA,F,F11,R03,15.00,0,,0,0,0,0,0
SA15/F11_SA15_R04.csv,SA15,SA,F,F11,R04,15.00,0,,1,1,1,0,0
SA15/F11_SA15_R05.csv,SA15,SA,F,F11,R05,15.00,1,8.63,1,1,1,1,1
SA15/F12_SA15_R01.csv,SA15,SA,F,F12,R01,15.00,1,8.67,1,1,1,1,1
SA15/F12_SA15_R02.csv,SA15,SA,F,F12,R02,15.00,0,,0,0,0,0,0
SA15/F12_SA15_R03.csv,SA15,SA,F,F12,R03,15.00,1,8.92,1,1,1,1,1
SA15/F12_SA15_R04.csv,SA15,SA,F,F12,R04,15.00,0,,0,0,0,0,0
SA15/F12_SA15_R05.csv,SA15,SA,F,F12,R05,15.00,1,7.67,1,1,1,1,1
SA15/F13_SA15_R01.csv,SA15,SA,F,F13,R01,15.00,1,8.59,1,1,1,1,1
SA15/F13_SA15_R02.csv,SA15,SA,F,F13,R02,15.00,0,,1,1,0,0,0
SA15/F13_SA15_R03.csv,SA15,SA,F,F13,R03,15.00,1,9.04,1,1,1,1,1
SA15/F13_SA15_R04.csv,SA15,SA,F,F13,R04,15.00,0,,1,1,0,0,0
SA15/F13_SA15_R05.csv,SA15,SA,F,F13,R05,15.00,1,9.58,1,1,1,1,1
SA15/F14_SA15_R01.csv,SA15,SA,F,F14,R01,15.00,1,7.99,1,1,1,1,1
SA15/F14_SA15_R02.csv,SA15,SA,F,F14,R02,15.00,0,,1,1,1,0,0
SA15/F14_SA15_R03.csv,SA15,SA,F,F14,R03,15.00,0,,1,1,1,0,0
SA15/F14_SA15_R04.csv,SA15,SA,F,F14,R04,15.00,0,,1,1,1,0,0
SA15/F14_SA15_R05.csv,SA15,SA,F,F14,R05,15.00,0,,1,1,1,0,0
SA15/F15_SA15_R01.csv,SA15,SA,F,F15,R01,15.00,0,,1,1,0,0,0
SA15/F15_SA15_R02.csv,SA15,SA,F,F15,R02,15.00,0,,1,1,0,0,0
SA15/F15_SA15_R03.csv,SA15,SA,F,F15,R03,15.00,1,10.21,1,1,1,1,1
SA15/F15_SA15_R04.csv,SA15,SA,F,F15,R04,15.00,0,,1,1,0,0,0
SA15/F15_SA15_R05.csv,SA15,SA,F,F15,R05,15.00,0,,1,1,0,0,0
SA16/D01_SA16_R01.csv,SA16,SA,D,D01,R01,100.00,0,,0,0,0,0,0
SA16/D02_SA16_R01.csv,SA16,SA,D,D02,R01,100.00,0,,0,0,0,0,0
SA16/D03_SA16_R01.csv,SA16,SA,D,D03,R01,100.00,0,,86,86,17,0,0
SA16/D04_SA16_R01.csv,SA16,SA,D,D04,R01,100.00,0,,84,84,18,0,0
SA16/D05_SA16_R01.csv,SA16,SA,D,D05,R01,25.00,0,,0,0,0,0,0
SA16/D05_SA16_R02.csv,SA16,SA,D,D05,R02,25.00,0,,0,0,0,0,0
SA16/D05_SA16_R03.csv,SA16,SA,D,D05,R03,25.00,0,,0,0,0,0,0
SA16/D05_SA16_R04.csv,SA16,SA,D,D05,R04,25.00,0,,0,0,0,0,0
SA16/D05_SA16_R05.csv,SA16,SA,D,D05,R05,25.00,0,,0,0,0,0,0
SA16/D06_SA16_R01.csv,SA16,SA,D,D06,R01,25.00,0,,9,9,0,0,0
SA16/D06_SA16_R02.csv,SA16,SA,D,D06,R02,25.00,0,,9,9,0,0,0
SA16/D06_SA16_R03.csv,SA16,SA,D,D06,R03,25.00,0,,10,8,0,0,0
SA16/D06_SA16_R04.csv,SA16,SA,D,D06,R04,25.00,0,,6,6,1,0,0
SA16/D06_SA16_R05.csv,SA16,SA,D,D06,R05,25.00,0,,10,10,0,0,0
SA16/D07_SA16_R01.csv,SA16,SA,D,D07,R01,12.00,0,,0,0,0,0,0
SA16/D07_SA16_R02.csv,SA16,SA,D,D07,R02,12.00,0,,0,0,0,0,0
SA16/D07_SA16_R03.csv,SA16,SA,D,D07,R03,12.00,0,,0,0,0,0,0
SA16/D07_SA16_R04.csv,SA16,SA,D,D07,R04,12.00,0,,0,0,0,0,0
SA16/D07_SA16_R05.csv,SA16,SA,D,D07,R05,12.00,0,,0,0,0,0,0
SA16/D08_SA16_R01.csv,SA16,SA,D,D08,R01,12.00,0,,0,0,0,0,0
SA16/D08_SA16_R02.csv,SA16,SA,D,D08,R02,12.00,0,,0,0,0,0,0
SA16/D08_SA16_R03.csv,SA16,SA,D,D08,R03,12.00,0,,0,0,0,0,0
SA16/D08_SA16_R04.csv,SA16,SA,D,D08,R04,12.00,0,,0,0,0,0,0
SA16/D08_SA16_R05.csv,SA16,SA,D,D08,R05,12.00,0,,0,0,0,0,0
SA16/D09_SA16_R01.csv,SA16,SA,D,D09,R01,12.00,0,,0,0,0,0,0
SA16/D09_SA16_R02.csv,SA16,SA,D,D09,R02,12.00,0,,0,0,0,0,0
SA16/D09_SA16_R03.csv,SA16,SA,D,D09,R03,12.00,0,,0,0,0,0,0
SA16/D09_SA16_R04.csv,SA16,SA,D,D09,R04,12.00,0,,0,0,0,0,0
SA16/D09_SA16_R05.csv,SA16,SA,D,D09,R05,12.00,0,,0,0,0,0,0
SA16/D10_SA16_R01.csv,SA16,SA,D,D10,R01,12.00,0,,0,0,0,0,0
SA16/D10_SA16_R02.csv,SA16,SA,D,D10,R02,12.00,0,,0,0,0,0,0
SA16/D10_SA16_R03.csv,SA16,SA,D,D10,R03,12.00,0,,0,0,0,0,0
SA16/D10_SA16_R04.csv,SA16,SA,D,D10,R04,12.00,0,,1,0,0,0,0
SA16/D10_SA16_R05.csv,SA16,SA,D,D10,R05,12.00,0,,0,0,0,0,0
SA16/D11_SA16_R01.csv,SA16,SA,D,D11,R01,11.99,0,,1,1,1,0,0
SA16/D11_SA16_R02.csv,SA16,SA,D,D11,R02,12.00,0,,1,0,0,0,0
SA16/D11_SA16_R03.csv,SA16,SA,D,D11,R03,12.00,0,,1,0,0,0,0
SA16/D11_SA16_R04.csv,SA16,SA,D,D11,R04,12.00,0,,1,0,0,0,0
SA16/D11_SA16_R05.csv,SA16,SA,D,D11,R05,12.00,0,,1,0,0,0,0
SA16/D12_SA16_R01.csv,SA16,SA,D,D12,R01,12.00,0,,0,0,0,0,0
SA16/D12_SA16_R02.csv,SA16,SA,D,D12,R02,12.00,0,,0,0,0,0,0
SA16/D12_SA16_R03.csv,SA16,SA,D,D12,R03,12.00,0,,0,0,0,0,0
SA16/D12_SA16_R04.csv,SA16,SA,D,D12,R04,12.00,0,,0,0,0,0,0
SA16/D12_SA16_R05.csv,SA16,SA,D,D12,R05,12.00,0,,0,0,0,0,0
SA16/D13_SA16_R01.csv,SA16,SA,D,D13,R01,12.00,0,,0,0,0,0,0
SA16/D13_SA16_R02.csv,SA16,SA,D,D13,R02,12.00,0,,0,0,0,0,0
SA16/D13_SA16_R03.csv,SA16,SA,D,D13,R03,12.00,0,,0,0,0,0,0
SA16/D13_SA16_R04.csv,SA16,SA,D,D13,R04,12.00,0,,0,0,0,0,0
SA16/D13_SA16_R05.csv,SA16,SA,D,D13,R05,12.00,0,,0,0,0,0,0
SA16/D14_SA16_R01.csv,SA16,SA,D,D14,R01,12.00,0,,0,0,0,0,0
SA16/D14_SA16_R02.csv,SA16,SA,D,D14,R02,12.00,0,,0,0,0,0,0
SA16/D14_SA16_R03.csv,SA16,SA,D,D14,R03,12.00,0,,0,0,0,0,0
SA16/D14_SA16_R04.csv,SA16,SA,D,D14,R04,12.00,0,,0,0,0,0,0
SA16/D14_SA16_R05.csv,SA16,SA,D,D14,R05,12.00,0,,0,0,0,0,0
SA16/D15_SA16_R01.csv,SA16,SA,D,D15,R01,12.00,0,,0,0,0,0,0
SA16/D15_SA16_R02.csv,SA16,SA,D,D15,R02,12.00,0,,0,0,0,0,0
SA16/D15_SA16_R03.csv,SA16,SA,D,D15,R03,12.00,0,,0,0,0,0,0
SA16/D15_SA16_R04.csv,SA16,SA,D,D15,R04,12.00,0,,0,0,0,0,0
SA16/D15_SA16_R05.csv,SA16,SA,D,D15,R05,12.00,0,,0,0,0,0,0
SA16/D16_SA16_R01.csv,SA16,SA,D,D16,R01,11.99,0,,0,0,0,0,0
SA16/D16_SA16_R02.csv,SA16,SA,D,D16,R02,12.00,0,,0,0,0,0,0
SA16/D16_SA16_R03.csv,SA16,SA,D,D16,R03,12.00,0,,0,0,0,0,0
SA16/D16_SA16_R04.csv,SA16,SA,D,D16,R04,12.00,0,,0,0,0,0,0
SA16/D16_SA16_R05.csv,SA16,SA,D,D16,R05,12.00,0,,0,0,0,0,0
SA16/D17_SA16_R01.csv,SA16,SA,D,D17,R01,25.00,0,,0,0,0,0,0
SA16/D17_SA16_R02.csv,SA16,SA,D,D17,R02,25.00,0,,0,0,0,0,0
SA16/D17_SA16_R03.csv,SA16,SA,D,D17,R03,25.00,0,,0,0,0,0,0
SA16/D17_SA16_R04.csv,SA16,SA,D,D17,R04,25.00,0,,0,0,0,0,0
SA16/D17_SA16_R05.csv,SA16,SA,D,D17,R05,25.00,0,,0,0,0,0,0
SA16/D18_SA16_R01.csv,SA16,SA,D,D18,R01,12.00,0,,1,1,1,0,0
SA16/D18_SA16_R02.csv,SA16,SA,D,D18,R02,12.00,0,,1,1,1,0,0
SA16/D18_SA16_R03.csv,SA16,SA,D,D18,R03,12.00,0,,1,1,1,0,0
SA16/D18_SA16_R04.csv,SA16,SA,D,D18,R04,12.00,0,,1,1,1,0,0
SA16/D18_SA16_R05.csv,SA16,SA,D,D18,R05,12.00,0,,1,1,1,0,0
SA16/D19_SA16_R01.csv,SA16,SA,D,D19,R01,12.00,0,,2,1,1,0,0
SA16/D19_SA16_R02.csv,SA16,SA,D,D19,R02,12.00,0,,2,2,1,0,0
SA16/D19_SA16_R03.csv,SA16,SA,D,D19,R03,12.00,0,,1,1,1,0,0
SA16/D19_SA16_R04.csv,SA16,SA,D,D19,R04,12.00,0,,1,1,1,0,0
SA16/D19_SA16_R05.csv,SA16,SA,D,D19,R05,12.00,0,,1,1,1,0,0
SA16/F01_SA16_R01.csv,SA16,SA,F,F01,R01,15.00,0,,1,1,0,0,0
SA16/F01_SA16_R02.csv,SA16,SA,F,F01,R02,15.00,0,,1,1,0,0,0
SA16/F01_SA16_R03.csv,SA16,SA,F,F01,R03,15.00,0,,1,1,0,0,0
SA16/F01_SA16_R04.csv,SA16,SA,F,F01,R04,15.00,1,9.88,1,1,1,1,1
SA16/F01_SA16_R05.csv,SA16,SA,F,F01,R05,15.00,1,10.17,1,1,1,1,1
SA16/F02_SA16_R01.csv,SA16,SA,F,F02,R01,14.99,0,,1,1,0,0,0
SA16/F02_SA16_R02.csv,SA16,SA,F,F02,R02,15.00,0,,1,1,0,0,0
SA16/F02_SA16_R03.csv,SA16,SA,F,F02,R03,15.00,0,,1,1,0,0,0
SA16/F02_SA16_R04.csv,SA16,SA,F,F02,R04,15.00,0,,1,1,0,0,0
SA16/F02_SA16_R05.csv,SA16,SA,F,F02,R05,15.00,0,,1,1,0,0,0
SA16/F03_SA16_R01.csv,SA16,SA,F,F03,R01,15.00,0,,1,1,0,0,0
SA16/F03_SA16_R02.csv,SA16,SA,F,F03,R02,15.00,0,,1,1,0,0,0
SA16/F03_SA16_R03.csv,SA16,SA,F,F03,R03,15.00,0,,1,1,0,0,0
SA16/F03_SA16_R04.csv,SA16,SA,F,F03,R04,15.00,0,,1,1,0,0,0
SA16/F03_SA16_R05.csv,SA16,SA,F,F03,R05,15.00,0,,1,1,0,0,0
SA16/F04_SA16_R01.csv,SA16,SA,F,F04,R01,14.99,1,9.29,1,1,1,1,1
SA16/F04_SA16_R02.csv,SA16,SA,F,F04,R02,15.00,1,9.13,1,1,1,1,1
SA16/F04_SA16_R03.csv,SA16,SA,F,F04,R03,15.00,1,8.59,1,1,1,1,1
SA16/F04_SA16_R04.csv,SA16,SA,F,F04,R04,15.00,1,8.53,1,1,1,1,1
SA16/F04_SA16_R05.csv,SA16,SA,F,F04,R05,15.00,1,8.35,1,1,1,1,1
SA16/F05_SA16_R01.csv,SA16,SA,F,F05,R01,15.00,0,,1,1,1,0,0
SA16/F05_SA16_R02.csv,SA16,SA,F,F05,R02,15.00,0,,1,1,1,0,0
SA16/F05_SA16_R03.csv,SA16,SA,F,F05,R03,15.00,0,,1,1,0,0,0
SA16/F05_SA16_R04.csv,SA16,SA,F,F05,R04,15.00,0,,1,1,1,0,0
SA16/F05_SA16_R05.csv,SA16,SA,F,F05,R05,15.00,0,,1,1,0,0,0
SA16/F06_SA16_R01.csv,SA16,SA,F,F06,R01,14.99,0,,1,1,0,0,0
SA16/F06_SA16_R02.csv,SA16,SA,F,F06,R02,15.00,1,10.00,1,1,1,1,1
SA16/F06_SA16_R03.csv,SA16,SA,F,F06,R03,15.00,0,,1,0,0,0,0
SA16/F06_SA16_R04.csv,SA16,SA,F,F06,R04,15.00,1,9.55,1,1,1,1,1
SA16/F06_SA16_R05.csv,SA16,SA,F,F06,R05,15.00,1,9.62,1,1,1,1,1
SA16/F07_SA16_R01.csv,SA16,SA,F,F07,R01,15.00,1,8.87,1,1,1,1,1
SA16/F07_SA16_R02.csv,SA16,SA,F,F07,R02,15.00,1,9.39,1,1,1,1,1
SA16/F07_SA16_R03.csv,SA16,SA,F,F07,R03,15.00,1,9.50,1,1,1,1,1
SA16/F07_SA16_R04.csv,SA16,SA,F,F07,R04,15.00,1,9.98,1,1,1,1,1
SA16/F07_SA16_R05.csv,SA16,SA,F,F07,R05,15.00,1,10.11,1,1,1,1,1
SA16/F08_SA16_R01.csv,SA16,SA,F,F08,R01,15.00,1,9.73,1,1,1,1,1
SA16/F08_SA16_R02.csv,SA16,SA,F,F08,R02,15.00,1,10.46,1,1,1,1,1
SA16/F08_SA16_R03.csv,SA16,SA,F,F08,R03,15.00,0,,1,1,0,0,0
SA16/F08_SA16_R04.csv,SA16,SA,F,F08,R04,15.00,0,,1,1,0,0,0
SA16/F08_SA16_R05.csv,SA16,SA,F,F08,R05,15.00,0,,1,1,0,0,0
SA16/F09_SA16_R01.csv,SA16,SA,F,F09,R01,15.00,1,9.19,1,1,1,1,1
SA16/F09_SA16_R02.csv,SA16,SA,F,F09,R02,15.00,1,9.97,1,1,1,1,1
SA16/F09_SA16_R03.csv,SA16,SA,F,F09,R03,15.00,1,10.65,1,1,1,1,1
SA16/F09_SA16_R04.csv,SA16,SA,F,F09,R04,15.00,1,12.30,1,1,1,1,1
SA16/F09_SA16_R05.csv,SA16,SA,F,F09,R05,15.00,1,11.08,1,1,1,1,1
SA16/F10_SA16_R01.csv,SA16,SA,F,F10,R01,15.00,1,7.02,1,1,1,1,1
SA16/F10_SA16_R02.csv,SA16,SA,F,F10,R02,15.00,0,,1,1,0,0,0
SA16/F10_SA16_R03.csv,SA16,SA,F,F10,R03,15.00,1,6.75,1,1,1,1,1
SA16/F10_SA16_R04.csv,SA16,SA,F,F10,R04,15.00,1,6.10,1,1,1,1,1
SA16/F10_SA16_R05.csv,SA16,SA,F,F10,R05,15.00,1,7.20,1,1,1,1,1
SA16/F11_SA16_R01.csv,SA16,SA,F,F11,R01,14.99,1,5.96,1,1,1,1,1
SA16/F11_SA16_R02.csv,SA16,SA,F,F11,R02,15.00,0,,1,0,0,0,0
SA16/F11_SA16_R03.csv,SA16,SA,F,F11,R03,15.00,0,,1,1,0,0,0
SA16/F11_SA16_R04.csv,SA16,SA,F,F11,R04,15.00,0,,1,1,0,0,0
SA16/F11_SA16_R05.csv,SA16,SA,F,F11,R05,15.00,1,6.20,1,1,1,1,1
SA16/F12_SA16_R01.csv,SA16,SA,F,F12,R01,15.00,0,,1,1,0,0,0
SA16/F12_SA16_R02.csv,SA16,SA,F,F12,R02,15.00,1,7.41,1,1,1,1,1
SA16/F12_SA16_R03.csv,SA16,SA,F,F12,R03,15.00,1,7.67,1,1,1,1,1
SA16/F12_SA16_R04.csv,SA16,SA,F,F12,R04,15.00,1,7.49,1,1,1,1,1
SA16/F12_SA16_R05.csv,SA16,SA,F,F12,R05,15.00,1,7.57,1,1,1,1,1
SA16/F13_SA16_R01.csv,SA16,SA,F,F13,R01,15.00,1,8.99,1,1,1,1,1
SA16/F13_SA16_R02.csv,SA16,SA,F,F13,R02,15.00,1,9.61,1,1,1,1,1
SA16/F13_SA16_R03.csv,SA16,SA,F,F13,R03,15.00,1,10.25,1,1,1,1,1
SA16/F13_SA16_R04.csv,SA16,SA,F,F13,R04,15.00,1,8.61,1,1,1,1,1
SA16/F13_SA16_R05.csv,SA16,SA,F,F13,R05,15.00,0,,1,1,0,0,0
SA16/F14_SA16_R01.csv,SA16,SA,F,F14,R01,15.00,1,9.48,1,1,1,1,1
SA16/F14_SA16_R02.csv,SA16,SA,F,F14,R02,15.00,1,12.10,1,1,1,1,1
SA16/F14_SA16_R03.csv,SA16,SA,F,F14,R03,15.00,1,10.92,1,1,1,1,1
SA16/F14_SA16_R04.csv,SA16,SA,F,F14,R04,15.00,1,11.50,1,1,1,1,1
SA16/F14_SA16_R05.csv,SA16,SA,F,F14,R05,15.00,1,9.47,1,1,1,1,1
SA16/F15_SA16_R01.csv,SA16,SA,F,F15,R01,15.00,0,,0,0,0,0,0
SA16/F15_SA16_R02.csv,SA16,SA,F,F15,R02,15.00,1,11.28,1,1,1,1,1
SA16/F15_SA16_R03.csv,SA16,SA,F,F15,R03,15.00,1,10.18,1,1,1,1,1
SA16/F15_SA16_R04.csv,SA16,SA,F,F15,R04,15.00,1,9.29,1,1,1,1,1
SA16/F15_SA16_R05.csv,SA16,SA,F,F15,R05,15.00,1,8.37,1,1,1,1,1
SA17/D01_SA17_R01.csv,SA17,SA,D,D01,R01,100.00,0,,0,0,0,0,0
SA17/D02_SA17_R01.csv,SA17,SA,D,D02,R01,100.00,0,,0,0,0,0,0
SA17/D03_SA17_R01.csv,SA17,SA,D,D03,R01,100.00,0,,24,24,24,0,0
SA17/D04_SA17_R01.csv,SA17,SA,D,D04,R01,100.00,0,,40,40,30,0,0
SA17/D05_SA17_R01.csv,SA17,SA,D,D05,R01,25.00,0,,0,0,0,0,0
SA17/D05_SA17_R02.csv,SA17,SA,D,D05,R02,25.00,0,,0,0,0,0,0
SA17/D05_SA17_R03.csv,SA17,SA,D,D05,R03,25.00,0,,0,0,0,0,0
SA17/D05_SA17_R04.csv,SA17,SA,D,D05,R04,24.91,0,,0,0,0,0,0
SA17/D05_SA17_R05.csv,SA17,SA,D,D05,R05,25.00,0,,0,0,0,0,0
SA17/D06_SA17_R02.csv,SA17,SA,D,D06,R02,25.00,0,,4,3,1,0,0
SA17/D06_SA17_R03.csv,SA17,SA,D,D06,R03,25.00,0,,5,4,0,0,0
SA17/D06_SA17_R04.csv,SA17,SA,D,D06,R04,25.00,0,,5,4,1,0,0
SA17/D06_SA17_R05.csv,SA17,SA,D,D06,R05,25.00,0,,7,7,0,0,0
SA17/D07_SA17_R01.csv,SA17,SA,D,D07,R01,12.00,0,,0,0,0,0,0
SA17/D07_SA17_R02.csv,SA17,SA,D,D07,R02,12.00,0,,0,0,0,0,0
SA17/D07_SA17_R03.csv,SA17,SA,D,D07,R03,12.00,0,,0,0,0,0,0
SA17/D07_SA17_R04.csv,SA17,SA,D,D07,R04,12.00,0,,0,0,0,0,0
SA17/D07_SA17_R05.csv,SA17,SA,D,D07,R05,12.00,0,,0,0,0,0,0
SA17/D08_SA17_R01.csv,SA17,SA,D,D08,R01,12.00,0,,1,1,0,0,0
SA17/D08_SA17_R02.csv,SA17,SA,D,D08,R02,12.00,0,,0,0,0,0,0
SA17/D08_SA17_R03.csv,SA17,SA,D,D08,R03,12.00,0,,0,0,0,0,0
SA17/D08_SA17_R04.csv,SA17,SA,D,D08,R04,12.00,0,,0,0,0,0,0
SA17/D08_SA17_R05.csv,SA17,SA,D,D08,R05,12.00,0,,0,0,0,0,0
SA17/D09_SA17_R01.csv,SA17,SA,D,D09,R01,12.00,0,,0,0,0,0,0
SA17/D09_SA17_R02.csv,SA17,SA,D,D09,R02,12.00,0,,0,0,0,0,0
SA17/D09_SA17_R03.csv,SA17,SA,D,D09,R03,12.00,0,,0,0,0,0,0
SA17/D09_SA17_R04.csv,SA17,SA,D,D09,R04,12.00,0,,0,0,0,0,0
SA17/D09_SA17_R05.csv,SA17,SA,D,D09,R05,12.00,0,,0,0,0,0,0
SA17/D10_SA17_R01.csv,SA17,SA,D,D10,R01,12.00,0,,0,0,0,0,0
SA17/D10_SA17_R02.csv,SA17,SA,D,D10,R02,12.00,0,,0,0,0,0,0
SA17/D10_SA17_R03.csv,SA17,SA,D,D10,R03,12.00,0,,0,0,0,0,0
SA17/D10_SA17_R04.csv,SA17,SA,D,D10,R04,12.00,0,,0,0,0,0,0
SA17/D10_SA17_R05.csv,SA17,SA,D,D10,R05,12.00,0,,0,0,0,0,0
SA17/D11_SA17_R01.csv,SA17,SA,D,D11,R01,11.99,0,,1,0,0,0,0
SA17/D11_SA17_R02.csv,SA17,SA,D,D11,R02,12.00,0,,1,0,0,0,0
SA17/D11_SA17_R03.csv,SA17,SA,D,D11,R03,12.00,0,,1,0,0,0,0
SA17/D11_SA17_R04.csv,SA17,SA,D,D11,R04,12.00,0,,1,1,0,0,0
SA17/D11_SA17_R05.csv,SA17,SA,D,D11,R05,12.00,0,,1,0,0,0,0
SA17/D12_SA17_R01.csv,SA17,SA,D,D12,R01,12.00,0,,0,0,0,0,0
SA17/D12_SA17_R02.csv,SA17,SA,D,D12,R02,12.00,0,,0,0,0,0,0
SA17/D12_SA17_R03.csv,SA17,SA,D,D12,R03,12.00,0,,0,0,0,0,0
SA17/D12_SA17_R04.csv,SA17,SA,D,D12,R04,12.00,0,,0,0,0,0,0
SA17/D12_SA17_R05.csv,SA17,SA,D,D12,R05,11.99,0,,0,0,0,0,0
SA17/D13_SA17_R01.csv,SA17,SA,D,D13,R01,12.00,0,,0,0,0,0,0
SA17/D13_SA17_R02.csv,SA17,SA,D,D13,R02,12.00,0,,0,0,0,0,0
SA17/D13_SA17_R03.csv,SA17,SA,D,D13,R03,12.00,0,,0,0,0,0,0
SA17/D13_SA17_R04.csv,SA17,SA,D,D13,R04,12.00,0,,0,0,0,0,0
SA17/D13_SA17_R05.csv,SA17,SA,D,D13,R05,12.00,0,,0,0,0,0,0
SA17/D14_SA17_R01.csv,SA17,SA,D,D14,R01,12.00,0,,0,0,0,0,0
SA17/D14_SA17_R02.csv,SA17,SA,D,D14,R02,12.00,0,,0,0,0,0,0
SA17/D14_SA17_R03.csv,SA17,SA,D,D14,R03,12.00,0,,0,0,0,0,0
SA17/D14_SA17_R04.csv,SA17,SA,D,D14,R04,12.00,0,,0,0,0,0,0
SA17/D14_SA17_R05.csv,SA17,SA,D,D14,R05,12.00,0,,0,0,0,0,0
SA17/D15_SA17_R01.csv,SA17,SA,D,D15,R01,12.00,0,,0,0,0,0,0
SA17/D15_SA17_R02.csv,SA17,SA,D,D15,R02,12.00,0,,0,0,0,0,0
SA17/D15_SA17_R03.csv,SA17,SA,D,D15,R03,12.00,0,,0,0,0,0,0
SA17/D15_SA17_R04.csv,SA17,SA,D,D15,R04,12.00,0,,0,0,0,0,0
SA17/D15_SA17_R05.csv,SA17,SA,D,D15,R05,12.00,0,,0,0,0,0,0
SA17/D16_SA17_R01.csv,SA17,SA,D,D16,R01,11.99,0,,0,0,0,0,0
SA17/D16_SA17_R02.csv,SA17,SA,D,D16,R02,12.00,0,,0,0,0,0,0
SA17/D16_SA17_R03.csv,SA17,SA,D,D16,R03,12.00,0,,0,0,0,0,0
SA17/D16_SA17_R04.csv,SA17,SA,D,D16,R04,12.00,0,,0,0,0,0,0
SA17/D16_SA17_R05.csv,SA17,SA,D,D16,R05,12.00,0,,0,0,0,0,0
SA17/D17_SA17_R01.csv,SA17,SA,D,D17,R01,25.00,0,,0,0,0,0,0
SA17/D17_SA17_R02.csv,SA17,SA,D,D17,R02,25.00,0,,0,0,0,0,0
SA17/D17_SA17_R03.csv,SA17,SA,D,D17,R03,25.00,0,,0,0,0,0,0
SA17/D17_SA17_R04.csv,SA17,SA,D,D17,R04,25.00,0,,0,0,0,0,0
SA17/D17_SA17_R05.csv,SA17,SA,D,D17,R05,25.00,0,,0,0,0,0,0
SA17/D18_SA17_R01.csv,SA17,SA,D,D18,R01,12.00,0,,2,2,0,0,0
SA17/D18_SA17_R02.csv,SA17,SA,D,D18,R02,12.00,0,,1,1,0,0,0
SA17/D18_SA17_R03.csv,SA17,SA,D,D18,R03,12.00,0,,1,1,0,0,0
SA17/D18_SA17_R04.csv,SA17,SA,D,D18,R04,12.00,0,,1,1,0,0,0
SA17/D18_SA17_R05.csv,SA17,SA,D,D18,R05,12.00,0,,1,1,1,0,0
SA17/D19_SA17_R01.csv,SA17,SA,D,D19,R01,12.00,0,,1,1,1,0,0
SA17/D19_SA17_R02.csv,SA17,SA,D,D19,R02,12.00,0,,1,1,1,0,0
SA17/D19_SA17_R03.csv,SA17,SA,D,D19,R03,12.00,0,,1,1,1,0,0
SA17/D19_SA17_R04.csv,SA17,SA,D,D19,R04,12.00,0,,2,2,0,0,0
SA17/D19_SA17_R05.csv,SA17,SA,D,D19,R05,12.00,0,,3,3,1,0,0
SA17/F01_SA17_R01.csv,SA17,SA,F,F01,R01,14.99,0,,1,1,0,0,0
SA17/F01_SA17_R02.csv,SA17,SA,F,F01,R02,15.00,0,,1,1,0,0,0
SA17/F01_SA17_R03.csv,SA17,SA,F,F01,R03,15.00,0,,1,1,0,0,0
SA17/F01_SA17_R04.csv,SA17,SA,F,F01,R04,15.00,0,,1,1,0,0,0
SA17/F01_SA17_R05.csv,SA17,SA,F,F01,R05,15.00,1,9.77,1,1,1,1,1
SA17/F02_SA17_R01.csv,SA17,SA,F,F02,R01,14.99,1,11.46,1,1,1,1,1
SA17/F02_SA17_R02.csv,SA17,SA,F,F02,R02,15.00,0,,1,1,0,0,0
SA17/F02_SA17_R03.csv,SA17,SA,F,F02,R03,15.00,1,10.70,1,1,1,1,1
SA17/F02_SA17_R04.csv,SA17,SA,F,F02,R04,15.00,0,,1,1,0,0,0
SA17/F02_SA17_R05.csv,SA17,SA,F,F02,R05,15.00,1,9.34,1,1,1,1,1
SA17/F03_SA17_R01.csv,SA17,SA,F,F03,R01,15.00,0,,1,1,0,0,0
SA17/F03_SA17_R02.csv,SA17,SA,F,F03,R02,15.00,0,,1,1,0,0,0
SA17/F03_SA17_R03.csv,SA17,SA,F,F03,R03,15.00,0,,1,1,0,0,0
SA17/F03_SA17_R04.csv,SA17,SA,F,F03,R04,15.00,0,,1,1,0,0,0
SA17/F03_SA17_R05.csv,SA17,SA,F,F03,R05,15.00,0,,1,1,0,0,0
SA17/F04_SA17_R01.csv,SA17,SA,F,F04,R01,14.99,0,,1,1,0,0,0
SA17/F04_SA17_R02.csv,SA17,SA,F,F04,R02,15.00,1,9.05,1,1,1,1,1
SA17/F04_SA17_R03.csv,SA17,SA,F,F04,R03,15.00,1,9.33,1,1,1,1,1
SA17/F04_SA17_R04.csv,SA17,SA,F,F04,R04,15.00,1,9.72,1,1,1,1,1
SA17/F04_SA17_R05.csv,SA17,SA,F,F04,R05,15.00,1,9.02,1,1,1,1,1
SA17/F05_SA17_R01.csv,SA17,SA,F,F05,R01,15.00,0,,1,1,1,0,0
SA17/F05_SA17_R02.csv,SA17,SA,F,F05,R02,15.00,1,6.65,1,1,1,1,1
SA17/F05_SA17_R03.csv,SA17,SA,F,F05,R03,15.00,0,,1,1,1,0,0
SA17/F05_SA17_R04.csv,SA17,SA,F,F05,R04,15.00,1,7.27,1,1,1,1,1
SA17/F05_SA17_R05.csv,SA17,SA,F,F05,R05,15.00,1,7.37,1,1,1,1,1
SA17/F06_SA17_R01.csv,SA17,SA,F,F06,R01,14.99,1,10.13,1,1,1,1,1
SA17/F06_SA17_R02.csv,SA17,SA,F,F06,R02,15.00,1,11.22,1,1,1,1,1
SA17/F06_SA17_R03.csv,SA17,SA,F,F06,R03,14.98,1,9.54,1,1,1,1,1
SA17/F06_SA17_R04.csv,SA17,SA,F,F06,R04,15.00,1,10.14,1,1,1,1,1
SA17/F06_SA17_R05.csv,SA17,SA,F,F06,R05,15.00,0,,1,1,0,0,0
SA17/F07_SA17_R01.csv,SA17,SA,F,F07,R01,15.00,1,9.70,2,1,1,1,1
SA17/F07_SA17_R02.csv,SA17,SA,F,F07,R02,15.00,0,,1,1,0,0,0
SA17/F07_SA17_R03.csv,SA17,SA,F,F07,R03,15.00,1,9.81,1,1,1,1,1
SA17/F07_SA17_R04.csv,SA17,SA,F,F07,R04,15.00,1,9.76,1,1,1,1,1
SA17/F07_SA17_R05.csv,SA17,SA,F,F07,R05,15.00,0,,1,1,0,0,0
SA17/F08_SA17_R01.csv,SA17,SA,F,F08,R01,15.00,0,,1,1,0,0,0
SA17/F08_SA17_R02.csv,SA17,SA,F,F08,R02,15.00,1,10.63,1,1,1,1,1
SA17/F08_SA17_R03.csv,SA17,SA,F,F08,R03,14.99,1,10.34,1,1,1,1,1
SA17/F08_SA17_R04.csv,SA17,SA,F,F08,R04,15.00,1,9.56,1,1,1,1,1
SA17/F08_SA17_R05.csv,SA17,SA,F,F08,R05,15.00,1,10.10,1,1,1,1,1
SA17/F09_SA17_R01.csv,SA17,SA,F,F09,R01,15.00,1,8.71,1,1,1,1,1
SA17/F09_SA17_R02.csv,SA17,SA,F,F09,R02,15.00,1,8.93,1,1,1,1,1
SA17/F09_SA17_R03.csv,SA17,SA,F,F09,R03,15.00,1,9.30,1,1,1,1,1
SA17/F09_SA17_R04.csv,SA17,SA,F,F09,R04,15.00,1,9.12,1,1,1,1,1
SA17/F09_SA17_R05.csv,SA17,SA,F,F09,R05,15.00,1,9.76,1,1,1,1,1
SA17/F10_SA17_R01.csv,SA17,SA,F,F10,R01,15.00,1,7.11,1,1,1,1,1
SA17/F10_SA17_R02.csv,SA17,SA,F,F10,R02,15.00,1,6.77,1,1,1,1,1
SA17/F10_SA17_R03.csv,SA17,SA,F,F10,R03,14.99,1,7.28,1,1,1,1,1
SA17/F10_SA17_R04.csv,SA17,SA,F,F10,R04,15.00,1,6.74,1,1,1,1,1
SA17/F10_SA17_R05.csv,SA17,SA,F,F10,R05,15.00,1,6.53,1,1,1,1,1
SA17/F11_SA17_R01.csv,SA17,SA,F,F11,R01,14.99,0,,1,1,0,0,0
SA17/F11_SA17_R02.csv,SA17,SA,F,F11,R02,15.00,0,,1,1,0,0,0
SA17/F11_SA17_R03.csv,SA17,SA,F,F11,R03,15.00,0,,1,1,0,0,0
SA17/F11_SA17_R04.csv,SA17,SA,F,F11,R04,15.00,1,6.50,1,1,1,1,1
SA17/F11_SA17_R05.csv,SA17,SA,F,F11,R05,15.00,0,,1,1,1,0,0
SA17/F12_SA17_R01.csv,SA17,SA,F,F12,R01,15.00,1,6.92,1,1,1,1,1
SA17/F12_SA17_R02.csv,SA17,SA,F,F12,R02,15.00,1,7.44,1,1,1,1,1
SA17/F12_SA17_R03.csv,SA17,SA,F,F12,R03,15.00,1,8.12,1,1,1,1,1
SA17/F12_SA17_R04.csv,SA17,SA,F,F12,R04,15.00,1,6.34,1,1,1,1,1
SA17/F12_SA17_R05.csv,SA17,SA,F,F12,R05,15.00,1,7.33,1,1,1,1,1
SA17/F13_SA17_R01.csv,SA17,SA,F,F13,R01,15.00,1,7.11,1,1,1,1,1
SA17/F13_SA17_R02.csv,SA17,SA,F,F13,R02,15.00,1,9.97,1,1,1,1,1
SA17/F13_SA17_R03.csv,SA17,SA,F,F13,R03,15.00,1,9.58,1,1,1,1,1
SA17/F13_SA17_R04.csv,SA17,SA,F,F13,R04,15.00,1,8.98,1,1,1,1,1
SA17/F13_SA17_R05.csv,SA17,SA,F,F13,R05,15.00,0,,1,1,0,0,0
SA17/F14_SA17_R01.csv,SA17,SA,F,F14,R01,15.00,1,7.63,1,1,1,1,1
SA17/F14_SA17_R02.csv,SA17,SA,F,F14,R02,15.00,1,8.28,1,1,1,1,1
SA17/F14_SA17_R03.csv,SA17,SA,F,F14,R03,14.99,1,9.04,1,1,1,1,1
SA17/F14_SA17_R04.csv,SA17,SA,F,F14,R04,15.00,1,10.14,1,1,1,1,1
SA17/F14_SA17_R05.csv,SA17,SA,F,F14,R05,15.00,1,10.13,1,1,1,1,1
SA17/F15_SA17_R01.csv,SA17,SA,F,F15,R01,15.00,1,8.21,1,1,1,1,1
SA17/F15_SA17_R02.csv,SA17,SA,F,F15,R02,15.00,0,,1,1,0,0,0
SA17/F15_SA17_R03.csv,SA17,SA,F,F15,R03,14.99,0,,1,1,0,0,0
SA17/F15_SA17_R04.csv,SA17,SA,F,F15,R04,15.00,1,6.86,1,1,1,1,1
SA17/F15_SA17_R05.csv,SA17,SA,F,F15,R05,15.00,1,9.34,1,1,1,1,1
SA18/D01_SA18_R01.csv,SA18,SA,D,D01,R01,100.00,0,,0,0,0,0,0
SA18/D02_SA18_R01.csv,SA18,SA,D,D02,R01,100.00,0,,0,0,0,0,0
SA18/D03_SA18_R01.csv,SA18,SA,D,D03,R01,100.00,0,,26,26,25,0,0
SA18/D04_SA18_R01.csv,SA18,SA,D,D04,R01,100.00,0,,109,109,6,0,0
SA18/D05_SA18_R01.csv,SA18,SA,D,D05,R01,25.00,0,,0,0,0,0,0
SA18/D05_SA18_R02.csv,SA18,SA,D,D05,R02,25.00,0,,1,1,0,0,0
SA18/D05_SA18_R03.csv,SA18,SA,D,D05,R03,25.00,0,,2,2,1,0,0
SA18/D05_SA18_R04.csv,SA18,SA,D,D05,R04,25.00,0,,1,1,0,0,0
SA18/D05_SA18_R05.csv,SA18,SA,D,D05,R05,25.00,0,,1,1,0,0,0
SA18/D06_SA18_R01.csv,SA18,SA,D,D06,R01,25.00,0,,3,3,2,0,0
SA18/D06_SA18_R02.csv,SA18,SA,D,D06,R02,25.00,0,,4,4,1,0,0
SA18/D06_SA18_R03.csv,SA18,SA,D,D06,R03,25.00,0,,2,2,1,0,0
SA18/D06_SA18_R04.csv,SA18,SA,D,D06,R04,25.00,0,,3,3,0,0,0
SA18/D06_SA18_R05.csv,SA18,SA,D,D06,R05,25.00,0,,5,4,2,0,0
SA18/D07_SA18_R01.csv,SA18,SA,D,D07,R01,12.00,0,,0,0,0,0,0
SA18/D07_SA18_R02.csv,SA18,SA,D,D07,R02,12.00,0,,0,0,0,0,0
SA18/D07_SA18_R03.csv,SA18,SA,D,D07,R03,12.00,0,,0,0,0,0,0
SA18/D07_SA18_R04.csv,SA18,SA,D,D07,R04,12.00,0,,0,0,0,0,0
SA18/D07_SA18_R05.csv,SA18,SA,D,D07,R05,12.00,0,,0,0,0,0,0
SA18/D08_SA18_R01.csv,SA18,SA,D,D08,R01,12.00,0,,1,1,1,0,0
SA18/D08_SA18_R02.csv,SA18,SA,D,D08,R02,12.00,0,,1,1,1,0,0
SA18/D08_SA18_R03.csv,SA18,SA,D,D08,R03,12.00,0,,1,1,1,0,0
SA18/D08_SA18_R04.csv,SA18,SA,D,D08,R04,12.00,0,,0,0,0,0,0
SA18/D08_SA18_R05.csv,SA18,SA,D,D08,R05,12.00,0,,1,1,1,0,0
SA18/D09_SA18_R01.csv,SA18,SA,D,D09,R01,12.00,0,,0,0,0,0,0
SA18/D09_SA18_R02.csv,SA18,SA,D,D09,R02,12.00,0,,0,0,0,0,0
SA18/D09_SA18_R03.csv,SA18,SA,D,D09,R03,12.00,0,,0,0,0,0,0
SA18/D09_SA18_R04.csv,SA18,SA,D,D09,R04,12.00,0,,0,0,0,0,0
SA18/D09_SA18_R05.csv,SA18,SA,D,D09,R05,12.00,0,,0,0,0,0,0
SA18/D10_SA18_R01.csv,SA18,SA,D,D10,R01,12.00,0,,1,0,0,0,0
SA18/D10_SA18_R02.csv,SA18,SA,D,D10,R02,12.00,0,,1,0,0,0,0
SA18/D10_SA18_R03.csv,SA18,SA,D,D10,R03,12.00,0,,1,1,0,0,0
SA18/D10_SA18_R04.csv,SA18,SA,D,D10,R04,12.00,0,,1,1,1,0,0
SA18/D10_SA18_R05.csv,SA18,SA,D,D10,R05,12.00,0,,1,0,0,0,0
SA18/D11_SA18_R01.csv,SA18,SA,D,D11,R01,11.99,0,,1,0,0,0,0
SA18/D11_SA18_R02.csv,SA18,SA,D,D11,R02,12.00,0,,1,1,1,0,0
SA18/D11_SA18_R03.csv,SA18,SA,D,D11,R03,12.00,0,,1,1,0,0,0
SA18/D11_SA18_R04.csv,SA18,SA,D,D11,R04,12.00,0,,1,1,1,0,0
SA18/D11_SA18_R05.csv,SA18,SA,D,D11,R05,12.00,0,,1,1,1,0,0
SA18/D12_SA18_R01.csv,SA18,SA,D,D12,R01,12.00,0,,0,0,0,0,0
SA18/D12_SA18_R02.csv,SA18,SA,D,D12,R02,12.00,0,,0,0,0,0,0
SA18/D12_SA18_R03.csv,SA18,SA,D,D12,R03,12.00,0,,0,0,0,0,0
SA18/D12_SA18_R04.csv,SA18,SA,D,D12,R04,12.00,0,,0,0,0,0,0
SA18/D12_SA18_R05.csv,SA18,SA,D,D12,R05,12.00,0,,0,0,0,0,0
SA18/D13_SA18_R01.csv,SA18,SA,D,D13,R01,12.00,0,,0,0,0,0,0
SA18/D13_SA18_R02.csv,SA18,SA,D,D13,R02,12.00,0,,0,0,0,0,0
SA18/D13_SA18_R03.csv,SA18,SA,D,D13,R03,12.00,0,,0,0,0,0,0
SA18/D13_SA18_R04.csv,SA18,SA,D,D13,R04,12.00,0,,0,0,0,0,0
SA18/D13_SA18_R05.csv,SA18,SA,D,D13,R05,12.00,0,,1,1,0,0,0
SA18/D14_SA18_R01.csv,SA18,SA,D,D14,R01,12.00,0,,0,0,0,0,0
SA18/D14_SA18_R02.csv,SA18,SA,D,D14,R02,12.00,0,,0,0,0,0,0
SA18/D14_SA18_R03.csv,SA18,SA,D,D14,R03,12.00,0,,0,0,0,0,0
SA18/D14_SA18_R04.csv,SA18,SA,D,D14,R04,12.00,0,,0,0,0,0,0
SA18/D14_SA18_R05.csv,SA18,SA,D,D14,R05,12.00,0,,0,0,0,0,0
SA18/D15_SA18_R01.csv,SA18,SA,D,D15,R01,12.00,0,,0,0,0,0,0
SA18/D15_SA18_R02.csv,SA18,SA,D,D15,R02,12.00,0,,0,0,0,0,0
SA18/D15_SA18_R03.csv,SA18,SA,D,D15,R03,12.00,0,,0,0,0,0,0
SA18/D15_SA18_R04.csv,SA18,SA,D,D15,R04,12.00,0,,0,0,0,0,0
SA18/D15_SA18_R05.csv,SA18,SA,D,D15,R05,12.00,0,,0,0,0,0,0
SA18/D16_SA18_R01.csv,SA18,SA,D,D16,R01,11.99,0,,0,0,0,0,0
SA18/D16_SA18_R02.csv,SA18,SA,D,D16,R02,12.00,0,,0,0,0,0,0
SA18/D16_SA18_R03.csv,SA18,SA,D,D16,R03,12.00,0,,0,0,0,0,0
SA18/D16_SA18_R04.csv,SA18,SA,D,D16,R04,12.00,0,,0,0,0,0,0
SA18/D16_SA18_R05.csv,SA18,SA,D,D16,R05,12.00,0,,0,0,0,0,0
SA18/D17_SA18_R01.csv,SA18,SA,D,D17,R01,25.00,0,,0,0,0,0,0
SA18/D17_SA18_R02.csv,SA18,SA,D,D17,R02,25.00,0,,0,0,0,0,0
SA18/D17_SA18_R03.csv,SA18,SA,D,D17,R03,25.00,0,,0,0,0,0,0
SA18/D17_SA18_R04.csv,SA18,SA,D,D17,R04,25.00,0,,0,0,0,0,0
SA18/D17_SA18_R05.csv,SA18,SA,D,D17,R05,25.00,0,,0,0,0,0,0
SA18/D18_SA18_R01.csv,SA18,SA,D,D18,R01,12.00,0,,1,1,0,0,0
SA18/D18_SA18_R02.csv,SA18,SA,D,D18,R02,12.00,0,,1,1,0,0,0
SA18/D18_SA18_R03.csv,SA18,SA,D,D18,R03,12.00,0,,2,2,1,0,0
SA18/D18_SA18_R04.csv,SA18,SA,D,D18,R04,12.00,0,,1,1,0,0,0
SA18/D18_SA18_R05.csv,SA18,SA,D,D18,R05,12.00,0,,1,1,0,0,0
SA18/D19_SA18_R01.csv,SA18,SA,D,D19,R01,12.00,0,,3,2,1,0,0
SA18/D19_SA18_R02.csv,SA18,SA,D,D19,R02,12.00,0,,2,2,2,0,0
SA18/D19_SA18_R03.csv,SA18,SA,D,D19,R03,12.00,0,,2,2,2,0,0
SA18/D19_SA18_R04.csv,SA18,SA,D,D19,R04,12.00,0,,4,4,2,0,0
SA18/D19_SA18_R05.csv,SA18,SA,D,D19,R05,12.00,0,,3,2,2,0,0
SA18/F01_SA18_R01.csv,SA18,SA,F,F01,R01,14.99,1,10.20,1,1,1,1,1
SA18/F01_SA18_R02.csv,SA18,SA,F,F01,R02,15.00,1,8.12,1,1,1,1,1
SA18/F01_SA18_R03.csv,SA18,SA,F,F01,R03,15.00,1,9.51,1,1,1,1,1
SA18/F01_SA18_R04.csv,SA18,SA,F,F01,R04,15.00,0,,1,1,0,0,0
SA18/F01_SA18_R05.csv,SA18,SA,F,F01,R05,15.00,1,8.88,1,1,1,1,1
SA18/F02_SA18_R01.csv,SA18,SA,F,F02,R01,15.00,0,,1,1,0,0,0
SA18/F02_SA18_R02.csv,SA18,SA,F,F02,R02,15.00,0,,2,2,0,0,0
SA18/F02_SA18_R03.csv,SA18,SA,F,F02,R03,15.00,0,,1,1,0,0,0
SA18/F02_SA18_R04.csv,SA18,SA,F,F02,R04,15.00,0,,1,1,0,0,0
SA18/F02_SA18_R05.csv,SA18,SA,F,F02,R05,15.00,1,9.80,1,1,1,1,1
SA18/F03_SA18_R01.csv,SA18,SA,F,F03,R01,15.00,0,,1,1,0,0,0
SA18/F03_SA18_R02.csv,SA18,SA,F,F03,R02,15.00,0,,1,1,0,0,0
SA18/F03_SA18_R03.csv,SA18,SA,F,F03,R03,15.00,1,8.95,1,1,1,1,1
SA18/F03_SA18_R04.csv,SA18,SA,F,F03,R04,15.00,0,,1,1,0,0,0
SA18/F03_SA18_R05.csv,SA18,SA,F,F03,R05,15.00,0,,1,1,0,0,0
SA18/F04_SA18_R01.csv,SA18,SA,F,F04,R01,15.00,0,,1,1,0,0,0
SA18/F04_SA18_R02.csv,SA18,SA,F,F04,R02,15.00,1,8.46,1,1,1,1,1
SA18/F04_SA18_R03.csv,SA18,SA,F,F04,R03,15.00,1,8.56,1,1,1,1,1
SA18/F04_SA18_R04.csv,SA18,SA,F,F04,R04,15.00,1,8.87,1,1,1,1,1
SA18/F04_SA18_R05.csv,SA18,SA,F,F04,R05,15.00,1,8.93,1,1,1,1,1
SA18/F05_SA18_R01.csv,SA18,SA,F,F05,R01,15.00,0,,2,2,1,0,0
SA18/F05_SA18_R02.csv,SA18,SA,F,F05,R02,15.00,1,8.47,2,2,2,1,1
SA18/F05_SA18_R03.csv,SA18,SA,F,F05,R03,15.00,0,,3,3,1,0,0
SA18/F05_SA18_R04.csv,SA18,SA,F,F05,R04,15.00,1,9.54,4,4,2,1,1
SA18/F05_SA18_R05.csv,SA18,SA,F,F05,R05,15.00,1,9.30,3,3,2,1,1
SA18/F06_SA18_R01.csv,SA18,SA,F,F06,R01,14.99,1,10.19,1,1,1,1,1
SA18/F06_SA18_R02.csv,SA18,SA,F,F06,R02,15.00,0,,1,1,0,0,0
SA18/F06_SA18_R03.csv,SA18,SA,F,F06,R03,15.00,0,,1,1,0,0,0
SA18/F06_SA18_R04.csv,SA18,SA,F,F06,R04,15.00,1,9.77,1,1,1,1,1
SA18/F06_SA18_R05.csv,SA18,SA,F,F06,R05,15.00,0,,1,1,0,0,0
SA18/F07_SA18_R01.csv,SA18,SA,F,F07,R01,15.00,1,10.81,1,1,1,1,1
SA18/F07_SA18_R02.csv,SA18,SA,F,F07,R02,15.00,1,9.90,1,1,1,1,1
SA18/F07_SA18_R03.csv,SA18,SA,F,F07,R03,15.00,0,,1,1,0,0,0
SA18/F07_SA18_R04.csv,SA18,SA,F,F07,R04,15.00,0,,1,1,0,0,0
SA18/F07_SA18_R05.csv,SA18,SA,F,F07,R05,15.00,1,9.36,1,1,1,1,1
SA18/F08_SA18_R01.csv,SA18,SA,F,F08,R01,15.00,1,9.91,1,1,1,1,1
SA18/F08_SA18_R02.csv,SA18,SA,F,F08,R02,15.00,1,9.25,1,1,1,1,1
SA18/F08_SA18_R03.csv,SA18,SA,F,F08,R03,15.00,1,8.76,1,1,1,1,1
SA18/F08_SA18_R04.csv,SA18,SA,F,F08,R04,15.00,0,,1,1,0,0,0
SA18/F08_SA18_R05.csv,SA18,SA,F,F08,R05,15.00,1,9.33,1,1,1,1,1
SA18/F09_SA18_R01.csv,SA18,SA,F,F09,R01,15.00,1,8.17,1,1,1,1,1
SA18/F09_SA18_R02.csv,SA18,SA,F,F09,R02,15.00,1,9.12,1,1,1,1,1
SA18/F09_SA18_R03.csv,SA18,SA,F,F09,R03,15.00,1,9.38,1,1,1,1,1
SA18/F09_SA18_R04.csv,SA18,SA,F,F09,R04,15.00,1,9.29,1,1,1,1,1
SA18/F09_SA18_R05.csv,SA18,SA,F,F09,R05,15.00,0,,1,1,0,0,0
SA18/F10_SA18_R01.csv,SA18,SA,F,F10,R01,15.00,0,,0,0,0,0,0
SA18/F10_SA18_R02.csv,SA18,SA,F,F10,R02,15.00,1,9.47,1,1,1,1,1
SA18/F10_SA18_R03.csv,SA18,SA,F,F10,R03,15.00,1,9.47,1,1,1,1,1
SA18/F10_SA18_R04.csv,SA18,SA,F,F10,R04,15.00,1,10.06,1,1,1,1,1
SA18/F10_SA18_R05.csv,SA18,SA,F,F10,R05,15.00,1,10.28,1,1,1,1,1
SA18/F11_SA18_R01.csv,SA18,SA,F,F11,R01,14.99,0,,1,0,0,0,0
SA18/F11_SA18_R02.csv,SA18,SA,F,F11,R02,15.00,0,,1,0,0,0,0
SA18/F11_SA18_R03.csv,SA18,SA,F,F11,R03,15.00,0,,1,0,0,0,0
SA18/F11_SA18_R04.csv,SA18,SA,F,F11,R04,15.00,0,,1,1,0,0,0
SA18/F11_SA18_R05.csv,SA18,SA,F,F11,R05,15.00,0,,1,1,0,0,0
SA18/F12_SA18_R01.csv,SA18,SA,F,F12,R01,15.00,1,7.92,1,1,1,1,1
SA18/F12_SA18_R02.csv,SA18,SA,F,F12,R02,15.00,1,8.55,1,1,1,1,1
SA18/F12_SA18_R03.csv,SA18,SA,F,F12,R03,15.00,1,8.60,1,1,1,1,1
SA18/F12_SA18_R04.csv,SA18,SA,F,F12,R04,15.00,1,8.58,1,1,1,1,1
SA18/F12_SA18_R05.csv,SA18,SA,F,F12,R05,15.00,0,,1,1,0,0,0
SA18/F13_SA18_R01.csv,SA18,SA,F,F13,R01,15.00,1,8.59,1,1,1,1,1
SA18/F13_SA18_R02.csv,SA18,SA,F,F13,R02,15.00,0,,1,1,0,0,0
SA18/F13_SA18_R03.csv,SA18,SA,F,F13,R03,15.00,0,,0,0,0,0,0
SA18/F13_SA18_R04.csv,SA18,SA,F,F13,R04,15.00,0,,0,0,0,0,0
SA18/F13_SA18_R05.csv,SA18,SA,F,F13,R05,15.00,1,9.42,1,1,1,1,1
SA18/F14_SA18_R01.csv,SA18,SA,F,F14,R01,15.00,1,9.35,1,1,1,1,1
SA18/F14_SA18_R02.csv,SA18,SA,F,F14,R02,15.00,1,8.04,1,1,1,1,1
SA18/F14_SA18_R03.csv,SA18,SA,F,F14,R03,15.00,1,7.85,1,1,1,1,1
SA18/F14_SA18_R04.csv,SA18,SA,F,F14,R04,15.00,1,8.01,1,1,1,1,1
SA18/F14_SA18_R05.csv,SA18,SA,F,F14,R05,15.00,1,8.04,1,1,1,1,1
SA18/F15_SA18_R01.csv,SA18,SA,F,F15,R01,15.00,1,8.90,1,1,1,1,1
SA18/F15_SA18_R02.csv,SA18,SA,F,F15,R02,15.00,1,8.74,1,1,1,1,1
SA18/F15_SA18_R03.csv,SA18,SA,F,F15,R03,15.00,1,9.96,1,1,1,1,1
SA18/F15_SA18_R04.csv,SA18,SA,F,F15,R04,15.00,1,8.85,1,1,1,1,1
SA18/F15_SA18_R05.csv,SA18,SA,F,F15,R05,15.00,1,9.73,1,1,1,1,1
SA19/D01_SA19_R01.csv,SA19,SA,D,D01,R01,100.00,0,,0,0,0,0,0
SA19/D02_SA19_R01.csv,SA19,SA,D,D02,R01,100.00,0,,0,0,0,0,0
SA19/D03_SA19_R01.csv,SA19,SA,D,D03,R01,100.00,0,,43,43,27,0,0
SA19/D04_SA19_R01.csv,SA19,SA,D,D04,R01,100.00,0,,80,80,19,0,0
SA19/D05_SA19_R01.csv,SA19,SA,D,D05,R01,25.00,0,,0,0,0,0,0
SA19/D05_SA19_R02.csv,SA19,SA,D,D05,R02,25.00,0,,0,0,0,0,0
SA19/D05_SA19_R03.csv,SA19,SA,D,D05,R03,25.00,0,,0,0,0,0,0
SA19/D05_SA19_R04.csv,SA19,SA,D,D05,R04,25.00,0,,0,0,0,0,0
SA19/D05_SA19_R05.csv,SA19,SA,D,D05,R05,25.00,0,,0,0,0,0,0
SA19/D06_SA19_R01.csv,SA19,SA,D,D06,R01,25.00,0,,7,7,2,0,0
SA19/D06_SA19_R02.csv,SA19,SA,D,D06,R02,25.00,0,,5,5,1,0,0
SA19/D06_SA19_R03.csv,SA19,SA,D,D06,R03,25.00,0,,7,7,1,0,0
SA19/D06_SA19_R04.csv,SA19,SA,D,D06,R04,25.00,0,,9,9,2,0,0
SA19/D06_SA19_R05.csv,SA19,SA,D,D06,R05,25.00,0,,6,6,1,0,0
SA19/D07_SA19_R01.csv,SA19,SA,D,D07,R01,11.99,0,,0,0,0,0,0
SA19/D07_SA19_R02.csv,SA19,SA,D,D07,R02,12.00,0,,0,0,0,0,0
SA19/D07_SA19_R03.csv,SA19,SA,D,D07,R03,12.00,0,,0,0,0,0,0
SA19/D07_SA19_R04.csv,SA19,SA,D,D07,R04,12.00,0,,0,0,0,0,0
SA19/D07_SA19_R05.csv,SA19,SA,D,D07,R05,12.00,0,,0,0,0,0,0
SA19/D08_SA19_R01.csv,SA19,SA,D,D08,R01,11.99,0,,1,1,1,0,0
SA19/D08_SA19_R02.csv,SA19,SA,D,D08,R02,12.00,0,,0,0,0,0,0
SA19/D08_SA19_R03.csv,SA19,SA,D,D08,R03,12.00,0,,0,0,0,0,0
SA19/D08_SA19_R04.csv,SA19,SA,D,D08,R04,12.00,0,,0,0,0,0,0
SA19/D08_SA19_R05.csv,SA19,SA,D,D08,R05,12.00,0,,0,0,0,0,0
SA19/D09_SA19_R01.csv,SA19,SA,D,D09,R01,11.99,0,,0,0,0,0,0
SA19/D09_SA19_R02.csv,SA19,SA,D,D09,R02,12.00,0,,0,0,0,0,0
SA19/D09_SA19_R03.csv,SA19,SA,D,D09,R03,12.00,0,,0,0,0,0,0
SA19/D09_SA19_R04.csv,SA19,SA,D,D09,R04,12.00,0,,0,0,0,0,0
SA19/D09_SA19_R05.csv,SA19,SA,D,D09,R05,12.00,0,,0,0,0,0,0
SA19/D10_SA19_R01.csv,SA19,SA,D,D10,R01,12.00,0,,0,0,0,0,0
SA19/D10_SA19_R02.csv,SA19,SA,D,D10,R02,12.00,0,,0,0,0,0,0
SA19/D10_SA19_R03.csv,SA19,SA,D,D10,R03,12.00,0,,0,0,0,0,0
SA19/D10_SA19_R04.csv,SA19,SA,D,D10,R04,12.00,0,,0,0,0,0,0
SA19/D10_SA19_R05.csv,SA19,SA,D,D10,R05,12.00,0,,0,0,0,0,0
SA19/D11_SA19_R01.csv,SA19,SA,D,D11,R01,11.99,0,,1,1,1,0,0
SA19/D11_SA19_R02.csv,SA19,SA,D,D11,R02,12.00,0,,1,1,1,0,0
SA19/D11_SA19_R03.csv,SA19,SA,D,D11,R03,12.00,0,,0,0,0,0,0
SA19/D11_SA19_R04.csv,SA19,SA,D,D11,R04,12.00,0,,1,1,1,0,0
SA19/D11_SA19_R05.csv,SA19,SA,D,D11,R05,12.00,0,,0,0,0,0,0
SA19/D12_SA19_R01.csv,SA19,SA,D,D12,R01,12.00,0,,0,0,0,0,0
SA19/D12_SA19_R02.csv,SA19,SA,D,D12,R02,12.00,0,,0,0,0,0,0
SA19/D12_SA19_R03.csv,SA19,SA,D,D12,R03,12.00,0,,0,0,0,0,0
SA19/D12_SA19_R04.csv,SA19,SA,D,D12,R04,12.00,0,,0,0,0,0,0
SA19/D12_SA19_R05.csv,SA19,SA,D,D12,R05,12.00,0,,0,0,0,0,0
SA19/D13_SA19_R01.csv,SA19,SA,D,D13,R01,12.00,0,,0,0,0,0,0
SA19/D13_SA19_R02.csv,SA19,SA,D,D13,R02,12.00,0,,0,0,0,0,0
SA19/D13_SA19_R03.csv,SA19,SA,D,D13,R03,12.00,0,,0,0,0,0,0
SA19/D13_SA19_R04.csv,SA19,SA,D,D13,R04,12.00,0,,0,0,0,0,0
SA19/D13_SA19_R05.csv,SA19,SA,D,D13,R05,12.00,0,,0,0,0,0,0
SA19/D14_SA19_R01.csv,SA19,SA,D,D14,R01,12.00,0,,0,0,0,0,0
SA19/D14_SA19_R02.csv,SA19,SA,D,D14,R02,12.00,0,,0,0,0,0,0
SA19/D14_SA19_R03.csv,SA19,SA,D,D14,R03,12.00,0,,0,0,0,0,0
SA19/D14_SA19_R04.csv,SA19,SA,D,D14,R04,12.00,0,,0,0,0,0,0
SA19/D14_SA19_R05.csv,SA19,SA,D,D14,R05,12.00,0,,0,0,0,0,0
SA19/D15_SA19_R01.csv,SA19,SA,D,D15,R01,12.00,0,,0,0,0,0,0
SA19/D15_SA19_R02.csv,SA19,SA,D,D15,R02,12.00,0,,0,0,0,0,0
SA19/D15_SA19_R03.csv,SA19,SA,D,D15,R03,12.00,0,,0,0,0,0,0
SA19/D15_SA19_R04.csv,SA19,SA,D,D15,R04,12.00,0,,0,0,0,0,0
SA19/D15_SA19_R05.csv,SA19,SA,D,D15,R05,12.00,0,,0,0,0,0,0
SA19/D16_SA19_R01.csv,SA19,SA,D,D16,R01,11.97,0,,0,0,0,0,0
SA19/D16_SA19_R02.csv,SA19,SA,D,D16,R02,12.00,0,,0,0,0,0,0
SA19/D16_SA19_R03.csv,SA19,SA,D,D16,R03,12.00,0,,0,0,0,0,0
SA19/D16_SA19_R04.csv,SA19,SA,D,D16,R04,12.00,0,,0,0,0,0,0
SA19/D16_SA19_R05.csv,SA19,SA,D,D16,R05,12.00,0,,0,0,0,0,0
SA19/D17_SA19_R01.csv,SA19,SA,D,D17,R01,25.00,0,,0,0,0,0,0
SA19/D17_SA19_R02.csv,SA19,SA,D,D17,R02,25.00,0,,0,0,0,0,0
SA19/D17_SA19_R03.csv,SA19,SA,D,D17,R03,25.00,0,,0,0,0,0,0
SA19/D17_SA19_R04.csv,SA19,SA,D,D17,R04,25.00,0,,0,0,0,0,0
SA19/D17_SA19_R05.csv,SA19,SA,D,D17,R05,25.00,0,,0,0,0,0,0
SA19/D18_SA19_R01.csv,SA19,SA,D,D18,R01,11.99,0,,2,2,1,0,0
SA19/D18_SA19_R02.csv,SA19,SA,D,D18,R02,12.00,0,,3,2,0,0,0
SA19/D18_SA19_R03.csv,SA19,SA,D,D18,R03,12.00,0,,2,2,1,0,0
SA19/D18_SA19_R04.csv,SA19,SA,D,D18,R04,12.00,0,,2,2,0,0,0
SA19/D18_SA19_R05.csv,SA19,SA,D,D18,R05,12.00,0,,2,2,1,0,0
SA19/D19_SA19_R01.csv,SA19,SA,D,D19,R01,12.00,0,,2,1,0,0,0
SA19/D19_SA19_R02.csv,SA19,SA,D,D19,R02,12.00,0,,2,1,0,0,0
SA19/D19_SA19_R03.csv,SA19,SA,D,D19,R03,12.00,0,,2,2,2,0,0
SA19/D19_SA19_R04.csv,SA19,SA,D,D19,R04,12.00,0,,2,0,0,0,0
SA19/D19_SA19_R05.csv,SA19,SA,D,D19,R05,12.00,0,,2,2,2,0,0
SA19/F01_SA19_R01.csv,SA19,SA,F,F01,R01,14.99,0,,1,1,0,0,0
SA19/F01_SA19_R02.csv,SA19,SA,F,F01,R02,15.00,0,,1,1,0,0,0
SA19/F01_SA19_R03.csv,SA19,SA,F,F01,R03,15.00,1,8.93,1,1,1,1,1
SA19/F01_SA19_R04.csv,SA19,SA,F,F01,R04,15.00,0,,1,1,0,0,0
SA19/F01_SA19_R05.csv,SA19,SA,F,F01,R05,15.00,1,9.44,1,1,1,1,1
SA19/F02_SA19_R01.csv,SA19,SA,F,F02,R01,15.00,0,,1,1,0,0,0
SA19/F02_SA19_R02.csv,SA19,SA,F,F02,R02,15.00,1,11.85,1,1,1,1,1
SA19/F02_SA19_R03.csv,SA19,SA,F,F02,R03,15.00,1,10.93,1,1,1,1,1
SA19/F02_SA19_R04.csv,SA19,SA,F,F02,R04,15.00,0,,1,1,0,0,0
SA19/F02_SA19_R05.csv,SA19,SA,F,F02,R05,15.00,0,,1,1,0,0,0
SA19/F03_SA19_R01.csv,SA19,SA,F,F03,R01,15.00,1,9.15,1,1,1,1,1
SA19/F03_SA19_R02.csv,SA19,SA,F,F03,R02,15.00,1,8.96,1,1,1,1,1
SA19/F03_SA19_R03.csv,SA19,SA,F,F03,R03,14.99,0,,1,1,0,0,0
SA19/F03_SA19_R04.csv,SA19,SA,F,F03,R04,15.00,1,9.85,1,1,1,1,1
SA19/F03_SA19_R05.csv,SA19,SA,F,F03,R05,15.00,1,9.54,1,1,1,1,1
SA19/F04_SA19_R01.csv,SA19,SA,F,F04,R01,15.00,0,,1,1,0,0,0
SA19/F04_SA19_R02.csv,SA19,SA,F,F04,R02,15.00,1,10.29,1,1,1,1,1
SA19/F04_SA19_R03.csv,SA19,SA,F,F04,R03,14.98,1,10.40,1,1,1,1,1
SA19/F04_SA19_R04.csv,SA19,SA,F,F04,R04,15.00,0,,1,1,0,0,0
SA19/F04_SA19_R05.csv,SA19,SA,F,F04,R05,15.00,0,,1,1,0,0,0
SA19/F05_SA19_R01.csv,SA19,SA,F,F05,R01,15.00,1,8.37,2,2,2,1,1
SA19/F05_SA19_R02.csv,SA19,SA,F,F05,R02,15.00,0,,1,1,0,0,0
SA19/F05_SA19_R03.csv,SA19,SA,F,F05,R03,14.99,0,,2,2,1,0,0
SA19/F05_SA19_R04.csv,SA19,SA,F,F05,R04,15.00,1,10.63,2,2,2,1,1
SA19/F05_SA19_R05.csv,SA19,SA,F,F05,R05,15.00,1,9.50,2,2,2,1,1
SA19/F06_SA19_R01.csv,SA19,SA,F,F06,R01,14.99,1,9.30,1,1,1,1,1
SA19/F06_SA19_R02.csv,SA19,SA,F,F06,R02,15.00,1,10.25,1,1,1,1,1
SA19/F06_SA19_R03.csv,SA19,SA,F,F06,R03,15.00,1,9.77,1,1,1,1,1
SA19/F06_SA19_R04.csv,SA19,SA,F,F06,R04,15.00,1,10.42,1,1,1,1,1
SA19/F06_SA19_R05.csv,SA19,SA,F,F06,R05,15.00,1,10.69,1,1,1,1,1
SA19/F07_SA19_R01.csv,SA19,SA,F,F07,R01,14.99,1,9.04,1,1,1,1,1
SA19/F07_SA19_R02.csv,SA19,SA,F,F07,R02,15.00,1,9.41,1,1,1,1,1
SA19/F07_SA19_R03.csv,SA19,SA,F,F07,R03,15.00,0,,0,0,0,0,0
SA19/F07_SA19_R04.csv,SA19,SA,F,F07,R04,15.00,0,,1,0,0,0,0
SA19/F07_SA19_R05.csv,SA19,SA,F,F07,R05,14.99,0,,1,0,0,0,0
SA19/F08_SA19_R01.csv,SA19,SA,F,F08,R01,14.99,1,8.38,1,1,1,1,1
SA19/F08_SA19_R02.csv,SA19,SA,F,F08,R02,15.00,0,,1,1,0,0,0
SA19/F08_SA19_R03.csv,SA19,SA,F,F08,R03,15.00,0,,1,1,0,0,0
SA19/F08_SA19_R04.csv,SA19,SA,F,F08,R04,15.00,0,,1,1,0,0,0
SA19/F08_SA19_R05.csv,SA19,SA,F,F08,R05,15.00,1,9.51,1,1,1,1,1
SA19/F09_SA19_R01.csv,SA19,SA,F,F09,R01,15.00,1,8.94,1,1,1,1,1
SA19/F09_SA19_R02.csv,SA19,SA,F,F09,R02,15.00,1,9.22,1,1,1,1,1
SA19/F09_SA19_R03.csv,SA19,SA,F,F09,R03,15.00,1,10.36,1,1,1,1,1
SA19/F09_SA19_R04.csv,SA19,SA,F,F09,R04,15.00,1,8.61,1,1,1,1,1
SA19/F09_SA19_R05.csv,SA19,SA,F,F09,R05,15.00,1,9.83,1,1,1,1,1
SA19/F10_SA19_R01.csv,SA19,SA,F,F10,R01,15.00,0,,0,0,0,0,0
SA19/F10_SA19_R02.csv,SA19,SA,F,F10,R02,15.00,0,,1,1,0,0,0
SA19/F10_SA19_R03.csv,SA19,SA,F,F10,R03,15.00,1,8.70,1,1,1,1,1
SA19/F10_SA19_R04.csv,SA19,SA,F,F10,R04,15.00,1,10.03,1,1,1,1,1
SA19/F10_SA19_R05.csv,SA19,SA,F,F10,R05,15.00,0,,1,1,0,0,0
SA19/F11_SA19_R01.csv,SA19,SA,F,F11,R01,14.99,1,9.51,1,1,1,1,1
SA19/F11_SA19_R02.csv,SA19,SA,F,F11,R02,15.00,1,8.25,1,1,1,1,1
SA19/F11_SA19_R03.csv,SA19,SA,F,F11,R03,15.00,0,,1,1,0,0,0
SA19/F11_SA19_R04.csv,SA19,SA,F,F11,R04,15.00,1,9.13,1,1,1,1,1
SA19/F11_SA19_R05.csv,SA19,SA,F,F11,R05,14.99,1,9.57,1,1,1,1,1
SA19/F12_SA19_R01.csv,SA19,SA,F,F12,R01,15.00,0,,1,1,0,0,0
SA19/F12_SA19_R02.csv,SA19,SA,F,F12,R02,15.00,0,,1,0,0,0,0
SA19/F12_SA19_R03.csv,SA19,SA,F,F12,R03,15.00,1,8.42,1,1,1,1,1
SA19/F12_SA19_R04.csv,SA19,SA,F,F12,R04,14.98,0,,1,1,0,0,0
SA19/F12_SA19_R05.csv,SA19,SA,F,F12,R05,15.00,0,,1,1,0,0,0
SA19/F13_SA19_R01.csv,SA19,SA,F,F13,R01,15.00,0,,1,0,0,0,0
SA19/F13_SA19_R02.csv,SA19,SA,F,F13,R02,15.00,1,10.28,1,1,1,1,1
SA19/F13_SA19_R03.csv,SA19,SA,F,F13,R03,15.00,1,11.06,1,1,1,1,1
SA19/F13_SA19_R04.csv,SA19,SA,F,F13,R04,15.00,1,9.40,1,1,1,1,1
SA19/F13_SA19_R05.csv,SA19,SA,F,F13,R05,15.00,0,,1,1,0,0,0
SA19/F14_SA19_R01.csv,SA19,SA,F,F14,R01,15.00,1,7.43,1,1,1,1,1
SA19/F14_SA19_R02.csv,SA19,SA,F,F14,R02,15.00,1,8.67,1,1,1,1,1
SA19/F14_SA19_R03.csv,SA19,SA,F,F14,R03,15.00,0,,1,1,0,0,0
SA19/F14_SA19_R04.csv,SA19,SA,F,F14,R04,15.00,0,,1,1,0,0,0
SA19/F14_SA19_R05.csv,SA19,SA,F,F14,R05,15.00,1,7.68,1,1,1,1,1
SA19/F15_SA19_R01.csv,SA19,SA,F,F15,R01,15.00,1,8.68,1,1,1,1,1
SA19/F15_SA19_R02.csv,SA19,SA,F,F15,R02,15.00,1,9.06,1,1,1,1,1
SA19/F15_SA19_R03.csv,SA19,SA,F,F15,R03,15.00,1,8.50,1,1,1,1,1
SA19/F15_SA19_R04.csv,SA19,SA,F,F15,R04,15.00,1,7.91,1,1,1,1,1
SA19/F15_SA19_R05.csv,SA19,SA,F,F15,R05,15.00,1,9.38,1,1,1,1,1
SA20/D01_SA20_R01.csv,SA20,SA,D,D01,R01,99.98,0,,0,0,0,0,0
SA20/D02_SA20_R01.csv,SA20,SA,D,D02,R01,100.00,0,,0,0,0,0,0
SA20/D03_SA20_R01.csv,SA20,SA,D,D03,R01,100.00,0,,40,40,27,0,0
SA20/D04_SA20_R01.csv,SA20,SA,D,D04,R01,100.00,0,,107,107,13,0,0
SA20/D05_SA20_R01.csv,SA20,SA,D,D05,R01,25.00,0,,0,0,0,0,0
SA20/D05_SA20_R02.csv,SA20,SA,D,D05,R02,25.00,0,,0,0,0,0,0
SA20/D05_SA20_R03.csv,SA20,SA,D,D05,R03,25.00,0,,0,0,0,0,0
SA20/D05_SA20_R04.csv,SA20,SA,D,D05,R04,25.00,0,,0,0,0,0,0
SA20/D05_SA20_R05.csv,SA20,SA,D,D05,R05,25.00,0,,0,0,0,0,0
SA20/D06_SA20_R01.csv,SA20,SA,D,D06,R01,25.00,0,,8,7,0,0,0
SA20/D06_SA20_R03.csv,SA20,SA,D,D06,R03,24.99,0,,7,6,0,0,0
SA20/D06_SA20_R04.csv,SA20,SA,D,D06,R04,25.00,0,,7,7,0,0,0
SA20/D06_SA20_R05.csv,SA20,SA,D,D06,R05,25.00,0,,5,4,1,0,0
SA20/D07_SA20_R01.csv,SA20,SA,D,D07,R01,12.00,0,,0,0,0,0,0
SA20/D07_SA20_R02.csv,SA20,SA,D,D07,R02,12.00,0,,0,0,0,0,0
SA20/D07_SA20_R03.csv,SA20,SA,D,D07,R03,12.00,0,,0,0,0,0,0
SA20/D07_SA20_R04.csv,SA20,SA,D,D07,R04,12.00,0,,0,0,0,0,0
SA20/D07_SA20_R05.csv,SA20,SA,D,D07,R05,12.00,0,,0,0,0,0,0
SA20/D08_SA20_R01.csv,SA20,SA,D,D08,R01,12.00,0,,0,0,0,0,0
SA20/D08_SA20_R02.csv,SA20,SA,D,D08,R02,12.00,0,,0,0,0,0,0
SA20/D08_SA20_R03.csv,SA20,SA,D,D08,R03,12.00,0,,0,0,0,0,0
SA20/D08_SA20_R04.csv,SA20,SA,D,D08,R04,12.00,0,,0,0,0,0,0
SA20/D08_SA20_R05.csv,SA20,SA,D,D08,R05,12.00,0,,0,0,0,0,0
SA20/D09_SA20_R01.csv,SA20,SA,D,D09,R01,12.00,0,,0,0,0,0,0
SA20/D09_SA20_R02.csv,SA20,SA,D,D09,R02,12.00,0,,0,0,0,0,0
SA20/D09_SA20_R03.csv,SA20,SA,D,D09,R03,12.00,0,,0,0,0,0,0
SA20/D09_SA20_R04.csv,SA20,SA,D,D09,R04,12.00,0,,0,0,0,0,0
SA20/D09_SA20_R05.csv,SA20,SA,D,D09,R05,12.00,0,,0,0,0,0,0
SA20/D10_SA20_R01.csv,SA20,SA,D,D10,R01,12.00,0,,0,0,0,0,0
SA20/D10_SA20_R02.csv,SA20,SA,D,D10,R02,12.00,0,,0,0,0,0,0
SA20/D10_SA20_R03.csv,SA20,SA,D,D10,R03,11.97,0,,0,0,0,0,0
SA20/D10_SA20_R04.csv,SA20,SA,D,D10,R04,12.00,0,,0,0,0,0,0
SA20/D10_SA20_R05.csv,SA20,SA,D,D10,R05,12.00,0,,0,0,0,0,0
SA20/D11_SA20_R01.csv,SA20,SA,D,D11,R01,11.99,0,,0,0,0,0,0
SA20/D11_SA20_R02.csv,SA20,SA,D,D11,R02,12.00,0,,1,1,1,0,0
SA20/D11_SA20_R03.csv,SA20,SA,D,D11,R03,12.00,0,,1,1,1,0,0
SA20/D11_SA20_R04.csv,SA20,SA,D,D11,R04,12.00,0,,1,1,1,0,0
SA20/D11_SA20_R05.csv,SA20,SA,D,D11,R05,12.00,0,,1,1,1,0,0
SA20/D12_SA20_R01.csv,SA20,SA,D,D12,R01,12.00,0,,0,0,0,0,0
SA20/D12_SA20_R02.csv,SA20,SA,D,D12,R02,12.00,0,,0,0,0,0,0
SA20/D12_SA20_R03.csv,SA20,SA,D,D12,R03,12.00,0,,0,0,0,0,0
SA20/D12_SA20_R04.csv,SA20,SA,D,D12,R04,12.00,0,,0,0,0,0,0
SA20/D12_SA20_R05.csv,SA20,SA,D,D12,R05,12.00,0,,0,0,0,0,0
SA20/D13_SA20_R01.csv,SA20,SA,D,D13,R01,12.00,0,,0,0,0,0,0
SA20/D13_SA20_R02.csv,SA20,SA,D,D13,R02,11.98,0,,0,0,0,0,0
SA20/D13_SA20_R03.csv,SA20,SA,D,D13,R03,12.00,0,,0,0,0,0,0
SA20/D13_SA20_R04.csv,SA20,SA,D,D13,R04,12.00,0,,0,0,0,0,0
SA20/D13_SA20_R05.csv,SA20,SA,D,D13,R05,12.00,0,,0,0,0,0,0
SA20/D14_SA20_R01.csv,SA20,SA,D,D14,R01,12.00,0,,0,0,0,0,0
SA20/D14_SA20_R02.csv,SA20,SA,D,D14,R02,12.00,0,,0,0,0,0,0
SA20/D14_SA20_R03.csv,SA20,SA,D,D14,R03,12.00,0,,0,0,0,0,0
SA20/D14_SA20_R04.csv,SA20,SA,D,D14,R04,12.00,0,,0,0,0,0,0
SA20/D14_SA20_R05.csv,SA20,SA,D,D14,R05,12.00,0,,0,0,0,0,0
SA20/D15_SA20_R01.csv,SA20,SA,D,D15,R01,12.00,0,,0,0,0,0,0
SA20/D15_SA20_R02.csv,SA20,SA,D,D15,R02,12.00,0,,0,0,0,0,0
SA20/D15_SA20_R03.csv,SA20,SA,D,D15,R03,12.00,0,,0,0,0,0,0
SA20/D15_SA20_R04.csv,SA20,SA,D,D15,R04,12.00,0,,0,0,0,0,0
SA20/D15_SA20_R05.csv,SA20,SA,D,D15,R05,12.00,0,,0,0,0,0,0
SA20/D16_SA20_R01.csv,SA20,SA,D,D16,R01,11.99,0,,0,0,0,0,0
SA20/D16_SA20_R02.csv,SA20,SA,D,D16,R02,12.00,0,,0,0,0,0,0
SA20/D16_SA20_R03.csv,SA20,SA,D,D16,R03,12.00,0,,0,0,0,0,0
SA20/D16_SA20_R04.csv,SA20,SA,D,D16,R04,12.00,0,,0,0,0,0,0
SA20/D16_SA20_R05.csv,SA20,SA,D,D16,R05,12.00,0,,0,0,0,0,0
SA20/D17_SA20_R01.csv,SA20,SA,D,D17,R01,25.00,0,,0,0,0,0,0
SA20/D17_SA20_R03.csv,SA20,SA,D,D17,R03,25.00,0,,0,0,0,0,0
SA20/D17_SA20_R04.csv,SA20,SA,D,D17,R04,25.00,0,,0,0,0,0,0
SA20/D17_SA20_R05.csv,SA20,SA,D,D17,R05,25.00,0,,0,0,0,0,0
SA20/D18_SA20_R01.csv,SA20,SA,D,D18,R01,12.00,0,,1,1,0,0,0
SA20/D18_SA20_R02.csv,SA20,SA,D,D18,R02,12.00,0,,2,2,1,0,0
SA20/D18_SA20_R03.csv,SA20,SA,D,D18,R03,12.00,0,,1,1,1,0,0
SA20/D18_SA20_R04.csv,SA20,SA,D,D18,R04,12.00,0,,1,1,0,0,0
SA20/D18_SA20_R05.csv,SA20,SA,D,D18,R05,11.99,0,,2,2,1,0,0
SA20/D19_SA20_R01.csv,SA20,SA,D,D19,R01,12.00,0,,2,2,2,0,0
SA20/D19_SA20_R02.csv,SA20,SA,D,D19,R02,12.00,0,,2,2,2,0,0
SA20/D19_SA20_R03.csv,SA20,SA,D,D19,R03,12.00,0,,2,2,2,0,0
SA20/D19_SA20_R04.csv,SA20,SA,D,D19,R04,12.00,0,,1,1,1,0,0
SA20/D19_SA20_R05.csv,SA20,SA,D,D19,R05,12.00,0,,2,2,2,0,0
SA20/F01_SA20_R01.csv,SA20,SA,F,F01,R01,14.99,0,,1,1,0,0,0
SA20/F01_SA20_R02.csv,SA20,SA,F,F01,R02,15.00,0,,1,1,0,0,0
SA20/F01_SA20_R04.csv,SA20,SA,F,F01,R04,15.00,1,14.20,1,1,1,1,1
SA20/F01_SA20_R05.csv,SA20,SA,F,F01,R05,15.00,0,,1,1,0,0,0
SA20/F02_SA20_R01.csv,SA20,SA,F,F02,R01,15.00,0,,1,1,0,0,0
SA20/F02_SA20_R02.csv,SA20,SA,F,F02,R02,15.00,1,13.20,1,1,1,1,1
SA20/F02_SA20_R03.csv,SA20,SA,F,F02,R03,15.00,1,12.93,1,1,1,1,1
SA20/F02_SA20_R04.csv,SA20,SA,F,F02,R04,15.00,1,12.01,1,1,1,1,1
SA20/F02_SA20_R05.csv,SA20,SA,F,F02,R05,14.99,1,10.56,1,1,1,1,1
SA20/F03_SA20_R01.csv,SA20,SA,F,F03,R01,15.00,1,11.44,1,1,1,1,1
SA20/F03_SA20_R02.csv,SA20,SA,F,F03,R02,15.00,0,,1,1,0,0,0
SA20/F03_SA20_R03.csv,SA20,SA,F,F03,R03,15.00,0,,1,1,0,0,0
SA20/F03_SA20_R04.csv,SA20,SA,F,F03,R04,15.00,0,,1,1,0,0,0
SA20/F03_SA20_R05.csv,SA20,SA,F,F03,R05,14.99,1,11.25,1,1,1,1,1
SA20/F04_SA20_R01.csv,SA20,SA,F,F04,R01,15.00,1,9.71,1,1,1,1,1
SA20/F04_SA20_R02.csv,SA20,SA,F,F04,R02,15.00,1,10.46,1,1,1,1,1
SA20/F04_SA20_R03.csv,SA20,SA,F,F04,R03,15.00,0,,1,1,0,0,0
SA20/F04_SA20_R04.csv,SA20,SA,F,F04,R04,15.00,1,10.68,1,1,1,1,1
SA20/F04_SA20_R05.csv,SA20,SA,F,F04,R05,15.00,1,9.97,1,1,1,1,1
SA20/F05_SA20_R01.csv,SA20,SA,F,F05,R01,15.00,0,,1,1,1,0,0
SA20/F05_SA20_R02.csv,SA20,SA,F,F05,R02,15.00,0,,2,2,1,0,0
SA20/F05_SA20_R03.csv,SA20,SA,F,F05,R03,15.00,0,,1,1,1,0,0
SA20/F05_SA20_R04.csv,SA20,SA,F,F05,R04,15.00,1,7.50,2,2,2,1,1
SA20/F05_SA20_R05.csv,SA20,SA,F,F05,R05,15.00,1,8.62,3,3,2,1,1
SA20/F06_SA20_R01.csv,SA20,SA,F,F06,R01,14.99,1,11.19,1,1,1,1,1
SA20/F06_SA20_R02.csv,SA20,SA,F,F06,R02,15.00,1,11.73,1,1,1,1,1
SA20/F06_SA20_R03.csv,SA20,SA,F,F06,R03,15.00,1,11.35,1,1,1,1,1
SA20/F06_SA20_R04.csv,SA20,SA,F,F06,R04,15.00,0,,1,0,0,0,0
SA20/F06_SA20_R05.csv,SA20,SA,F,F06,R05,15.00,1,12.48,1,1,1,1,1
SA20/F07_SA20_R01.csv,SA20,SA,F,F07,R01,15.00,1,11.13,1,1,1,1,1
SA20/F07_SA20_R02.csv,SA20,SA,F,F07,R02,15.00,1,11.48,1,1,1,1,1
SA20/F07_SA20_R03.csv,SA20,SA,F,F07,R03,15.00,1,11.86,1,1,1,1,1
SA20/F07_SA20_R04.csv,SA20,SA,F,F07,R04,15.00,1,12.50,1,1,1,1,1
SA20/F07_SA20_R05.csv,SA20,SA,F,F07,R05,14.99,1,10.97,1,1,1,1,1
SA20/F08_SA20_R01.csv,SA20,SA,F,F08,R01,15.00,1,10.29,1,1,1,1,1
SA20/F08_SA20_R02.csv,SA20,SA,F,F08,R02,15.00,1,9.11,1,1,1,1,1
SA20/F08_SA20_R03.csv,SA20,SA,F,F08,R03,15.00,0,,1,1,0,0,0
SA20/F08_SA20_R04.csv,SA20,SA,F,F08,R04,15.00,0,,1,1,0,0,0
SA20/F08_SA20_R05.csv,SA20,SA,F,F08,R05,14.99,0,,1,1,0,0,0
SA20/F09_SA20_R01.csv,SA20,SA,F,F09,R01,15.00,1,8.33,1,1,1,1,1
SA20/F09_SA20_R02.csv,SA20,SA,F,F09,R02,15.00,1,9.14,1,1,1,1,1
SA20/F09_SA20_R03.csv,SA20,SA,F,F09,R03,15.00,1,9.62,1,1,1,1,1
SA20/F09_SA20_R04.csv,SA20,SA,F,F09,R04,15.00,1,8.34,1,1,1,1,1
SA20/F09_SA20_R05.csv,SA20,SA,F,F09,R05,15.00,1,9.27,1,1,1,1,1
SA20/F10_SA20_R01.csv,SA20,SA,F,F10,R01,15.00,1,8.13,1,1,1,1,1
SA20/F10_SA20_R02.csv,SA20,SA,F,F10,R02,15.00,1,8.68,1,1,1,1,1
SA20/F10_SA20_R03.csv,SA20,SA,F,F10,R03,15.00,1,8.79,1,1,1,1,1
SA20/F10_SA20_R05.csv,SA20,SA,F,F10,R05,15.00,1,8.52,1,1,1,1,1
SA20/F11_SA20_R01.csv,SA20,SA,F,F11,R01,14.99,1,8.67,1,1,1,1,1
SA20/F11_SA20_R02.csv,SA20,SA,F,F11,R02,15.00,1,8.56,1,1,1,1,1
SA20/F11_SA20_R03.csv,SA20,SA,F,F11,R03,15.00,0,,1,1,0,0,0
SA20/F11_SA20_R04.csv,SA20,SA,F,F11,R04,15.00,0,,1,1,0,0,0
SA20/F11_SA20_R05.csv,SA20,SA,F,F11,R05,15.00,0,,1,0,0,0,0
SA20/F12_SA20_R01.csv,SA20,SA,F,F12,R01,15.00,1,7.63,1,1,1,1,1
SA20/F12_SA20_R02.csv,SA20,SA,F,F12,R02,15.00,1,8.01,1,1,1,1,1
SA20/F12_SA20_R03.csv,SA20,SA,F,F12,R03,15.00,1,8.38,1,1,1,1,1
SA20/F12_SA20_R04.csv,SA20,SA,F,F12,R04,15.00,1,9.13,1,1,1,1,1
SA20/F12_SA20_R05.csv,SA20,SA,F,F12,R05,14.99,1,8.97,1,1,1,1,1
SA20/F13_SA20_R01.csv,SA20,SA,F,F13,R01,15.00,0,,1,1,0,0,0
SA20/F13_SA20_R02.csv,SA20,SA,F,F13,R02,15.00,1,9.65,1,1,1,1,1
SA20/F13_SA20_R03.csv,SA20,SA,F,F13,R03,15.00,0,,1,1,0,0,0
SA20/F13_SA20_R04.csv,SA20,SA,F,F13,R04,15.00,0,,1,1,0,0,0
SA20/F13_SA20_R05.csv,SA20,SA,F,F13,R05,15.00,0,,1,1,0,0,0
SA20/F14_SA20_R01.csv,SA20,SA,F,F14,R01,15.00,1,7.54,1,1,1,1,1
SA20/F14_SA20_R02.csv,SA20,SA,F,F14,R02,15.00,1,5.92,1,1,1,1,1
SA20/F14_SA20_R03.csv,SA20,SA,F,F14,R03,15.00,1,6.99,1,1,1,1,1
SA20/F14_SA20_R04.csv,SA20,SA,F,F14,R04,15.00,1,8.15,1,1,1,1,1
SA20/F14_SA20_R05.csv,SA20,SA,F,F14,R05,15.00,1,8.82,1,1,1,1,1
SA20/F15_SA20_R01.csv,SA20,SA,F,F15,R01,15.00,1,8.43,1,1,1,1,1
SA20/F15_SA20_R02.csv,SA20,SA,F,F15,R02,15.00,1,7.95,1,1,1,1,1
SA20/F15_SA20_R03.csv,SA20,SA,F,F15,R03,15.00,1,7.46,1,1,1,1,1
SA20/F15_SA20_R04.csv,SA20,SA,F,F15,R04,15.00,0,,1,1,0,0,0
SA20/F15_SA20_R05.csv,SA20,SA,F,F15,R05,15.00,1,7.77,1,1,1,1,1
SA21/D01_SA21_R01.csv,SA21,SA,D,D01,R01,100.00,0,,0,0,0,0,0
SA21/D02_SA21_R01.csv,SA21,SA,D,D02,R01,100.00,0,,0,0,0,0,0
SA21/D03_SA21_R01.csv,SA21,SA,D,D03,R01,100.00,0,,9,9,7,0,0
SA21/D04_SA21_R01.csv,SA21,SA,D,D04,R01,100.00,0,,51,51,14,0,0
SA21/D05_SA21_R01.csv,SA21,SA,D,D05,R01,25.00,0,,0,0,0,0,0
SA21/D05_SA21_R02.csv,SA21,SA,D,D05,R02,25.00,0,,0,0,0,0,0
SA21/D05_SA21_R03.csv,SA21,SA,D,D05,R03,25.00,0,,0,0,0,0,0
SA21/D05_SA21_R04.csv,SA21,SA,D,D05,R04,25.00,0,,0,0,0,0,0
SA21/D05_SA21_R05.csv,SA21,SA,D,D05,R05,25.00,0,,0,0,0,0,0
SA21/D06_SA21_R01.csv,SA21,SA,D,D06,R01,25.00,0,,5,5,1,0,0
SA21/D06_SA21_R02.csv,SA21,SA,D,D06,R02,25.00,0,,5,5,0,0,0
SA21/D06_SA21_R03.csv,SA21,SA,D,D06,R03,25.00,0,,5,5,1,0,0
SA21/D06_SA21_R04.csv,SA21,SA,D,D06,R04,25.00,0,,5,5,1,0,0
SA21/D06_SA21_R05.csv,SA21,SA,D,D06,R05,25.00,0,,5,5,1,0,0
SA21/D07_SA21_R01.csv,SA21,SA,D,D07,R01,12.00,0,,0,0,0,0,0
SA21/D07_SA21_R02.csv,SA21,SA,D,D07,R02,12.00,0,,0,0,0,0,0
SA21/D07_SA21_R03.csv,SA21,SA,D,D07,R03,12.00,0,,0,0,0,0,0
SA21/D07_SA21_R04.csv,SA21,SA,D,D07,R04,12.00,0,,0,0,0,0,0
SA21/D07_SA21_R05.csv,SA21,SA,D,D07,R05,12.00,0,,0,0,0,0,0
SA21/D08_SA21_R01.csv,SA21,SA,D,D08,R01,12.00,0,,1,1,1,0,0
SA21/D08_SA21_R02.csv,SA21,SA,D,D08,R02,12.00,0,,1,1,1,0,0
SA21/D08_SA21_R03.csv,SA21,SA,D,D08,R03,12.00,0,,0,0,0,0,0
SA21/D08_SA21_R04.csv,SA21,SA,D,D08,R04,12.00,0,,0,0,0,0,0
SA21/D08_SA21_R05.csv,SA21,SA,D,D08,R05,12.00,0,,0,0,0,0,0
SA21/D09_SA21_R01.csv,SA21,SA,D,D09,R01,12.00,0,,0,0,0,0,0
SA21/D09_SA21_R02.csv,SA21,SA,D,D09,R02,12.00,0,,0,0,0,0,0
SA21/D09_SA21_R03.csv,SA21,SA,D,D09,R03,12.00,0,,0,0,0,0,0
SA21/D09_SA21_R04.csv,SA21,SA,D,D09,R04,12.00,0,,0,0,0,0,0
SA21/D09_SA21_R05.csv,SA21,SA,D,D09,R05,12.00,0,,0,0,0,0,0
SA21/D10_SA21_R01.csv,SA21,SA,D,D10,R01,12.00,0,,0,0,0,0,0
SA21/D10_SA21_R02.csv,SA21,SA,D,D10,R02,12.00,0,,0,0,0,0,0
SA21/D10_SA21_R03.csv,SA21,SA,D,D10,R03,12.00,0,,0,0,0,0,0
SA21/D10_SA21_R04.csv,SA21,SA,D,D10,R04,12.00,0,,0,0,0,0,0
SA21/D10_SA21_R05.csv,SA21,SA,D,D10,R05,12.00,0,,0,0,0,0,0
SA21/D11_SA21_R01.csv,SA21,SA,D,D11,R01,11.99,0,,1,1,1,0,0
SA21/D11_SA21_R02.csv,SA21,SA,D,D11,R02,12.00,0,,1,1,1,0,0
SA21/D11_SA21_R03.csv,SA21,SA,D,D11,R03,12.00,0,,1,0,0,0,0
SA21/D11_SA21_R04.csv,SA21,SA,D,D11,R04,12.00,0,,1,1,1,0,0
SA21/D11_SA21_R05.csv,SA21,SA,D,D11,R05,12.00,0,,1,1,1,0,0
SA21/D12_SA21_R01.csv,SA21,SA,D,D12,R01,12.00,0,,0,0,0,0,0
SA21/D12_SA21_R02.csv,SA21,SA,D,D12,R02,12.00,0,,0,0,0,0,0
SA21/D12_SA21_R03.csv,SA21,SA,D,D12,R03,12.00,0,,0,0,0,0,0
SA21/D12_SA21_R04.csv,SA21,SA,D,D12,R04,12.00,0,,0,0,0,0,0
SA21/D12_SA21_R05.csv,SA21,SA,D,D12,R05,12.00,0,,0,0,0,0,0
SA21/D13_SA21_R01.csv,SA21,SA,D,D13,R01,12.00,0,,0,0,0,0,0
SA21/D13_SA21_R02.csv,SA21,SA,D,D13,R02,12.00,0,,0,0,0,0,0
SA21/D13_SA21_R03.csv,SA21,SA,D,D13,R03,12.00,0,,0,0,0,0,0
SA21/D13_SA21_R04.csv,SA21,SA,D,D13,R04,12.00,0,,0,0,0,0,0
SA21/D13_SA21_R05.csv,SA21,SA,D,D13,R05,12.00,0,,0,0,0,0,0
SA21/D14_SA21_R01.csv,SA21,SA,D,D14,R01,12.00,0,,0,0,0,0,0
SA21/D14_SA21_R02.csv,SA21,SA,D,D14,R02,12.00,0,,0,0,0,0,0
SA21/D14_SA21_R03.csv,SA21,SA,D,D14,R03,12.00,0,,0,0,0,0,0
SA21/D14_SA21_R04.csv,SA21,SA,D,D14,R04,12.00,0,,0,0,0,0,0
SA21/D14_SA21_R05.csv,SA21,SA,D,D14,R05,12.00,0,,1,0,0,0,0
SA21/D15_SA21_R01.csv,SA21,SA,D,D15,R01,12.00,0,,0,0,0,0,0
SA21/D15_SA21_R02.csv,SA21,SA,D,D15,R02,12.00,0,,0,0,0,0,0
SA21/D15_SA21_R03.csv,SA21,SA,D,D15,R03,12.00,0,,0,0,0,0,0
SA21/D15_SA21_R04.csv,SA21,SA,D,D15,R04,12.00,0,,0,0,0,0,0
SA21/D15_SA21_R05.csv,SA21,SA,D,D15,R05,12.00,0,,0,0,0,0,0
SA21/D16_SA21_R01.csv,SA21,SA,D,D16,R01,11.99,0,,0,0,0,0,0
SA21/D16_SA21_R02.csv,SA21,SA,D,D16,R02,12.00,0,,0,0,0,0,0
SA21/D16_SA21_R03.csv,SA21,SA,D,D16,R03,12.00,0,,0,0,0,0,0
SA21/D16_SA21_R04.csv,SA21,SA,D,D16,R04,12.00,0,,0,0,0,0,0
SA21/D16_SA21_R05.csv,SA21,SA,D,D16,R05,12.00,0,,0,0,0,0,0
SA21/D17_SA21_R01.csv,SA21,SA,D,D17,R01,25.00,0,,0,0,0,0,0
SA21/D17_SA21_R02.csv,SA21,SA,D,D17,R02,25.00,0,,0,0,0,0,0
SA21/D17_SA21_R03.csv,SA21,SA,D,D17,R03,25.00,0,,0,0,0,0,0
SA21/D17_SA21_R04.csv,SA21,SA,D,D17,R04,25.00,0,,0,0,0,0,0
SA21/D17_SA21_R05.csv,SA21,SA,D,D17,R05,25.00,0,,0,0,0,0,0
SA21/D18_SA21_R01.csv,SA21,SA,D,D18,R01,12.00,0,,2,1,0,0,0
SA21/D18_SA21_R02.csv,SA21,SA,D,D18,R02,12.00,0,,1,1,0,0,0
SA21/D18_SA21_R03.csv,SA21,SA,D,D18,R03,12.00,0,,2,2,0,0,0
SA21/D18_SA21_R04.csv,SA21,SA,D,D18,R04,12.00,0,,1,1,0,0,0
SA21/D18_SA21_R05.csv,SA21,SA,D,D18,R05,12.00,0,,1,1,0,0,0
SA21/D19_SA21_R01.csv,SA21,SA,D,D19,R01,12.00,0,,2,2,1,0,0
SA21/D19_SA21_R02.csv,SA21,SA,D,D19,R02,12.00,0,,2,2,2,0,0
SA21/D19_SA21_R03.csv,SA21,SA,D,D19,R03,12.00,0,,2,2,1,0,0
SA21/D19_SA21_R04.csv,SA21,SA,D,D19,R04,12.00,0,,2,2,1,0,0
SA21/D19_SA21_R05.csv,SA21,SA,D,D19,R05,12.00,0,,3,3,2,0,0
SA21/F01_SA21_R01.csv,SA21,SA,F,F01,R01,15.00,1,9.27,1,1,1,1,1
SA21/F01_SA21_R02.csv,SA21,SA,F,F01,R02,15.00,0,,1,1,0,0,0
SA21/F01_SA21_R03.csv,SA21,SA,F,F01,R03,15.00,0,,1,1,0,0,0
SA21/F01_SA21_R04.csv,SA21,SA,F,F01,R04,15.00,1,9.38,1,1,1,1,1
SA21/F01_SA21_R05.csv,SA21,SA,F,F01,R05,15.00,1,9.98,1,1,1,1,1
SA21/F02_SA21_R01.csv,SA21,SA,F,F02,R01,15.00,0,,1,1,0,0,0
SA21/F02_SA21_R02.csv,SA21,SA,F,F02,R02,15.00,1,11.29,1,1,1,1,1
SA21/F02_SA21_R03.csv,SA21,SA,F,F02,R03,15.00,0,,2,2,0,0,0
SA21/F02_SA21_R04.csv,SA21,SA,F,F02,R04,15.00,0,,1,1,0,0,0
SA21/F02_SA21_R05.csv,SA21,SA,F,F02,R05,15.00,1,9.58,1,1,1,1,1
SA21/F03_SA21_R01.csv,SA21,SA,F,F03,R01,15.00,0,,1,1,0,0,0
SA21/F03_SA21_R02.csv,SA21,SA,F,F03,R02,15.00,0,,1,1,0,0,0
SA21/F03_SA21_R03.csv,SA21,SA,F,F03,R03,15.00,1,9.85,1,1,1,1,1
SA21/F03_SA21_R04.csv,SA21,SA,F,F03,R04,15.00,1,9.48,1,1,1,1,1
SA21/F03_SA21_R05.csv,SA21,SA,F,F03,R05,15.00,0,,1,1,0,0,0
SA21/F04_SA21_R01.csv,SA21,SA,F,F04,R01,15.00,0,,1,1,0,0,0
SA21/F04_SA21_R02.csv,SA21,SA,F,F04,R02,15.00,1,10.89,1,1,1,1,1
SA21/F04_SA21_R03.csv,SA21,SA,F,F04,R03,15.00,1,9.27,1,1,1,1,1
SA21/F04_SA21_R04.csv,SA21,SA,F,F04,R04,15.00,0,,1,1,0,0,0
SA21/F04_SA21_R05.csv,SA21,SA,F,F04,R05,15.00,1,9.06,1,1,1,1,1
SA21/F05_SA21_R01.csv,SA21,SA,F,F05,R01,15.00,0,,1,1,0,0,0
SA21/F05_SA21_R02.csv,SA21,SA,F,F05,R02,15.00,1,8.71,1,1,1,1,1
SA21/F05_SA21_R03.csv,SA21,SA,F,F05,R03,15.00,0,,1,1,0,0,0
SA21/F05_SA21_R04.csv,SA21,SA,F,F05,R04,15.00,0,,1,1,0,0,0
SA21/F05_SA21_R05.csv,SA21,SA,F,F05,R05,15.00,1,8.76,1,1,1,1,1
SA21/F06_SA21_R01.csv,SA21,SA,F,F06,R01,15.00,0,,1,0,0,0,0
SA21/F06_SA21_R02.csv,SA21,SA,F,F06,R02,15.00,1,9.54,1,1,1,1,1
SA21/F06_SA21_R03.csv,SA21,SA,F,F06,R03,15.00,0,,1,1,0,0,0
SA21/F06_SA21_R04.csv,SA21,SA,F,F06,R04,15.00,1,13.38,1,1,1,1,1
SA21/F06_SA21_R05.csv,SA21,SA,F,F06,R05,15.00,1,12.50,1,1,1,1,1
SA21/F07_SA21_R01.csv,SA21,SA,F,F07,R01,15.00,0,,0,0,0,0,0
SA21/F07_SA21_R02.csv,SA21,SA,F,F07,R02,15.00,1,13.04,1,1,1,1,1
SA21/F07_SA21_R03.csv,SA21,SA,F,F07,R03,15.00,1,12.75,1,1,1,1,1
SA21/F07_SA21_R04.csv,SA21,SA,F,F07,R04,15.00,1,12.06,1,1,1,1,1
SA21/F07_SA21_R05.csv,SA21,SA,F,F07,R05,15.00,1,13.66,1,1,1,1,1
SA21/F08_SA21_R01.csv,SA21,SA,F,F08,R01,15.00,1,8.32,1,1,1,1,1
SA21/F08_SA21_R02.csv,SA21,SA,F,F08,R02,15.00,0,,1,1,0,0,0
SA21/F08_SA21_R03.csv,SA21,SA,F,F08,R03,15.00,0,,1,1,0,0,0
SA21/F08_SA21_R04.csv,SA21,SA,F,F08,R04,15.00,1,8.98,1,1,1,1,1
SA21/F08_SA21_R05.csv,SA21,SA,F,F08,R05,15.00,0,,1,1,0,0,0
SA21/F09_SA21_R01.csv,SA21,SA,F,F09,R01,15.00,1,7.99,1,1,1,1,1
SA21/F09_SA21_R02.csv,SA21,SA,F,F09,R02,15.00,1,10.88,1,1,1,1,1
SA21/F09_SA21_R03.csv,SA21,SA,F,F09,R03,15.00,1,9.67,1,1,1,1,1
SA21/F09_SA21_R04.csv,SA21,SA,F,F09,R04,15.00,1,9.08,1,1,1,1,1
SA21/F09_SA21_R05.csv,SA21,SA,F,F09,R05,15.00,1,9.97,1,1,1,1,1
SA21/F10_SA21_R01.csv,SA21,SA,F,F10,R01,15.00,0,,1,1,0,0,0
SA21/F10_SA21_R02.csv,SA21,SA,F,F10,R02,15.00,0,,1,0,0,0,0
SA21/F10_SA21_R03.csv,SA21,SA,F,F10,R03,15.00,0,,1,0,0,0,0
SA21/F10_SA21_R04.csv,SA21,SA,F,F10,R04,15.00,0,,1,1,0,0,0
SA21/F10_SA21_R05.csv,SA21,SA,F,F10,R05,15.00,0,,1,1,0,0,0
SA21/F11_SA21_R01.csv,SA21,SA,F,F11,R01,14.99,0,,1,0,0,0,0
SA21/F11_SA21_R02.csv,SA21,SA,F,F11,R02,15.00,1,10.42,1,1,1,1,1
SA21/F11_SA21_R03.csv,SA21,SA,F,F11,R03,15.00,0,,1,0,0,0,0
SA21/F11_SA21_R04.csv,SA21,SA,F,F11,R04,15.00,0,,1,0,0,0,0
SA21/F11_SA21_R05.csv,SA21,SA,F,F11,R05,15.00,0,,1,0,0,0,0
SA21/F12_SA21_R01.csv,SA21,SA,F,F12,R01,15.00,0,,1,0,0,0,0
SA21/F12_SA21_R02.csv,SA21,SA,F,F12,R02,15.00,1,9.54,1,1,1,1,1
SA21/F12_SA21_R03.csv,SA21,SA,F,F12,R03,15.00,0,,1,0,0,0,0
SA21/F12_SA21_R04.csv,SA21,SA,F,F12,R04,15.00,1,7.91,1,1,1,1,1
SA21/F12_SA21_R05.csv,SA21,SA,F,F12,R05,15.00,1,9.27,1,1,1,1,1
SA21/F13_SA21_R01.csv,SA21,SA,F,F13,R01,15.00,0,,1,1,0,0,0
SA21/F13_SA21_R02.csv,SA21,SA,F,F13,R02,15.00,0,,0,0,0,0,0
SA21/F13_SA21_R03.csv,SA21,SA,F,F13,R03,15.00,1,7.37,1,1,1,1,1
SA21/F13_SA21_R04.csv,SA21,SA,F,F13,R04,15.00,1,8.79,1,1,1,1,1
SA21/F13_SA21_R05.csv,SA21,SA,F,F13,R05,15.00,0,,1,1,0,0,0
SA21/F14_SA21_R01.csv,SA21,SA,F,F14,R01,15.00,1,7.74,1,1,1,1,1
SA21/F14_SA21_R02.csv,SA21,SA,F,F14,R02,15.00,1,8.39,1,1,1,1,1
SA21/F14_SA21_R03.csv,SA21,SA,F,F14,R03,15.00,1,7.63,1,1,1,1,1
SA21/F14_SA21_R04.csv,SA21,SA,F,F14,R04,15.00,1,7.75,1,1,1,1,1
SA21/F14_SA21_R05.csv,SA21,SA,F,F14,R05,15.00,1,9.37,1,1,1,1,1
SA21/F15_SA21_R01.csv,SA21,SA,F,F15,R01,15.00,0,,1,1,0,0,0
SA21/F15_SA21_R02.csv,SA21,SA,F,F15,R02,15.00,1,7.95,1,1,1,1,1
SA21/F15_SA21_R03.csv,SA21,SA,F,F15,R03,15.00,1,7.40,1,1,1,1,1
SA21/F15_SA21_R04.csv,SA21,SA,F,F15,R04,15.00,0,,0,0,0,0,0
SA21/F15_SA21_R05.csv,SA21,SA,F,F15,R05,15.00,0,,1,1,0,0,0
SA22/D01_SA22_R01.csv,SA22,SA,D,D01,R01,100.00,0,,0,0,0,0,0
SA22/D02_SA22_R01.csv,SA22,SA,D,D02,R01,100.00,0,,0,0,0,0,0
SA22/D03_SA22_R01.csv,SA22,SA,D,D03,R01,100.00,0,,106,106,6,0,0
SA22/D04_SA22_R01.csv,SA22,SA,D,D04,R01,99.98,0,,99,99,10,0,0
SA22/D05_SA22_R01.csv,SA22,SA,D,D05,R01,25.00,0,,0,0,0,0,0
SA22/D05_SA22_R02.csv,SA22,SA,D,D05,R02,25.00,0,,1,1,1,0,0
SA22/D05_SA22_R03.csv,SA22,SA,D,D05,R03,25.00,0,,2,2,1,0,0
SA22/D05_SA22_R04.csv,SA22,SA,D,D05,R04,25.00,0,,2,2,1,0,0
SA22/D05_SA22_R05.csv,SA22,SA,D,D05,R05,25.00,0,,1,1,1,0,0
SA22/D06_SA22_R01.csv,SA22,SA,D,D06,R01,25.00,0,,2,2,1,0,0
SA22/D06_SA22_R02.csv,SA22,SA,D,D06,R02,25.00,0,,8,7,1,0,0
SA22/D06_SA22_R03.csv,SA22,SA,D,D06,R03,25.00,0,,10,9,0,0,0
SA22/D06_SA22_R04.csv,SA22,SA,D,D06,R04,25.00,0,,5,5,2,0,0
SA22/D06_SA22_R05.csv,SA22,SA,D,D06,R05,25.00,0,,10,10,1,0,0
SA22/D07_SA22_R01.csv,SA22,SA,D,D07,R01,11.99,0,,0,0,0,0,0
SA22/D07_SA22_R02.csv,SA22,SA,D,D07,R02,12.00,0,,0,0,0,0,0
SA22/D07_SA22_R03.csv,SA22,SA,D,D07,R03,12.00,0,,0,0,0,0,0
SA22/D07_SA22_R04.csv,SA22,SA,D,D07,R04,12.00,0,,0,0,0,0,0
SA22/D07_SA22_R05.csv,SA22,SA,D,D07,R05,12.00,0,,0,0,0,0,0
SA22/D08_SA22_R01.csv,SA22,SA,D,D08,R01,12.00,0,,1,1,1,0,0
SA22/D08_SA22_R02.csv,SA22,SA,D,D08,R02,12.00,0,,1,0,0,0,0
SA22/D08_SA22_R03.csv,SA22,SA,D,D08,R03,12.00,0,,0,0,0,0,0
SA22/D08_SA22_R04.csv,SA22,SA,D,D08,R04,12.00,0,,0,0,0,0,0
SA22/D08_SA22_R05.csv,SA22,SA,D,D08,R05,11.99,0,,0,0,0,0,0
SA22/D09_SA22_R01.csv,SA22,SA,D,D09,R01,11.99,0,,0,0,0,0,0
SA22/D09_SA22_R02.csv,SA22,SA,D,D09,R02,12.00,0,,0,0,0,0,0
SA22/D09_SA22_R03.csv,SA22,SA,D,D09,R03,12.00,0,,0,0,0,0,0
SA22/D09_SA22_R04.csv,SA22,SA,D,D09,R04,12.00,0,,0,0,0,0,0
SA22/D09_SA22_R05.csv,SA22,SA,D,D09,R05,12.00,0,,0,0,0,0,0
SA22/D10_SA22_R01.csv,SA22,SA,D,D10,R01,12.00,0,,1,0,0,0,0
SA22/D10_SA22_R02.csv,SA22,SA,D,D10,R02,12.00,0,,1,1,1,0,0
SA22/D10_SA22_R03.csv,SA22,SA,D,D10,R03,12.00,0,,1,0,0,0,0
SA22/D10_SA22_R04.csv,SA22,SA,D,D10,R04,12.00,0,,1,1,1,0,0
SA22/D10_SA22_R05.csv,SA22,SA,D,D10,R05,12.00,0,,1,1,1,0,0
SA22/D11_SA22_R01.csv,SA22,SA,D,D11,R01,11.99,0,,1,0,0,0,0
SA22/D11_SA22_R02.csv,SA22,SA,D,D11,R02,12.00,0,,1,1,0,0,0
SA22/D11_SA22_R03.csv,SA22,SA,D,D11,R03,12.00,0,,0,0,0,0,0
SA22/D11_SA22_R04.csv,SA22,SA,D,D11,R04,12.00,0,,1,0,0,0,0
SA22/D11_SA22_R05.csv,SA22,SA,D,D11,R05,12.00,0,,1,1,1,0,0
SA22/D12_SA22_R01.csv,SA22,SA,D,D12,R01,12.00,0,,0,0,0,0,0
SA22/D12_SA22_R02.csv,SA22,SA,D,D12,R02,12.00,0,,0,0,0,0,0
SA22/D12_SA22_R03.csv,SA22,SA,D,D12,R03,12.00,0,,0,0,0,0,0
SA22/D12_SA22_R04.csv,SA22,SA,D,D12,R04,12.00,0,,0,0,0,0,0
SA22/D12_SA22_R05.csv,SA22,SA,D,D12,R05,12.00,0,,0,0,0,0,0
SA22/D13_SA22_R01.csv,SA22,SA,D,D13,R01,12.00,0,,0,0,0,0,0
SA22/D13_SA22_R02.csv,SA22,SA,D,D13,R02,12.00,0,,0,0,0,0,0
SA22/D13_SA22_R03.csv,SA22,SA,D,D13,R03,12.00,0,,0,0,0,0,0
SA22/D13_SA22_R04.csv,SA22,SA,D,D13,R04,12.00,0,,0,0,0,0,0
SA22/D13_SA22_R05.csv,SA22,SA,D,D13,R05,12.00,0,,0,0,0,0,0
SA22/D14_SA22_R01.csv,SA22,SA,D,D14,R01,12.00,0,,0,0,0,0,0
SA22/D14_SA22_R02.csv,SA22,SA,D,D14,R02,12.00,0,,0,0,0,0,0
SA22/D14_SA22_R03.csv,SA22,SA,D,D14,R03,12.00,0,,0,0,0,0,0
SA22/D14_SA22_R04.csv,SA22,SA,D,D14,R04,12.00,0,,0,0,0,0,0
SA22/D14_SA22_R05.csv,SA22,SA,D,D14,R05,12.00,0,,0,0,0,0,0
SA22/D15_SA22_R01.csv,SA22,SA,D,D15,R01,12.00,0,,0,0,0,0,0
SA22/D15_SA22_R02.csv,SA22,SA,D,D15,R02,12.00,0,,0,0,0,0,0
SA22/D15_SA22_R03.csv,SA22,SA,D,D15,R03,12.00,0,,0,0,0,0,0
SA22/D15_SA22_R04.csv,SA22,SA,D,D15,R04,12.00,0,,0,0,0,0,0
SA22/D15_SA22_R05.csv,SA22,SA,D,D15,R05,11.99,0,,0,0,0,0,0
SA22/D16_SA22_R01.csv,SA22,SA,D,D16,R01,11.99,0,,0,0,0,0,0
SA22/D16_SA22_R02.csv,SA22,SA,D,D16,R02,12.00,0,,0,0,0,0,0
SA22/D16_SA22_R03.csv,SA22,SA,D,D16,R03,12.00,0,,0,0,0,0,0
SA22/D16_SA22_R04.csv,SA22,SA,D,D16,R04,12.00,0,,0,0,0,0,0
SA22/D16_SA22_R05.csv,SA22,SA,D,D16,R05,12.00,0,,0,0,0,0,0
SA22/D17_SA22_R01.csv,SA22,SA,D,D17,R01,25.00,0,,0,0,0,0,0
SA22/D17_SA22_R02.csv,SA22,SA,D,D17,R02,25.00,0,,0,0,0,0,0
SA22/D17_SA22_R03.csv,SA22,SA,D,D17,R03,25.00,0,,0,0,0,0,0
SA22/D17_SA22_R04.csv,SA22,SA,D,D17,R04,25.00,0,,0,0,0,0,0
SA22/D17_SA22_R05.csv,SA22,SA,D,D17,R05,25.00,0,,0,0,0,0,0
SA22/D18_SA22_R01.csv,SA22,SA,D,D18,R01,11.97,0,,1,1,0,0,0
SA22/D18_SA22_R02.csv,SA22,SA,D,D18,R02,12.00,0,,2,2,0,0,0
SA22/D18_SA22_R03.csv,SA22,SA,D,D18,R03,12.00,0,,1,1,1,0,0
SA22/D18_SA22_R04.csv,SA22,SA,D,D18,R04,12.00,0,,1,1,0,0,0
SA22/D18_SA22_R05.csv,SA22,SA,D,D18,R05,12.00,0,,1,1,0,0,0
SA22/D19_SA22_R01.csv,SA22,SA,D,D19,R01,12.00,0,,2,2,2,0,0
SA22/D19_SA22_R02.csv,SA22,SA,D,D19,R02,12.00,0,,2,2,2,0,0
SA22/D19_SA22_R03.csv,SA22,SA,D,D19,R03,12.00,0,,2,2,1,0,0
SA22/D19_SA22_R04.csv,SA22,SA,D,D19,R04,12.00,0,,2,2,2,0,0
SA22/D19_SA22_R05.csv,SA22,SA,D,D19,R05,12.00,0,,2,2,2,0,0
SA22/F01_SA22_R01.csv,SA22,SA,F,F01,R01,14.99,0,,1,1,0,0,0
SA22/F01_SA22_R02.csv,SA22,SA,F,F01,R02,15.00,1,10.29,1,1,1,1,1
SA22/F01_SA22_R03.csv,SA22,SA,F,F01,R03,15.00,1,10.48,1,1,1,1,1
SA22/F01_SA22_R04.csv,SA22,SA,F,F01,R04,15.00,1,10.23,1,1,1,1,1
SA22/F01_SA22_R05.csv,SA22,SA,F,F01,R05,15.00,1,10.50,1,1,1,1,1
SA22/F02_SA22_R01.csv,SA22,SA,F,F02,R01,15.00,0,,1,1,0,0,0
SA22/F02_SA22_R02.csv,SA22,SA,F,F02,R02,15.00,0,,1,1,0,0,0
SA22/F02_SA22_R03.csv,SA22,SA,F,F02,R03,15.00,0,,1,1,0,0,0
SA22/F02_SA22_R04.csv,SA22,SA,F,F02,R04,15.00,0,,1,1,0,0,0
SA22/F02_SA22_R05.csv,SA22,SA,F,F02,R05,15.00,0,,1,1,0,0,0
SA22/F03_SA22_R01.csv,SA22,SA,F,F03,R01,15.00,1,11.75,1,1,1,1,1
SA22/F03_SA22_R02.csv,SA22,SA,F,F03,R02,15.00,1,8.46,1,1,1,1,1
SA22/F03_SA22_R03.csv,SA22,SA,F,F03,R03,15.00,1,9.56,1,1,1,1,1
SA22/F03_SA22_R04.csv,SA22,SA,F,F03,R04,14.98,1,8.87,1,1,1,1,1
SA22/F03_SA22_R05.csv,SA22,SA,F,F03,R05,15.00,1,9.85,1,1,1,1,1
SA22/F04_SA22_R01.csv,SA22,SA,F,F04,R01,15.00,0,,1,1,0,0,0
SA22/F04_SA22_R02.csv,SA22,SA,F,F04,R02,15.00,1,10.05,1,1,1,1,1
SA22/F04_SA22_R03.csv,SA22,SA,F,F04,R03,15.00,1,10.39,1,1,1,1,1
SA22/F04_SA22_R04.csv,SA22,SA,F,F04,R04,15.00,1,11.79,1,1,1,1,1
SA22/F04_SA22_R05.csv,SA22,SA,F,F04,R05,15.00,0,,1,1,0,0,0
SA22/F05_SA22_R01.csv,SA22,SA,F,F05,R01,15.00,0,,2,2,1,0,0
SA22/F05_SA22_R02.csv,SA22,SA,F,F05,R02,15.00,0,,1,1,1,0,0
SA22/F05_SA22_R03.csv,SA22,SA,F,F05,R03,15.00,0,,1,1,1,0,0
SA22/F05_SA22_R04.csv,SA22,SA,F,F05,R04,15.00,0,,1,1,1,0,0
SA22/F05_SA22_R05.csv,SA22,SA,F,F05,R05,14.99,0,,1,1,1,0,0
SA22/F06_SA22_R01.csv,SA22,SA,F,F06,R01,14.99,1,10.58,1,1,1,1,1
SA22/F06_SA22_R02.csv,SA22,SA,F,F06,R02,15.00,1,11.60,1,1,1,1,1
SA22/F06_SA22_R03.csv,SA22,SA,F,F06,R03,15.00,1,12.25,1,1,1,1,1
SA22/F06_SA22_R04.csv,SA22,SA,F,F06,R04,15.00,0,,1,0,0,0,0
SA22/F06_SA22_R05.csv,SA22,SA,F,F06,R05,14.99,1,11.86,1,1,1,1,1
SA22/F07_SA22_R01.csv,SA22,SA,F,F07,R01,15.00,1,10.45,1,1,1,1,1
SA22/F07_SA22_R02.csv,SA22,SA,F,F07,R02,15.00,1,9.03,1,1,1,1,1
SA22/F07_SA22_R03.csv,SA22,SA,F,F07,R03,15.00,1,10.80,1,1,1,1,1
SA22/F07_SA22_R04.csv,SA22,SA,F,F07,R04,15.00,1,10.40,1,1,1,1,1
SA22/F07_SA22_R05.csv,SA22,SA,F,F07,R05,14.99,1,10.27,1,1,1,1,1
SA22/F08_SA22_R01.csv,SA22,SA,F,F08,R01,15.00,1,11.30,1,1,1,1,1
SA22/F08_SA22_R02.csv,SA22,SA,F,F08,R02,15.00,1,10.06,1,1,1,1,1
SA22/F08_SA22_R03.csv,SA22,SA,F,F08,R03,15.00,1,9.35,1,1,1,1,1
SA22/F08_SA22_R04.csv,SA22,SA,F,F08,R04,15.00,1,9.04,1,1,1,1,1
SA22/F08_SA22_R05.csv,SA22,SA,F,F08,R05,15.00,1,9.21,1,1,1,1,1
SA22/F09_SA22_R01.csv,SA22,SA,F,F09,R01,15.00,1,8.59,1,1,1,1,1
SA22/F09_SA22_R02.csv,SA22,SA,F,F09,R02,15.00,1,9.24,1,1,1,1,1
SA22/F09_SA22_R03.csv,SA22,SA,F,F09,R03,15.00,1,8.95,1,1,1,1,1
SA22/F09_SA22_R04.csv,SA22,SA,F,F09,R04,15.00,1,7.63,1,1,1,1,1
SA22/F09_SA22_R05.csv,SA22,SA,F,F09,R05,15.00,1,9.30,1,1,1,1,1
SA22/F10_SA22_R01.csv,SA22,SA,F,F10,R01,15.00,1,10.10,1,1,1,1,1
SA22/F10_SA22_R02.csv,SA22,SA,F,F10,R02,15.00,1,9.07,1,1,1,1,1
SA22/F10_SA22_R03.csv,SA22,SA,F,F10,R03,15.00,1,9.29,1,1,1,1,1
SA22/F10_SA22_R04.csv,SA22,SA,F,F10,R04,15.00,1,9.44,1,1,1,1,1
SA22/F10_SA22_R05.csv,SA22,SA,F,F10,R05,15.00,0,,1,1,0,0,0
SA22/F11_SA22_R01.csv,SA22,SA,F,F11,R01,14.99,1,9.57,1,1,1,1,1
SA22/F11_SA22_R02.csv,SA22,SA,F,F11,R02,15.00,1,9.49,1,1,1,1,1
SA22/F11_SA22_R03.csv,SA22,SA,F,F11,R03,15.00,1,10.58,1,1,1,1,1
SA22/F11_SA22_R04.csv,SA22,SA,F,F11,R04,15.00,1,9.19,1,1,1,1,1
SA22/F11_SA22_R05.csv,SA22,SA,F,F11,R05,15.00,1,9.79,1,1,1,1,1
SA22/F12_SA22_R01.csv,SA22,SA,F,F12,R01,15.00,1,8.21,1,1,1,1,1
SA22/F12_SA22_R02.csv,SA22,SA,F,F12,R02,15.00,0,,1,1,0,0,0
SA22/F12_SA22_R03.csv,SA22,SA,F,F12,R03,15.00,1,10.03,1,1,1,1,1
SA22/F12_SA22_R04.csv,SA22,SA,F,F12,R04,15.00,0,,1,1,0,0,0
SA22/F12_SA22_R05.csv,SA22,SA,F,F12,R05,15.00,1,10.73,1,1,1,1,1
SA22/F13_SA22_R01.csv,SA22,SA,F,F13,R01,15.00,0,,1,1,0,0,0
SA22/F13_SA22_R02.csv,SA22,SA,F,F13,R02,15.00,0,,1,1,0,0,0
SA22/F13_SA22_R03.csv,SA22,SA,F,F13,R03,15.00,0,,1,1,0,0,0
SA22/F13_SA22_R04.csv,SA22,SA,F,F13,R04,15.00,0,,1,1,0,0,0
SA22/F13_SA22_R05.csv,SA22,SA,F,F13,R05,15.00,0,,1,0,0,0,0
SA22/F14_SA22_R01.csv,SA22,SA,F,F14,R01,15.00,1,12.71,1,1,1,1,1
SA22/F14_SA22_R02.csv,SA22,SA,F,F14,R02,14.99,1,9.98,1,1,1,1,1
SA22/F14_SA22_R03.csv,SA22,SA,F,F14,R03,15.00,1,11.20,1,1,1,1,1
SA22/F14_SA22_R04.csv,SA22,SA,F,F14,R04,15.00,1,11.87,1,1,1,1,1
SA22/F14_SA22_R05.csv,SA22,SA,F,F14,R05,15.00,1,8.67,1,1,1,1,1
SA22/F15_SA22_R01.csv,SA22,SA,F,F15,R01,14.46,1,9.15,1,1,1,1,1
SA22/F15_SA22_R02.csv,SA22,SA,F,F15,R02,15.00,0,,1,1,0,0,0
SA22/F15_SA22_R03.csv,SA22,SA,F,F15,R03,15.00,1,9.71,1,1,1,1,1
SA22/F15_SA22_R04.csv,SA22,SA,F,F15,R04,15.00,0,,1,1,0,0,0
SA22/F15_SA22_R05.csv,SA22,SA,F,F15,R05,14.99,0,,1,1,0,0,0
SA23/D01_SA23_R01.csv,SA23,SA,D,D01,R01,100.00,0,,0,0,0,0,0
SA23/D02_SA23_R01.csv,SA23,SA,D,D02,R01,100.00,0,,0,0,0,0,0
SA23/D03_SA23_R01.csv,SA23,SA,D,D03,R01,100.00,0,,10,10,9,0,0
SA23/D04_SA23_R01.csv,SA23,SA,D,D04,R01,100.00,0,,94,94,12,0,0
SA23/D05_SA23_R01.csv,SA23,SA,D,D05,R01,25.00,0,,0,0,0,0,0
SA23/D05_SA23_R02.csv,SA23,SA,D,D05,R02,25.00,0,,0,0,0,0,0
SA23/D05_SA23_R03.csv,SA23,SA,D,D05,R03,25.00,0,,0,0,0,0,0
SA23/D05_SA23_R04.csv,SA23,SA,D,D05,R04,25.00,0,,0,0,0,0,0
SA23/D05_SA23_R05.csv,SA23,SA,D,D05,R05,25.00,0,,0,0,0,0,0
SA23/D06_SA23_R01.csv,SA23,SA,D,D06,R01,25.00,0,,2,2,2,0,0
SA23/D06_SA23_R02.csv,SA23,SA,D,D06,R02,25.00,0,,9,9,1,0,0
SA23/D06_SA23_R03.csv,SA23,SA,D,D06,R03,25.00,0,,6,6,1,0,0
SA23/D06_SA23_R04.csv,SA23,SA,D,D06,R04,25.00,0,,5,5,1,0,0
SA23/D06_SA23_R05.csv,SA23,SA,D,D06,R05,25.00,0,,9,8,1,0,0
SA23/D07_SA23_R01.csv,SA23,SA,D,D07,R01,11.99,0,,0,0,0,0,0
SA23/D07_SA23_R02.csv,SA23,SA,D,D07,R02,12.00,0,,0,0,0,0,0
SA23/D07_SA23_R03.csv,SA23,SA,D,D07,R03,12.00,0,,0,0,0,0,0
SA23/D07_SA23_R04.csv,SA23,SA,D,D07,R04,12.00,0,,0,0,0,0,0
SA23/D07_SA23_R05.csv,SA23,SA,D,D07,R05,12.00,0,,0,0,0,0,0
SA23/D08_SA23_R01.csv,SA23,SA,D,D08,R01,12.00,0,,0,0,0,0,0
SA23/D08_SA23_R02.csv,SA23,SA,D,D08,R02,12.00,0,,0,0,0,0,0
SA23/D08_SA23_R03.csv,SA23,SA,D,D08,R03,12.00,0,,0,0,0,0,0
SA23/D08_SA23_R04.csv,SA23,SA,D,D08,R04,12.00,0,,0,0,0,0,0
SA23/D08_SA23_R05.csv,SA23,SA,D,D08,R05,12.00,0,,0,0,0,0,0
SA23/D09_SA23_R01.csv,SA23,SA,D,D09,R01,12.00,0,,0,0,0,0,0
SA23/D09_SA23_R02.csv,SA23,SA,D,D09,R02,12.00,0,,0,0,0,0,0
SA23/D09_SA23_R03.csv,SA23,SA,D,D09,R03,12.00,0,,0,0,0,0,0
SA23/D09_SA23_R04.csv,SA23,SA,D,D09,R04,12.00,0,,0,0,0,0,0
SA23/D09_SA23_R05.csv,SA23,SA,D,D09,R05,12.00,0,,0,0,0,0,0
SA23/D10_SA23_R01.csv,SA23,SA,D,D10,R01,12.00,0,,0,0,0,0,0
SA23/D10_SA23_R02.csv,SA23,SA,D,D10,R02,12.00,0,,0,0,0,0,0
SA23/D10_SA23_R03.csv,SA23,SA,D,D10,R03,12.00,0,,0,0,0,0,0
SA23/D10_SA23_R04.csv,SA23,SA,D,D10,R04,12.00,0,,0,0,0,0,0
SA23/D10_SA23_R05.csv,SA23,SA,D,D10,R05,12.00,0,,0,0,0,0,0
SA23/D11_SA23_R01.csv,SA23,SA,D,D11,R01,11.99,0,,1,1,1,0,0
SA23/D11_SA23_R02.csv,SA23,SA,D,D11,R02,12.00,0,,1,1,1,0,0
SA23/D11_SA23_R03.csv,SA23,SA,D,D11,R03,12.00,0,,1,0,0,0,0
SA23/D11_SA23_R04.csv,SA23,SA,D,D11,R04,12.00,0,,0,0,0,0,0
SA23/D11_SA23_R05.csv,SA23,SA,D,D11,R05,12.00,0,,1,1,1,0,0
SA23/D12_SA23_R01.csv,SA23,SA,D,D12,R01,12.00,0,,0,0,0,0,0
SA23/D12_SA23_R02.csv,SA23,SA,D,D12,R02,12.00,0,,0,0,0,0,0
SA23/D12_SA23_R03.csv,SA23,SA,D,D12,R03,12.00,0,,0,0,0,0,0
SA23/D12_SA23_R04.csv,SA23,SA,D,D12,R04,12.00,0,,0,0,0,0,0
SA23/D12_SA23_R05.csv,SA23,SA,D,D12,R05,12.00,0,,0,0,0,0,0
SA23/D13_SA23_R01.csv,SA23,SA,D,D13,R01,12.00,0,,0,0,0,0,0
SA23/D13_SA23_R02.csv,SA23,SA,D,D13,R02,12.00,0,,0,0,0,0,0
SA23/D13_SA23_R03.csv,SA23,SA,D,D13,R03,12.00,0,,0,0,0,0,0
SA23/D13_SA23_R04.csv,SA23,SA,D,D13,R04,12.00,0,,0,0,0,0,0
SA23/D13_SA23_R05.csv,SA23,SA,D,D13,R05,12.00,0,,0,0,0,0,0
SA23/D14_SA23_R01.csv,SA23,SA,D,D14,R01,12.00,0,,0,0,0,0,0
SA23/D14_SA23_R02.csv,SA23,SA,D,D14,R02,12.00,0,,0,0,0,0,0
SA23/D14_SA23_R03.csv,SA23,SA,D,D14,R03,12.00,0,,0,0,0,0,0
SA23/D14_SA23_R04.csv,SA23,SA,D,D14,R04,12.00,0,,0,0,0,0,0
SA23/D14_SA23_R05.csv,SA23,SA,D,D14,R05,12.00,0,,0,0,0,0,0
SA23/D15_SA23_R01.csv,SA23,SA,D,D15,R01,12.00,0,,0,0,0,0,0
SA23/D15_SA23_R02.csv,SA23,SA,D,D15,R02,12.00,0,,0,0,0,0,0
SA23/D15_SA23_R03.csv,SA23,SA,D,D15,R03,12.00,0,,0,0,0,0,0
SA23/D15_SA23_R04.csv,SA23,SA,D,D15,R04,12.00,0,,0,0,0,0,0
SA23/D15_SA23_R05.csv,SA23,SA,D,D15,R05,12.00,0,,0,0,0,0,0
SA23/D16_SA23_R01.csv,SA23,SA,D,D16,R01,11.99,0,,0,0,0,0,0
SA23/D16_SA23_R02.csv,SA23,SA,D,D16,R02,12.00,0,,0,0,0,0,0
SA23/D16_SA23_R03.csv,SA23,SA,D,D16,R03,12.00,0,,0,0,0,0,0
SA23/D16_SA23_R04.csv,SA23,SA,D,D16,R04,12.00,0,,0,0,0,0,0
SA23/D16_SA23_R05.csv,SA23,SA,D,D16,R05,12.00,0,,0,0,0,0,0
SA23/D17_SA23_R01.csv,SA23,SA,D,D17,R01,25.00,0,,0,0,0,0,0
SA23/D17_SA23_R02.csv,SA23,SA,D,D17,R02,25.00,0,,0,0,0,0,0
SA23/D17_SA23_R03.csv,SA23,SA,D,D17,R03,25.00,0,,0,0,0,0,0
SA23/D17_SA23_R04.csv,SA23,SA,D,D17,R04,25.00,0,,0,0,0,0,0
SA23/D17_SA23_R05.csv,SA23,SA,D,D17,R05,25.00,0,,0,0,0,0,0
SA23/D18_SA23_R01.csv,SA23,SA,D,D18,R01,12.00,0,,1,1,1,0,0
SA23/D18_SA23_R02.csv,SA23,SA,D,D18,R02,12.00,0,,1,1,0,0,0
SA23/D18_SA23_R03.csv,SA23,SA,D,D18,R03,12.00,0,,2,2,1,0,0
SA23/D18_SA23_R04.csv,SA23,SA,D,D18,R04,12.00,0,,2,2,1,0,0
SA23/D18_SA23_R05.csv,SA23,SA,D,D18,R05,12.00,0,,1,1,1,0,0
SA23/D19_SA23_R01.csv,SA23,SA,D,D19,R01,12.00,0,,3,3,1,0,0
SA23/D19_SA23_R02.csv,SA23,SA,D,D19,R02,12.00,0,,3,3,1,0,0
SA23/D19_SA23_R03.csv,SA23,SA,D,D19,R03,12.00,0,,2,2,0,0,0
SA23/D19_SA23_R04.csv,SA23,SA,D,D19,R04,12.00,0,,3,3,2,0,0
SA23/D19_SA23_R05.csv,SA23,SA,D,D19,R05,12.00,0,,4,4,0,0,0
SA23/F01_SA23_R01.csv,SA23,SA,F,F01,R01,14.99,1,10.95,1,1,1,1,1
SA23/F01_SA23_R02.csv,SA23,SA,F,F01,R02,15.00,1,11.09,1,1,1,1,1
SA23/F01_SA23_R03.csv,SA23,SA,F,F01,R03,15.00,1,11.02,1,1,1,1,1
SA23/F01_SA23_R04.csv,SA23,SA,F,F01,R04,15.00,1,10.98,1,1,1,1,1
SA23/F01_SA23_R05.csv,SA23,SA,F,F01,R05,15.00,1,11.21,1,1,1,1,1
SA23/F02_SA23_R01.csv,SA23,SA,F,F02,R01,15.00,0,,1,1,0,0,0
SA23/F02_SA23_R02.csv,SA23,SA,F,F02,R02,15.00,0,,1,1,0,0,0
SA23/F02_SA23_R03.csv,SA23,SA,F,F02,R03,15.00,0,,1,1,0,0,0
SA23/F02_SA23_R04.csv,SA23,SA,F,F02,R04,15.00,0,,1,1,0,0,0
SA23/F02_SA23_R05.csv,SA23,SA,F,F02,R05,15.00,1,10.51,1,1,1,1,1
SA23/F03_SA23_R01.csv,SA23,SA,F,F03,R01,15.00,1,9.30,1,1,1,1,1
SA23/F03_SA23_R02.csv,SA23,SA,F,F03,R02,15.00,0,,0,0,0,0,0
SA23/F03_SA23_R03.csv,SA23,SA,F,F03,R03,15.00,0,,0,0,0,0,0
SA23/F03_SA23_R04.csv,SA23,SA,F,F03,R04,15.00,0,,0,0,0,0,0
SA23/F03_SA23_R05.csv,SA23,SA,F,F03,R05,15.00,1,9.88,1,1,1,1,1
SA23/F04_SA23_R01.csv,SA23,SA,F,F04,R01,15.00,0,,1,1,0,0,0
SA23/F04_SA23_R02.csv,SA23,SA,F,F04,R02,15.00,0,,1,1,0,0,0
SA23/F04_SA23_R03.csv,SA23,SA,F,F04,R03,15.00,0,,1,1,0,0,0
SA23/F04_SA23_R04.csv,SA23,SA,F,F04,R04,15.00,0,,1,1,0,0,0
SA23/F04_SA23_R05.csv,SA23,SA,F,F04,R05,15.00,0,,1,1,0,0,0
SA23/F05_SA23_R01.csv,SA23,SA,F,F05,R01,15.00,0,,1,1,1,0,0
SA23/F05_SA23_R02.csv,SA23,SA,F,F05,R02,15.00,0,,1,1,1,0,0
SA23/F05_SA23_R03.csv,SA23,SA,F,F05,R03,15.00,0,,1,1,1,0,0
SA23/F05_SA23_R04.csv,SA23,SA,F,F05,R04,15.00,1,7.79,2,2,2,1,1
SA23/F05_SA23_R05.csv,SA23,SA,F,F05,R05,15.00,0,,2,2,1,0,0
SA23/F06_SA23_R01.csv,SA23,SA,F,F06,R01,14.99,1,11.25,1,1,1,1,1
SA23/F06_SA23_R02.csv,SA23,SA,F,F06,R02,15.00,1,12.07,1,1,1,1,1
SA23/F06_SA23_R03.csv,SA23,SA,F,F06,R03,15.00,0,,1,1,0,0,0
SA23/F06_SA23_R04.csv,SA23,SA,F,F06,R04,15.00,1,12.05,1,1,1,1,1
SA23/F06_SA23_R05.csv,SA23,SA,F,F06,R05,15.00,1,12.13,1,1,1,1,1
SA23/F07_SA23_R01.csv,SA23,SA,F,F07,R01,15.00,0,,1,1,0,0,0
SA23/F07_SA23_R02.csv,SA23,SA,F,F07,R02,15.00,0,,1,1,0,0,0
SA23/F07_SA23_R03.csv,SA23,SA,F,F07,R03,15.00,0,,1,1,0,0,0
SA23/F07_SA23_R04.csv,SA23,SA,F,F07,R04,15.00,0,,0,0,0,0,0
SA23/F07_SA23_R05.csv,SA23,SA,F,F07,R05,15.00,1,11.04,1,1,1,1,1
SA23/F08_SA23_R01.csv,SA23,SA,F,F08,R01,15.00,1,8.81,1,1,1,1,1
SA23/F08_SA23_R02.csv,SA23,SA,F,F08,R02,15.00,0,,0,0,0,0,0
SA23/F08_SA23_R03.csv,SA23,SA,F,F08,R03,15.00,0,,0,0,0,0,0
SA23/F08_SA23_R04.csv,SA23,SA,F,F08,R04,15.00,0,,1,1,0,0,0
SA23/F08_SA23_R05.csv,SA23,SA,F,F08,R05,15.00,0,,1,1,0,0,0
SA23/F09_SA23_R01.csv,SA23,SA,F,F09,R01,15.00,0,,0,0,0,0,0
SA23/F09_SA23_R02.csv,SA23,SA,F,F09,R02,15.00,0,,1,1,0,0,0
SA23/F09_SA23_R03.csv,SA23,SA,F,F09,R03,15.00,0,,0,0,0,0,0
SA23/F09_SA23_R04.csv,SA23,SA,F,F09,R04,15.00,1,10.72,1,1,1,1,1
SA23/F09_SA23_R05.csv,SA23,SA,F,F09,R05,15.00,0,,1,0,0,0,0
SA23/F10_SA23_R01.csv,SA23,SA,F,F10,R01,15.00,0,,0,0,0,0,0
SA23/F10_SA23_R02.csv,SA23,SA,F,F10,R02,15.00,1,9.10,1,1,1,1,1
SA23/F10_SA23_R03.csv,SA23,SA,F,F10,R03,15.00,1,9.34,1,1,1,1,1
SA23/F10_SA23_R04.csv,SA23,SA,F,F10,R04,15.00,1,9.93,1,1,1,1,1
SA23/F10_SA23_R05.csv,SA23,SA,F,F10,R05,15.00,1,10.68,1,1,1,1,1
SA23/F11_SA23_R01.csv,SA23,SA,F,F11,R01,15.00,1,8.68,1,1,1,1,1
SA23/F11_SA23_R02.csv,SA23,SA,F,F11,R02,15.00,1,9.13,1,1,1,1,1
SA23/F11_SA23_R03.csv,SA23,SA,F,F11,R03,15.00,1,9.29,1,1,1,1,1
SA23/F11_SA23_R04.csv,SA23,SA,F,F11,R04,15.00,0,,0,0,0,0,0
SA23/F11_SA23_R05.csv,SA23,SA,F,F11,R05,15.00,1,8.98,1,1,1,1,1
SA23/F12_SA23_R01.csv,SA23,SA,F,F12,R01,15.00,0,,1,0,0,0,0
SA23/F12_SA23_R02.csv,SA23,SA,F,F12,R02,15.00,1,8.83,1,1,1,1,1
SA23/F12_SA23_R03.csv,SA23,SA,F,F12,R03,15.00,1,10.16,1,1,1,1,1
SA23/F12_SA23_R04.csv,SA23,SA,F,F12,R04,15.00,0,,1,0,0,0,0
SA23/F12_SA23_R05.csv,SA23,SA,F,F12,R05,15.00,0,,1,0,0,0,0
SA23/F13_SA23_R01.csv,SA23,SA,F,F13,R01,15.00,0,,1,0,0,0,0
SA23/F13_SA23_R02.csv,SA23,SA,F,F13,R02,15.00,0,,0,0,0,0,0
SA23/F13_SA23_R03.csv,SA23,SA,F,F13,R03,15.00,0,,0,0,0,0,0
SA23/F13_SA23_R04.csv,SA23,SA,F,F13,R04,15.00,0,,0,0,0,0,0
SA23/F13_SA23_R05.csv,SA23,SA,F,F13,R05,15.00,0,,1,0,0,0,0
SA23/F14_SA23_R01.csv,SA23,SA,F,F14,R01,15.00,0,,0,0,0,0,0
SA23/F14_SA23_R02.csv,SA23,SA,F,F14,R02,15.00,0,,0,0,0,0,0
SA23/F14_SA23_R03.csv,SA23,SA,F,F14,R03,15.00,1,11.63,1,1,1,1,1
SA23/F14_SA23_R04.csv,SA23,SA,F,F14,R04,15.00,0,,0,0,0,0,0
SA23/F14_SA23_R05.csv,SA23,SA,F,F14,R05,15.00,0,,0,0,0,0,0
SA23/F15_SA23_R01.csv,SA23,SA,F,F15,R01,15.00,0,,0,0,0,0,0
SA23/F15_SA23_R02.csv,SA23,SA,F,F15,R02,15.00,0,,0,0,0,0,0
SA23/F15_SA23_R03.csv,SA23,SA,F,F15,R03,15.00,0,,0,0,0,0,0
SA23/F15_SA23_R04.csv,SA23,SA,F,F15,R04,15.00,0,,0,0,0,0,0
SA23/F15_SA23_R05.csv,SA23,SA,F,F15,R05,15.00,0,,1,1,0,0,0
SE01/D01_SE01_R01.csv,SE01,SE,D,D01,R01,180.00,0,,0,0,0,0,0
SE01/D02_SE01_R01.csv,SE01,SE,D,D02,R01,180.00,0,,0,0,0,0,0
SE01/D03_SE01_R01.csv,SE01,SE,D,D03,R01,180.00,0,,51,51,48,0,0
SE01/D04_SE01_R01.csv,SE01,SE,D,D04,R01,180.00,0,,59,59,53,0,0
SE01/D05_SE01_R01.csv,SE01,SE,D,D05,R01,25.00,0,,0,0,0,0,0
SE01/D05_SE01_R02.csv,SE01,SE,D,D05,R02,25.00,0,,0,0,0,0,0
SE01/D05_SE01_R03.csv,SE01,SE,D,D05,R03,25.00,0,,0,0,0,0,0
SE01/D05_SE01_R04.csv,SE01,SE,D,D05,R04,25.00,0,,0,0,0,0,0
SE01/D05_SE01_R05.csv,SE01,SE,D,D05,R05,25.00,0,,0,0,0,0,0
SE01/D07_SE01_R01.csv,SE01,SE,D,D07,R01,11.99,0,,0,0,0,0,0
SE01/D07_SE01_R02.csv,SE01,SE,D,D07,R02,12.00,0,,0,0,0,0,0
SE01/D07_SE01_R03.csv,SE01,SE,D,D07,R03,12.01,0,,0,0,0,0,0
SE01/D07_SE01_R04.csv,SE01,SE,D,D07,R04,12.00,0,,0,0,0,0,0
SE01/D07_SE01_R05.csv,SE01,SE,D,D07,R05,12.00,0,,0,0,0,0,0
SE01/D08_SE01_R01.csv,SE01,SE,D,D08,R01,12.00,0,,0,0,0,0,0
SE01/D08_SE01_R02.csv,SE01,SE,D,D08,R02,12.00,0,,0,0,0,0,0
SE01/D08_SE01_R03.csv,SE01,SE,D,D08,R03,12.00,0,,0,0,0,0,0
SE01/D08_SE01_R04.csv,SE01,SE,D,D08,R04,12.00,0,,0,0,0,0,0
SE01/D08_SE01_R05.csv,SE01,SE,D,D08,R05,12.00,0,,0,0,0,0,0
SE01/D09_SE01_R01.csv,SE01,SE,D,D09,R01,12.00,0,,0,0,0,0,0
SE01/D09_SE01_R02.csv,SE01,SE,D,D09,R02,12.00,0,,0,0,0,0,0
SE01/D09_SE01_R03.csv,SE01,SE,D,D09,R03,12.00,0,,0,0,0,0,0
SE01/D09_SE01_R04.csv,SE01,SE,D,D09,R04,12.00,0,,0,0,0,0,0
SE01/D09_SE01_R05.csv,SE01,SE,D,D09,R05,12.00,0,,0,0,0,0,0
SE01/D10_SE01_R01.csv,SE01,SE,D,D10,R01,12.00,0,,0,0,0,0,0
SE01/D10_SE01_R02.csv,SE01,SE,D,D10,R02,12.00,0,,0,0,0,0,0
SE01/D10_SE01_R03.csv,SE01,SE,D,D10,R03,12.00,0,,0,0,0,0,0
SE01/D10_SE01_R04.csv,SE01,SE,D,D10,R04,12.00,0,,0,0,0,0,0
SE01/D10_SE01_R05.csv,SE01,SE,D,D10,R05,12.00,0,,0,0,0,0,0
SE01/D11_SE01_R01.csv,SE01,SE,D,D11,R01,12.00,0,,0,0,0,0,0
SE01/D11_SE01_R02.csv,SE01,SE,D,D11,R02,10.01,0,,0,0,0,0,0
SE01/D11_SE01_R03.csv,SE01,SE,D,D11,R03,9.99,0,,0,0,0,0,0
SE01/D11_SE01_R04.csv,SE01,SE,D,D11,R04,10.01,0,,0,0,0,0,0
SE01/D11_SE01_R05.csv,SE01,SE,D,D11,R05,10.00,0,,1,1,1,0,0
SE01/D12_SE01_R01.csv,SE01,SE,D,D12,R01,12.00,0,,0,0,0,0,0
SE01/D12_SE01_R02.csv,SE01,SE,D,D12,R02,12.00,0,,0,0,0,0,0
SE01/D12_SE01_R03.csv,SE01,SE,D,D12,R03,12.00,0,,0,0,0,0,0
SE01/D12_SE01_R04.csv,SE01,SE,D,D12,R04,12.00,0,,0,0,0,0,0
SE01/D12_SE01_R05.csv,SE01,SE,D,D12,R05,12.00,0,,0,0,0,0,0
SE01/D14_SE01_R01.csv,SE01,SE,D,D14,R01,12.00,0,,0,0,0,0,0
SE01/D14_SE01_R02.csv,SE01,SE,D,D14,R02,12.00,0,,0,0,0,0,0
SE01/D14_SE01_R03.csv,SE01,SE,D,D14,R03,12.00,0,,0,0,0,0,0
SE01/D14_SE01_R04.csv,SE01,SE,D,D14,R04,12.00,0,,0,0,0,0,0
SE01/D14_SE01_R05.csv,SE01,SE,D,D14,R05,12.00,0,,0,0,0,0,0
SE01/D15_SE01_R01.csv,SE01,SE,D,D15,R01,10.00,0,,0,0,0,0,0
SE01/D15_SE01_R02.csv,SE01,SE,D,D15,R02,10.00,0,,0,0,0,0,0
SE01/D15_SE01_R03.csv,SE01,SE,D,D15,R03,10.00,0,,0,0,0,0,0
SE01/D15_SE01_R04.csv,SE01,SE,D,D15,R04,10.00,0,,0,0,0,0,0
SE01/D15_SE01_R05.csv,SE01,SE,D,D15,R05,10.00,0,,0,0,0,0,0
SE01/D16_SE01_R01.csv,SE01,SE,D,D16,R01,9.99,0,,0,0,0,0,0
SE01/D16_SE01_R02.csv,SE01,SE,D,D16,R02,10.00,0,,0,0,0,0,0
SE01/D16_SE01_R03.csv,SE01,SE,D,D16,R03,10.00,0,,0,0,0,0,0
SE01/D16_SE01_R04.csv,SE01,SE,D,D16,R04,10.00,0,,0,0,0,0,0
SE01/D16_SE01_R05.csv,SE01,SE,D,D16,R05,10.00,0,,0,0,0,0,0
SE01/D17_SE01_R01.csv,SE01,SE,D,D17,R01,27.03,0,,0,0,0,0,0
SE01/D17_SE01_R02.csv,SE01,SE,D,D17,R02,23.02,0,,0,0,0,0,0
SE01/D17_SE01_R03.csv,SE01,SE,D,D17,R03,25.04,0,,0,0,0,0,0
SE01/D17_SE01_R04.csv,SE01,SE,D,D17,R04,21.02,0,,0,0,0,0,0
SE01/D17_SE01_R05.csv,SE01,SE,D,D17,R05,23.02,0,,0,0,0,0,0
SE02/D01_SE02_R01.csv,SE02,SE,D,D01,R01,100.00,0,,0,0,0,0,0
SE02/D02_SE02_R01.csv,SE02,SE,D,D02,R01,100.00,0,,0,0,0,0,0
SE02/D03_SE02_R01.csv,SE02,SE,D,D03,R01,100.00,0,,71,71,1,0,0
SE02/D05_SE02_R01.csv,SE02,SE,D,D05,R01,25.00,0,,0,0,0,0,0
SE02/D05_SE02_R02.csv,SE02,SE,D,D05,R02,25.00,0,,0,0,0,0,0
SE02/D05_SE02_R03.csv,SE02,SE,D,D05,R03,25.00,0,,0,0,0,0,0
SE02/D05_SE02_R04.csv,SE02,SE,D,D05,R04,25.00,0,,0,0,0,0,0
SE02/D05_SE02_R05.csv,SE02,SE,D,D05,R05,25.00,0,,0,0,0,0,0
SE02/D07_SE02_R01.csv,SE02,SE,D,D07,R01,12.00,0,,0,0,0,0,0
SE02/D07_SE02_R02.csv,SE02,SE,D,D07,R02,12.00,0,,0,0,0,0,0
SE02/D07_SE02_R03.csv,SE02,SE,D,D07,R03,12.00,0,,0,0,0,0,0
SE02/D07_SE02_R04.csv,SE02,SE,D,D07,R04,12.00,0,,0,0,0,0,0
SE02/D07_SE02_R05.csv,SE02,SE,D,D07,R05,12.00,0,,0,0,0,0,0
SE02/D08_SE02_R01.csv,SE02,SE,D,D08,R01,12.00,0,,0,0,0,0,0
SE02/D08_SE02_R02.csv,SE02,SE,D,D08,R02,12.00,0,,0,0,0,0,0
SE02/D08_SE02_R03.csv,SE02,SE,D,D08,R03,12.00,0,,0,0,0,0,0
SE02/D08_SE02_R04.csv,SE02,SE,D,D08,R04,12.01,0,,0,0,0,0,0
SE02/D08_SE02_R05.csv,SE02,SE,D,D08,R05,12.00,0,,0,0,0,0,0
SE02/D11_SE02_R01.csv,SE02,SE,D,D11,R01,12.00,0,,1,1,1,0,0
SE02/D11_SE02_R02.csv,SE02,SE,D,D11,R02,12.00,0,,1,1,0,0,0
SE02/D11_SE02_R03.csv,SE02,SE,D,D11,R03,12.00,0,,1,1,1,0,0
SE02/D11_SE02_R04.csv,SE02,SE,D,D11,R04,12.00,0,,1,1,1,0,0
SE02/D11_SE02_R05.csv,SE02,SE,D,D11,R05,12.00,0,,1,1,1,0,0
SE02/D12_SE02_R01.csv,SE02,SE,D,D12,R01,12.00,0,,0,0,0,0,0
SE02/D12_SE02_R02.csv,SE02,SE,D,D12,R02,12.00,0,,0,0,0,0,0
SE02/D12_SE02_R03.csv,SE02,SE,D,D12,R03,12.00,0,,0,0,0,0,0
SE02/D12_SE02_R04.csv,SE02,SE,D,D12,R04,12.01,0,,0,0,0,0,0
SE02/D12_SE02_R05.csv,SE02,SE,D,D12,R05,12.00,0,,0,0,0,0,0
SE02/D14_SE02_R01.csv,SE02,SE,D,D14,R01,12.00,0,,0,0,0,0,0
SE02/D14_SE02_R02.csv,SE02,SE,D,D14,R02,12.00,0,,0,0,0,0,0
SE02/D14_SE02_R03.csv,SE02,SE,D,D14,R03,12.00,0,,0,0,0,0,0
SE02/D14_SE02_R04.csv,SE02,SE,D,D14,R04,12.00,0,,0,0,0,0,0
SE02/D14_SE02_R05.csv,SE02,SE,D,D14,R05,12.00,0,,0,0,0,0,0
SE02/D15_SE02_R01.csv,SE02,SE,D,D15,R01,12.00,0,,0,0,0,0,0
SE02/D15_SE02_R02.csv,SE02,SE,D,D15,R02,12.00,0,,0,0,0,0,0
SE02/D15_SE02_R03.csv,SE02,SE,D,D15,R03,12.00,0,,0,0,0,0,0
SE02/D15_SE02_R04.csv,SE02,SE,D,D15,R04,12.00,0,,0,0,0,0,0
SE02/D15_SE02_R05.csv,SE02,SE,D,D15,R05,12.00,0,,0,0,0,0,0
SE02/D16_SE02_R01.csv,SE02,SE,D,D16,R01,11.99,0,,0,0,0,0,0
SE02/D16_SE02_R02.csv,SE02,SE,D,D16,R02,12.01,0,,0,0,0,0,0
SE02/D16_SE02_R03.csv,SE02,SE,D,D16,R03,12.01,0,,0,0,0,0,0
SE02/D16_SE02_R04.csv,SE02,SE,D,D16,R04,11.99,0,,0,0,0,0,0
SE02/D16_SE02_R05.csv,SE02,SE,D,D16,R05,12.00,0,,0,0,0,0,0
SE02/D17_SE02_R01.csv,SE02,SE,D,D17,R01,16.02,0,,0,0,0,0,0
SE02/D17_SE02_R02.csv,SE02,SE,D,D17,R02,16.02,0,,0,0,0,0,0
SE02/D17_SE02_R03.csv,SE02,SE,D,D17,R03,16.02,0,,0,0,0,0,0
SE02/D17_SE02_R04.csv,SE02,SE,D,D17,R04,16.02,0,,0,0,0,0,0
SE02/D17_SE02_R05.csv,SE02,SE,D,D17,R05,18.04,0,,0,0,0,0,0
SE03/D01_SE03_R01.csv,SE03,SE,D,D01,R01,100.00,0,,0,0,0,0,0
SE03/D02_SE03_R01.csv,SE03,SE,D,D02,R01,100.00,0,,0,0,0,0,0
SE03/D03_SE03_R01.csv,SE03,SE,D,D03,R01,100.00,0,,41,41,7,0,0
SE03/D04_SE03_R01.csv,SE03,SE,D,D04,R01,110.03,0,,86,86,14,0,0
SE03/D05_SE03_R01.csv,SE03,SE,D,D05,R01,25.00,0,,0,0,0,0,0
SE03/D05_SE03_R02.csv,SE03,SE,D,D05,R02,25.00,0,,0,0,0,0,0
SE03/D05_SE03_R03.csv,SE03,SE,D,D05,R03,25.00,0,,0,0,0,0,0
SE03/D05_SE03_R04.csv,SE03,SE,D,D05,R04,25.00,0,,0,0,0,0,0
SE03/D05_SE03_R05.csv,SE03,SE,D,D05,R05,25.00,0,,0,0,0,0,0
SE03/D07_SE03_R01.csv,SE03,SE,D,D07,R01,12.00,0,,0,0,0,0,0
SE03/D07_SE03_R02.csv,SE03,SE,D,D07,R02,12.00,0,,0,0,0,0,0
SE03/D07_SE03_R03.csv,SE03,SE,D,D07,R03,12.00,0,,0,0,0,0,0
SE03/D07_SE03_R04.csv,SE03,SE,D,D07,R04,12.00,0,,0,0,0,0,0
SE03/D07_SE03_R05.csv,SE03,SE,D,D07,R05,12.00,0,,0,0,0,0,0
SE03/D08_SE03_R01.csv,SE03,SE,D,D08,R01,12.00,0,,1,1,1,0,0
SE03/D08_SE03_R02.csv,SE03,SE,D,D08,R02,12.00,0,,1,0,0,0,0
SE03/D08_SE03_R03.csv,SE03,SE,D,D08,R03,11.99,0,,0,0,0,0,0
SE03/D08_SE03_R04.csv,SE03,SE,D,D08,R04,12.00,0,,0,0,0,0,0
SE03/D08_SE03_R05.csv,SE03,SE,D,D08,R05,12.00,0,,0,0,0,0,0
SE03/D09_SE03_R01.csv,SE03,SE,D,D09,R01,12.01,0,,0,0,0,0,0
SE03/D09_SE03_R02.csv,SE03,SE,D,D09,R02,12.00,0,,0,0,0,0,0
SE03/D09_SE03_R03.csv,SE03,SE,D,D09,R03,12.00,0,,0,0,0,0,0
SE03/D09_SE03_R04.csv,SE03,SE,D,D09,R04,12.00,0,,0,0,0,0,0
SE03/D09_SE03_R05.csv,SE03,SE,D,D09,R05,12.00,0,,0,0,0,0,0
SE03/D10_SE03_R01.csv,SE03,SE,D,D10,R01,12.00,0,,0,0,0,0,0
SE03/D10_SE03_R02.csv,SE03,SE,D,D10,R02,11.99,0,,0,0,0,0,0
SE03/D10_SE03_R03.csv,SE03,SE,D,D10,R03,11.99,0,,0,0,0,0,0
SE03/D10_SE03_R04.csv,SE03,SE,D,D10,R04,12.01,0,,0,0,0,0,0
SE03/D10_SE03_R05.csv,SE03,SE,D,D10,R05,12.00,0,,0,0,0,0,0
SE03/D11_SE03_R01.csv,SE03,SE,D,D11,R01,11.99,0,,1,1,0,0,0
SE03/D11_SE03_R02.csv,SE03,SE,D,D11,R02,12.01,0,,1,1,0,0,0
SE03/D11_SE03_R03.csv,SE03,SE,D,D11,R03,12.00,0,,1,1,1,0,0
SE03/D11_SE03_R04.csv,SE03,SE,D,D11,R04,12.00,0,,1,1,1,0,0
SE03/D11_SE03_R05.csv,SE03,SE,D,D11,R05,12.00,0,,1,0,0,0,0
SE03/D12_SE03_R01.csv,SE03,SE,D,D12,R01,12.00,0,,0,0,0,0,0
SE03/D12_SE03_R02.csv,SE03,SE,D,D12,R02,12.00,0,,0,0,0,0,0
SE03/D12_SE03_R03.csv,SE03,SE,D,D12,R03,12.00,0,,0,0,0,0,0
SE03/D12_SE03_R04.csv,SE03,SE,D,D12,R04,12.00,0,,0,0,0,0,0
SE03/D12_SE03_R05.csv,SE03,SE,D,D12,R05,12.00,0,,0,0,0,0,0
SE03/D14_SE03_R01.csv,SE03,SE,D,D14,R01,12.00,0,,0,0,0,0,0
SE03/D14_SE03_R02.csv,SE03,SE,D,D14,R02,12.00,0,,0,0,0,0,0
SE03/D14_SE03_R03.csv,SE03,SE,D,D14,R03,12.00,0,,0,0,0,0,0
SE03/D14_SE03_R04.csv,SE03,SE,D,D14,R04,12.00,0,,0,0,0,0,0
SE03/D14_SE03_R05.csv,SE03,SE,D,D14,R05,12.00,0,,0,0,0,0,0
SE03/D15_SE03_R01.csv,SE03,SE,D,D15,R01,12.00,0,,0,0,0,0,0
SE03/D15_SE03_R02.csv,SE03,SE,D,D15,R02,12.00,0,,0,0,0,0,0
SE03/D15_SE03_R03.csv,SE03,SE,D,D15,R03,12.00,0,,0,0,0,0,0
SE03/D15_SE03_R04.csv,SE03,SE,D,D15,R04,12.00,0,,0,0,0,0,0
SE03/D15_SE03_R05.csv,SE03,SE,D,D15,R05,12.00,0,,0,0,0,0,0
SE03/D16_SE03_R01.csv,SE03,SE,D,D16,R01,12.00,0,,0,0,0,0,0
SE03/D16_SE03_R02.csv,SE03,SE,D,D16,R02,12.00,0,,0,0,0,0,0
SE03/D16_SE03_R03.csv,SE03,SE,D,D16,R03,12.00,0,,0,0,0,0,0
SE03/D16_SE03_R04.csv,SE03,SE,D,D16,R04,12.00,0,,0,0,0,0,0
SE03/D16_SE03_R05.csv,SE03,SE,D,D16,R05,12.00,0,,0,0,0,0,0
SE03/D17_SE03_R01.csv,SE03,SE,D,D17,R01,23.03,0,,0,0,0,0,0
SE03/D17_SE03_R02.csv,SE03,SE,D,D17,R02,21.02,0,,0,0,0,0,0
SE03/D17_SE03_R03.csv,SE03,SE,D,D17,R03,25.02,0,,0,0,0,0,0
SE03/D17_SE03_R04.csv,SE03,SE,D,D17,R04,25.05,0,,0,0,0,0,0
SE03/D17_SE03_R05.csv,SE03,SE,D,D17,R05,24.03,0,,0,0,0,0,0
SE04/D01_SE04_R01.csv,SE04,SE,D,D01,R01,100.00,0,,0,0,0,0,0
SE04/D02_SE04_R01.csv,SE04,SE,D,D02,R01,100.00,0,,0,0,0,0,0
SE04/D03_SE04_R01.csv,SE04,SE,D,D03,R01,100.00,0,,31,31,30,0,0
SE04/D04_SE04_R01.csv,SE04,SE,D,D04,R01,100.00,0,,35,35,28,0,0
SE04/D05_SE04_R01.csv,SE04,SE,D,D05,R01,25.00,0,,0,0,0,0,0
SE04/D05_SE04_R02.csv,SE04,SE,D,D05,R02,25.00,0,,0,0,0,0,0
SE04/D05_SE04_R03.csv,SE04,SE,D,D05,R03,25.00,0,,0,0,0,0,0
SE04/D05_SE04_R04.csv,SE04,SE,D,D05,R04,25.00,0,,0,0,0,0,0
SE04/D05_SE04_R05.csv,SE04,SE,D,D05,R05,25.00,0,,0,0,0,0,0
SE04/D07_SE04_R01.csv,SE04,SE,D,D07,R01,11.99,0,,0,0,0,0,0
SE04/D07_SE04_R02.csv,SE04,SE,D,D07,R02,12.00,0,,0,0,0,0,0
SE04/D07_SE04_R03.csv,SE04,SE,D,D07,R03,12.00,0,,0,0,0,0,0
SE04/D07_SE04_R04.csv,SE04,SE,D,D07,R04,12.00,0,,0,0,0,0,0
SE04/D07_SE04_R05.csv,SE04,SE,D,D07,R05,12.01,0,,0,0,0,0,0
SE04/D08_SE04_R01.csv,SE04,SE,D,D08,R01,12.00,0,,0,0,0,0,0
SE04/D08_SE04_R02.csv,SE04,SE,D,D08,R02,12.00,0,,0,0,0,0,0
SE04/D08_SE04_R03.csv,SE04,SE,D,D08,R03,12.00,0,,0,0,0,0,0
SE04/D08_SE04_R04.csv,SE04,SE,D,D08,R04,12.00,0,,0,0,0,0,0
SE04/D08_SE04_R05.csv,SE04,SE,D,D08,R05,12.00,0,,0,0,0,0,0
SE04/D09_SE04_R01.csv,SE04,SE,D,D09,R01,12.00,0,,0,0,0,0,0
SE04/D09_SE04_R02.csv,SE04,SE,D,D09,R02,12.00,0,,0,0,0,0,0
SE04/D09_SE04_R03.csv,SE04,SE,D,D09,R03,12.00,0,,0,0,0,0,0
SE04/D09_SE04_R04.csv,SE04,SE,D,D09,R04,12.00,0,,0,0,0,0,0
SE04/D09_SE04_R05.csv,SE04,SE,D,D09,R05,12.00,0,,0,0,0,0,0
SE04/D10_SE04_R01.csv,SE04,SE,D,D10,R01,12.00,0,,0,0,0,0,0
SE04/D10_SE04_R02.csv,SE04,SE,D,D10,R02,12.00,0,,0,0,0,0,0
SE04/D10_SE04_R03.csv,SE04,SE,D,D10,R03,12.00,0,,0,0,0,0,0
SE04/D10_SE04_R04.csv,SE04,SE,D,D10,R04,12.00,0,,0,0,0,0,0
SE04/D10_SE04_R05.csv,SE04,SE,D,D10,R05,11.99,0,,0,0,0,0,0
SE04/D11_SE04_R01.csv,SE04,SE,D,D11,R01,12.00,0,,1,0,0,0,0
SE04/D11_SE04_R02.csv,SE04,SE,D,D11,R02,12.00,0,,1,1,1,0,0
SE04/D11_SE04_R03.csv,SE04,SE,D,D11,R03,12.00,0,,1,1,1,0,0
SE04/D11_SE04_R04.csv,SE04,SE,D,D11,R04,12.00,0,,1,1,1,0,0
SE04/D11_SE04_R05.csv,SE04,SE,D,D11,R05,12.00,0,,1,1,1,0,0
SE04/D12_SE04_R01.csv,SE04,SE,D,D12,R01,12.00,0,,0,0,0,0,0
SE04/D12_SE04_R02.csv,SE04,SE,D,D12,R02,12.00,0,,0,0,0,0,0
SE04/D12_SE04_R03.csv,SE04,SE,D,D12,R03,12.00,0,,0,0,0,0,0
SE04/D12_SE04_R04.csv,SE04,SE,D,D12,R04,12.00,0,,0,0,0,0,0
SE04/D12_SE04_R05.csv,SE04,SE,D,D12,R05,12.00,0,,0,0,0,0,0
SE04/D14_SE04_R01.csv,SE04,SE,D,D14,R01,11.99,0,,0,0,0,0,0
SE04/D14_SE04_R02.csv,SE04,SE,D,D14,R02,12.00,0,,0,0,0,0,0
SE04/D14_SE04_R03.csv,SE04,SE,D,D14,R03,12.00,0,,0,0,0,0,0
SE04/D14_SE04_R04.csv,SE04,SE,D,D14,R04,12.00,0,,0,0,0,0,0
SE04/D14_SE04_R05.csv,SE04,SE,D,D14,R05,12.00,0,,0,0,0,0,0
SE04/D15_SE04_R01.csv,SE04,SE,D,D15,R01,12.00,0,,0,0,0,0,0
SE04/D15_SE04_R02.csv,SE04,SE,D,D15,R02,12.00,0,,0,0,0,0,0
SE04/D15_SE04_R03.csv,SE04,SE,D,D15,R03,12.00,0,,0,0,0,0,0
SE04/D15_SE04_R04.csv,SE04,SE,D,D15,R04,12.00,0,,0,0,0,0,0
SE04/D15_SE04_R05.csv,SE04,SE,D,D15,R05,12.00,0,,0,0,0,0,0
SE04/D16_SE04_R01.csv,SE04,SE,D,D16,R01,11.99,0,,0,0,0,0,0
SE04/D16_SE04_R02.csv,SE04,SE,D,D16,R02,12.00,0,,0,0,0,0,0
SE04/D16_SE04_R03.csv,SE04,SE,D,D16,R03,12.00,0,,0,0,0,0,0
SE04/D16_SE04_R04.csv,SE04,SE,D,D16,R04,12.00,0,,0,0,0,0,0
SE04/D16_SE04_R05.csv,SE04,SE,D,D16,R05,12.00,0,,0,0,0,0,0
SE04/D17_SE04_R01.csv,SE04,SE,D,D17,R01,21.03,0,,0,0,0,0,0
SE04/D17_SE04_R02.csv,SE04,SE,D,D17,R02,19.04,0,,0,0,0,0,0
SE04/D17_SE04_R03.csv,SE04,SE,D,D17,R03,16.02,0,,0,0,0,0,0
SE04/D17_SE04_R04.csv,SE04,SE,D,D17,R04,16.02,0,,0,0,0,0,0
SE04/D17_SE04_R05.csv,SE04,SE,D,D17,R05,16.02,0,,0,0,0,0,0
SE05/D01_SE05_R01.csv,SE05,SE,D,D01,R01,100.00,0,,0,0,0,0,0
SE05/D02_SE05_R01.csv,SE05,SE,D,D02,R01,100.00,0,,0,0,0,0,0
SE05/D03_SE05_R01.csv,SE05,SE,D,D03,R01,100.00,0,,48,48,26,0,0
SE05/D04_SE05_R01.csv,SE05,SE,D,D04,R01,100.00,0,,66,66,21,0,0
SE05/D05_SE05_R01.csv,SE05,SE,D,D05,R01,25.00,0,,0,0,0,0,0
SE05/D05_SE05_R02.csv,SE05,SE,D,D05,R02,25.00,0,,0,0,0,0,0
SE05/D05_SE05_R03.csv,SE05,SE,D,D05,R03,25.00,0,,0,0,0,0,0
SE05/D05_SE05_R04.csv,SE05,SE,D,D05,R04,25.00,0,,0,0,0,0,0
SE05/D05_SE05_R05.csv,SE05,SE,D,D05,R05,25.00,0,,0,0,0,0,0
SE05/D07_SE05_R01.csv,SE05,SE,D,D07,R01,11.99,0,,0,0,0,0,0
SE05/D07_SE05_R02.csv,SE05,SE,D,D07,R02,12.00,0,,0,0,0,0,0
SE05/D07_SE05_R03.csv,SE05,SE,D,D07,R03,12.00,0,,0,0,0,0,0
SE05/D07_SE05_R04.csv,SE05,SE,D,D07,R04,12.00,0,,0,0,0,0,0
SE05/D07_SE05_R05.csv,SE05,SE,D,D07,R05,11.99,0,,0,0,0,0,0
SE05/D08_SE05_R01.csv,SE05,SE,D,D08,R01,12.00,0,,0,0,0,0,0
SE05/D08_SE05_R02.csv,SE05,SE,D,D08,R02,12.00,0,,0,0,0,0,0
SE05/D08_SE05_R03.csv,SE05,SE,D,D08,R03,12.01,0,,0,0,0,0,0
SE05/D08_SE05_R04.csv,SE05,SE,D,D08,R04,12.00,0,,0,0,0,0,0
SE05/D08_SE05_R05.csv,SE05,SE,D,D08,R05,12.00,0,,0,0,0,0,0
SE05/D09_SE05_R01.csv,SE05,SE,D,D09,R01,12.00,0,,0,0,0,0,0
SE05/D09_SE05_R02.csv,SE05,SE,D,D09,R02,12.00,0,,0,0,0,0,0
SE05/D09_SE05_R03.csv,SE05,SE,D,D09,R03,12.00,0,,0,0,0,0,0
SE05/D09_SE05_R04.csv,SE05,SE,D,D09,R04,12.00,0,,0,0,0,0,0
SE05/D09_SE05_R05.csv,SE05,SE,D,D09,R05,12.00,0,,0,0,0,0,0
SE05/D10_SE05_R01.csv,SE05,SE,D,D10,R01,12.00,0,,0,0,0,0,0
SE05/D10_SE05_R02.csv,SE05,SE,D,D10,R02,12.00,0,,0,0,0,0,0
SE05/D10_SE05_R03.csv,SE05,SE,D,D10,R03,12.00,0,,0,0,0,0,0
SE05/D10_SE05_R04.csv,SE05,SE,D,D10,R04,12.00,0,,0,0,0,0,0
SE05/D10_SE05_R05.csv,SE05,SE,D,D10,R05,12.00,0,,0,0,0,0,0
SE05/D11_SE05_R01.csv,SE05,SE,D,D11,R01,11.99,0,,0,0,0,0,0
SE05/D11_SE05_R02.csv,SE05,SE,D,D11,R02,12.00,0,,1,1,0,0,0
SE05/D11_SE05_R03.csv,SE05,SE,D,D11,R03,12.00,0,,1,0,0,0,0
SE05/D11_SE05_R04.csv,SE05,SE,D,D11,R04,12.00,0,,0,0,0,0,0
SE05/D11_SE05_R05.csv,SE05,SE,D,D11,R05,12.00,0,,0,0,0,0,0
SE05/D12_SE05_R01.csv,SE05,SE,D,D12,R01,12.00,0,,0,0,0,0,0
SE05/D12_SE05_R02.csv,SE05,SE,D,D12,R02,12.00,0,,0,0,0,0,0
SE05/D12_SE05_R03.csv,SE05,SE,D,D12,R03,12.00,0,,0,0,0,0,0
SE05/D12_SE05_R04.csv,SE05,SE,D,D12,R04,12.00,0,,0,0,0,0,0
SE05/D12_SE05_R05.csv,SE05,SE,D,D12,R05,12.00,0,,0,0,0,0,0
SE05/D14_SE05_R01.csv,SE05,SE,D,D14,R01,12.00,0,,0,0,0,0,0
SE05/D14_SE05_R02.csv,SE05,SE,D,D14,R02,12.00,0,,0,0,0,0,0
SE05/D14_SE05_R03.csv,SE05,SE,D,D14,R03,12.00,0,,0,0,0,0,0
SE05/D14_SE05_R04.csv,SE05,SE,D,D14,R04,12.00,0,,0,0,0,0,0
SE05/D14_SE05_R05.csv,SE05,SE,D,D14,R05,12.00,0,,0,0,0,0,0
SE05/D15_SE05_R01.csv,SE05,SE,D,D15,R01,12.00,0,,0,0,0,0,0
SE05/D15_SE05_R02.csv,SE05,SE,D,D15,R02,12.00,0,,0,0,0,0,0
SE05/D15_SE05_R03.csv,SE05,SE,D,D15,R03,12.00,0,,0,0,0,0,0
SE05/D15_SE05_R04.csv,SE05,SE,D,D15,R04,12.00,0,,0,0,0,0,0
SE05/D15_SE05_R05.csv,SE05,SE,D,D15,R05,12.00,0,,0,0,0,0,0
SE05/D16_SE05_R01.csv,SE05,SE,D,D16,R01,11.99,0,,0,0,0,0,0
SE05/D16_SE05_R02.csv,SE05,SE,D,D16,R02,12.00,0,,0,0,0,0,0
SE05/D16_SE05_R03.csv,SE05,SE,D,D16,R03,12.00,0,,0,0,0,0,0
SE05/D16_SE05_R04.csv,SE05,SE,D,D16,R04,12.00,0,,0,0,0,0,0
SE05/D16_SE05_R05.csv,SE05,SE,D,D16,R05,12.00,0,,0,0,0,0,0
SE05/D17_SE05_R01.csv,SE05,SE,D,D17,R01,20.03,0,,0,0,0,0,0
SE05/D17_SE05_R02.csv,SE05,SE,D,D17,R02,25.04,0,,0,0,0,0,0
SE05/D17_SE05_R03.csv,SE05,SE,D,D17,R03,17.02,0,,0,0,0,0,0
SE05/D17_SE05_R04.csv,SE05,SE,D,D17,R04,17.02,0,,0,0,0,0,0
SE05/D17_SE05_R05.csv,SE05,SE,D,D17,R05,19.02,0,,0,0,0,0,0
SE06/D01_SE06_R01.csv,SE06,SE,D,D01,R01,100.00,0,,0,0,0,0,0
SE06/D02_SE06_R01.csv,SE06,SE,D,D02,R01,100.00,0,,0,0,0,0,0
SE06/D03_SE06_R01.csv,SE06,SE,D,D03,R01,100.00,0,,1,1,1,0,0
SE06/D04_SE06_R01.csv,SE06,SE,D,D04,R01,100.00,0,,27,27,11,0,0
SE06/D05_SE06_R01.csv,SE06,SE,D,D05,R01,25.00,0,,0,0,0,0,0
SE06/D05_SE06_R02.csv,SE06,SE,D,D05,R02,25.00,0,,0,0,0,0,0
SE06/D05_SE06_R03.csv,SE06,SE,D,D05,R03,25.00,0,,0,0,0,0,0
SE06/D05_SE06_R04.csv,SE06,SE,D,D05,R04,25.00,0,,0,0,0,0,0
SE06/D05_SE06_R05.csv,SE06,SE,D,D05,R05,25.00,0,,0,0,0,0,0
SE06/D06_SE06_R01.csv,SE06,SE,D,D06,R01,25.00,0,,1,1,1,0,0
SE06/D06_SE06_R02.csv,SE06,SE,D,D06,R02,25.00,0,,1,1,1,0,0
SE06/D06_SE06_R03.csv,SE06,SE,D,D06,R03,25.00,0,,1,1,1,0,0
SE06/D06_SE06_R04.csv,SE06,SE,D,D06,R04,25.00,0,,1,1,1,0,0
SE06/D06_SE06_R05.csv,SE06,SE,D,D06,R05,25.00,0,,2,2,2,0,0
SE06/D07_SE06_R01.csv,SE06,SE,D,D07,R01,11.99,0,,0,0,0,0,0
SE06/D07_SE06_R02.csv,SE06,SE,D,D07,R02,12.00,0,,0,0,0,0,0
SE06/D07_SE06_R03.csv,SE06,SE,D,D07,R03,12.00,0,,0,0,0,0,0
SE06/D07_SE06_R04.csv,SE06,SE,D,D07,R04,12.00,0,,0,0,0,0,0
SE06/D07_SE06_R05.csv,SE06,SE,D,D07,R05,12.00,0,,0,0,0,0,0
SE06/D08_SE06_R01.csv,SE06,SE,D,D08,R01,12.00,0,,0,0,0,0,0
SE06/D08_SE06_R02.csv,SE06,SE,D,D08,R02,12.00,0,,0,0,0,0,0
SE06/D08_SE06_R03.csv,SE06,SE,D,D08,R03,12.00,0,,0,0,0,0,0
SE06/D08_SE06_R04.csv,SE06,SE,D,D08,R04,12.00,0,,0,0,0,0,0
SE06/D08_SE06_R05.csv,SE06,SE,D,D08,R05,12.00,0,,0,0,0,0,0
SE06/D09_SE06_R01.csv,SE06,SE,D,D09,R01,12.00,0,,0,0,0,0,0
SE06/D09_SE06_R02.csv,SE06,SE,D,D09,R02,12.00,0,,0,0,0,0,0
SE06/D09_SE06_R03.csv,SE06,SE,D,D09,R03,12.00,0,,0,0,0,0,0
SE06/D09_SE06_R04.csv,SE06,SE,D,D09,R04,12.00,0,,0,0,0,0,0
SE06/D09_SE06_R05.csv,SE06,SE,D,D09,R05,12.00,0,,0,0,0,0,0
SE06/D10_SE06_R01.csv,SE06,SE,D,D10,R01,12.00,0,,0,0,0,0,0
SE06/D10_SE06_R02.csv,SE06,SE,D,D10,R02,12.00,0,,0,0,0,0,0
SE06/D10_SE06_R03.csv,SE06,SE,D,D10,R03,12.00,0,,0,0,0,0,0
SE06/D10_SE06_R04.csv,SE06,SE,D,D10,R04,12.00,0,,0,0,0,0,0
SE06/D10_SE06_R05.csv,SE06,SE,D,D10,R05,12.00,0,,0,0,0,0,0
SE06/D11_SE06_R01.csv,SE06,SE,D,D11,R01,12.02,0,,0,0,0,0,0
SE06/D11_SE06_R02.csv,SE06,SE,D,D11,R02,12.00,0,,0,0,0,0,0
SE06/D11_SE06_R03.csv,SE06,SE,D,D11,R03,12.00,0,,0,0,0,0,0
SE06/D11_SE06_R04.csv,SE06,SE,D,D11,R04,12.00,0,,0,0,0,0,0
SE06/D11_SE06_R05.csv,SE06,SE,D,D11,R05,12.00,0,,0,0,0,0,0
SE06/D12_SE06_R01.csv,SE06,SE,D,D12,R01,12.00,0,,0,0,0,0,0
SE06/D12_SE06_R02.csv,SE06,SE,D,D12,R02,12.00,0,,0,0,0,0,0
SE06/D12_SE06_R03.csv,SE06,SE,D,D12,R03,12.00,0,,0,0,0,0,0
SE06/D12_SE06_R04.csv,SE06,SE,D,D12,R04,12.00,0,,0,0,0,0,0
SE06/D12_SE06_R05.csv,SE06,SE,D,D12,R05,12.00,0,,0,0,0,0,0
SE06/D13_SE06_R01.csv,SE06,SE,D,D13,R01,12.00,0,,0,0,0,0,0
SE06/D13_SE06_R02.csv,SE06,SE,D,D13,R02,12.00,0,,0,0,0,0,0
SE06/D13_SE06_R03.csv,SE06,SE,D,D13,R03,12.00,0,,0,0,0,0,0
SE06/D13_SE06_R04.csv,SE06,SE,D,D13,R04,12.00,0,,0,0,0,0,0
SE06/D13_SE06_R05.csv,SE06,SE,D,D13,R05,12.00,0,,0,0,0,0,0
SE06/D14_SE06_R01.csv,SE06,SE,D,D14,R01,12.00,0,,0,0,0,0,0
SE06/D14_SE06_R02.csv,SE06,SE,D,D14,R02,12.00,0,,0,0,0,0,0
SE06/D14_SE06_R03.csv,SE06,SE,D,D14,R03,12.00,0,,0,0,0,0,0
SE06/D14_SE06_R04.csv,SE06,SE,D,D14,R04,12.00,0,,0,0,0,0,0
SE06/D14_SE06_R05.csv,SE06,SE,D,D14,R05,12.00,0,,0,0,0,0,0
SE06/D15_SE06_R01.csv,SE06,SE,D,D15,R01,12.00,0,,0,0,0,0,0
SE06/D15_SE06_R02.csv,SE06,SE,D,D15,R02,12.00,0,,0,0,0,0,0
SE06/D15_SE06_R03.csv,SE06,SE,D,D15,R03,12.00,0,,0,0,0,0,0
SE06/D15_SE06_R04.csv,SE06,SE,D,D15,R04,12.00,0,,0,0,0,0,0
SE06/D15_SE06_R05.csv,SE06,SE,D,D15,R05,12.00,0,,0,0,0,0,0
SE06/D16_SE06_R01.csv,SE06,SE,D,D16,R01,11.99,0,,0,0,0,0,0
SE06/D16_SE06_R02.csv,SE06,SE,D,D16,R02,12.00,0,,0,0,0,0,0
SE06/D16_SE06_R03.csv,SE06,SE,D,D16,R03,12.00,0,,0,0,0,0,0
SE06/D16_SE06_R04.csv,SE06,SE,D,D16,R04,12.00,0,,0,0,0,0,0
SE06/D16_SE06_R05.csv,SE06,SE,D,D16,R05,12.00,0,,0,0,0,0,0
SE06/D17_SE06_R01.csv,SE06,SE,D,D17,R01,25.00,0,,0,0,0,0,0
SE06/D17_SE06_R02.csv,SE06,SE,D,D17,R02,25.00,0,,0,0,0,0,0
SE06/D17_SE06_R03.csv,SE06,SE,D,D17,R03,25.00,0,,0,0,0,0,0
SE06/D17_SE06_R04.csv,SE06,SE,D,D17,R04,25.00,0,,0,0,0,0,0
SE06/D17_SE06_R05.csv,SE06,SE,D,D17,R05,25.00,0,,0,0,0,0,0
SE06/D18_SE06_R01.csv,SE06,SE,D,D18,R01,12.00,0,,1,1,0,0,0
SE06/D18_SE06_R02.csv,SE06,SE,D,D18,R02,12.00,0,,1,1,0,0,0
SE06/D18_SE06_R03.csv,SE06,SE,D,D18,R03,12.00,0,,1,1,0,0,0
SE06/D18_SE06_R04.csv,SE06,SE,D,D18,R04,12.00,0,,1,1,1,0,0
SE06/D18_SE06_R05.csv,SE06,SE,D,D18,R05,12.00,0,,1,1,1,0,0
SE06/D19_SE06_R01.csv,SE06,SE,D,D19,R01,12.00,0,,2,2,2,0,0
SE06/D19_SE06_R02.csv,SE06,SE,D,D19,R02,12.00,0,,2,0,0,0,0
SE06/D19_SE06_R03.csv,SE06,SE,D,D19,R03,12.00,0,,1,1,1,0,0
SE06/D19_SE06_R04.csv,SE06,SE,D,D19,R04,12.00,0,,1,1,1,0,0
SE06/D19_SE06_R05.csv,SE06,SE,D,D19,R05,12.00,0,,1,1,1,0,0
SE06/F01_SE06_R01.csv,SE06,SE,F,F01,R01,15.00,0,,1,1,0,0,0
SE06/F01_SE06_R02.csv,SE06,SE,F,F01,R02,15.00,0,,1,1,0,0,0
SE06/F01_SE06_R03.csv,SE06,SE,F,F01,R03,15.00,0,,1,1,0,0,0
SE06/F01_SE06_R04.csv,SE06,SE,F,F01,R04,15.00,1,12.94,1,1,1,1,1
SE06/F01_SE06_R05.csv,SE06,SE,F,F01,R05,15.00,0,,1,1,0,0,0
SE06/F02_SE06_R01.csv,SE06,SE,F,F02,R01,15.00,0,,1,1,0,0,0
SE06/F02_SE06_R02.csv,SE06,SE,F,F02,R02,15.00,0,,1,0,0,0,0
SE06/F02_SE06_R03.csv,SE06,SE,F,F02,R03,15.00,0,,1,1,0,0,0
SE06/F02_SE06_R04.csv,SE06,SE,F,F02,R04,15.00,0,,1,1,0,0,0
SE06/F02_SE06_R05.csv,SE06,SE,F,F02,R05,15.00,0,,1,0,0,0,0
SE06/F03_SE06_R01.csv,SE06,SE,F,F03,R01,15.00,1,10.18,1,1,1,1,1
SE06/F03_SE06_R02.csv,SE06,SE,F,F03,R02,15.00,0,,1,1,0,0,0
SE06/F03_SE06_R03.csv,SE06,SE,F,F03,R03,15.00,0,,1,1,0,0,0
SE06/F03_SE06_R04.csv,SE06,SE,F,F03,R04,15.00,0,,1,1,0,0,0
SE06/F03_SE06_R05.csv,SE06,SE,F,F03,R05,15.00,1,9.29,1,1,1,1,1
SE06/F04_SE06_R01.csv,SE06,SE,F,F04,R01,15.00,1,11.63,1,1,1,1,1
SE06/F04_SE06_R02.csv,SE06,SE,F,F04,R02,15.00,0,,1,1,0,0,0
SE06/F04_SE06_R03.csv,SE06,SE,F,F04,R03,15.00,0,,1,1,0,0,0
SE06/F04_SE06_R04.csv,SE06,SE,F,F04,R04,15.00,0,,1,1,0,0,0
SE06/F04_SE06_R05.csv,SE06,SE,F,F04,R05,15.00,1,12.02,1,1,1,1,1
SE06/F05_SE06_R01.csv,SE06,SE,F,F05,R01,15.00,1,10.67,1,1,1,1,1
SE06/F05_SE06_R02.csv,SE06,SE,F,F05,R02,15.00,0,,3,3,0,0,0
SE06/F05_SE06_R03.csv,SE06,SE,F,F05,R03,15.00,0,,2,2,0,0,0
SE06/F05_SE06_R04.csv,SE06,SE,F,F05,R04,15.00,0,,1,1,0,0,0
SE06/F05_SE06_R05.csv,SE06,SE,F,F05,R05,15.00,1,10.79,1,1,1,1,1
SE06/F06_SE06_R01.csv,SE06,SE,F,F06,R01,14.99,0,,1,1,1,0,0
SE06/F06_SE06_R02.csv,SE06,SE,F,F06,R02,15.00,0,,1,1,0,0,0
SE06/F06_SE06_R03.csv,SE06,SE,F,F06,R03,15.00,1,13.10,1,1,1,1,1
SE06/F06_SE06_R04.csv,SE06,SE,F,F06,R04,15.00,0,,0,0,0,0,0
SE06/F06_SE06_R05.csv,SE06,SE,F,F06,R05,15.00,1,12.44,1,1,1,1,1
SE06/F07_SE06_R01.csv,SE06,SE,F,F07,R01,15.00,1,11.36,1,1,1,1,1
SE06/F07_SE06_R02.csv,SE06,SE,F,F07,R02,15.00,0,,0,0,0,0,0
SE06/F07_SE06_R03.csv,SE06,SE,F,F07,R03,15.00,0,,0,0,0,0,0
SE06/F07_SE06_R04.csv,SE06,SE,F,F07,R04,15.00,0,,0,0,0,0,0
SE06/F07_SE06_R05.csv,SE06,SE,F,F07,R05,14.99,0,,0,0,0,0,0
SE06/F08_SE06_R01.csv,SE06,SE,F,F08,R01,15.00,0,,1,1,0,0,0
SE06/F08_SE06_R02.csv,SE06,SE,F,F08,R02,15.00,1,8.67,1,1,1,1,1
SE06/F08_SE06_R03.csv,SE06,SE,F,F08,R03,15.00,0,,1,1,0,0,0
SE06/F08_SE06_R04.csv,SE06,SE,F,F08,R04,15.00,1,8.85,1,1,1,1,1
SE06/F08_SE06_R05.csv,SE06,SE,F,F08,R05,15.00,0,,0,0,0,0,0
SE06/F09_SE06_R01.csv,SE06,SE,F,F09,R01,14.99,1,7.46,1,1,1,1,1
SE06/F09_SE06_R02.csv,SE06,SE,F,F09,R02,15.00,1,6.76,1,1,1,1,1
SE06/F09_SE06_R03.csv,SE06,SE,F,F09,R03,15.00,0,,0,0,0,0,0
SE06/F09_SE06_R04.csv,SE06,SE,F,F09,R04,15.00,0,,0,0,0,0,0
SE06/F09_SE06_R05.csv,SE06,SE,F,F09,R05,15.00,1,8.13,1,1,1,1,1
SE06/F10_SE06_R01.csv,SE06,SE,F,F10,R01,15.00,0,,0,0,0,0,0
SE06/F10_SE06_R02.csv,SE06,SE,F,F10,R02,15.00,0,,0,0,0,0,0
SE06/F10_SE06_R03.csv,SE06,SE,F,F10,R03,15.00,0,,0,0,0,0,0
SE06/F10_SE06_R04.csv,SE06,SE,F,F10,R04,15.00,0,,0,0,0,0,0
SE06/F10_SE06_R05.csv,SE06,SE,F,F10,R05,15.00,0,,0,0,0,0,0
SE06/F11_SE06_R01.csv,SE06,SE,F,F11,R01,14.99,1,9.86,1,1,1,1,1
SE06/F11_SE06_R02.csv,SE06,SE,F,F11,R02,15.00,1,8.46,1,1,1,1,1
SE06/F11_SE06_R03.csv,SE06,SE,F,F11,R03,15.00,0,,1,1,1,0,0
SE06/F11_SE06_R04.csv,SE06,SE,F,F11,R04,15.00,0,,1,1,1,0,0
SE06/F11_SE06_R05.csv,SE06,SE,F,F11,R05,14.99,1,7.63,1,1,1,1,1
SE06/F12_SE06_R01.csv,SE06,SE,F,F12,R01,15.00,0,,1,0,0,0,0
SE06/F12_SE06_R02.csv,SE06,SE,F,F12,R02,15.00,1,9.73,1,1,1,1,1
SE06/F12_SE06_R03.csv,SE06,SE,F,F12,R03,15.00,1,6.67,1,1,1,1,1
SE06/F12_SE06_R04.csv,SE06,SE,F,F12,R04,15.00,1,5.91,1,1,1,1,1
SE06/F12_SE06_R05.csv,SE06,SE,F,F12,R05,15.00,0,,0,0,0,0,0
SE06/F13_SE06_R01.csv,SE06,SE,F,F13,R01,15.00,0,,0,0,0,0,0
SE06/F13_SE06_R02.csv,SE06,SE,F,F13,R02,14.99,0,,1,1,0,0,0
SE06/F13_SE06_R03.csv,SE06,SE,F,F13,R03,15.00,1,13.41,1,1,1,1,1
SE06/F13_SE06_R04.csv,SE06,SE,F,F13,R04,15.00,0,,0,0,0,0,0
SE06/F13_SE06_R05.csv,SE06,SE,F,F13,R05,15.00,1,12.30,1,1,1,1,1
SE06/F14_SE06_R01.csv,SE06,SE,F,F14,R01,15.00,0,,1,1,1,0,0
SE06/F14_SE06_R02.csv,SE06,SE,F,F14,R02,15.00,0,,1,1,0,0,0
SE06/F14_SE06_R03.csv,SE06,SE,F,F14,R03,15.00,0,,1,1,1,0,0
SE06/F14_SE06_R04.csv,SE06,SE,F,F14,R04,15.00,0,,1,1,0,0,0
SE06/F14_SE06_R05.csv,SE06,SE,F,F14,R05,15.00,0,,1,1,1,0,0
SE06/F15_SE06_R01.csv,SE06,SE,F,F15,R01,15.00,1,9.41,1,1,1,1,1
SE06/F15_SE06_R02.csv,SE06,SE,F,F15,R02,15.00,1,11.12,1,1,1,1,1
SE06/F15_SE06_R03.csv,SE06,SE,F,F15,R03,15.00,1,8.70,1,1,1,1,1
SE06/F15_SE06_R04.csv,SE06,SE,F,F15,R04,15.00,1,11.17,1,1,1,1,1
SE06/F15_SE06_R05.csv,SE06,SE,F,F15,R05,15.00,1,12.34,1,1,1,1,1
SE07/D01_SE07_R01.csv,SE07,SE,D,D01,R01,100.00,0,,0,0,0,0,0
SE07/D02_SE07_R01.csv,SE07,SE,D,D02,R01,100.00,0,,0,0,0,0,0
SE07/D03_SE07_R01.csv,SE07,SE,D,D03,R01,99.97,0,,28,28,27,0,0
SE07/D04_SE07_R01.csv,SE07,SE,D,D04,R01,99.98,0,,49,49,24,0,0
SE07/D05_SE07_R01.csv,SE07,SE,D,D05,R01,25.00,0,,0,0,0,0,0
SE07/D05_SE07_R02.csv,SE07,SE,D,D05,R02,25.00,0,,3,0,0,0,0
SE07/D05_SE07_R03.csv,SE07,SE,D,D05,R03,25.00,0,,1,1,1,0,0
SE07/D05_SE07_R04.csv,SE07,SE,D,D05,R04,25.00,0,,1,1,0,0,0
SE07/D05_SE07_R05.csv,SE07,SE,D,D05,R05,25.00,0,,0,0,0,0,0
SE07/D07_SE07_R01.csv,SE07,SE,D,D07,R01,12.00,0,,0,0,0,0,0
SE07/D07_SE07_R02.csv,SE07,SE,D,D07,R02,12.00,0,,0,0,0,0,0
SE07/D07_SE07_R03.csv,SE07,SE,D,D07,R03,12.00,0,,0,0,0,0,0
SE07/D07_SE07_R04.csv,SE07,SE,D,D07,R04,12.00,0,,0,0,0,0,0
SE07/D07_SE07_R05.csv,SE07,SE,D,D07,R05,12.00,0,,0,0,0,0,0
SE07/D08_SE07_R01.csv,SE07,SE,D,D08,R01,12.00,0,,1,0,0,0,0
SE07/D08_SE07_R02.csv,SE07,SE,D,D08,R02,12.00,0,,0,0,0,0,0
SE07/D08_SE07_R03.csv,SE07,SE,D,D08,R03,11.99,0,,0,0,0,0,0
SE07/D08_SE07_R04.csv,SE07,SE,D,D08,R04,12.00,0,,1,1,1,0,0
SE07/D08_SE07_R05.csv,SE07,SE,D,D08,R05,12.00,0,,0,0,0,0,0
SE07/D09_SE07_R01.csv,SE07,SE,D,D09,R01,12.00,0,,0,0,0,0,0
SE07/D09_SE07_R02.csv,SE07,SE,D,D09,R02,12.00,0,,0,0,0,0,0
SE07/D09_SE07_R03.csv,SE07,SE,D,D09,R03,12.00,0,,0,0,0,0,0
SE07/D09_SE07_R04.csv,SE07,SE,D,D09,R04,12.00,0,,0,0,0,0,0
SE07/D09_SE07_R05.csv,SE07,SE,D,D09,R05,12.00,0,,0,0,0,0,0
SE07/D10_SE07_R01.csv,SE07,SE,D,D10,R01,12.00,0,,0,0,0,0,0
SE07/D10_SE07_R02.csv,SE07,SE,D,D10,R02,12.00,0,,1,0,0,0,0
SE07/D10_SE07_R03.csv,SE07,SE,D,D10,R03,12.00,0,,0,0,0,0,0
SE07/D10_SE07_R04.csv,SE07,SE,D,D10,R04,12.00,0,,1,0,0,0,0
SE07/D10_SE07_R05.csv,SE07,SE,D,D10,R05,12.00,0,,0,0,0,0,0
SE07/D11_SE07_R01.csv,SE07,SE,D,D11,R01,12.00,0,,0,0,0,0,0
SE07/D11_SE07_R02.csv,SE07,SE,D,D11,R02,12.00,0,,0,0,0,0,0
SE07/D11_SE07_R03.csv,SE07,SE,D,D11,R03,12.00,0,,0,0,0,0,0
SE07/D11_SE07_R04.csv,SE07,SE,D,D11,R04,12.00,0,,0,0,0,0,0
SE07/D11_SE07_R05.csv,SE07,SE,D,D11,R05,12.00,0,,0,0,0,0,0
SE07/D12_SE07_R01.csv,SE07,SE,D,D12,R01,12.00,0,,0,0,0,0,0
SE07/D12_SE07_R02.csv,SE07,SE,D,D12,R02,12.00,0,,0,0,0,0,0
SE07/D12_SE07_R03.csv,SE07,SE,D,D12,R03,12.00,0,,0,0,0,0,0
SE07/D12_SE07_R04.csv,SE07,SE,D,D12,R04,12.00,0,,0,0,0,0,0
SE07/D12_SE07_R05.csv,SE07,SE,D,D12,R05,12.00,0,,0,0,0,0,0
SE07/D14_SE07_R01.csv,SE07,SE,D,D14,R01,12.00,0,,0,0,0,0,0
SE07/D14_SE07_R02.csv,SE07,SE,D,D14,R02,12.00,0,,0,0,0,0,0
SE07/D14_SE07_R03.csv,SE07,SE,D,D14,R03,12.00,0,,0,0,0,0,0
SE07/D14_SE07_R04.csv,SE07,SE,D,D14,R04,12.00,0,,1,1,1,0,0
SE07/D14_SE07_R05.csv,SE07,SE,D,D14,R05,12.00,0,,1,1,1,0,0
SE07/D15_SE07_R01.csv,SE07,SE,D,D15,R01,12.00,0,,0,0,0,0,0
SE07/D15_SE07_R02.csv,SE07,SE,D,D15,R02,12.00,0,,0,0,0,0,0
SE07/D15_SE07_R03.csv,SE07,SE,D,D15,R03,12.00,0,,0,0,0,0,0
SE07/D15_SE07_R04.csv,SE07,SE,D,D15,R04,12.00,0,,0,0,0,0,0
SE07/D15_SE07_R05.csv,SE07,SE,D,D15,R05,12.00,0,,0,0,0,0,0
SE07/D16_SE07_R01.csv,SE07,SE,D,D16,R01,12.00,0,,0,0,0,0,0
SE07/D16_SE07_R02.csv,SE07,SE,D,D16,R02,12.00,0,,0,0,0,0,0
SE07/D16_SE07_R03.csv,SE07,SE,D,D16,R03,12.00,0,,0,0,0,0,0
SE07/D16_SE07_R04.csv,SE07,SE,D,D16,R04,12.00,0,,0,0,0,0,0
SE07/D16_SE07_R05.csv,SE07,SE,D,D16,R05,12.00,0,,0,0,0,0,0
SE07/D17_SE07_R01.csv,SE07,SE,D,D17,R01,25.00,0,,0,0,0,0,0
SE07/D17_SE07_R02.csv,SE07,SE,D,D17,R02,25.00,0,,0,0,0,0,0
SE07/D17_SE07_R03.csv,SE07,SE,D,D17,R03,25.00,0,,0,0,0,0,0
SE07/D17_SE07_R04.csv,SE07,SE,D,D17,R04,25.00,0,,0,0,0,0,0
SE07/D17_SE07_R05.csv,SE07,SE,D,D17,R05,25.00,0,,0,0,0,0,0
SE08/D01_SE08_R01.csv,SE08,SE,D,D01,R01,100.00,0,,0,0,0,0,0
SE08/D02_SE08_R01.csv,SE08,SE,D,D02,R01,100.00,0,,0,0,0,0,0
SE08/D03_SE08_R01.csv,SE08,SE,D,D03,R01,100.00,0,,119,119,3,0,0
SE08/D04_SE08_R01.csv,SE08,SE,D,D04,R01,100.00,0,,123,123,3,0,0
SE08/D05_SE08_R01.csv,SE08,SE,D,D05,R01,25.00,0,,3,2,0,0,0
SE08/D05_SE08_R02.csv,SE08,SE,D,D05,R02,25.00,0,,1,0,0,0,0
SE08/D05_SE08_R03.csv,SE08,SE,D,D05,R03,25.00,0,,0,0,0,0,0
SE08/D05_SE08_R04.csv,SE08,SE,D,D05,R04,25.00,0,,2,1,1,0,0
SE08/D05_SE08_R05.csv,SE08,SE,D,D05,R05,25.00,0,,1,1,1,0,0
SE08/D07_SE08_R01.csv,SE08,SE,D,D07,R01,12.00,0,,0,0,0,0,0
SE08/D07_SE08_R02.csv,SE08,SE,D,D07,R02,12.00,0,,0,0,0,0,0
SE08/D07_SE08_R03.csv,SE08,SE,D,D07,R03,12.00,0,,0,0,0,0,0
SE08/D07_SE08_R04.csv,SE08,SE,D,D07,R04,11.99,0,,0,0,0,0,0
SE08/D07_SE08_R05.csv,SE08,SE,D,D07,R05,12.00,0,,0,0,0,0,0
SE08/D08_SE08_R01.csv,SE08,SE,D,D08,R01,11.99,0,,0,0,0,0,0
SE08/D08_SE08_R02.csv,SE08,SE,D,D08,R02,11.99,0,,0,0,0,0,0
SE08/D08_SE08_R03.csv,SE08,SE,D,D08,R03,12.00,0,,0,0,0,0,0
SE08/D08_SE08_R04.csv,SE08,SE,D,D08,R04,12.00,0,,1,0,0,0,0
SE08/D08_SE08_R05.csv,SE08,SE,D,D08,R05,12.00,0,,1,0,0,0,0
SE08/D09_SE08_R01.csv,SE08,SE,D,D09,R01,12.00,0,,0,0,0,0,0
SE08/D09_SE08_R02.csv,SE08,SE,D,D09,R02,12.00,0,,0,0,0,0,0
SE08/D09_SE08_R03.csv,SE08,SE,D,D09,R03,12.00,0,,0,0,0,0,0
SE08/D09_SE08_R04.csv,SE08,SE,D,D09,R04,12.00,0,,0,0,0,0,0
SE08/D09_SE08_R05.csv,SE08,SE,D,D09,R05,12.00,0,,0,0,0,0,0
SE08/D10_SE08_R01.csv,SE08,SE,D,D10,R01,12.00,0,,0,0,0,0,0
SE08/D10_SE08_R02.csv,SE08,SE,D,D10,R02,12.00,0,,0,0,0,0,0
SE08/D10_SE08_R03.csv,SE08,SE,D,D10,R03,12.00,0,,0,0,0,0,0
SE08/D10_SE08_R04.csv,SE08,SE,D,D10,R04,12.00,0,,0,0,0,0,0
SE08/D10_SE08_R05.csv,SE08,SE,D,D10,R05,12.00,0,,0,0,0,0,0
SE08/D11_SE08_R01.csv,SE08,SE,D,D11,R01,12.00,0,,1,1,1,0,0
SE08/D11_SE08_R02.csv,SE08,SE,D,D11,R02,12.00,0,,0,0,0,0,0
SE08/D11_SE08_R03.csv,SE08,SE,D,D11,R03,12.00,0,,0,0,0,0,0
SE08/D11_SE08_R04.csv,SE08,SE,D,D11,R04,12.00,0,,0,0,0,0,0
SE08/D11_SE08_R05.csv,SE08,SE,D,D11,R05,12.00,0,,1,1,1,0,0
SE08/D12_SE08_R01.csv,SE08,SE,D,D12,R01,12.00,0,,0,0,0,0,0
SE08/D12_SE08_R02.csv,SE08,SE,D,D12,R02,12.00,0,,0,0,0,0,0
SE08/D12_SE08_R03.csv,SE08,SE,D,D12,R03,12.00,0,,0,0,0,0,0
SE08/D12_SE08_R04.csv,SE08,SE,D,D12,R04,12.00,0,,0,0,0,0,0
SE08/D12_SE08_R05.csv,SE08,SE,D,D12,R05,12.00,0,,0,0,0,0,0
SE08/D14_SE08_R01.csv,SE08,SE,D,D14,R01,12.00,0,,0,0,0,0,0
SE08/D14_SE08_R02.csv,SE08,SE,D,D14,R02,12.00,0,,0,0,0,0,0
SE08/D14_SE08_R03.csv,SE08,SE,D,D14,R03,12.00,0,,0,0,0,0,0
SE08/D14_SE08_R04.csv,SE08,SE,D,D14,R04,12.00,0,,0,0,0,0,0
SE08/D14_SE08_R05.csv,SE08,SE,D,D14,R05,12.00,0,,0,0,0,0,0
SE08/D15_SE08_R01.csv,SE08,SE,D,D15,R01,12.00,0,,0,0,0,0,0
SE08/D15_SE08_R02.csv,SE08,SE,D,D15,R02,12.00,0,,0,0,0,0,0
SE08/D15_SE08_R03.csv,SE08,SE,D,D15,R03,12.00,0,,0,0,0,0,0
SE08/D15_SE08_R04.csv,SE08,SE,D,D15,R04,12.00,0,,0,0,0,0,0
SE08/D15_SE08_R05.csv,SE08,SE,D,D15,R05,12.00,0,,0,0,0,0,0
SE08/D16_SE08_R01.csv,SE08,SE,D,D16,R01,12.00,0,,0,0,0,0,0
SE08/D16_SE08_R02.csv,SE08,SE,D,D16,R02,12.00,0,,0,0,0,0,0
SE08/D16_SE08_R03.csv,SE08,SE,D,D16,R03,12.00,0,,0,0,0,0,0
SE08/D16_SE08_R04.csv,SE08,SE,D,D16,R04,12.00,0,,0,0,0,0,0
SE08/D16_SE08_R05.csv,SE08,SE,D,D16,R05,12.00,0,,0,0,0,0,0
SE08/D17_SE08_R01.csv,SE08,SE,D,D17,R01,25.00,0,,0,0,0,0,0
SE08/D17_SE08_R02.csv,SE08,SE,D,D17,R02,25.00,0,,0,0,0,0,0
SE08/D17_SE08_R03.csv,SE08,SE,D,D17,R03,25.00,0,,0,0,0,0,0
SE08/D17_SE08_R04.csv,SE08,SE,D,D17,R04,25.00,0,,0,0,0,0,0
SE08/D17_SE08_R05.csv,SE08,SE,D,D17,R05,25.00,0,,0,0,0,0,0
SE09/D01_SE09_R01.csv,SE09,SE,D,D01,R01,99.92,0,,0,0,0,0,0
SE09/D02_SE09_R01.csv,SE09,SE,D,D02,R01,100.00,0,,0,0,0,0,0
SE09/D03_SE09_R01.csv,SE09,SE,D,D03,R01,100.00,0,,34,34,31,0,0
SE09/D04_SE09_R01.csv,SE09,SE,D,D04,R01,100.00,0,,45,45,26,0,0
SE09/D05_SE09_R01.csv,SE09,SE,D,D05,R01,25.00,0,,0,0,0,0,0
SE09/D05_SE09_R02.csv,SE09,SE,D,D05,R02,25.00,0,,0,0,0,0,0
SE09/D05_SE09_R03.csv,SE09,SE,D,D05,R03,25.00,0,,0,0,0,0,0
SE09/D05_SE09_R04.csv,SE09,SE,D,D05,R04,25.00,0,,0,0,0,0,0
SE09/D05_SE09_R05.csv,SE09,SE,D,D05,R05,25.00,0,,0,0,0,0,0
SE09/D07_SE09_R01.csv,SE09,SE,D,D07,R01,12.00,0,,0,0,0,0,0
SE09/D07_SE09_R02.csv,SE09,SE,D,D07,R02,11.99,0,,0,0,0,0,0
SE09/D07_SE09_R03.csv,SE09,SE,D,D07,R03,12.00,0,,0,0,0,0,0
SE09/D07_SE09_R04.csv,SE09,SE,D,D07,R04,12.00,0,,0,0,0,0,0
SE09/D07_SE09_R05.csv,SE09,SE,D,D07,R05,12.00,0,,0,0,0,0,0
SE09/D08_SE09_R01.csv,SE09,SE,D,D08,R01,12.00,0,,0,0,0,0,0
SE09/D08_SE09_R02.csv,SE09,SE,D,D08,R02,12.00,0,,0,0,0,0,0
SE09/D08_SE09_R03.csv,SE09,SE,D,D08,R03,12.00,0,,0,0,0,0,0
SE09/D08_SE09_R04.csv,SE09,SE,D,D08,R04,12.00,0,,0,0,0,0,0
SE09/D08_SE09_R05.csv,SE09,SE,D,D08,R05,12.00,0,,0,0,0,0,0
SE09/D09_SE09_R01.csv,SE09,SE,D,D09,R01,12.00,0,,1,0,0,0,0
SE09/D09_SE09_R02.csv,SE09,SE,D,D09,R02,12.00,0,,0,0,0,0,0
SE09/D09_SE09_R03.csv,SE09,SE,D,D09,R03,12.00,0,,0,0,0,0,0
SE09/D09_SE09_R04.csv,SE09,SE,D,D09,R04,12.00,0,,0,0,0,0,0
SE09/D09_SE09_R05.csv,SE09,SE,D,D09,R05,12.00,0,,0,0,0,0,0
SE09/D10_SE09_R01.csv,SE09,SE,D,D10,R01,12.00,0,,1,0,0,0,0
SE09/D10_SE09_R02.csv,SE09,SE,D,D10,R02,12.00,0,,0,0,0,0,0
SE09/D10_SE09_R03.csv,SE09,SE,D,D10,R03,12.00,0,,0,0,0,0,0
SE09/D10_SE09_R04.csv,SE09,SE,D,D10,R04,12.00,0,,0,0,0,0,0
SE09/D10_SE09_R05.csv,SE09,SE,D,D10,R05,12.00,0,,0,0,0,0,0
SE09/D11_SE09_R01.csv,SE09,SE,D,D11,R01,11.99,0,,0,0,0,0,0
SE09/D11_SE09_R02.csv,SE09,SE,D,D11,R02,12.00,0,,0,0,0,0,0
SE09/D11_SE09_R03.csv,SE09,SE,D,D11,R03,12.00,0,,0,0,0,0,0
SE09/D11_SE09_R04.csv,SE09,SE,D,D11,R04,12.00,0,,0,0,0,0,0
SE09/D11_SE09_R05.csv,SE09,SE,D,D11,R05,12.00,0,,0,0,0,0,0
SE09/D12_SE09_R01.csv,SE09,SE,D,D12,R01,12.00,0,,0,0,0,0,0
SE09/D12_SE09_R02.csv,SE09,SE,D,D12,R02,12.00,0,,0,0,0,0,0
SE09/D12_SE09_R03.csv,SE09,SE,D,D12,R03,12.00,0,,0,0,0,0,0
SE09/D12_SE09_R04.csv,SE09,SE,D,D12,R04,12.00,0,,0,0,0,0,0
SE09/D12_SE09_R05.csv,SE09,SE,D,D12,R05,12.00,0,,0,0,0,0,0
SE09/D14_SE09_R01.csv,SE09,SE,D,D14,R01,12.00,0,,0,0,0,0,0
SE09/D14_SE09_R02.csv,SE09,SE,D,D14,R02,12.00,0,,0,0,0,0,0
SE09/D14_SE09_R03.csv,SE09,SE,D,D14,R03,12.00,0,,0,0,0,0,0
SE09/D14_SE09_R04.csv,SE09,SE,D,D14,R04,12.00,0,,0,0,0,0,0
SE09/D14_SE09_R05.csv,SE09,SE,D,D14,R05,12.00,0,,0,0,0,0,0
SE09/D15_SE09_R01.csv,SE09,SE,D,D15,R01,12.00,0,,0,0,0,0,0
SE09/D15_SE09_R02.csv,SE09,SE,D,D15,R02,12.00,0,,0,0,0,0,0
SE09/D15_SE09_R03.csv,SE09,SE,D,D15,R03,12.00,0,,0,0,0,0,0
SE09/D15_SE09_R04.csv,SE09,SE,D,D15,R04,12.00,0,,0,0,0,0,0
SE09/D15_SE09_R05.csv,SE09,SE,D,D15,R05,12.00,0,,0,0,0,0,0
SE09/D16_SE09_R01.csv,SE09,SE,D,D16,R01,11.99,0,,0,0,0,0,0
SE09/D16_SE09_R02.csv,SE09,SE,D,D16,R02,12.00,0,,0,0,0,0,0
SE09/D16_SE09_R03.csv,SE09,SE,D,D16,R03,12.00,0,,0,0,0,0,0
SE09/D16_SE09_R04.csv,SE09,SE,D,D16,R04,12.00,0,,0,0,0,0,0
SE09/D16_SE09_R05.csv,SE09,SE,D,D16,R05,12.00,0,,0,0,0,0,0
SE09/D17_SE09_R01.csv,SE09,SE,D,D17,R01,25.00,0,,0,0,0,0,0
SE09/D17_SE09_R02.csv,SE09,SE,D,D17,R02,25.00,0,,0,0,0,0,0
SE09/D17_SE09_R03.csv,SE09,SE,D,D17,R03,25.00,0,,0,0,0,0,0
SE09/D17_SE09_R04.csv,SE09,SE,D,D17,R04,25.00,0,,0,0,0,0,0
SE09/D17_SE09_R05.csv,SE09,SE,D,D17,R05,25.00,0,,0,0,0,0,0
SE10/D01_SE10_R01.csv,SE10,SE,D,D01,R01,100.00,0,,0,0,0,0,0
SE10/D02_SE10_R01.csv,SE10,SE,D,D02,R01,100.00,0,,0,0,0,0,0
SE10/D03_SE10_R01.csv,SE10,SE,D,D03,R01,100.00,0,,4,4,0,0,0
SE10/D04_SE10_R01.csv,SE10,SE,D,D04,R01,100.00,0,,9,9,3,0,0
SE10/D05_SE10_R01.csv,SE10,SE,D,D05,R01,25.00,0,,0,0,0,0,0
SE10/D05_SE10_R02.csv,SE10,SE,D,D05,R02,25.00,0,,0,0,0,0,0
SE10/D05_SE10_R03.csv,SE10,SE,D,D05,R03,25.00,0,,1,1,0,0,0
SE10/D05_SE10_R04.csv,SE10,SE,D,D05,R04,25.00,0,,0,0,0,0,0
SE10/D05_SE10_R05.csv,SE10,SE,D,D05,R05,25.00,0,,0,0,0,0,0
SE10/D07_SE10_R01.csv,SE10,SE,D,D07,R01,12.00,0,,0,0,0,0,0
SE10/D07_SE10_R02.csv,SE10,SE,D,D07,R02,11.99,0,,0,0,0,0,0
SE10/D07_SE10_R03.csv,SE10,SE,D,D07,R03,12.00,0,,0,0,0,0,0
SE10/D07_SE10_R04.csv,SE10,SE,D,D07,R04,12.00,0,,0,0,0,0,0
SE10/D07_SE10_R05.csv,SE10,SE,D,D07,R05,12.00,0,,0,0,0,0,0
SE10/D08_SE10_R01.csv,SE10,SE,D,D08,R01,12.00,0,,1,1,1,0,0
SE10/D08_SE10_R02.csv,SE10,SE,D,D08,R02,12.00,0,,0,0,0,0,0
SE10/D08_SE10_R03.csv,SE10,SE,D,D08,R03,12.00,0,,0,0,0,0,0
SE10/D08_SE10_R04.csv,SE10,SE,D,D08,R04,12.00,0,,0,0,0,0,0
SE10/D08_SE10_R05.csv,SE10,SE,D,D08,R05,12.00,0,,0,0,0,0,0
SE10/D09_SE10_R01.csv,SE10,SE,D,D09,R01,12.00,0,,0,0,0,0,0
SE10/D09_SE10_R02.csv,SE10,SE,D,D09,R02,12.00,0,,0,0,0,0,0
SE10/D09_SE10_R03.csv,SE10,SE,D,D09,R03,12.00,0,,0,0,0,0,0
SE10/D09_SE10_R04.csv,SE10,SE,D,D09,R04,12.00,0,,0,0,0,0,0
SE10/D09_SE10_R05.csv,SE10,SE,D,D09,R05,12.00,0,,0,0,0,0,0
SE10/D10_SE10_R01.csv,SE10,SE,D,D10,R01,12.00,0,,0,0,0,0,0
SE10/D10_SE10_R02.csv,SE10,SE,D,D10,R02,12.00,0,,0,0,0,0,0
SE10/D10_SE10_R03.csv,SE10,SE,D,D10,R03,12.00,0,,0,0,0,0,0
SE10/D10_SE10_R04.csv,SE10,SE,D,D10,R04,12.00,0,,0,0,0,0,0
SE10/D10_SE10_R05.csv,SE10,SE,D,D10,R05,12.00,0,,0,0,0,0,0
SE10/D11_SE10_R01.csv,SE10,SE,D,D11,R01,11.99,0,,1,0,0,0,0
SE10/D11_SE10_R02.csv,SE10,SE,D,D11,R02,12.00,0,,1,1,1,0,0
SE10/D11_SE10_R03.csv,SE10,SE,D,D11,R03,12.00,0,,0,0,0,0,0
SE10/D11_SE10_R04.csv,SE10,SE,D,D11,R04,12.00,0,,1,0,0,0,0
SE10/D11_SE10_R05.csv,SE10,SE,D,D11,R05,12.00,0,,0,0,0,0,0
SE10/D12_SE10_R01.csv,SE10,SE,D,D12,R01,12.00,0,,0,0,0,0,0
SE10/D12_SE10_R02.csv,SE10,SE,D,D12,R02,12.00,0,,0,0,0,0,0
SE10/D12_SE10_R03.csv,SE10,SE,D,D12,R03,12.00,0,,0,0,0,0,0
SE10/D12_SE10_R04.csv,SE10,SE,D,D12,R04,12.00,0,,0,0,0,0,0
SE10/D12_SE10_R05.csv,SE10,SE,D,D12,R05,12.00,0,,0,0,0,0,0
SE10/D14_SE10_R01.csv,SE10,SE,D,D14,R01,12.00,0,,0,0,0,0,0
SE10/D14_SE10_R02.csv,SE10,SE,D,D14,R02,12.00,0,,0,0,0,0,0
SE10/D14_SE10_R03.csv,SE10,SE,D,D14,R03,12.00,0,,0,0,0,0,0
SE10/D14_SE10_R04.csv,SE10,SE,D,D14,R04,12.00,0,,0,0,0,0,0
SE10/D14_SE10_R05.csv,SE10,SE,D,D14,R05,12.00,0,,0,0,0,0,0
SE10/D15_SE10_R01.csv,SE10,SE,D,D15,R01,12.00,0,,0,0,0,0,0
SE10/D15_SE10_R02.csv,SE10,SE,D,D15,R02,12.00,0,,0,0,0,0,0
SE10/D15_SE10_R03.csv,SE10,SE,D,D15,R03,12.00,0,,0,0,0,0,0
SE10/D15_SE10_R04.csv,SE10,SE,D,D15,R04,12.00,0,,0,0,0,0,0
SE10/D15_SE10_R05.csv,SE10,SE,D,D15,R05,12.00,0,,0,0,0,0,0
SE10/D16_SE10_R01.csv,SE10,SE,D,D16,R01,11.99,0,,0,0,0,0,0
SE10/D16_SE10_R02.csv,SE10,SE,D,D16,R02,12.00,0,,0,0,0,0,0
SE10/D16_SE10_R03.csv,SE10,SE,D,D16,R03,12.00,0,,0,0,0,0,0
SE10/D16_SE10_R04.csv,SE10,SE,D,D16,R04,12.00,0,,0,0,0,0,0
SE10/D16_SE10_R05.csv,SE10,SE,D,D16,R05,12.00,0,,0,0,0,0,0
SE10/D17_SE10_R01.csv,SE10,SE,D,D17,R01,25.00,0,,0,0,0,0,0
SE10/D17_SE10_R02.csv,SE10,SE,D,D17,R02,25.00,0,,0,0,0,0,0
SE10/D17_SE10_R03.csv,SE10,SE,D,D17,R03,25.00,0,,0,0,0,0,0
SE10/D17_SE10_R04.csv,SE10,SE,D,D17,R04,25.00,0,,0,0,0,0,0
SE10/D17_SE10_R05.csv,SE10,SE,D,D17,R05,25.00,0,,0,0,0,0,0
SE11/D01_SE11_R01.csv,SE11,SE,D,D01,R01,100.00,0,,0,0,0,0,0
SE11/D02_SE11_R01.csv,SE11,SE,D,D02,R01,100.00,0,,1,1,1,0,0
SE11/D03_SE11_R01.csv,SE11,SE,D,D03,R01,100.00,0,,46,46,22,0,0
SE11/D04_SE11_R01.csv,SE11,SE,D,D04,R01,100.00,0,,98,98,9,0,0
SE11/D05_SE11_R01.csv,SE11,SE,D,D05,R01,25.00,0,,0,0,0,0,0
SE11/D05_SE11_R02.csv,SE11,SE,D,D05,R02,25.00,0,,0,0,0,0,0
SE11/D05_SE11_R03.csv,SE11,SE,D,D05,R03,25.00,0,,0,0,0,0,0
SE11/D05_SE11_R04.csv,SE11,SE,D,D05,R04,25.00,0,,0,0,0,0,0
SE11/D05_SE11_R05.csv,SE11,SE,D,D05,R05,25.00,0,,0,0,0,0,0
SE11/D07_SE11_R01.csv,SE11,SE,D,D07,R01,11.99,0,,0,0,0,0,0
SE11/D07_SE11_R02.csv,SE11,SE,D,D07,R02,12.00,0,,0,0,0,0,0
SE11/D07_SE11_R03.csv,SE11,SE,D,D07,R03,11.99,0,,0,0,0,0,0
SE11/D07_SE11_R04.csv,SE11,SE,D,D07,R04,12.00,0,,0,0,0,0,0
SE11/D07_SE11_R05.csv,SE11,SE,D,D07,R05,12.00,0,,0,0,0,0,0
SE11/D08_SE11_R01.csv,SE11,SE,D,D08,R01,12.00,0,,0,0,0,0,0
SE11/D08_SE11_R02.csv,SE11,SE,D,D08,R02,12.00,0,,1,1,1,0,0
SE11/D08_SE11_R03.csv,SE11,SE,D,D08,R03,12.00,0,,1,1,1,0,0
SE11/D08_SE11_R04.csv,SE11,SE,D,D08,R04,12.00,0,,0,0,0,0,0
SE11/D08_SE11_R05.csv,SE11,SE,D,D08,R05,12.00,0,,0,0,0,0,0
SE11/D09_SE11_R01.csv,SE11,SE,D,D09,R01,12.00,0,,0,0,0,0,0
SE11/D09_SE11_R02.csv,SE11,SE,D,D09,R02,12.00,0,,0,0,0,0,0
SE11/D09_SE11_R03.csv,SE11,SE,D,D09,R03,12.00,0,,0,0,0,0,0
SE11/D09_SE11_R04.csv,SE11,SE,D,D09,R04,12.00,0,,0,0,0,0,0
SE11/D09_SE11_R05.csv,SE11,SE,D,D09,R05,12.00,0,,0,0,0,0,0
SE11/D10_SE11_R01.csv,SE11,SE,D,D10,R01,12.00,0,,1,1,0,0,0
SE11/D10_SE11_R02.csv,SE11,SE,D,D10,R02,12.00,0,,0,0,0,0,0
SE11/D10_SE11_R03.csv,SE11,SE,D,D10,R03,12.00,0,,0,0,0,0,0
SE11/D10_SE11_R04.csv,SE11,SE,D,D10,R04,12.00,0,,0,0,0,0,0
SE11/D10_SE11_R05.csv,SE11,SE,D,D10,R05,12.00,0,,0,0,0,0,0
SE11/D11_SE11_R01.csv,SE11,SE,D,D11,R01,11.99,0,,1,0,0,0,0
SE11/D11_SE11_R02.csv,SE11,SE,D,D11,R02,12.00,0,,1,0,0,0,0
SE11/D11_SE11_R03.csv,SE11,SE,D,D11,R03,12.00,0,,0,0,0,0,0
SE11/D11_SE11_R04.csv,SE11,SE,D,D11,R04,12.00,0,,1,0,0,0,0
SE11/D11_SE11_R05.csv,SE11,SE,D,D11,R05,12.00,0,,1,0,0,0,0
SE11/D12_SE11_R01.csv,SE11,SE,D,D12,R01,12.00,0,,0,0,0,0,0
SE11/D12_SE11_R02.csv,SE11,SE,D,D12,R02,12.00,0,,0,0,0,0,0
SE11/D12_SE11_R03.csv,SE11,SE,D,D12,R03,12.00,0,,0,0,0,0,0
SE11/D12_SE11_R04.csv,SE11,SE,D,D12,R04,12.00,0,,0,0,0,0,0
SE11/D12_SE11_R05.csv,SE11,SE,D,D12,R05,12.00,0,,0,0,0,0,0
SE11/D14_SE11_R01.csv,SE11,SE,D,D14,R01,12.00,0,,0,0,0,0,0
SE11/D14_SE11_R02.csv,SE11,SE,D,D14,R02,12.00,0,,0,0,0,0,0
SE11/D14_SE11_R03.csv,SE11,SE,D,D14,R03,12.00,0,,0,0,0,0,0
SE11/D14_SE11_R04.csv,SE11,SE,D,D14,R04,12.00,0,,0,0,0,0,0
SE11/D14_SE11_R05.csv,SE11,SE,D,D14,R05,12.00,0,,0,0,0,0,0
SE11/D15_SE11_R01.csv,SE11,SE,D,D15,R01,12.00,0,,0,0,0,0,0
SE11/D15_SE11_R02.csv,SE11,SE,D,D15,R02,12.00,0,,0,0,0,0,0
SE11/D15_SE11_R03.csv,SE11,SE,D,D15,R03,12.00,0,,0,0,0,0,0
SE11/D15_SE11_R04.csv,SE11,SE,D,D15,R04,12.00,0,,0,0,0,0,0
SE11/D15_SE11_R05.csv,SE11,SE,D,D15,R05,12.00,0,,0,0,0,0,0
SE11/D16_SE11_R01.csv,SE11,SE,D,D16,R01,11.99,0,,0,0,0,0,0
SE11/D16_SE11_R02.csv,SE11,SE,D,D16,R02,12.00,0,,0,0,0,0,0
SE11/D16_SE11_R03.csv,SE11,SE,D,D16,R03,12.00,0,,0,0,0,0,0
SE11/D16_SE11_R04.csv,SE11,SE,D,D16,R04,12.00,0,,0,0,0,0,0
SE11/D16_SE11_R05.csv,SE11,SE,D,D16,R05,12.00,0,,0,0,0,0,0
SE11/D17_SE11_R01.csv,SE11,SE,D,D17,R01,25.00,0,,0,0,0,0,0
SE11/D17_SE11_R02.csv,SE11,SE,D,D17,R02,25.00,0,,0,0,0,0,0
SE11/D17_SE11_R03.csv,SE11,SE,D,D17,R03,25.00,0,,0,0,0,0,0
SE11/D17_SE11_R04.csv,SE11,SE,D,D17,R04,25.00,0,,0,0,0,0,0
SE11/D17_SE11_R05.csv,SE11,SE,D,D17,R05,25.00,0,,0,0,0,0,0
SE12/D01_SE12_R01.csv,SE12,SE,D,D01,R01,99.99,0,,0,0,0,0,0
SE12/D02_SE12_R01.csv,SE12,SE,D,D02,R01,100.00,0,,0,0,0,0,0
SE12/D03_SE12_R01.csv,SE12,SE,D,D03,R01,100.00,0,,45,45,8,0,0
SE12/D04_SE12_R01.csv,SE12,SE,D,D04,R01,99.98,0,,84,84,18,0,0
SE12/D05_SE12_R01.csv,SE12,SE,D,D05,R01,25.00,0,,3,3,0,0,0
SE12/D05_SE12_R02.csv,SE12,SE,D,D05,R02,24.96,0,,2,1,0,0,0
SE12/D05_SE12_R03.csv,SE12,SE,D,D05,R03,25.00,0,,1,1,1,0,0
SE12/D05_SE12_R04.csv,SE12,SE,D,D05,R04,25.00,0,,0,0,0,0,0
SE12/D05_SE12_R05.csv,SE12,SE,D,D05,R05,25.00,0,,0,0,0,0,0
SE12/D07_SE12_R01.csv,SE12,SE,D,D07,R01,11.99,0,,0,0,0,0,0
SE12/D07_SE12_R02.csv,SE12,SE,D,D07,R02,12.00,0,,0,0,0,0,0
SE12/D07_SE12_R03.csv,SE12,SE,D,D07,R03,12.00,0,,0,0,0,0,0
SE12/D07_SE12_R04.csv,SE12,SE,D,D07,R04,12.00,0,,0,0,0,0,0
SE12/D07_SE12_R05.csv,SE12,SE,D,D07,R05,12.00,0,,0,0,0,0,0
SE12/D08_SE12_R01.csv,SE12,SE,D,D08,R01,12.00,0,,1,1,1,0,0
SE12/D08_SE12_R02.csv,SE12,SE,D,D08,R02,12.00,0,,0,0,0,0,0
SE12/D08_SE12_R03.csv,SE12,SE,D,D08,R03,12.00,0,,1,1,1,0,0
SE12/D08_SE12_R04.csv,SE12,SE,D,D08,R04,12.00,0,,1,1,0,0,0
SE12/D08_SE12_R05.csv,SE12,SE,D,D08,R05,12.00,0,,2,2,2,0,0
SE12/D09_SE12_R01.csv,SE12,SE,D,D09,R01,12.00,0,,0,0,0,0,0
SE12/D09_SE12_R02.csv,SE12,SE,D,D09,R02,12.00,0,,0,0,0,0,0
SE12/D09_SE12_R03.csv,SE12,SE,D,D09,R03,12.00,0,,0,0,0,0,0
SE12/D09_SE12_R04.csv,SE12,SE,D,D09,R04,12.00,0,,0,0,0,0,0
SE12/D09_SE12_R05.csv,SE12,SE,D,D09,R05,12.00,0,,0,0,0,0,0
SE12/D10_SE12_R01.csv,SE12,SE,D,D10,R01,12.00,0,,0,0,0,0,0
SE12/D10_SE12_R02.csv,SE12,SE,D,D10,R02,12.00,0,,0,0,0,0,0
SE12/D10_SE12_R03.csv,SE12,SE,D,D10,R03,12.00,0,,0,0,0,0,0
SE12/D10_SE12_R04.csv,SE12,SE,D,D10,R04,12.00,0,,0,0,0,0,0
SE12/D10_SE12_R05.csv,SE12,SE,D,D10,R05,12.00,0,,0,0,0,0,0
SE12/D11_SE12_R01.csv,SE12,SE,D,D11,R01,11.99,0,,1,0,0,0,0
SE12/D11_SE12_R02.csv,SE12,SE,D,D11,R02,12.00,0,,0,0,0,0,0
SE12/D11_SE12_R03.csv,SE12,SE,D,D11,R03,12.00,0,,0,0,0,0,0
SE12/D11_SE12_R04.csv,SE12,SE,D,D11,R04,12.00,0,,1,0,0,0,0
SE12/D11_SE12_R05.csv,SE12,SE,D,D11,R05,12.00,0,,1,0,0,0,0
SE12/D12_SE12_R01.csv,SE12,SE,D,D12,R01,11.99,0,,0,0,0,0,0
SE12/D12_SE12_R02.csv,SE12,SE,D,D12,R02,12.00,0,,0,0,0,0,0
SE12/D12_SE12_R03.csv,SE12,SE,D,D12,R03,12.00,0,,0,0,0,0,0
SE12/D12_SE12_R04.csv,SE12,SE,D,D12,R04,12.00,0,,0,0,0,0,0
SE12/D12_SE12_R05.csv,SE12,SE,D,D12,R05,12.00,0,,0,0,0,0,0
SE12/D14_SE12_R01.csv,SE12,SE,D,D14,R01,12.00,0,,0,0,0,0,0
SE12/D14_SE12_R02.csv,SE12,SE,D,D14,R02,12.00,0,,0,0,0,0,0
SE12/D14_SE12_R03.csv,SE12,SE,D,D14,R03,12.00,0,,0,0,0,0,0
SE12/D14_SE12_R04.csv,SE12,SE,D,D14,R04,12.00,0,,0,0,0,0,0
SE12/D14_SE12_R05.csv,SE12,SE,D,D14,R05,12.00,1,10.78,1,1,1,1,1
SE12/D15_SE12_R01.csv,SE12,SE,D,D15,R01,12.00,0,,0,0,0,0,0
SE12/D15_SE12_R02.csv,SE12,SE,D,D15,R02,12.00,0,,0,0,0,0,0
SE12/D15_SE12_R03.csv,SE12,SE,D,D15,R03,12.00,0,,0,0,0,0,0
SE12/D15_SE12_R04.csv,SE12,SE,D,D15,R04,12.00,0,,0,0,0,0,0
SE12/D15_SE12_R05.csv,SE12,SE,D,D15,R05,12.00,0,,0,0,0,0,0
SE12/D16_SE12_R01.csv,SE12,SE,D,D16,R01,11.99,0,,0,0,0,0,0
SE12/D16_SE12_R02.csv,SE12,SE,D,D16,R02,12.00,0,,0,0,0,0,0
SE12/D16_SE12_R03.csv,SE12,SE,D,D16,R03,11.99,0,,0,0,0,0,0
SE12/D16_SE12_R04.csv,SE12,SE,D,D16,R04,12.00,0,,0,0,0,0,0
SE12/D16_SE12_R05.csv,SE12,SE,D,D16,R05,12.00,0,,0,0,0,0,0
SE12/D17_SE12_R01.csv,SE12,SE,D,D17,R01,25.00,0,,0,0,0,0,0
SE12/D17_SE12_R02.csv,SE12,SE,D,D17,R02,25.00,0,,0,0,0,0,0
SE12/D17_SE12_R03.csv,SE12,SE,D,D17,R03,24.98,0,,0,0,0,0,0
SE12/D17_SE12_R04.csv,SE12,SE,D,D17,R04,25.00,0,,0,0,0,0,0
SE12/D17_SE12_R05.csv,SE12,SE,D,D17,R05,25.00,0,,0,0,0,0,0
SE13/D01_SE13_R01.csv,SE13,SE,D,D01,R01,100.00,0,,0,0,0,0,0
SE13/D02_SE13_R01.csv,SE13,SE,D,D02,R01,100.00,0,,0,0,0,0,0
SE13/D03_SE13_R01.csv,SE13,SE,D,D03,R01,100.00,0,,1,1,1,0,0
SE13/D04_SE13_R01.csv,SE13,SE,D,D04,R01,100.00,0,,34,34,30,0,0
SE13/D05_SE13_R01.csv,SE13,SE,D,D05,R01,25.00,0,,0,0,0,0,0
SE13/D05_SE13_R02.csv,SE13,SE,D,D05,R02,25.00,0,,0,0,0,0,0
SE13/D05_SE13_R03.csv,SE13,SE,D,D05,R03,25.00,0,,0,0,0,0,0
SE13/D05_SE13_R04.csv,SE13,SE,D,D05,R04,25.00,0,,0,0,0,0,0
SE13/D05_SE13_R05.csv,SE13,SE,D,D05,R05,25.00,0,,0,0,0,0,0
SE13/D07_SE13_R01.csv,SE13,SE,D,D07,R01,11.99,0,,0,0,0,0,0
SE13/D07_SE13_R02.csv,SE13,SE,D,D07,R02,12.00,0,,0,0,0,0,0
SE13/D07_SE13_R03.csv,SE13,SE,D,D07,R03,12.00,0,,0,0,0,0,0
SE13/D07_SE13_R04.csv,SE13,SE,D,D07,R04,12.00,0,,0,0,0,0,0
SE13/D07_SE13_R05.csv,SE13,SE,D,D07,R05,12.00,0,,0,0,0,0,0
SE13/D08_SE13_R01.csv,SE13,SE,D,D08,R01,12.00,0,,0,0,0,0,0
SE13/D08_SE13_R02.csv,SE13,SE,D,D08,R02,12.00,0,,0,0,0,0,0
SE13/D08_SE13_R03.csv,SE13,SE,D,D08,R03,12.00,0,,0,0,0,0,0
SE13/D08_SE13_R04.csv,SE13,SE,D,D08,R04,12.00,0,,0,0,0,0,0
SE13/D08_SE13_R05.csv,SE13,SE,D,D08,R05,12.00,0,,0,0,0,0,0
SE13/D09_SE13_R01.csv,SE13,SE,D,D09,R01,12.00,0,,0,0,0,0,0
SE13/D09_SE13_R02.csv,SE13,SE,D,D09,R02,12.00,0,,0,0,0,0,0
SE13/D09_SE13_R03.csv,SE13,SE,D,D09,R03,12.00,0,,0,0,0,0,0
SE13/D09_SE13_R04.csv,SE13,SE,D,D09,R04,12.00,0,,0,0,0,0,0
SE13/D09_SE13_R05.csv,SE13,SE,D,D09,R05,12.00,0,,0,0,0,0,0
SE13/D10_SE13_R01.csv,SE13,SE,D,D10,R01,12.00,0,,0,0,0,0,0
SE13/D10_SE13_R02.csv,SE13,SE,D,D10,R02,12.00,0,,0,0,0,0,0
SE13/D10_SE13_R03.csv,SE13,SE,D,D10,R03,12.00,0,,0,0,0,0,0
SE13/D10_SE13_R04.csv,SE13,SE,D,D10,R04,12.00,0,,0,0,0,0,0
SE13/D10_SE13_R05.csv,SE13,SE,D,D10,R05,12.00,0,,0,0,0,0,0
SE13/D11_SE13_R01.csv,SE13,SE,D,D11,R01,11.99,0,,0,0,0,0,0
SE13/D11_SE13_R02.csv,SE13,SE,D,D11,R02,12.00,0,,0,0,0,0,0
SE13/D11_SE13_R03.csv,SE13,SE,D,D11,R03,12.00,0,,0,0,0,0,0
SE13/D11_SE13_R04.csv,SE13,SE,D,D11,R04,12.00,0,,0,0,0,0,0
SE13/D11_SE13_R05.csv,SE13,SE,D,D11,R05,12.00,0,,0,0,0,0,0
SE13/D12_SE13_R01.csv,SE13,SE,D,D12,R01,12.00,0,,0,0,0,0,0
SE13/D12_SE13_R02.csv,SE13,SE,D,D12,R02,12.00,0,,0,0,0,0,0
SE13/D12_SE13_R03.csv,SE13,SE,D,D12,R03,12.00,0,,0,0,0,0,0
SE13/D12_SE13_R04.csv,SE13,SE,D,D12,R04,12.00,0,,0,0,0,0,0
SE13/D12_SE13_R05.csv,SE13,SE,D,D12,R05,12.00,0,,0,0,0,0,0
SE13/D14_SE13_R01.csv,SE13,SE,D,D14,R01,12.00,0,,0,0,0,0,0
SE13/D14_SE13_R02.csv,SE13,SE,D,D14,R02,12.00,0,,0,0,0,0,0
SE13/D14_SE13_R03.csv,SE13,SE,D,D14,R03,12.00,0,,0,0,0,0,0
SE13/D14_SE13_R04.csv,SE13,SE,D,D14,R04,12.00,0,,0,0,0,0,0
SE13/D14_SE13_R05.csv,SE13,SE,D,D14,R05,12.00,0,,0,0,0,0,0
SE13/D15_SE13_R01.csv,SE13,SE,D,D15,R01,12.00,0,,0,0,0,0,0
SE13/D15_SE13_R02.csv,SE13,SE,D,D15,R02,12.00,0,,0,0,0,0,0
SE13/D15_SE13_R03.csv,SE13,SE,D,D15,R03,12.00,0,,0,0,0,0,0
SE13/D15_SE13_R04.csv,SE13,SE,D,D15,R04,12.00,0,,0,0,0,0,0
SE13/D15_SE13_R05.csv,SE13,SE,D,D15,R05,12.00,0,,0,0,0,0,0
SE13/D16_SE13_R01.csv,SE13,SE,D,D16,R01,11.99,0,,0,0,0,0,0
SE13/D16_SE13_R02.csv,SE13,SE,D,D16,R02,12.00,0,,0,0,0,0,0
SE13/D16_SE13_R03.csv,SE13,SE,D,D16,R03,12.00,0,,0,0,0,0,0
SE13/D16_SE13_R04.csv,SE13,SE,D,D16,R04,12.00,0,,0,0,0,0,0
SE13/D16_SE13_R05.csv,SE13,SE,D,D16,R05,12.00,0,,0,0,0,0,0
SE13/D17_SE13_R01.csv,SE13,SE,D,D17,R01,25.00,0,,0,0,0,0,0
SE13/D17_SE13_R02.csv,SE13,SE,D,D17,R02,25.00,0,,0,0,0,0,0
SE13/D17_SE13_R03.csv,SE13,SE,D,D17,R03,25.00,0,,0,0,0,0,0
SE13/D17_SE13_R04.csv,SE13,SE,D,D17,R04,25.00,0,,0,0,0,0,0
SE13/D17_SE13_R05.csv,SE13,SE,D,D17,R05,25.00,0,,0,0,0,0,0
SE14/D01_SE14_R01.csv,SE14,SE,D,D01,R01,100.00,0,,0,0,0,0,0
SE14/D02_SE14_R01.csv,SE14,SE,D,D02,R01,100.00,0,,0,0,0,0,0
SE14/D03_SE14_R01.csv,SE14,SE,D,D03,R01,99.95,0,,44,44,28,0,0
SE14/D04_SE14_R01.csv,SE14,SE,D,D04,R01,99.97,0,,115,115,6,0,0
SE14/D05_SE14_R01.csv,SE14,SE,D,D05,R01,25.00,0,,0,0,0,0,0
SE14/D05_SE14_R02.csv,SE14,SE,D,D05,R02,25.00,0,,0,0,0,0,0
SE14/D05_SE14_R03.csv,SE14,SE,D,D05,R03,25.00,0,,0,0,0,0,0
SE14/D05_SE14_R04.csv,SE14,SE,D,D05,R04,25.00,0,,0,0,0,0,0
SE14/D05_SE14_R05.csv,SE14,SE,D,D05,R05,25.00,0,,0,0,0,0,0
SE14/D07_SE14_R01.csv,SE14,SE,D,D07,R01,11.99,0,,0,0,0,0,0
SE14/D07_SE14_R02.csv,SE14,SE,D,D07,R02,12.00,0,,0,0,0,0,0
SE14/D07_SE14_R03.csv,SE14,SE,D,D07,R03,12.00,0,,0,0,0,0,0
SE14/D07_SE14_R05.csv,SE14,SE,D,D07,R05,12.00,0,,0,0,0,0,0
SE14/D07_SE14_R06.csv,SE14,SE,D,D07,R06,12.00,0,,0,0,0,0,0
SE14/D08_SE14_R01.csv,SE14,SE,D,D08,R01,12.00,0,,1,0,0,0,0
SE14/D08_SE14_R02.csv,SE14,SE,D,D08,R02,12.00,0,,0,0,0,0,0
SE14/D08_SE14_R03.csv,SE14,SE,D,D08,R03,12.00,0,,0,0,0,0,0
SE14/D08_SE14_R04.csv,SE14,SE,D,D08,R04,12.00,0,,1,1,1,0,0
SE14/D08_SE14_R05.csv,SE14,SE,D,D08,R05,12.00,0,,0,0,0,0,0
SE14/D09_SE14_R01.csv,SE14,SE,D,D09,R01,12.00,0,,1,0,0,0,0
SE14/D09_SE14_R02.csv,SE14,SE,D,D09,R02,12.00,0,,1,0,0,0,0
SE14/D09_SE14_R03.csv,SE14,SE,D,D09,R03,12.00,0,,0,0,0,0,0
SE14/D09_SE14_R04.csv,SE14,SE,D,D09,R04,12.00,0,,0,0,0,0,0
SE14/D09_SE14_R05.csv,SE14,SE,D,D09,R05,12.00,0,,0,0,0,0,0
SE14/D10_SE14_R01.csv,SE14,SE,D,D10,R01,12.00,0,,0,0,0,0,0
SE14/D10_SE14_R02.csv,SE14,SE,D,D10,R02,12.00,0,,1,0,0,0,0
SE14/D10_SE14_R03.csv,SE14,SE,D,D10,R03,12.00,0,,1,0,0,0,0
SE14/D10_SE14_R04.csv,SE14,SE,D,D10,R04,12.00,0,,0,0,0,0,0
SE14/D10_SE14_R05.csv,SE14,SE,D,D10,R05,12.00,0,,0,0,0,0,0
SE14/D11_SE14_R01.csv,SE14,SE,D,D11,R01,11.99,0,,1,1,1,0,0
SE14/D11_SE14_R02.csv,SE14,SE,D,D11,R02,12.00,0,,0,0,0,0,0
SE14/D11_SE14_R03.csv,SE14,SE,D,D11,R03,12.00,0,,0,0,0,0,0
SE14/D11_SE14_R04.csv,SE14,SE,D,D11,R04,12.00,0,,0,0,0,0,0
SE14/D11_SE14_R05.csv,SE14,SE,D,D11,R05,12.00,0,,1,1,1,0,0
SE14/D12_SE14_R01.csv,SE14,SE,D,D12,R01,12.00,0,,0,0,0,0,0
SE14/D12_SE14_R02.csv,SE14,SE,D,D12,R02,12.00,0,,0,0,0,0,0
SE14/D12_SE14_R03.csv,SE14,SE,D,D12,R03,12.00,0,,0,0,0,0,0
SE14/D12_SE14_R04.csv,SE14,SE,D,D12,R04,12.00,0,,0,0,0,0,0
SE14/D12_SE14_R05.csv,SE14,SE,D,D12,R05,12.00,0,,0,0,0,0,0
SE14/D14_SE14_R01.csv,SE14,SE,D,D14,R01,12.00,0,,0,0,0,0,0
SE14/D14_SE14_R02.csv,SE14,SE,D,D14,R02,12.00,0,,0,0,0,0,0
SE14/D14_SE14_R03.csv,SE14,SE,D,D14,R03,11.99,0,,0,0,0,0,0
SE14/D14_SE14_R04.csv,SE14,SE,D,D14,R04,12.00,0,,0,0,0,0,0
SE14/D14_SE14_R05.csv,SE14,SE,D,D14,R05,12.00,0,,0,0,0,0,0
SE14/D15_SE14_R01.csv,SE14,SE,D,D15,R01,12.00,0,,0,0,0,0,0
SE14/D15_SE14_R02.csv,SE14,SE,D,D15,R02,12.00,0,,0,0,0,0,0
SE14/D15_SE14_R03.csv,SE14,SE,D,D15,R03,12.00,0,,0,0,0,0,0
SE14/D15_SE14_R04.csv,SE14,SE,D,D15,R04,11.97,0,,0,0,0,0,0
SE14/D15_SE14_R05.csv,SE14,SE,D,D15,R05,12.00,0,,0,0,0,0,0
SE14/D16_SE14_R01.csv,SE14,SE,D,D16,R01,12.00,0,,0,0,0,0,0
SE14/D16_SE14_R02.csv,SE14,SE,D,D16,R02,12.00,0,,0,0,0,0,0
SE14/D16_SE14_R03.csv,SE14,SE,D,D16,R03,12.00,0,,0,0,0,0,0
SE14/D16_SE14_R04.csv,SE14,SE,D,D16,R04,12.00,0,,0,0,0,0,0
SE14/D16_SE14_R05.csv,SE14,SE,D,D16,R05,12.00,0,,0,0,0,0,0
SE14/D17_SE14_R01.csv,SE14,SE,D,D17,R01,25.00,0,,0,0,0,0,0
SE14/D17_SE14_R02.csv,SE14,SE,D,D17,R02,25.00,0,,0,0,0,0,0
SE14/D17_SE14_R03.csv,SE14,SE,D,D17,R03,25.00,0,,0,0,0,0,0
SE14/D17_SE14_R04.csv,SE14,SE,D,D17,R04,25.00,0,,0,0,0,0,0
SE14/D17_SE14_R05.csv,SE14,SE,D,D17,R05,25.00,0,,0,0,0,0,0
SE15/D01_SE15_R01.csv,SE15,SE,D,D01,R01,100.00,0,,0,0,0,0,0
SE15/D02_SE15_R01.csv,SE15,SE,D,D02,R01,100.00,0,,0,0,0,0,0
SE15/D03_SE15_R01.csv,SE15,SE,D,D03,R01,100.00,0,,0,0,0,0,0
SE15/D05_SE15_R01.csv,SE15,SE,D,D05,R01,25.00,0,,0,0,0,0,0
SE15/D05_SE15_R02.csv,SE15,SE,D,D05,R02,25.00,0,,0,0,0,0,0
SE15/D05_SE15_R03.csv,SE15,SE,D,D05,R03,25.00,0,,0,0,0,0,0
SE15/D05_SE15_R04.csv,SE15,SE,D,D05,R04,25.00,0,,0,0,0,0,0
SE15/D05_SE15_R05.csv,SE15,SE,D,D05,R05,25.00,0,,0,0,0,0,0
SE15/D07_SE15_R01.csv,SE15,SE,D,D07,R01,11.99,0,,0,0,0,0,0
SE15/D07_SE15_R02.csv,SE15,SE,D,D07,R02,12.00,0,,0,0,0,0,0
SE15/D07_SE15_R03.csv,SE15,SE,D,D07,R03,12.00,0,,0,0,0,0,0
SE15/D07_SE15_R04.csv,SE15,SE,D,D07,R04,12.00,0,,0,0,0,0,0
SE15/D07_SE15_R05.csv,SE15,SE,D,D07,R05,12.00,0,,0,0,0,0,0
SE15/D08_SE15_R01.csv,SE15,SE,D,D08,R01,12.00,0,,0,0,0,0,0
SE15/D08_SE15_R02.csv,SE15,SE,D,D08,R02,12.00,0,,0,0,0,0,0
SE15/D08_SE15_R03.csv,SE15,SE,D,D08,R03,12.00,0,,0,0,0,0,0
SE15/D08_SE15_R04.csv,SE15,SE,D,D08,R04,12.00,0,,0,0,0,0,0
SE15/D08_SE15_R05.csv,SE15,SE,D,D08,R05,12.00,0,,0,0,0,0,0
SE15/D09_SE15_R01.csv,SE15,SE,D,D09,R01,12.00,0,,0,0,0,0,0
SE15/D09_SE15_R02.csv,SE15,SE,D,D09,R02,12.00,0,,0,0,0,0,0
SE15/D09_SE15_R03.csv,SE15,SE,D,D09,R03,12.00,0,,0,0,0,0,0
SE15/D09_SE15_R04.csv,SE15,SE,D,D09,R04,12.00,0,,0,0,0,0,0
SE15/D09_SE15_R05.csv,SE15,SE,D,D09,R05,12.00,0,,0,0,0,0,0
SE15/D10_SE15_R01.csv,SE15,SE,D,D10,R01,12.00,0,,0,0,0,0,0
SE15/D10_SE15_R02.csv,SE15,SE,D,D10,R02,12.00,0,,0,0,0,0,0
SE15/D10_SE15_R03.csv,SE15,SE,D,D10,R03,12.00,0,,0,0,0,0,0
SE15/D10_SE15_R04.csv,SE15,SE,D,D10,R04,12.00,0,,0,0,0,0,0
SE15/D10_SE15_R05.csv,SE15,SE,D,D10,R05,12.00,0,,0,0,0,0,0
SE15/D11_SE15_R01.csv,SE15,SE,D,D11,R01,12.00,0,,1,1,1,0,0
SE15/D11_SE15_R02.csv,SE15,SE,D,D11,R02,12.00,0,,1,1,1,0,0
SE15/D11_SE15_R03.csv,SE15,SE,D,D11,R03,12.00,0,,1,1,1,0,0
SE15/D11_SE15_R04.csv,SE15,SE,D,D11,R04,12.00,0,,1,1,1,0,0
SE15/D11_SE15_R05.csv,SE15,SE,D,D11,R05,12.00,0,,1,1,1,0,0
SE15/D12_SE15_R01.csv,SE15,SE,D,D12,R01,11.99,0,,0,0,0,0,0
SE15/D12_SE15_R02.csv,SE15,SE,D,D12,R02,12.00,0,,0,0,0,0,0
SE15/D12_SE15_R03.csv,SE15,SE,D,D12,R03,12.00,0,,0,0,0,0,0
SE15/D12_SE15_R04.csv,SE15,SE,D,D12,R04,12.00,0,,0,0,0,0,0
SE15/D12_SE15_R05.csv,SE15,SE,D,D12,R05,12.00,0,,0,0,0,0,0
SE15/D14_SE15_R01.csv,SE15,SE,D,D14,R01,12.00,0,,0,0,0,0,0
SE15/D14_SE15_R02.csv,SE15,SE,D,D14,R02,12.00,0,,0,0,0,0,0
SE15/D14_SE15_R03.csv,SE15,SE,D,D14,R03,12.00,0,,0,0,0,0,0
SE15/D14_SE15_R04.csv,SE15,SE,D,D14,R04,12.00,0,,0,0,0,0,0
SE15/D14_SE15_R05.csv,SE15,SE,D,D14,R05,12.00,0,,0,0,0,0,0
SE15/D15_SE15_R01.csv,SE15,SE,D,D15,R01,12.00,0,,0,0,0,0,0
SE15/D15_SE15_R02.csv,SE15,SE,D,D15,R02,12.00,0,,0,0,0,0,0
SE15/D15_SE15_R03.csv,SE15,SE,D,D15,R03,12.00,0,,0,0,0,0,0
SE15/D15_SE15_R04.csv,SE15,SE,D,D15,R04,12.00,0,,0,0,0,0,0
SE15/D15_SE15_R05.csv,SE15,SE,D,D15,R05,12.00,0,,0,0,0,0,0
SE15/D16_SE15_R01.csv,SE15,SE,D,D16,R01,11.99,0,,0,0,0,0,0
SE15/D16_SE15_R02.csv,SE15,SE,D,D16,R02,12.00,0,,0,0,0,0,0
SE15/D16_SE15_R03.csv,SE15,SE,D,D16,R03,12.00,0,,0,0,0,0,0
SE15/D16_SE15_R04.csv,SE15,SE,D,D16,R04,12.00,0,,0,0,0,0,0
SE15/D16_SE15_R05.csv,SE15,SE,D,D16,R05,12.00,0,,0,0,0,0,0
SE15/D17_SE15_R01.csv,SE15,SE,D,D17,R01,25.00,0,,0,0,0,0,0
SE15/D17_SE15_R02.csv,SE15,SE,D,D17,R02,25.00,0,,0,0,0,0,0
SE15/D17_SE15_R03.csv,SE15,SE,D,D17,R03,25.00,0,,0,0,0,0,0
SE15/D17_SE15_R04.csv,SE15,SE,D,D17,R04,25.00,0,,0,0,0,0,0
SE15/D17_SE15_R05.csv,SE15,SE,D,D17,R05,25.00,0,,0,0,0,0,0
