file,subject,kind,activity,mova-legado,kangas-faithful,kangas-guardian,bourke3,pipto,pipto-streaming
SA01/D01_SA01_R01.csv,SA01,D,D01,0,0,0,0,0,0
SA01/D02_SA01_R01.csv,SA01,D,D02,0,0,0,0,0,0
SA01/D03_SA01_R01.csv,SA01,D,D03,1,0,0,0,0,1
SA01/D04_SA01_R01.csv,SA01,D,D04,1,0,0,0,0,1
SA01/D05_SA01_R01.csv,SA01,D,D05,0,0,0,0,0,0
SA01/D05_SA01_R02.csv,SA01,D,D05,0,0,0,0,0,0
SA01/D05_SA01_R03.csv,SA01,D,D05,0,0,0,0,0,0
SA01/D05_SA01_R04.csv,SA01,D,D05,0,0,0,0,0,0
SA01/D05_SA01_R05.csv,SA01,D,D05,0,0,0,0,0,0
SA01/D06_SA01_R01.csv,SA01,D,D06,1,0,1,0,0,1
SA01/D06_SA01_R02.csv,SA01,D,D06,1,0,0,0,0,1
SA01/D06_SA01_R03.csv,SA01,D,D06,1,0,0,0,0,1
SA01/D06_SA01_R04.csv,SA01,D,D06,1,0,0,0,1,1
SA01/D06_SA01_R05.csv,SA01,D,D06,1,0,1,0,0,1
SA01/D07_SA01_R01.csv,SA01,D,D07,0,0,0,0,0,0
SA01/D07_SA01_R02.csv,SA01,D,D07,0,0,0,0,0,0
SA01/D07_SA01_R03.csv,SA01,D,D07,0,0,0,0,0,0
SA01/D07_SA01_R04.csv,SA01,D,D07,0,0,0,0,0,0
SA01/D07_SA01_R05.csv,SA01,D,D07,0,0,0,0,0,0
SA01/D08_SA01_R01.csv,SA01,D,D08,1,0,0,0,1,1
SA01/D08_SA01_R02.csv,SA01,D,D08,0,0,0,0,1,1
SA01/D08_SA01_R03.csv,SA01,D,D08,0,0,0,0,0,0
SA01/D08_SA01_R04.csv,SA01,D,D08,1,0,0,0,1,1
SA01/D08_SA01_R05.csv,SA01,D,D08,0,0,0,0,0,0
SA01/D09_SA01_R01.csv,SA01,D,D09,0,0,1,0,0,0
SA01/D09_SA01_R02.csv,SA01,D,D09,0,0,0,0,0,0
SA01/D09_SA01_R03.csv,SA01,D,D09,0,0,0,0,0,0
SA01/D09_SA01_R04.csv,SA01,D,D09,0,0,0,0,0,0
SA01/D09_SA01_R05.csv,SA01,D,D09,0,0,0,0,0,0
SA01/D10_SA01_R01.csv,SA01,D,D10,0,0,0,0,1,1
SA01/D10_SA01_R02.csv,SA01,D,D10,0,0,0,0,1,1
SA01/D10_SA01_R03.csv,SA01,D,D10,0,0,1,0,1,1
SA01/D10_SA01_R04.csv,SA01,D,D10,0,0,0,0,1,1
SA01/D10_SA01_R05.csv,SA01,D,D10,0,0,0,0,1,1
SA01/D11_SA01_R01.csv,SA01,D,D11,1,0,1,0,1,1
SA01/D11_SA01_R02.csv,SA01,D,D11,0,0,1,0,1,1
SA01/D11_SA01_R03.csv,SA01,D,D11,1,0,0,0,1,1
SA01/D11_SA01_R04.csv,SA01,D,D11,0,0,0,0,0,0
SA01/D11_SA01_R05.csv,SA01,D,D11,1,0,1,0,0,0
SA01/D12_SA01_R01.csv,SA01,D,D12,0,0,0,0,0,0
SA01/D12_SA01_R02.csv,SA01,D,D12,0,0,0,0,0,0
SA01/D12_SA01_R03.csv,SA01,D,D12,0,0,0,0,0,0
SA01/D12_SA01_R04.csv,SA01,D,D12,0,0,0,0,0,0
SA01/D12_SA01_R05.csv,SA01,D,D12,0,0,0,0,0,0
SA01/D13_SA01_R01.csv,SA01,D,D13,0,0,0,0,0,0
SA01/D13_SA01_R02.csv,SA01,D,D13,0,0,0,0,0,0
SA01/D13_SA01_R03.csv,SA01,D,D13,0,0,0,0,0,0
SA01/D13_SA01_R04.csv,SA01,D,D13,0,0,0,0,0,0
SA01/D13_SA01_R05.csv,SA01,D,D13,0,0,0,0,0,0
SA01/D14_SA01_R01.csv,SA01,D,D14,0,0,0,0,0,0
SA01/D14_SA01_R02.csv,SA01,D,D14,0,0,0,0,0,0
SA01/D14_SA01_R03.csv,SA01,D,D14,0,0,0,0,0,0
SA01/D14_SA01_R04.csv,SA01,D,D14,0,0,0,0,0,0
SA01/D14_SA01_R05.csv,SA01,D,D14,0,0,0,0,0,0
SA01/D15_SA01_R01.csv,SA01,D,D15,0,0,0,0,0,0
SA01/D15_SA01_R02.csv,SA01,D,D15,0,0,0,0,0,0
SA01/D15_SA01_R03.csv,SA01,D,D15,0,0,0,0,0,0
SA01/D15_SA01_R04.csv,SA01,D,D15,0,0,0,0,0,0
SA01/D15_SA01_R05.csv,SA01,D,D15,0,0,0,0,0,0
SA01/D16_SA01_R01.csv,SA01,D,D16,0,0,0,0,0,0
SA01/D16_SA01_R02.csv,SA01,D,D16,0,0,0,0,0,0
SA01/D16_SA01_R03.csv,SA01,D,D16,0,0,0,0,0,0
SA01/D16_SA01_R04.csv,SA01,D,D16,0,0,0,0,0,0
SA01/D16_SA01_R05.csv,SA01,D,D16,0,0,0,0,0,0
SA01/D17_SA01_R01.csv,SA01,D,D17,0,0,0,0,0,0
SA01/D17_SA01_R02.csv,SA01,D,D17,0,0,0,0,0,0
SA01/D17_SA01_R03.csv,SA01,D,D17,0,0,0,0,0,0
SA01/D17_SA01_R04.csv,SA01,D,D17,0,0,0,0,0,0
SA01/D17_SA01_R05.csv,SA01,D,D17,0,0,0,0,0,0
SA01/D18_SA01_R01.csv,SA01,D,D18,0,0,0,0,1,1
SA01/D18_SA01_R02.csv,SA01,D,D18,1,0,0,0,0,0
SA01/D18_SA01_R03.csv,SA01,D,D18,1,0,1,0,1,1
SA01/D18_SA01_R04.csv,SA01,D,D18,1,0,0,0,1,1
SA01/D18_SA01_R05.csv,SA01,D,D18,1,0,0,0,1,1
SA01/D19_SA01_R01.csv,SA01,D,D19,1,0,0,0,1,1
SA01/D19_SA01_R02.csv,SA01,D,D19,1,0,0,0,1,1
SA01/D19_SA01_R03.csv,SA01,D,D19,1,0,0,0,0,0
SA01/D19_SA01_R04.csv,SA01,D,D19,1,0,1,0,0,0
SA01/D19_SA01_R05.csv,SA01,D,D19,1,0,0,0,0,0
SA01/F01_SA01_R01.csv,SA01,F,F01,1,1,0,0,1,1
SA01/F01_SA01_R02.csv,SA01,F,F01,1,1,0,0,1,1
SA01/F01_SA01_R03.csv,SA01,F,F01,1,1,0,0,1,1
SA01/F01_SA01_R04.csv,SA01,F,F01,1,1,1,1,1,1
SA01/F01_SA01_R05.csv,SA01,F,F01,1,1,1,0,1,1
SA01/F02_SA01_R01.csv,SA01,F,F02,1,1,0,0,1,1
SA01/F02_SA01_R02.csv,SA01,F,F02,1,1,0,0,1,1
SA01/F02_SA01_R03.csv,SA01,F,F02,0,1,1,0,1,1
SA01/F02_SA01_R04.csv,SA01,F,F02,1,1,0,1,1,1
SA01/F02_SA01_R05.csv,SA01,F,F02,1,0,0,0,1,1
SA01/F03_SA01_R01.csv,SA01,F,F03,1,1,1,0,1,1
SA01/F03_SA01_R02.csv,SA01,F,F03,1,1,1,1,1,1
SA01/F03_SA01_R03.csv,SA01,F,F03,0,1,0,0,1,1
SA01/F03_SA01_R04.csv,SA01,F,F03,1,1,0,0,0,0
SA01/F03_SA01_R05.csv,SA01,F,F03,1,1,1,0,1,1
SA01/F04_SA01_R01.csv,SA01,F,F04,1,1,1,1,1,1
SA01/F04_SA01_R02.csv,SA01,F,F04,1,1,0,1,1,1
SA01/F04_SA01_R03.csv,SA01,F,F04,1,1,0,1,1,1
SA01/F04_SA01_R04.csv,SA01,F,F04,1,1,0,1,1,1
SA01/F04_SA01_R05.csv,SA01,F,F04,1,1,1,1,1,1
SA01/F05_SA01_R01.csv,SA01,F,F05,1,1,0,0,0,1
SA01/F05_SA01_R02.csv,SA01,F,F05,1,1,0,0,0,0
SA01/F05_SA01_R03.csv,SA01,F,F05,1,1,1,1,0,0
SA01/F05_SA01_R04.csv,SA01,F,F05,1,1,0,0,0,0
SA01/F05_SA01_R05.csv,SA01,F,F05,1,1,1,1,1,1
SA01/F06_SA01_R01.csv,SA01,F,F06,0,1,0,0,1,1
SA01/F06_SA01_R02.csv,SA01,F,F06,1,1,0,1,1,1
SA01/F06_SA01_R03.csv,SA01,F,F06,1,1,1,1,1,1
SA01/F06_SA01_R04.csv,SA01,F,F06,1,1,1,1,1,1
SA01/F06_SA01_R05.csv,SA01,F,F06,1,1,0,1,1,1
SA01/F07_SA01_R01.csv,SA01,F,F07,0,0,0,0,0,0
SA01/F07_SA01_R02.csv,SA01,F,F07,0,1,0,0,0,0
SA01/F07_SA01_R03.csv,SA01,F,F07,0,1,0,0,0,0
SA01/F07_SA01_R04.csv,SA01,F,F07,1,1,0,0,0,0
SA01/F07_SA01_R05.csv,SA01,F,F07,0,1,1,0,0,0
SA01/F08_SA01_R01.csv,SA01,F,F08,1,1,0,1,1,1
SA01/F08_SA01_R02.csv,SA01,F,F08,1,1,1,0,1,1
SA01/F08_SA01_R03.csv,SA01,F,F08,1,1,0,0,1,1
SA01/F08_SA01_R04.csv,SA01,F,F08,0,1,0,0,1,1
SA01/F08_SA01_R05.csv,SA01,F,F08,0,1,0,0,0,0
SA01/F09_SA01_R01.csv,SA01,F,F09,0,0,0,0,0,0
SA01/F09_SA01_R02.csv,SA01,F,F09,0,1,0,0,0,0
SA01/F09_SA01_R03.csv,SA01,F,F09,0,1,0,0,0,0
SA01/F09_SA01_R04.csv,SA01,F,F09,0,1,0,0,0,0
SA01/F09_SA01_R05.csv,SA01,F,F09,1,0,0,0,0,0
SA01/F10_SA01_R01.csv,SA01,F,F10,0,0,0,0,0,0
SA01/F10_SA01_R02.csv,SA01,F,F10,1,0,0,0,0,0
SA01/F10_SA01_R03.csv,SA01,F,F10,1,1,0,1,1,1
SA01/F10_SA01_R04.csv,SA01,F,F10,0,0,0,0,0,0
SA01/F10_SA01_R05.csv,SA01,F,F10,0,0,0,0,0,0
SA01/F11_SA01_R01.csv,SA01,F,F11,0,1,0,0,0,0
SA01/F11_SA01_R02.csv,SA01,F,F11,0,0,0,0,0,0
SA01/F11_SA01_R03.csv,SA01,F,F11,0,0,0,0,0,0
SA01/F11_SA01_R04.csv,SA01,F,F11,0,1,0,0,0,0
SA01/F11_SA01_R05.csv,SA01,F,F11,1,1,0,0,0,0
SA01/F12_SA01_R01.csv,SA01,F,F12,0,1,0,0,0,0
SA01/F12_SA01_R02.csv,SA01,F,F12,1,1,0,0,0,0
SA01/F12_SA01_R03.csv,SA01,F,F12,0,1,0,1,1,1
SA01/F12_SA01_R04.csv,SA01,F,F12,0,1,0,1,1,1
SA01/F12_SA01_R05.csv,SA01,F,F12,0,0,0,0,0,0
SA01/F13_SA01_R01.csv,SA01,F,F13,0,1,0,0,1,1
SA01/F13_SA01_R02.csv,SA01,F,F13,0,0,0,0,0,0
SA01/F13_SA01_R03.csv,SA01,F,F13,1,1,0,0,0,0
SA01/F13_SA01_R04.csv,SA01,F,F13,0,1,0,0,0,0
SA01/F13_SA01_R05.csv,SA01,F,F13,1,0,0,0,0,0
SA01/F14_SA01_R01.csv,SA01,F,F14,1,1,1,0,1,1
SA01/F14_SA01_R02.csv,SA01,F,F14,0,1,0,1,1,1
SA01/F14_SA01_R03.csv,SA01,F,F14,0,1,0,1,1,1
SA01/F14_SA01_R04.csv,SA01,F,F14,1,1,1,1,1,1
SA01/F14_SA01_R05.csv,SA01,F,F14,1,1,0,1,1,1
SA01/F15_SA01_R01.csv,SA01,F,F15,1,0,0,0,0,0
SA01/F15_SA01_R02.csv,SA01,F,F15,1,0,0,0,1,1
SA01/F15_SA01_R03.csv,SA01,F,F15,0,1,1,0,1,1
SA01/F15_SA01_R04.csv,SA01,F,F15,1,1,0,1,1,1
SA01/F15_SA01_R05.csv,SA01,F,F15,1,1,1,1,1,1
SA02/D01_SA02_R01.csv,SA02,D,D01,0,0,0,0,0,0
SA02/D02_SA02_R01.csv,SA02,D,D02,0,0,0,0,0,0
SA02/D03_SA02_R01.csv,SA02,D,D03,1,0,0,0,0,1
SA02/D04_SA02_R01.csv,SA02,D,D04,1,0,0,0,0,1
SA02/D05_SA02_R01.csv,SA02,D,D05,0,0,0,0,0,0
SA02/D05_SA02_R02.csv,SA02,D,D05,0,0,0,0,0,0
SA02/D05_SA02_R03.csv,SA02,D,D05,0,0,0,0,0,0
SA02/D05_SA02_R04.csv,SA02,D,D05,0,0,0,0,0,0
SA02/D05_SA02_R05.csv,SA02,D,D05,0,0,0,0,0,0
SA02/D06_SA02_R01.csv,SA02,D,D06,1,0,0,0,0,1
SA02/D06_SA02_R02.csv,SA02,D,D06,1,0,1,0,1,1
SA02/D06_SA02_R03.csv,SA02,D,D06,1,0,0,0,0,0
SA02/D06_SA02_R04.csv,SA02,D,D06,1,0,0,0,0,1
SA02/D06_SA02_R05.csv,SA02,D,D06,1,0,0,0,1,1
SA02/D07_SA02_R01.csv,SA02,D,D07,0,0,0,0,0,0
SA02/D07_SA02_R02.csv,SA02,D,D07,0,0,0,0,0,0
SA02/D07_SA02_R03.csv,SA02,D,D07,0,0,0,0,0,0
SA02/D07_SA02_R04.csv,SA02,D,D07,0,0,0,0,0,0
SA02/D07_SA02_R05.csv,SA02,D,D07,0,0,0,0,0,0
SA02/D08_SA02_R01.csv,SA02,D,D08,0,0,0,0,0,0
SA02/D08_SA02_R02.csv,SA02,D,D08,0,0,1,0,0,0
SA02/D08_SA02_R03.csv,SA02,D,D08,0,0,0,0,0,0
SA02/D08_SA02_R04.csv,SA02,D,D08,1,0,1,0,0,0
SA02/D08_SA02_R05.csv,SA02,D,D08,1,0,0,0,1,1
SA02/D09_SA02_R01.csv,SA02,D,D09,0,0,0,0,0,0
SA02/D09_SA02_R02.csv,SA02,D,D09,0,0,0,0,0,0
SA02/D09_SA02_R03.csv,SA02,D,D09,0,0,0,0,0,0
SA02/D09_SA02_R04.csv,SA02,D,D09,0,0,0,0,0,0
SA02/D09_SA02_R05.csv,SA02,D,D09,0,0,0,0,0,0
SA02/D10_SA02_R01.csv,SA02,D,D10,0,0,0,0,0,0
SA02/D10_SA02_R02.csv,SA02,D,D10,0,0,0,0,0,0
SA02/D10_SA02_R03.csv,SA02,D,D10,0,0,0,0,0,0
SA02/D10_SA02_R04.csv,SA02,D,D10,0,0,0,0,0,0
SA02/D10_SA02_R05.csv,SA02,D,D10,0,0,0,0,0,0
SA02/D11_SA02_R01.csv,SA02,D,D11,1,0,0,0,1,1
SA02/D11_SA02_R02.csv,SA02,D,D11,0,0,1,0,1,1
SA02/D11_SA02_R03.csv,SA02,D,D11,0,0,0,0,1,1
SA02/D11_SA02_R04.csv,SA02,D,D11,1,0,0,0,1,1
SA02/D11_SA02_R05.csv,SA02,D,D11,0,0,0,0,1,1
SA02/D12_SA02_R01.csv,SA02,D,D12,0,0,0,0,0,0
SA02/D12_SA02_R02.csv,SA02,D,D12,0,0,0,0,0,0
SA02/D12_SA02_R03.csv,SA02,D,D12,0,0,0,0,0,0
SA02/D12_SA02_R04.csv,SA02,D,D12,0,0,0,0,0,0
SA02/D12_SA02_R05.csv,SA02,D,D12,0,0,0,0,0,0
SA02/D13_SA02_R01.csv,SA02,D,D13,0,0,0,0,0,0
SA02/D13_SA02_R02.csv,SA02,D,D13,0,0,0,0,0,0
SA02/D13_SA02_R03.csv,SA02,D,D13,0,0,0,0,0,0
SA02/D13_SA02_R04.csv,SA02,D,D13,0,0,0,0,0,0
SA02/D13_SA02_R05.csv,SA02,D,D13,0,0,0,0,0,0
SA02/D14_SA02_R01.csv,SA02,D,D14,0,0,0,0,0,0
SA02/D14_SA02_R02.csv,SA02,D,D14,0,0,0,0,0,0
SA02/D14_SA02_R03.csv,SA02,D,D14,0,0,0,0,0,0
SA02/D14_SA02_R04.csv,SA02,D,D14,0,0,0,0,0,0
SA02/D14_SA02_R05.csv,SA02,D,D14,0,0,0,0,0,0
SA02/D15_SA02_R01.csv,SA02,D,D15,0,0,0,0,0,0
SA02/D15_SA02_R02.csv,SA02,D,D15,0,0,0,0,0,0
SA02/D15_SA02_R03.csv,SA02,D,D15,0,0,0,0,0,0
SA02/D15_SA02_R04.csv,SA02,D,D15,0,0,0,0,0,0
SA02/D15_SA02_R05.csv,SA02,D,D15,0,0,0,0,0,0
SA02/D16_SA02_R01.csv,SA02,D,D16,0,0,0,0,0,0
SA02/D16_SA02_R02.csv,SA02,D,D16,0,0,0,0,0,0
SA02/D16_SA02_R03.csv,SA02,D,D16,0,0,0,0,0,0
SA02/D16_SA02_R04.csv,SA02,D,D16,0,0,0,0,0,0
SA02/D16_SA02_R05.csv,SA02,D,D16,0,0,0,0,0,0
SA02/D17_SA02_R01.csv,SA02,D,D17,0,0,0,0,0,0
SA02/D17_SA02_R02.csv,SA02,D,D17,0,0,0,0,0,0
SA02/D17_SA02_R03.csv,SA02,D,D17,0,0,0,0,0,0
SA02/D17_SA02_R04.csv,SA02,D,D17,0,0,0,0,0,0
SA02/D17_SA02_R05.csv,SA02,D,D17,0,0,0,0,0,0
SA02/D18_SA02_R01.csv,SA02,D,D18,1,0,0,0,1,1
SA02/D18_SA02_R02.csv,SA02,D,D18,0,0,0,0,0,0
SA02/D18_SA02_R03.csv,SA02,D,D18,1,0,0,0,1,1
SA02/D18_SA02_R04.csv,SA02,D,D18,1,0,0,0,0,0
SA02/D18_SA02_R05.csv,SA02,D,D18,1,0,0,0,0,0
SA02/D19_SA02_R01.csv,SA02,D,D19,1,0,0,0,0,0
SA02/D19_SA02_R02.csv,SA02,D,D19,1,0,0,0,0,0
SA02/D19_SA02_R03.csv,SA02,D,D19,1,0,0,0,1,1
SA02/D19_SA02_R04.csv,SA02,D,D19,1,0,0,0,1,1
SA02/D19_SA02_R05.csv,SA02,D,D19,1,0,0,0,1,1
SA02/F01_SA02_R01.csv,SA02,F,F01,1,1,0,1,1,1
SA02/F01_SA02_R02.csv,SA02,F,F01,1,1,0,0,1,1
SA02/F01_SA02_R03.csv,SA02,F,F01,1,1,0,0,1,1
SA02/F01_SA02_R04.csv,SA02,F,F01,1,1,0,0,1,1
SA02/F01_SA02_R05.csv,SA02,F,F01,1,1,1,0,1,1
SA02/F02_SA02_R01.csv,SA02,F,F02,1,1,1,1,1,1
SA02/F02_SA02_R02.csv,SA02,F,F02,0,1,0,0,0,0
SA02/F02_SA02_R03.csv,SA02,F,F02,1,1,0,1,1,1
SA02/F02_SA02_R04.csv,SA02,F,F02,1,1,1,1,0,0
SA02/F02_SA02_R05.csv,SA02,F,F02,1,1,0,1,1,1
SA02/F03_SA02_R01.csv,SA02,F,F03,1,1,0,0,1,1
SA02/F03_SA02_R02.csv,SA02,F,F03,1,1,1,0,1,1
SA02/F03_SA02_R03.csv,SA02,F,F03,1,1,1,0,1,1
SA02/F03_SA02_R04.csv,SA02,F,F03,0,1,1,0,1,1
SA02/F03_SA02_R05.csv,SA02,F,F03,1,1,0,0,1,1
SA02/F04_SA02_R01.csv,SA02,F,F04,1,1,1,0,1,1
SA02/F04_SA02_R02.csv,SA02,F,F04,1,1,0,0,0,0
SA02/F04_SA02_R03.csv,SA02,F,F04,1,1,0,0,1,1
SA02/F04_SA02_R04.csv,SA02,F,F04,1,1,0,0,1,1
SA02/F04_SA02_R05.csv,SA02,F,F04,1,1,0,0,1,1
SA02/F05_SA02_R01.csv,SA02,F,F05,1,1,0,1,0,1
SA02/F05_SA02_R02.csv,SA02,F,F05,1,1,0,0,0,0
SA02/F05_SA02_R03.csv,SA02,F,F05,1,1,0,0,1,1
SA02/F05_SA02_R04.csv,SA02,F,F05,1,1,0,1,0,1
SA02/F05_SA02_R05.csv,SA02,F,F05,1,1,0,0,0,0
SA02/F06_SA02_R01.csv,SA02,F,F06,1,1,0,1,1,1
SA02/F06_SA02_R02.csv,SA02,F,F06,1,1,1,0,1,1
SA02/F06_SA02_R03.csv,SA02,F,F06,0,1,1,0,1,1
SA02/F06_SA02_R04.csv,SA02,F,F06,1,1,0,1,1,1
SA02/F06_SA02_R05.csv,SA02,F,F06,0,1,1,0,1,1
SA02/F07_SA02_R01.csv,SA02,F,F07,0,1,0,1,1,1
SA02/F07_SA02_R02.csv,SA02,F,F07,0,1,1,0,1,1
SA02/F07_SA02_R03.csv,SA02,F,F07,0,1,1,1,1,1
SA02/F07_SA02_R04.csv,SA02,F,F07,1,1,1,1,1,1
SA02/F07_SA02_R05.csv,SA02,F,F07,1,1,0,1,1,1
SA02/F08_SA02_R01.csv,SA02,F,F08,0,1,0,1,1,1
SA02/F08_SA02_R02.csv,SA02,F,F08,0,1,0,1,1,1
SA02/F08_SA02_R03.csv,SA02,F,F08,0,1,0,1,0,0
SA02/F08_SA02_R04.csv,SA02,F,F08,1,1,0,1,1,1
SA02/F08_SA02_R05.csv,SA02,F,F08,1,1,0,1,0,0
SA02/F09_SA02_R01.csv,SA02,F,F09,0,1,1,1,0,0
SA02/F09_SA02_R02.csv,SA02,F,F09,1,1,0,1,1,1
SA02/F09_SA02_R03.csv,SA02,F,F09,0,1,0,0,1,1
SA02/F09_SA02_R04.csv,SA02,F,F09,0,1,0,1,1,1
SA02/F09_SA02_R05.csv,SA02,F,F09,1,1,0,1,1,1
SA02/F10_SA02_R01.csv,SA02,F,F10,1,1,0,1,1,1
SA02/F10_SA02_R02.csv,SA02,F,F10,0,1,0,1,0,0
SA02/F10_SA02_R03.csv,SA02,F,F10,1,1,0,0,0,0
SA02/F10_SA02_R04.csv,SA02,F,F10,1,1,1,0,1,1
SA02/F10_SA02_R05.csv,SA02,F,F10,0,1,0,1,1,1
SA02/F11_SA02_R01.csv,SA02,F,F11,1,1,0,0,1,1
SA02/F11_SA02_R02.csv,SA02,F,F11,0,1,0,1,1,1
SA02/F11_SA02_R03.csv,SA02,F,F11,1,1,0,1,1,1
SA02/F11_SA02_R04.csv,SA02,F,F11,0,1,0,1,1,1
SA02/F11_SA02_R05.csv,SA02,F,F11,0,1,0,0,1,1
SA02/F12_SA02_R01.csv,SA02,F,F12,0,1,1,1,1,1
SA02/F12_SA02_R02.csv,SA02,F,F12,1,0,0,1,1,1
SA02/F12_SA02_R03.csv,SA02,F,F12,1,1,0,1,1,1
SA02/F12_SA02_R04.csv,SA02,F,F12,0,1,0,1,1,1
SA02/F12_SA02_R05.csv,SA02,F,F12,1,1,1,1,1,1
SA02/F13_SA02_R01.csv,SA02,F,F13,0,1,1,0,0,0
SA02/F13_SA02_R02.csv,SA02,F,F13,1,1,0,1,0,0
SA02/F13_SA02_R03.csv,SA02,F,F13,1,1,0,1,0,0
SA02/F13_SA02_R04.csv,SA02,F,F13,1,1,0,1,1,1
SA02/F13_SA02_R05.csv,SA02,F,F13,0,1,0,0,0,0
SA02/F14_SA02_R01.csv,SA02,F,F14,1,1,1,0,1,1
SA02/F14_SA02_R02.csv,SA02,F,F14,1,0,0,1,1,1
SA02/F14_SA02_R03.csv,SA02,F,F14,0,1,0,1,1,1
SA02/F14_SA02_R04.csv,SA02,F,F14,1,1,0,1,1,1
SA02/F14_SA02_R05.csv,SA02,F,F14,1,1,1,1,1,1
SA02/F15_SA02_R01.csv,SA02,F,F15,1,1,1,0,1,1
SA02/F15_SA02_R02.csv,SA02,F,F15,1,0,0,0,1,1
SA02/F15_SA02_R03.csv,SA02,F,F15,0,1,0,1,1,1
SA02/F15_SA02_R04.csv,SA02,F,F15,0,1,0,0,1,1
SA02/F15_SA02_R05.csv,SA02,F,F15,1,1,0,0,1,1
SA03/D01_SA03_R01.csv,SA03,D,D01,0,0,0,0,0,0
SA03/D02_SA03_R01.csv,SA03,D,D02,0,0,0,0,0,0
SA03/D03_SA03_R01.csv,SA03,D,D03,1,0,0,0,0,1
SA03/D04_SA03_R01.csv,SA03,D,D04,1,0,0,0,0,1
SA03/D05_SA03_R01.csv,SA03,D,D05,0,0,0,0,0,0
SA03/D05_SA03_R02.csv,SA03,D,D05,0,0,0,0,0,0
SA03/D05_SA03_R03.csv,SA03,D,D05,0,0,0,0,0,0
SA03/D05_SA03_R04.csv,SA03,D,D05,0,0,0,0,0,0
SA03/D05_SA03_R05.csv,SA03,D,D05,0,0,0,0,0,0
SA03/D06_SA03_R01.csv,SA03,D,D06,1,0,1,0,0,1
SA03/D06_SA03_R02.csv,SA03,D,D06,1,0,1,0,0,1
SA03/D06_SA03_R03.csv,SA03,D,D06,1,0,0,0,0,1
SA03/D06_SA03_R04.csv,SA03,D,D06,1,0,1,0,0,1
SA03/D06_SA03_R05.csv,SA03,D,D06,1,0,0,0,0,1
SA03/D07_SA03_R01.csv,SA03,D,D07,0,0,0,0,0,0
SA03/D07_SA03_R02.csv,SA03,D,D07,0,0,0,0,0,0
SA03/D07_SA03_R03.csv,SA03,D,D07,0,0,0,0,0,0
SA03/D07_SA03_R04.csv,SA03,D,D07,0,0,0,0,0,0
SA03/D07_SA03_R05.csv,SA03,D,D07,0,0,0,0,0,0
SA03/D08_SA03_R01.csv,SA03,D,D08,0,0,0,0,1,1
SA03/D08_SA03_R02.csv,SA03,D,D08,1,0,0,0,0,0
SA03/D08_SA03_R03.csv,SA03,D,D08,0,0,0,0,0,0
SA03/D08_SA03_R04.csv,SA03,D,D08,0,0,1,0,0,0
SA03/D08_SA03_R05.csv,SA03,D,D08,0,0,0,0,0,0
SA03/D09_SA03_R01.csv,SA03,D,D09,0,0,0,0,0,0
SA03/D09_SA03_R02.csv,SA03,D,D09,0,0,0,0,0,0
SA03/D09_SA03_R03.csv,SA03,D,D09,0,0,0,0,0,0
SA03/D09_SA03_R04.csv,SA03,D,D09,0,0,0,0,0,0
SA03/D09_SA03_R05.csv,SA03,D,D09,0,0,0,0,0,0
SA03/D10_SA03_R01.csv,SA03,D,D10,0,0,0,0,0,0
SA03/D10_SA03_R02.csv,SA03,D,D10,0,0,0,0,0,0
SA03/D10_SA03_R03.csv,SA03,D,D10,0,0,0,0,0,0
SA03/D10_SA03_R04.csv,SA03,D,D10,0,0,0,0,0,0
SA03/D10_SA03_R05.csv,SA03,D,D10,0,0,0,0,0,0
SA03/D11_SA03_R01.csv,SA03,D,D11,1,0,0,0,0,0
SA03/D11_SA03_R02.csv,SA03,D,D11,0,0,0,0,0,0
SA03/D11_SA03_R03.csv,SA03,D,D11,0,0,0,0,0,0
SA03/D11_SA03_R04.csv,SA03,D,D11,0,0,0,0,0,0
SA03/D11_SA03_R05.csv,SA03,D,D11,0,0,0,0,0,0
SA03/D12_SA03_R01.csv,SA03,D,D12,0,0,0,0,0,0
SA03/D12_SA03_R02.csv,SA03,D,D12,0,0,0,0,0,0
SA03/D12_SA03_R03.csv,SA03,D,D12,0,0,0,0,0,0
SA03/D12_SA03_R04.csv,SA03,D,D12,0,0,0,0,0,0
SA03/D12_SA03_R05.csv,SA03,D,D12,0,0,0,0,0,0
SA03/D13_SA03_R01.csv,SA03,D,D13,0,1,0,0,0,0
SA03/D13_SA03_R02.csv,SA03,D,D13,0,1,0,0,0,0
SA03/D13_SA03_R03.csv,SA03,D,D13,0,1,0,0,0,0
SA03/D13_SA03_R04.csv,SA03,D,D13,0,1,0,0,0,0
SA03/D13_SA03_R05.csv,SA03,D,D13,0,1,0,0,0,0
SA03/D14_SA03_R01.csv,SA03,D,D14,0,0,0,0,0,0
SA03/D14_SA03_R02.csv,SA03,D,D14,0,0,0,0,0,0
SA03/D14_SA03_R03.csv,SA03,D,D14,0,0,0,0,0,0
SA03/D14_SA03_R04.csv,SA03,D,D14,0,1,0,0,0,0
SA03/D14_SA03_R05.csv,SA03,D,D14,0,0,0,0,0,0
SA03/D15_SA03_R01.csv,SA03,D,D15,0,0,0,0,0,0
SA03/D15_SA03_R02.csv,SA03,D,D15,0,0,0,0,0,0
SA03/D15_SA03_R03.csv,SA03,D,D15,0,0,0,0,0,0
SA03/D15_SA03_R04.csv,SA03,D,D15,0,0,0,0,0,0
SA03/D15_SA03_R05.csv,SA03,D,D15,0,0,0,0,0,0
SA03/D16_SA03_R01.csv,SA03,D,D16,0,0,0,0,0,0
SA03/D16_SA03_R02.csv,SA03,D,D16,0,0,0,0,0,0
SA03/D16_SA03_R03.csv,SA03,D,D16,0,0,0,0,0,0
SA03/D16_SA03_R04.csv,SA03,D,D16,0,0,0,0,0,0
SA03/D16_SA03_R05.csv,SA03,D,D16,0,0,0,0,0,0
SA03/D17_SA03_R01.csv,SA03,D,D17,0,0,0,0,0,0
SA03/D17_SA03_R02.csv,SA03,D,D17,0,0,0,0,0,0
SA03/D17_SA03_R03.csv,SA03,D,D17,0,0,0,0,0,0
SA03/D17_SA03_R04.csv,SA03,D,D17,0,0,0,0,0,0
SA03/D17_SA03_R05.csv,SA03,D,D17,0,0,0,0,0,0
SA03/D18_SA03_R01.csv,SA03,D,D18,1,0,0,0,1,1
SA03/D18_SA03_R02.csv,SA03,D,D18,0,0,0,0,1,1
SA03/D18_SA03_R03.csv,SA03,D,D18,1,0,0,0,1,1
SA03/D18_SA03_R04.csv,SA03,D,D18,1,0,1,0,1,1
SA03/D18_SA03_R05.csv,SA03,D,D18,1,0,0,0,1,1
SA03/D19_SA03_R01.csv,SA03,D,D19,1,0,1,0,1,1
SA03/D19_SA03_R02.csv,SA03,D,D19,1,0,1,0,1,1
SA03/D19_SA03_R03.csv,SA03,D,D19,1,0,1,0,1,1
SA03/D19_SA03_R04.csv,SA03,D,D19,1,0,0,0,0,0
SA03/D19_SA03_R05.csv,SA03,D,D19,1,0,0,0,1,1
SA03/F01_SA03_R01.csv,SA03,F,F01,1,1,0,0,1,1
SA03/F01_SA03_R02.csv,SA03,F,F01,1,1,0,0,1,1
SA03/F01_SA03_R03.csv,SA03,F,F01,1,0,0,0,0,0
SA03/F01_SA03_R04.csv,SA03,F,F01,1,1,0,0,1,1
SA03/F01_SA03_R05.csv,SA03,F,F01,1,1,0,0,1,1
SA03/F02_SA03_R01.csv,SA03,F,F02,1,1,1,0,1,1
SA03/F02_SA03_R02.csv,SA03,F,F02,0,1,0,1,1,1
SA03/F02_SA03_R03.csv,SA03,F,F02,1,1,0,0,1,1
SA03/F02_SA03_R04.csv,SA03,F,F02,0,1,0,0,1,1
SA03/F02_SA03_R05.csv,SA03,F,F02,1,1,0,0,1,1
SA03/F03_SA03_R01.csv,SA03,F,F03,0,1,1,1,1,1
SA03/F03_SA03_R02.csv,SA03,F,F03,0,1,0,0,1,1
SA03/F03_SA03_R03.csv,SA03,F,F03,1,1,1,1,1,1
SA03/F03_SA03_R04.csv,SA03,F,F03,0,1,0,0,1,1
SA03/F03_SA03_R05.csv,SA03,F,F03,0,1,0,0,1,1
SA03/F04_SA03_R01.csv,SA03,F,F04,1,1,0,1,1,1
SA03/F04_SA03_R02.csv,SA03,F,F04,0,1,0,0,1,1
SA03/F04_SA03_R03.csv,SA03,F,F04,1,1,0,1,1,1
SA03/F04_SA03_R04.csv,SA03,F,F04,1,1,1,0,1,1
SA03/F04_SA03_R05.csv,SA03,F,F04,1,1,0,1,1,1
SA03/F05_SA03_R01.csv,SA03,F,F05,1,1,0,0,1,1
SA03/F05_SA03_R02.csv,SA03,F,F05,1,1,1,0,1,1
SA03/F05_SA03_R03.csv,SA03,F,F05,1,1,0,0,0,0
SA03/F05_SA03_R04.csv,SA03,F,F05,1,1,0,0,1,1
SA03/F05_SA03_R05.csv,SA03,F,F05,1,1,0,0,1,1
SA03/F06_SA03_R01.csv,SA03,F,F06,1,1,0,1,0,0
SA03/F06_SA03_R02.csv,SA03,F,F06,1,1,1,1,1,1
SA03/F06_SA03_R03.csv,SA03,F,F06,1,0,0,0,0,0
SA03/F06_SA03_R04.csv,SA03,F,F06,1,1,0,1,1,1
SA03/F06_SA03_R05.csv,SA03,F,F06,1,1,0,1,1,1
SA03/F07_SA03_R01.csv,SA03,F,F07,1,0,0,1,1,1
SA03/F07_SA03_R02.csv,SA03,F,F07,1,1,0,1,1,1
SA03/F07_SA03_R03.csv,SA03,F,F07,1,1,1,0,0,0
SA03/F07_SA03_R04.csv,SA03,F,F07,0,0,0,0,0,0
SA03/F07_SA03_R05.csv,SA03,F,F07,0,0,0,0,0,0
SA03/F08_SA03_R01.csv,SA03,F,F08,1,1,1,0,1,1
SA03/F08_SA03_R02.csv,SA03,F,F08,0,1,0,0,1,1
SA03/F08_SA03_R03.csv,SA03,F,F08,1,1,0,0,1,1
SA03/F08_SA03_R04.csv,SA03,F,F08,1,1,0,0,1,1
SA03/F08_SA03_R05.csv,SA03,F,F08,1,1,1,0,1,1
SA03/F09_SA03_R01.csv,SA03,F,F09,1,1,0,1,1,1
SA03/F09_SA03_R02.csv,SA03,F,F09,1,1,0,1,1,1
SA03/F09_SA03_R03.csv,SA03,F,F09,1,1,0,1,1,1
SA03/F09_SA03_R04.csv,SA03,F,F09,1,1,1,1,1,1
SA03/F09_SA03_R05.csv,SA03,F,F09,1,1,0,1,1,1
SA03/F10_SA03_R01.csv,SA03,F,F10,1,1,0,1,1,1
SA03/F10_SA03_R02.csv,SA03,F,F10,0,1,1,0,1,1
SA03/F10_SA03_R03.csv,SA03,F,F10,0,1,0,1,1,1
SA03/F10_SA03_R04.csv,SA03,F,F10,0,1,0,1,1,1
SA03/F10_SA03_R05.csv,SA03,F,F10,1,1,0,0,1,1
SA03/F11_SA03_R01.csv,SA03,F,F11,1,1,0,1,1,1
SA03/F11_SA03_R02.csv,SA03,F,F11,1,1,0,1,1,1
SA03/F11_SA03_R03.csv,SA03,F,F11,1,1,0,1,1,1
SA03/F11_SA03_R04.csv,SA03,F,F11,1,1,0,1,1,1
SA03/F11_SA03_R05.csv,SA03,F,F11,0,1,1,1,1,1
SA03/F12_SA03_R01.csv,SA03,F,F12,1,1,0,1,1,1
SA03/F12_SA03_R02.csv,SA03,F,F12,1,1,1,1,1,1
SA03/F12_SA03_R03.csv,SA03,F,F12,1,1,0,1,1,1
SA03/F12_SA03_R04.csv,SA03,F,F12,1,1,1,0,1,1
SA03/F12_SA03_R05.csv,SA03,F,F12,0,1,0,1,1,1
SA03/F13_SA03_R01.csv,SA03,F,F13,0,0,0,0,0,0
SA03/F13_SA03_R02.csv,SA03,F,F13,0,1,1,0,1,1
SA03/F13_SA03_R03.csv,SA03,F,F13,0,1,1,0,0,0
SA03/F13_SA03_R04.csv,SA03,F,F13,1,1,1,1,1,1
SA03/F13_SA03_R05.csv,SA03,F,F13,1,1,0,1,1,1
SA03/F14_SA03_R01.csv,SA03,F,F14,0,1,0,0,0,0
SA03/F14_SA03_R02.csv,SA03,F,F14,1,1,1,1,1,1
SA03/F14_SA03_R03.csv,SA03,F,F14,0,0,0,0,0,0
SA03/F14_SA03_R04.csv,SA03,F,F14,1,1,0,0,1,1
SA03/F14_SA03_R05.csv,SA03,F,F14,0,1,1,1,1,1
SA03/F15_SA03_R01.csv,SA03,F,F15,1,1,0,1,1,1
SA03/F15_SA03_R02.csv,SA03,F,F15,0,1,0,0,1,1
SA03/F15_SA03_R03.csv,SA03,F,F15,0,1,0,0,0,0
SA03/F15_SA03_R04.csv,SA03,F,F15,1,1,0,1,1,1
SA03/F15_SA03_R05.csv,SA03,F,F15,0,0,0,1,1,1
SA04/D01_SA04_R01.csv,SA04,D,D01,0,0,0,0,0,0
SA04/D02_SA04_R01.csv,SA04,D,D02,0,0,0,0,0,0
SA04/D03_SA04_R01.csv,SA04,D,D03,1,0,0,0,0,1
SA04/D04_SA04_R01.csv,SA04,D,D04,1,0,0,0,0,1
SA04/D05_SA04_R01.csv,SA04,D,D05,0,0,0,0,0,0
SA04/D05_SA04_R02.csv,SA04,D,D05,0,0,0,0,0,0
SA04/D05_SA04_R03.csv,SA04,D,D05,0,0,0,0,0,0
SA04/D05_SA04_R04.csv,SA04,D,D05,0,0,0,0,0,0
SA04/D05_SA04_R05.csv,SA04,D,D05,0,0,0,0,0,0
SA04/D06_SA04_R01.csv,SA04,D,D06,1,0,0,0,1,1
SA04/D06_SA04_R02.csv,SA04,D,D06,1,0,0,0,0,1
SA04/D06_SA04_R03.csv,SA04,D,D06,1,0,0,0,0,1
SA04/D06_SA04_R04.csv,SA04,D,D06,1,0,1,0,0,1
SA04/D06_SA04_R05.csv,SA04,D,D06,1,0,0,0,0,1
SA04/D07_SA04_R01.csv,SA04,D,D07,0,0,0,0,0,0
SA04/D07_SA04_R02.csv,SA04,D,D07,0,0,0,0,0,0
SA04/D07_SA04_R03.csv,SA04,D,D07,0,0,0,0,0,0
SA04/D07_SA04_R04.csv,SA04,D,D07,0,0,0,0,0,0
SA04/D07_SA04_R05.csv,SA04,D,D07,0,0,0,0,0,0
SA04/D08_SA04_R01.csv,SA04,D,D08,0,0,0,0,0,0
SA04/D08_SA04_R02.csv,SA04,D,D08,0,0,0,0,0,0
SA04/D08_SA04_R03.csv,SA04,D,D08,0,0,1,0,0,0
SA04/D08_SA04_R04.csv,SA04,D,D08,0,0,0,0,0,0
SA04/D08_SA04_R05.csv,SA04,D,D08,0,0,0,0,0,0
SA04/D09_SA04_R01.csv,SA04,D,D09,0,0,0,0,0,0
SA04/D09_SA04_R02.csv,SA04,D,D09,0,0,0,0,0,0
SA04/D09_SA04_R03.csv,SA04,D,D09,0,0,0,0,0,0
SA04/D09_SA04_R04.csv,SA04,D,D09,0,0,0,0,0,0
SA04/D09_SA04_R05.csv,SA04,D,D09,0,0,0,0,0,0
SA04/D10_SA04_R01.csv,SA04,D,D10,0,0,0,0,0,0
SA04/D10_SA04_R02.csv,SA04,D,D10,1,0,1,0,0,0
SA04/D10_SA04_R03.csv,SA04,D,D10,1,0,0,0,1,1
SA04/D10_SA04_R04.csv,SA04,D,D10,1,0,0,0,1,1
SA04/D10_SA04_R05.csv,SA04,D,D10,0,0,0,0,0,0
SA04/D11_SA04_R01.csv,SA04,D,D11,0,0,0,0,1,1
SA04/D11_SA04_R02.csv,SA04,D,D11,0,0,0,0,1,1
SA04/D11_SA04_R03.csv,SA04,D,D11,0,0,0,0,1,1
SA04/D11_SA04_R04.csv,SA04,D,D11,0,0,0,0,1,1
SA04/D11_SA04_R05.csv,SA04,D,D11,0,0,1,0,1,1
SA04/D12_SA04_R01.csv,SA04,D,D12,0,0,0,0,0,0
SA04/D12_SA04_R02.csv,SA04,D,D12,0,0,0,0,0,0
SA04/D12_SA04_R03.csv,SA04,D,D12,0,0,0,0,0,0
SA04/D12_SA04_R04.csv,SA04,D,D12,0,0,0,0,0,0
SA04/D12_SA04_R05.csv,SA04,D,D12,0,0,0,0,0,0
SA04/D13_SA04_R01.csv,SA04,D,D13,0,0,0,0,0,0
SA04/D13_SA04_R02.csv,SA04,D,D13,0,0,0,0,0,0
SA04/D13_SA04_R03.csv,SA04,D,D13,0,0,0,0,0,0
SA04/D13_SA04_R04.csv,SA04,D,D13,0,0,0,0,0,0
SA04/D13_SA04_R05.csv,SA04,D,D13,0,0,0,0,0,0
SA04/D14_SA04_R01.csv,SA04,D,D14,0,0,0,0,0,0
SA04/D14_SA04_R02.csv,SA04,D,D14,0,0,0,0,0,0
SA04/D14_SA04_R03.csv,SA04,D,D14,0,0,0,0,0,0
SA04/D14_SA04_R04.csv,SA04,D,D14,0,1,0,0,0,0
SA04/D14_SA04_R05.csv,SA04,D,D14,0,0,0,0,0,0
SA04/D15_SA04_R01.csv,SA04,D,D15,0,0,0,0,0,0
SA04/D15_SA04_R02.csv,SA04,D,D15,0,0,0,0,0,0
SA04/D15_SA04_R03.csv,SA04,D,D15,0,0,0,0,0,0
SA04/D15_SA04_R04.csv,SA04,D,D15,0,0,0,0,0,0
SA04/D15_SA04_R05.csv,SA04,D,D15,0,0,0,0,0,0
SA04/D16_SA04_R01.csv,SA04,D,D16,0,0,0,0,0,0
SA04/D16_SA04_R02.csv,SA04,D,D16,0,0,0,0,0,0
SA04/D16_SA04_R03.csv,SA04,D,D16,0,0,0,0,0,0
SA04/D16_SA04_R04.csv,SA04,D,D16,0,0,0,0,0,0
SA04/D16_SA04_R05.csv,SA04,D,D16,0,0,0,0,0,0
SA04/D17_SA04_R01.csv,SA04,D,D17,0,0,0,0,0,0
SA04/D17_SA04_R02.csv,SA04,D,D17,0,0,0,0,0,0
SA04/D17_SA04_R03.csv,SA04,D,D17,0,0,0,0,0,0
SA04/D17_SA04_R04.csv,SA04,D,D17,0,0,0,0,0,0
SA04/D17_SA04_R05.csv,SA04,D,D17,0,0,0,0,0,0
SA04/D18_SA04_R01.csv,SA04,D,D18,1,0,1,0,0,0
SA04/D18_SA04_R02.csv,SA04,D,D18,0,0,0,0,1,1
SA04/D18_SA04_R03.csv,SA04,D,D18,1,0,1,0,0,0
SA04/D18_SA04_R04.csv,SA04,D,D18,1,0,0,0,1,1
SA04/D18_SA04_R05.csv,SA04,D,D18,1,0,0,0,0,0
SA04/D19_SA04_R01.csv,SA04,D,D19,1,0,1,0,1,1
SA04/D19_SA04_R02.csv,SA04,D,D19,1,0,0,0,1,1
SA04/D19_SA04_R03.csv,SA04,D,D19,1,0,0,0,1,1
SA04/D19_SA04_R04.csv,SA04,D,D19,1,0,0,0,1,1
SA04/D19_SA04_R05.csv,SA04,D,D19,1,0,0,0,0,1
SA04/F01_SA04_R01.csv,SA04,F,F01,1,1,1,0,1,1
SA04/F01_SA04_R02.csv,SA04,F,F01,1,1,0,1,1,1
SA04/F01_SA04_R03.csv,SA04,F,F01,1,1,1,1,1,1
SA04/F01_SA04_R04.csv,SA04,F,F01,1,1,0,1,1,1
SA04/F01_SA04_R05.csv,SA04,F,F01,1,1,0,1,1,1
SA04/F02_SA04_R01.csv,SA04,F,F02,1,1,1,0,1,1
SA04/F02_SA04_R02.csv,SA04,F,F02,1,1,0,0,1,1
SA04/F02_SA04_R03.csv,SA04,F,F02,1,1,1,0,1,1
SA04/F02_SA04_R04.csv,SA04,F,F02,1,1,1,1,1,1
SA04/F02_SA04_R05.csv,SA04,F,F02,1,1,0,0,1,1
SA04/F03_SA04_R01.csv,SA04,F,F03,1,1,0,0,1,1
SA04/F03_SA04_R02.csv,SA04,F,F03,1,1,1,1,1,1
SA04/F03_SA04_R03.csv,SA04,F,F03,0,1,0,1,1,1
SA04/F03_SA04_R04.csv,SA04,F,F03,1,1,1,1,1,1
SA04/F03_SA04_R05.csv,SA04,F,F03,1,1,0,1,1,1
SA04/F04_SA04_R01.csv,SA04,F,F04,1,1,1,0,1,1
SA04/F04_SA04_R02.csv,SA04,F,F04,1,1,1,1,1,1
SA04/F04_SA04_R03.csv,SA04,F,F04,1,1,0,0,1,1
SA04/F04_SA04_R04.csv,SA04,F,F04,1,1,1,0,1,1
SA04/F04_SA04_R05.csv,SA04,F,F04,1,1,0,1,1,1
SA04/F05_SA04_R01.csv,SA04,F,F05,1,1,1,0,1,1
SA04/F05_SA04_R02.csv,SA04,F,F05,1,1,1,1,0,1
SA04/F05_SA04_R03.csv,SA04,F,F05,1,1,0,1,1,1
SA04/F05_SA04_R04.csv,SA04,F,F05,1,1,0,1,1,1
SA04/F05_SA04_R05.csv,SA04,F,F05,1,1,1,1,1,1
SA04/F06_SA04_R01.csv,SA04,F,F06,1,1,0,1,1,1
SA04/F06_SA04_R02.csv,SA04,F,F06,1,1,0,1,1,1
SA04/F06_SA04_R03.csv,SA04,F,F06,1,1,0,1,1,1
SA04/F06_SA04_R04.csv,SA04,F,F06,1,1,0,1,1,1
SA04/F06_SA04_R05.csv,SA04,F,F06,1,1,0,1,1,1
SA04/F07_SA04_R01.csv,SA04,F,F07,0,1,0,1,1,1
SA04/F07_SA04_R02.csv,SA04,F,F07,1,1,0,0,1,1
SA04/F07_SA04_R03.csv,SA04,F,F07,1,1,0,1,1,1
SA04/F07_SA04_R04.csv,SA04,F,F07,0,1,0,1,1,1
SA04/F07_SA04_R05.csv,SA04,F,F07,1,1,1,0,1,1
SA04/F08_SA04_R01.csv,SA04,F,F08,1,1,0,0,1,1
SA04/F08_SA04_R02.csv,SA04,F,F08,1,1,0,1,1,1
SA04/F08_SA04_R03.csv,SA04,F,F08,0,1,1,1,1,1
SA04/F08_SA04_R04.csv,SA04,F,F08,0,1,0,1,1,1
SA04/F08_SA04_R05.csv,SA04,F,F08,0,1,0,0,1,1
SA04/F09_SA04_R01.csv,SA04,F,F09,0,1,1,1,1,1
SA04/F09_SA04_R02.csv,SA04,F,F09,0,1,1,1,1,1
SA04/F09_SA04_R03.csv,SA04,F,F09,0,1,1,1,1,1
SA04/F09_SA04_R04.csv,SA04,F,F09,0,1,0,1,1,1
SA04/F09_SA04_R05.csv,SA04,F,F09,1,1,0,1,1,1
SA04/F10_SA04_R01.csv,SA04,F,F10,0,1,1,0,1,1
SA04/F10_SA04_R02.csv,SA04,F,F10,1,1,0,0,1,1
SA04/F10_SA04_R03.csv,SA04,F,F10,0,1,0,0,1,1
SA04/F10_SA04_R04.csv,SA04,F,F10,1,1,0,0,0,0
SA04/F10_SA04_R05.csv,SA04,F,F10,1,1,0,1,1,1
SA04/F11_SA04_R01.csv,SA04,F,F11,0,1,0,0,1,1
SA04/F11_SA04_R02.csv,SA04,F,F11,1,1,0,0,0,0
SA04/F11_SA04_R03.csv,SA04,F,F11,0,1,0,0,0,0
SA04/F11_SA04_R04.csv,SA04,F,F11,0,1,0,0,0,0
SA04/F11_SA04_R05.csv,SA04,F,F11,0,1,0,0,1,1
SA04/F12_SA04_R01.csv,SA04,F,F12,0,1,1,1,1,1
SA04/F12_SA04_R02.csv,SA04,F,F12,0,1,1,0,1,1
SA04/F12_SA04_R03.csv,SA04,F,F12,0,0,0,0,0,0
SA04/F12_SA04_R04.csv,SA04,F,F12,1,1,0,0,1,1
SA04/F12_SA04_R05.csv,SA04,F,F12,1,1,0,1,1,1
SA04/F13_SA04_R01.csv,SA04,F,F13,0,0,0,0,0,0
SA04/F13_SA04_R02.csv,SA04,F,F13,0,0,0,0,0,0
SA04/F13_SA04_R03.csv,SA04,F,F13,1,1,1,0,1,1
SA04/F13_SA04_R04.csv,SA04,F,F13,0,1,0,0,0,0
SA04/F13_SA04_R05.csv,SA04,F,F13,0,1,0,0,1,1
SA04/F14_SA04_R01.csv,SA04,F,F14,1,1,0,1,1,1
SA04/F14_SA04_R02.csv,SA04,F,F14,0,1,0,1,1,1
SA04/F14_SA04_R03.csv,SA04,F,F14,1,1,1,1,1,1
SA04/F14_SA04_R04.csv,SA04,F,F14,1,1,0,1,1,1
SA04/F14_SA04_R05.csv,SA04,F,F14,1,1,0,1,1,1
SA04/F15_SA04_R01.csv,SA04,F,F15,0,1,0,0,1,1
SA04/F15_SA04_R02.csv,SA04,F,F15,1,1,0,0,0,0
SA04/F15_SA04_R03.csv,SA04,F,F15,0,1,1,1,1,1
SA04/F15_SA04_R04.csv,SA04,F,F15,1,0,0,1,1,1
SA04/F15_SA04_R05.csv,SA04,F,F15,0,1,0,1,1,1
SA05/D01_SA05_R01.csv,SA05,D,D01,0,0,0,0,0,0
SA05/D02_SA05_R01.csv,SA05,D,D02,0,0,0,0,0,0
SA05/D03_SA05_R01.csv,SA05,D,D03,1,0,0,0,0,1
SA05/D04_SA05_R01.csv,SA05,D,D04,1,0,0,0,0,0
SA05/D05_SA05_R01.csv,SA05,D,D05,0,0,0,0,0,0
SA05/D05_SA05_R02.csv,SA05,D,D05,0,0,0,0,0,0
SA05/D05_SA05_R03.csv,SA05,D,D05,0,0,0,0,0,0
SA05/D05_SA05_R04.csv,SA05,D,D05,0,0,0,0,0,0
SA05/D05_SA05_R05.csv,SA05,D,D05,0,0,0,0,0,0
SA05/D06_SA05_R01.csv,SA05,D,D06,1,0,0,0,0,1
SA05/D06_SA05_R02.csv,SA05,D,D06,1,0,0,0,0,1
SA05/D06_SA05_R03.csv,SA05,D,D06,1,0,1,0,0,1
SA05/D06_SA05_R04.csv,SA05,D,D06,1,0,1,0,0,1
SA05/D06_SA05_R05.csv,SA05,D,D06,1,0,0,0,0,1
SA05/D07_SA05_R01.csv,SA05,D,D07,0,0,0,0,0,0
SA05/D07_SA05_R02.csv,SA05,D,D07,0,0,0,0,0,0
SA05/D07_SA05_R03.csv,SA05,D,D07,0,0,0,0,0,0
SA05/D07_SA05_R04.csv,SA05,D,D07,0,0,0,0,0,0
SA05/D07_SA05_R05.csv,SA05,D,D07,0,0,0,0,0,0
SA05/D08_SA05_R01.csv,SA05,D,D08,0,0,0,0,0,0
SA05/D08_SA05_R02.csv,SA05,D,D08,0,0,0,0,0,0
SA05/D08_SA05_R03.csv,SA05,D,D08,0,0,0,0,0,0
SA05/D08_SA05_R04.csv,SA05,D,D08,0,0,0,0,0,0
SA05/D08_SA05_R05.csv,SA05,D,D08,0,0,0,0,0,0
SA05/D09_SA05_R01.csv,SA05,D,D09,0,0,0,0,0,0
SA05/D09_SA05_R02.csv,SA05,D,D09,0,0,0,0,0,0
SA05/D09_SA05_R03.csv,SA05,D,D09,0,0,0,0,0,0
SA05/D09_SA05_R04.csv,SA05,D,D09,0,0,0,0,0,0
SA05/D09_SA05_R05.csv,SA05,D,D09,0,0,0,0,0,0
SA05/D10_SA05_R01.csv,SA05,D,D10,0,0,0,0,0,0
SA05/D10_SA05_R02.csv,SA05,D,D10,0,0,0,0,0,0
SA05/D10_SA05_R03.csv,SA05,D,D10,0,0,0,0,0,0
SA05/D10_SA05_R04.csv,SA05,D,D10,0,0,0,0,0,0
SA05/D10_SA05_R05.csv,SA05,D,D10,0,0,0,0,0,0
SA05/D11_SA05_R01.csv,SA05,D,D11,0,0,0,0,1,1
SA05/D11_SA05_R02.csv,SA05,D,D11,1,0,0,0,1,1
SA05/D11_SA05_R03.csv,SA05,D,D11,1,0,0,0,1,1
SA05/D11_SA05_R04.csv,SA05,D,D11,0,0,0,0,0,0
SA05/D11_SA05_R05.csv,SA05,D,D11,1,0,0,0,1,1
SA05/D12_SA05_R01.csv,SA05,D,D12,0,0,0,0,0,0
SA05/D12_SA05_R02.csv,SA05,D,D12,0,0,0,0,0,0
SA05/D12_SA05_R03.csv,SA05,D,D12,0,0,0,0,0,0
SA05/D12_SA05_R04.csv,SA05,D,D12,0,0,0,0,0,0
SA05/D12_SA05_R05.csv,SA05,D,D12,0,0,0,0,0,0
SA05/D13_SA05_R01.csv,SA05,D,D13,1,0,0,0,1,1
SA05/D13_SA05_R02.csv,SA05,D,D13,0,0,0,0,0,0
SA05/D13_SA05_R03.csv,SA05,D,D13,0,0,0,0,0,0
SA05/D13_SA05_R04.csv,SA05,D,D13,0,0,0,0,0,0
SA05/D13_SA05_R05.csv,SA05,D,D13,0,0,0,0,0,0
SA05/D14_SA05_R01.csv,SA05,D,D14,0,0,0,0,0,0
SA05/D14_SA05_R02.csv,SA05,D,D14,0,0,0,0,0,0
SA05/D14_SA05_R03.csv,SA05,D,D14,0,0,0,0,0,0
SA05/D14_SA05_R04.csv,SA05,D,D14,0,0,0,0,0,0
SA05/D14_SA05_R05.csv,SA05,D,D14,0,0,0,0,0,0
SA05/D15_SA05_R01.csv,SA05,D,D15,0,0,0,0,0,0
SA05/D15_SA05_R02.csv,SA05,D,D15,0,0,0,0,0,0
SA05/D15_SA05_R03.csv,SA05,D,D15,0,0,0,0,0,0
SA05/D15_SA05_R04.csv,SA05,D,D15,0,0,0,0,0,0
SA05/D15_SA05_R05.csv,SA05,D,D15,0,0,0,0,0,0
SA05/D16_SA05_R01.csv,SA05,D,D16,0,0,0,0,0,0
SA05/D16_SA05_R02.csv,SA05,D,D16,0,0,0,0,0,0
SA05/D16_SA05_R03.csv,SA05,D,D16,0,0,0,0,0,0
SA05/D16_SA05_R04.csv,SA05,D,D16,0,0,0,0,0,0
SA05/D16_SA05_R05.csv,SA05,D,D16,0,0,0,0,0,0
SA05/D17_SA05_R01.csv,SA05,D,D17,0,0,0,0,0,0
SA05/D17_SA05_R02.csv,SA05,D,D17,0,0,0,0,0,0
SA05/D17_SA05_R03.csv,SA05,D,D17,0,0,0,0,0,0
SA05/D17_SA05_R04.csv,SA05,D,D17,0,0,0,0,0,0
SA05/D17_SA05_R05.csv,SA05,D,D17,0,0,0,0,0,0
SA05/D18_SA05_R01.csv,SA05,D,D18,0,0,0,0,1,1
SA05/D18_SA05_R02.csv,SA05,D,D18,1,0,0,0,1,1
SA05/D18_SA05_R03.csv,SA05,D,D18,0,0,0,0,1,1
SA05/D18_SA05_R04.csv,SA05,D,D18,1,0,1,0,0,0
SA05/D18_SA05_R05.csv,SA05,D,D18,1,0,1,0,1,1
SA05/D19_SA05_R01.csv,SA05,D,D19,1,0,0,0,0,0
SA05/D19_SA05_R02.csv,SA05,D,D19,1,0,0,0,0,0
SA05/D19_SA05_R03.csv,SA05,D,D19,1,0,0,0,0,1
SA05/D19_SA05_R04.csv,SA05,D,D19,1,0,0,0,0,0
SA05/D19_SA05_R05.csv,SA05,D,D19,1,0,1,0,0,0
SA05/F01_SA05_R01.csv,SA05,F,F01,0,1,1,0,1,1
SA05/F01_SA05_R02.csv,SA05,F,F01,1,1,0,1,1,1
SA05/F01_SA05_R03.csv,SA05,F,F01,1,1,0,1,1,1
SA05/F01_SA05_R04.csv,SA05,F,F01,0,1,0,0,1,1
SA05/F01_SA05_R05.csv,SA05,F,F01,1,1,0,0,1,1
SA05/F02_SA05_R01.csv,SA05,F,F02,0,1,1,1,1,1
SA05/F02_SA05_R02.csv,SA05,F,F02,1,1,0,1,1,1
SA05/F02_SA05_R03.csv,SA05,F,F02,1,1,0,1,1,1
SA05/F02_SA05_R04.csv,SA05,F,F02,1,1,1,1,1,1
SA05/F02_SA05_R05.csv,SA05,F,F02,1,1,1,1,1,1
SA05/F03_SA05_R01.csv,SA05,F,F03,1,1,1,1,1,1
SA05/F03_SA05_R02.csv,SA05,F,F03,1,1,0,0,1,1
SA05/F03_SA05_R03.csv,SA05,F,F03,1,1,0,1,1,1
SA05/F03_SA05_R04.csv,SA05,F,F03,0,1,1,1,1,1
SA05/F03_SA05_R05.csv,SA05,F,F03,1,1,0,1,1,1
SA05/F04_SA05_R01.csv,SA05,F,F04,1,1,0,0,1,1
SA05/F04_SA05_R02.csv,SA05,F,F04,1,1,0,1,1,1
SA05/F04_SA05_R03.csv,SA05,F,F04,1,1,0,1,1,1
SA05/F04_SA05_R04.csv,SA05,F,F04,1,1,0,0,0,0
SA05/F04_SA05_R05.csv,SA05,F,F04,1,0,0,0,1,1
SA05/F05_SA05_R01.csv,SA05,F,F05,1,1,0,0,1,1
SA05/F05_SA05_R02.csv,SA05,F,F05,1,1,0,0,0,1
SA05/F05_SA05_R03.csv,SA05,F,F05,1,1,0,0,0,1
SA05/F05_SA05_R04.csv,SA05,F,F05,1,1,1,1,1,1
SA05/F05_SA05_R05.csv,SA05,F,F05,1,1,1,1,0,1
SA05/F06_SA05_R01.csv,SA05,F,F06,0,1,0,1,1,1
SA05/F06_SA05_R02.csv,SA05,F,F06,1,1,0,1,1,1
SA05/F06_SA05_R03.csv,SA05,F,F06,1,1,0,1,1,1
SA05/F06_SA05_R04.csv,SA05,F,F06,1,1,0,1,1,1
SA05/F06_SA05_R05.csv,SA05,F,F06,1,1,0,1,1,1
SA05/F07_SA05_R01.csv,SA05,F,F07,0,1,0,1,1,1
SA05/F07_SA05_R02.csv,SA05,F,F07,1,1,0,1,1,1
SA05/F07_SA05_R03.csv,SA05,F,F07,1,1,0,0,1,1
SA05/F07_SA05_R04.csv,SA05,F,F07,1,1,0,1,1,1
SA05/F07_SA05_R05.csv,SA05,F,F07,0,1,1,0,1,1
SA05/F08_SA05_R01.csv,SA05,F,F08,0,1,0,1,1,1
SA05/F08_SA05_R02.csv,SA05,F,F08,1,1,1,0,1,1
SA05/F08_SA05_R03.csv,SA05,F,F08,1,1,1,1,1,1
SA05/F08_SA05_R04.csv,SA05,F,F08,1,1,0,0,1,1
SA05/F08_SA05_R05.csv,SA05,F,F08,0,1,0,0,1,1
SA05/F09_SA05_R01.csv,SA05,F,F09,1,1,0,1,1,1
SA05/F09_SA05_R02.csv,SA05,F,F09,1,1,0,1,1,1
SA05/F09_SA05_R03.csv,SA05,F,F09,1,1,0,0,1,1
SA05/F09_SA05_R04.csv,SA05,F,F09,1,1,0,0,1,1
SA05/F09_SA05_R05.csv,SA05,F,F09,1,1,0,1,1,1
SA05/F10_SA05_R01.csv,SA05,F,F10,1,1,0,1,1,1
SA05/F10_SA05_R02.csv,SA05,F,F10,0,1,1,0,1,1
SA05/F10_SA05_R03.csv,SA05,F,F10,1,1,0,1,1,1
SA05/F10_SA05_R04.csv,SA05,F,F10,1,1,0,1,1,1
SA05/F10_SA05_R05.csv,SA05,F,F10,1,1,1,0,1,1
SA05/F11_SA05_R01.csv,SA05,F,F11,1,1,0,1,1,1
SA05/F11_SA05_R02.csv,SA05,F,F11,1,1,1,1,1,1
SA05/F11_SA05_R03.csv,SA05,F,F11,0,1,0,1,1,1
SA05/F11_SA05_R04.csv,SA05,F,F11,0,1,1,0,0,0
SA05/F11_SA05_R05.csv,SA05,F,F11,0,1,0,1,1,1
SA05/F12_SA05_R01.csv,SA05,F,F12,1,1,0,0,1,1
SA05/F12_SA05_R02.csv,SA05,F,F12,0,0,0,0,0,0
SA05/F12_SA05_R03.csv,SA05,F,F12,0,1,0,1,1,1
SA05/F12_SA05_R04.csv,SA05,F,F12,0,1,1,0,1,1
SA05/F12_SA05_R05.csv,SA05,F,F12,1,0,0,0,0,0
SA05/F13_SA05_R01.csv,SA05,F,F13,0,1,0,0,0,0
SA05/F13_SA05_R02.csv,SA05,F,F13,0,1,0,0,0,0
SA05/F13_SA05_R03.csv,SA05,F,F13,0,1,0,0,0,0
SA05/F13_SA05_R04.csv,SA05,F,F13,0,1,0,0,0,0
SA05/F13_SA05_R05.csv,SA05,F,F13,0,0,0,0,0,0
SA05/F14_SA05_R01.csv,SA05,F,F14,1,1,0,1,1,1
SA05/F14_SA05_R02.csv,SA05,F,F14,1,1,1,1,1,1
SA05/F14_SA05_R03.csv,SA05,F,F14,0,1,0,1,1,1
SA05/F14_SA05_R04.csv,SA05,F,F14,0,1,0,0,1,1
SA05/F14_SA05_R05.csv,SA05,F,F14,0,1,0,1,1,1
SA05/F15_SA05_R01.csv,SA05,F,F15,0,1,0,1,1,1
SA05/F15_SA05_R02.csv,SA05,F,F15,1,1,1,0,0,0
SA05/F15_SA05_R03.csv,SA05,F,F15,1,1,0,1,1,1
SA05/F15_SA05_R04.csv,SA05,F,F15,1,1,0,1,1,1
SA05/F15_SA05_R05.csv,SA05,F,F15,1,1,0,1,1,1
SA06/D01_SA06_R01.csv,SA06,D,D01,0,0,0,0,0,0
SA06/D02_SA06_R01.csv,SA06,D,D02,0,0,0,0,0,0
SA06/D03_SA06_R01.csv,SA06,D,D03,1,0,0,0,0,1
SA06/D04_SA06_R01.csv,SA06,D,D04,1,0,0,0,0,1
SA06/D05_SA06_R01.csv,SA06,D,D05,0,0,0,0,0,0
SA06/D05_SA06_R02.csv,SA06,D,D05,0,0,0,0,0,0
SA06/D05_SA06_R03.csv,SA06,D,D05,0,0,0,0,0,0
SA06/D05_SA06_R04.csv,SA06,D,D05,0,0,0,0,0,0
SA06/D05_SA06_R05.csv,SA06,D,D05,0,0,0,0,0,0
SA06/D06_SA06_R01.csv,SA06,D,D06,1,0,1,0,0,1
SA06/D06_SA06_R02.csv,SA06,D,D06,1,0,0,0,0,1
SA06/D06_SA06_R03.csv,SA06,D,D06,1,0,0,0,1,1
SA06/D06_SA06_R04.csv,SA06,D,D06,1,0,0,0,0,1
SA06/D06_SA06_R05.csv,SA06,D,D06,1,0,0,0,0,1
SA06/D07_SA06_R01.csv,SA06,D,D07,0,0,0,0,0,0
SA06/D07_SA06_R02.csv,SA06,D,D07,0,0,0,0,0,0
SA06/D07_SA06_R03.csv,SA06,D,D07,0,0,0,0,0,0
SA06/D07_SA06_R04.csv,SA06,D,D07,0,0,0,0,0,0
SA06/D07_SA06_R05.csv,SA06,D,D07,0,0,0,0,0,0
SA06/D08_SA06_R01.csv,SA06,D,D08,0,0,0,0,1,1
SA06/D08_SA06_R02.csv,SA06,D,D08,0,0,0,0,1,1
SA06/D08_SA06_R03.csv,SA06,D,D08,0,0,1,0,0,0
SA06/D08_SA06_R04.csv,SA06,D,D08,0,0,0,0,0,0
SA06/D08_SA06_R05.csv,SA06,D,D08,0,0,0,0,0,0
SA06/D09_SA06_R01.csv,SA06,D,D09,0,0,0,0,0,0
SA06/D09_SA06_R02.csv,SA06,D,D09,0,0,0,0,0,0
SA06/D09_SA06_R03.csv,SA06,D,D09,0,0,0,0,0,0
SA06/D09_SA06_R04.csv,SA06,D,D09,0,0,0,0,0,0
SA06/D09_SA06_R05.csv,SA06,D,D09,0,0,0,0,0,0
SA06/D10_SA06_R01.csv,SA06,D,D10,0,0,0,0,0,0
SA06/D10_SA06_R02.csv,SA06,D,D10,0,0,0,0,0,0
SA06/D10_SA06_R03.csv,SA06,D,D10,0,0,0,0,0,0
SA06/D10_SA06_R04.csv,SA06,D,D10,0,0,0,0,0,0
SA06/D10_SA06_R05.csv,SA06,D,D10,0,0,0,0,0,0
SA06/D11_SA06_R01.csv,SA06,D,D11,1,0,0,0,0,0
SA06/D11_SA06_R02.csv,SA06,D,D11,1,0,0,0,0,0
SA06/D11_SA06_R03.csv,SA06,D,D11,0,0,1,0,0,0
SA06/D11_SA06_R04.csv,SA06,D,D11,1,0,0,0,1,1
SA06/D11_SA06_R05.csv,SA06,D,D11,0,0,0,0,0,0
SA06/D12_SA06_R01.csv,SA06,D,D12,0,0,0,0,0,0
SA06/D12_SA06_R02.csv,SA06,D,D12,0,0,0,0,0,0
SA06/D12_SA06_R03.csv,SA06,D,D12,0,0,0,0,0,0
SA06/D12_SA06_R04.csv,SA06,D,D12,0,0,0,0,0,0
SA06/D12_SA06_R05.csv,SA06,D,D12,0,0,0,0,0,0
SA06/D13_SA06_R01.csv,SA06,D,D13,0,1,0,0,0,0
SA06/D13_SA06_R02.csv,SA06,D,D13,0,0,0,0,0,0
SA06/D13_SA06_R03.csv,SA06,D,D13,0,0,0,0,0,0
SA06/D13_SA06_R04.csv,SA06,D,D13,0,0,0,0,0,0
SA06/D13_SA06_R05.csv,SA06,D,D13,0,0,0,0,0,0
SA06/D14_SA06_R01.csv,SA06,D,D14,0,0,0,0,0,0
SA06/D14_SA06_R02.csv,SA06,D,D14,0,0,0,0,0,0
SA06/D14_SA06_R03.csv,SA06,D,D14,0,0,0,0,0,0
SA06/D14_SA06_R04.csv,SA06,D,D14,0,0,0,0,0,0
SA06/D14_SA06_R05.csv,SA06,D,D14,0,0,0,0,0,0
SA06/D15_SA06_R01.csv,SA06,D,D15,0,0,0,0,0,0
SA06/D15_SA06_R02.csv,SA06,D,D15,0,0,0,0,0,0
SA06/D15_SA06_R03.csv,SA06,D,D15,0,0,0,0,0,0
SA06/D15_SA06_R04.csv,SA06,D,D15,0,0,0,0,0,0
SA06/D15_SA06_R05.csv,SA06,D,D15,0,0,0,0,0,0
SA06/D16_SA06_R01.csv,SA06,D,D16,0,0,0,0,0,0
SA06/D16_SA06_R02.csv,SA06,D,D16,0,0,0,0,0,0
SA06/D16_SA06_R03.csv,SA06,D,D16,0,0,0,0,0,0
SA06/D16_SA06_R04.csv,SA06,D,D16,0,0,0,0,0,0
SA06/D16_SA06_R05.csv,SA06,D,D16,0,0,0,0,0,0
SA06/D17_SA06_R01.csv,SA06,D,D17,0,0,0,0,0,0
SA06/D17_SA06_R02.csv,SA06,D,D17,0,0,0,0,0,0
SA06/D17_SA06_R03.csv,SA06,D,D17,0,0,0,0,0,0
SA06/D17_SA06_R04.csv,SA06,D,D17,0,0,0,0,0,0
SA06/D17_SA06_R05.csv,SA06,D,D17,0,0,0,0,0,0
SA06/D18_SA06_R01.csv,SA06,D,D18,1,0,0,0,1,1
SA06/D18_SA06_R02.csv,SA06,D,D18,1,0,0,0,1,1
SA06/D18_SA06_R03.csv,SA06,D,D18,1,0,0,0,1,1
SA06/D18_SA06_R04.csv,SA06,D,D18,1,0,0,0,1,1
SA06/D18_SA06_R05.csv,SA06,D,D18,0,0,1,0,1,1
SA06/D19_SA06_R01.csv,SA06,D,D19,1,0,0,0,1,1
SA06/D19_SA06_R02.csv,SA06,D,D19,1,0,0,0,0,1
SA06/D19_SA06_R03.csv,SA06,D,D19,1,0,0,0,0,0
SA06/D19_SA06_R04.csv,SA06,D,D19,1,0,0,0,1,1
SA06/D19_SA06_R05.csv,SA06,D,D19,1,0,0,0,1,1
SA06/F01_SA06_R01.csv,SA06,F,F01,0,1,0,0,1,1
SA06/F01_SA06_R02.csv,SA06,F,F01,1,1,0,1,1,1
SA06/F01_SA06_R03.csv,SA06,F,F01,1,1,1,1,1,1
SA06/F01_SA06_R04.csv,SA06,F,F01,1,1,1,0,1,1
SA06/F01_SA06_R05.csv,SA06,F,F01,1,1,1,1,1,1
SA06/F02_SA06_R01.csv,SA06,F,F02,0,1,0,1,1,1
SA06/F02_SA06_R02.csv,SA06,F,F02,1,1,0,1,1,1
SA06/F02_SA06_R03.csv,SA06,F,F02,0,1,0,0,1,1
SA06/F02_SA06_R04.csv,SA06,F,F02,1,1,0,1,1,1
SA06/F02_SA06_R05.csv,SA06,F,F02,1,1,0,0,1,1
SA06/F03_SA06_R01.csv,SA06,F,F03,1,1,1,1,1,1
SA06/F03_SA06_R02.csv,SA06,F,F03,1,1,0,1,1,1
SA06/F03_SA06_R03.csv,SA06,F,F03,1,1,0,1,1,1
SA06/F03_SA06_R04.csv,SA06,F,F03,0,1,0,1,1,1
SA06/F03_SA06_R05.csv,SA06,F,F03,1,1,0,1,1,1
SA06/F04_SA06_R01.csv,SA06,F,F04,1,1,1,1,1,1
SA06/F04_SA06_R02.csv,SA06,F,F04,1,1,1,1,1,1
SA06/F04_SA06_R03.csv,SA06,F,F04,1,1,0,1,1,1
SA06/F04_SA06_R04.csv,SA06,F,F04,1,1,0,1,1,1
SA06/F04_SA06_R05.csv,SA06,F,F04,1,1,0,0,1,1
SA06/F05_SA06_R01.csv,SA06,F,F05,0,1,0,0,0,1
SA06/F05_SA06_R02.csv,SA06,F,F05,1,1,0,1,0,1
SA06/F05_SA06_R03.csv,SA06,F,F05,1,1,1,1,0,1
SA06/F05_SA06_R04.csv,SA06,F,F05,1,1,0,1,0,1
SA06/F05_SA06_R05.csv,SA06,F,F05,1,1,0,0,1,1
SA06/F06_SA06_R01.csv,SA06,F,F06,1,1,1,1,1,1
SA06/F06_SA06_R02.csv,SA06,F,F06,1,1,0,1,1,1
SA06/F06_SA06_R03.csv,SA06,F,F06,1,1,0,1,1,1
SA06/F06_SA06_R04.csv,SA06,F,F06,0,1,0,1,1,1
SA06/F06_SA06_R05.csv,SA06,F,F06,1,1,0,0,1,1
SA06/F07_SA06_R01.csv,SA06,F,F07,1,1,0,1,1,1
SA06/F07_SA06_R02.csv,SA06,F,F07,0,1,0,1,1,1
SA06/F07_SA06_R03.csv,SA06,F,F07,1,1,0,1,1,1
SA06/F07_SA06_R04.csv,SA06,F,F07,1,1,0,1,1,1
SA06/F07_SA06_R05.csv,SA06,F,F07,0,1,0,1,1,1
SA06/F08_SA06_R01.csv,SA06,F,F08,1,1,0,1,1,1
SA06/F08_SA06_R02.csv,SA06,F,F08,1,1,0,1,1,1
SA06/F08_SA06_R03.csv,SA06,F,F08,0,1,0,1,1,1
SA06/F08_SA06_R04.csv,SA06,F,F08,1,1,1,1,1,1
SA06/F08_SA06_R05.csv,SA06,F,F08,1,1,0,0,1,1
SA06/F09_SA06_R01.csv,SA06,F,F09,0,1,0,1,1,1
SA06/F09_SA06_R02.csv,SA06,F,F09,1,1,0,1,1,1
SA06/F09_SA06_R03.csv,SA06,F,F09,1,1,0,1,1,1
SA06/F09_SA06_R04.csv,SA06,F,F09,1,1,0,1,1,1
SA06/F09_SA06_R05.csv,SA06,F,F09,1,1,0,1,1,1
SA06/F10_SA06_R01.csv,SA06,F,F10,1,1,0,1,1,1
SA06/F10_SA06_R02.csv,SA06,F,F10,1,1,0,1,1,1
SA06/F10_SA06_R03.csv,SA06,F,F10,1,1,0,1,1,1
SA06/F10_SA06_R04.csv,SA06,F,F10,0,1,0,1,1,1
SA06/F10_SA06_R05.csv,SA06,F,F10,1,1,0,1,1,1
SA06/F11_SA06_R01.csv,SA06,F,F11,1,1,0,1,1,1
SA06/F11_SA06_R02.csv,SA06,F,F11,0,1,0,0,1,1
SA06/F11_SA06_R03.csv,SA06,F,F11,1,1,1,1,1,1
SA06/F11_SA06_R04.csv,SA06,F,F11,1,1,1,1,1,1
SA06/F11_SA06_R05.csv,SA06,F,F11,1,1,0,1,1,1
SA06/F12_SA06_R01.csv,SA06,F,F12,1,1,0,1,1,1
SA06/F12_SA06_R02.csv,SA06,F,F12,1,1,0,1,1,1
SA06/F12_SA06_R03.csv,SA06,F,F12,1,1,1,1,1,1
SA06/F12_SA06_R04.csv,SA06,F,F12,1,1,0,1,1,1
SA06/F12_SA06_R05.csv,SA06,F,F12,0,1,1,1,1,1
SA06/F13_SA06_R01.csv,SA06,F,F13,1,1,1,0,1,1
SA06/F13_SA06_R02.csv,SA06,F,F13,1,1,0,1,1,1
SA06/F13_SA06_R03.csv,SA06,F,F13,0,1,1,1,1,1
SA06/F13_SA06_R04.csv,SA06,F,F13,1,1,1,1,1,1
SA06/F13_SA06_R05.csv,SA06,F,F13,0,1,0,1,0,0
SA06/F14_SA06_R01.csv,SA06,F,F14,1,1,0,1,1,1
SA06/F14_SA06_R02.csv,SA06,F,F14,1,1,0,1,1,1
SA06/F14_SA06_R03.csv,SA06,F,F14,0,1,0,1,1,1
SA06/F14_SA06_R04.csv,SA06,F,F14,0,1,0,1,1,1
SA06/F14_SA06_R05.csv,SA06,F,F14,0,1,0,1,1,1
SA06/F15_SA06_R01.csv,SA06,F,F15,1,1,0,1,1,1
SA06/F15_SA06_R02.csv,SA06,F,F15,0,1,0,1,1,1
SA06/F15_SA06_R03.csv,SA06,F,F15,1,1,0,1,1,1
SA06/F15_SA06_R04.csv,SA06,F,F15,0,1,0,1,1,1
SA06/F15_SA06_R05.csv,SA06,F,F15,0,1,0,1,1,1
SA07/D03_SA07_R01.csv,SA07,D,D03,1,0,0,0,0,1
SA07/D06_SA07_R03.csv,SA07,D,D06,1,0,0,0,0,1
SA07/D07_SA07_R02.csv,SA07,D,D07,0,0,0,0,0,0
SA07/D07_SA07_R04.csv,SA07,D,D07,0,0,0,0,0,0
SA07/D08_SA07_R01.csv,SA07,D,D08,0,0,0,0,0,0
SA07/D08_SA07_R05.csv,SA07,D,D08,0,0,1,0,0,0
SA07/D10_SA07_R01.csv,SA07,D,D10,0,0,0,0,0,0
SA07/D10_SA07_R02.csv,SA07,D,D10,0,0,1,0,0,0
SA07/D11_SA07_R01.csv,SA07,D,D11,0,0,0,0,0,0
SA07/D11_SA07_R04.csv,SA07,D,D11,0,0,0,0,0,0
SA07/D12_SA07_R04.csv,SA07,D,D12,0,0,0,0,0,0
SA07/D13_SA07_R02.csv,SA07,D,D13,0,0,0,0,0,0
SA07/D13_SA07_R05.csv,SA07,D,D13,0,0,0,0,0,0
SA07/D14_SA07_R01.csv,SA07,D,D14,0,0,0,0,0,0
SA07/D14_SA07_R03.csv,SA07,D,D14,0,0,0,0,0,0
SA07/D15_SA07_R04.csv,SA07,D,D15,0,0,0,0,0,0
SA07/D15_SA07_R05.csv,SA07,D,D15,0,0,0,0,0,0
SA07/D16_SA07_R05.csv,SA07,D,D16,0,0,0,0,0,0
SA07/D17_SA07_R01.csv,SA07,D,D17,0,0,0,0,0,0
SA07/D17_SA07_R02.csv,SA07,D,D17,0,0,0,0,0,0
SA07/D17_SA07_R04.csv,SA07,D,D17,0,0,0,0,0,0
SA07/D18_SA07_R02.csv,SA07,D,D18,1,0,0,0,0,0
SA07/D18_SA07_R05.csv,SA07,D,D18,0,0,0,0,0,0
SA07/D19_SA07_R03.csv,SA07,D,D19,1,0,0,0,1,1
SA07/F01_SA07_R02.csv,SA07,F,F01,1,1,1,1,1,1
SA07/F03_SA07_R04.csv,SA07,F,F03,1,1,0,1,1,1
SA07/F04_SA07_R01.csv,SA07,F,F04,1,1,0,1,1,1
SA07/F04_SA07_R02.csv,SA07,F,F04,1,1,0,0,0,0
SA07/F04_SA07_R03.csv,SA07,F,F04,1,1,0,1,1,1
SA07/F05_SA07_R01.csv,SA07,F,F05,1,1,0,0,1,1
SA07/F05_SA07_R02.csv,SA07,F,F05,1,1,0,1,1,1
SA07/F05_SA07_R03.csv,SA07,F,F05,1,1,0,0,0,1
SA07/F05_SA07_R05.csv,SA07,F,F05,1,1,0,1,1,1
SA07/F06_SA07_R01.csv,SA07,F,F06,1,1,0,1,1,1
SA07/F06_SA07_R03.csv,SA07,F,F06,0,1,0,1,1,1
SA07/F08_SA07_R03.csv,SA07,F,F08,0,1,1,1,1,1
SA07/F09_SA07_R02.csv,SA07,F,F09,1,1,0,1,1,1
SA07/F09_SA07_R04.csv,SA07,F,F09,1,1,0,1,1,1
SA07/F10_SA07_R05.csv,SA07,F,F10,1,1,0,1,1,1
SA07/F11_SA07_R03.csv,SA07,F,F11,0,1,1,0,0,0
SA07/F12_SA07_R03.csv,SA07,F,F12,1,0,0,1,1,1
SA07/F12_SA07_R04.csv,SA07,F,F12,0,1,0,0,0,0
SA07/F13_SA07_R01.csv,SA07,F,F13,1,1,0,0,0,0
SA07/F13_SA07_R03.csv,SA07,F,F13,1,1,0,0,1,1
SA07/F15_SA07_R03.csv,SA07,F,F15,1,1,1,1,1,1
SA08/D01_SA08_R01.csv,SA08,D,D01,0,0,0,0,0,0
SA08/D02_SA08_R01.csv,SA08,D,D02,0,0,0,0,0,0
SA08/D03_SA08_R01.csv,SA08,D,D03,1,0,0,0,0,0
SA08/D04_SA08_R01.csv,SA08,D,D04,1,0,0,0,0,1
SA08/D05_SA08_R01.csv,SA08,D,D05,0,0,0,0,0,0
SA08/D05_SA08_R02.csv,SA08,D,D05,0,0,0,0,0,0
SA08/D05_SA08_R03.csv,SA08,D,D05,0,0,0,0,0,0
SA08/D05_SA08_R04.csv,SA08,D,D05,0,0,0,0,0,0
SA08/D05_SA08_R05.csv,SA08,D,D05,0,0,0,0,0,0
SA08/D06_SA08_R01.csv,SA08,D,D06,1,0,0,0,0,1
SA08/D06_SA08_R02.csv,SA08,D,D06,1,0,1,0,0,1
SA08/D06_SA08_R03.csv,SA08,D,D06,1,0,0,0,0,1
SA08/D06_SA08_R04.csv,SA08,D,D06,1,0,0,0,0,1
SA08/D06_SA08_R05.csv,SA08,D,D06,1,0,0,0,0,1
SA08/D07_SA08_R01.csv,SA08,D,D07,0,0,0,0,0,0
SA08/D07_SA08_R02.csv,SA08,D,D07,0,0,0,0,0,0
SA08/D07_SA08_R03.csv,SA08,D,D07,0,0,0,0,0,0
SA08/D07_SA08_R04.csv,SA08,D,D07,0,0,0,0,0,0
SA08/D07_SA08_R05.csv,SA08,D,D07,0,0,0,0,0,0
SA08/D08_SA08_R01.csv,SA08,D,D08,1,0,0,0,1,1
SA08/D08_SA08_R02.csv,SA08,D,D08,1,0,0,0,1,1
SA08/D08_SA08_R03.csv,SA08,D,D08,0,0,0,0,1,1
SA08/D08_SA08_R04.csv,SA08,D,D08,1,0,0,0,1,1
SA08/D08_SA08_R05.csv,SA08,D,D08,0,0,0,0,1,1
SA08/D09_SA08_R01.csv,SA08,D,D09,0,0,0,0,0,0
SA08/D09_SA08_R02.csv,SA08,D,D09,0,0,0,0,0,0
SA08/D09_SA08_R03.csv,SA08,D,D09,0,0,0,0,0,0
SA08/D09_SA08_R04.csv,SA08,D,D09,0,0,0,0,0,0
SA08/D09_SA08_R05.csv,SA08,D,D09,0,0,0,0,0,0
SA08/D10_SA08_R01.csv,SA08,D,D10,0,0,0,0,0,0
SA08/D10_SA08_R02.csv,SA08,D,D10,1,0,0,0,0,0
SA08/D10_SA08_R03.csv,SA08,D,D10,0,0,1,0,1,1
SA08/D10_SA08_R04.csv,SA08,D,D10,0,0,1,0,0,0
SA08/D10_SA08_R05.csv,SA08,D,D10,0,0,0,0,0,0
SA08/D11_SA08_R01.csv,SA08,D,D11,1,0,0,0,0,0
SA08/D11_SA08_R02.csv,SA08,D,D11,0,0,0,0,1,1
SA08/D11_SA08_R03.csv,SA08,D,D11,0,0,1,0,1,1
SA08/D11_SA08_R04.csv,SA08,D,D11,1,0,0,0,0,0
SA08/D11_SA08_R05.csv,SA08,D,D11,0,0,0,0,0,0
SA08/D12_SA08_R01.csv,SA08,D,D12,0,0,0,0,0,0
SA08/D12_SA08_R02.csv,SA08,D,D12,0,0,0,0,0,0
SA08/D12_SA08_R03.csv,SA08,D,D12,0,0,0,0,0,0
SA08/D12_SA08_R04.csv,SA08,D,D12,0,0,0,0,0,0
SA08/D12_SA08_R05.csv,SA08,D,D12,0,0,0,0,0,0
SA08/D13_SA08_R01.csv,SA08,D,D13,0,0,0,0,0,0
SA08/D13_SA08_R02.csv,SA08,D,D13,0,0,0,0,0,0
SA08/D13_SA08_R03.csv,SA08,D,D13,0,0,0,0,0,0
SA08/D13_SA08_R04.csv,SA08,D,D13,0,0,0,0,0,0
SA08/D13_SA08_R05.csv,SA08,D,D13,0,0,0,0,0,0
SA08/D14_SA08_R01.csv,SA08,D,D14,0,0,0,0,0,0
SA08/D14_SA08_R02.csv,SA08,D,D14,1,1,1,1,1,1
SA08/D14_SA08_R03.csv,SA08,D,D14,0,1,0,1,1,1
SA08/D14_SA08_R04.csv,SA08,D,D14,1,1,0,1,0,0
SA08/D14_SA08_R05.csv,SA08,D,D14,1,1,0,1,0,0
SA08/D15_SA08_R01.csv,SA08,D,D15,0,0,0,0,0,0
SA08/D15_SA08_R02.csv,SA08,D,D15,0,0,0,0,0,0
SA08/D15_SA08_R03.csv,SA08,D,D15,0,0,0,0,0,0
SA08/D15_SA08_R04.csv,SA08,D,D15,0,0,0,0,0,0
SA08/D15_SA08_R05.csv,SA08,D,D15,0,0,0,0,0,0
SA08/D16_SA08_R01.csv,SA08,D,D16,0,0,0,0,0,0
SA08/D16_SA08_R02.csv,SA08,D,D16,0,0,0,0,0,0
SA08/D16_SA08_R03.csv,SA08,D,D16,0,0,0,0,0,0
SA08/D16_SA08_R04.csv,SA08,D,D16,0,0,0,0,0,0
SA08/D16_SA08_R05.csv,SA08,D,D16,0,0,0,0,0,0
SA08/D17_SA08_R01.csv,SA08,D,D17,0,0,0,0,0,0
SA08/D17_SA08_R02.csv,SA08,D,D17,0,0,0,0,0,0
SA08/D17_SA08_R03.csv,SA08,D,D17,0,0,0,0,0,0
SA08/D17_SA08_R04.csv,SA08,D,D17,0,0,0,0,0,0
SA08/D17_SA08_R05.csv,SA08,D,D17,0,0,0,0,0,0
SA08/D18_SA08_R01.csv,SA08,D,D18,1,0,1,0,1,1
SA08/D18_SA08_R02.csv,SA08,D,D18,1,0,0,0,0,0
SA08/D18_SA08_R03.csv,SA08,D,D18,1,0,0,0,1,1
SA08/D18_SA08_R04.csv,SA08,D,D18,1,0,0,0,1,1
SA08/D18_SA08_R05.csv,SA08,D,D18,0,0,1,0,1,1
SA08/D19_SA08_R01.csv,SA08,D,D19,1,0,0,0,0,0
SA08/D19_SA08_R02.csv,SA08,D,D19,1,0,0,0,0,0
SA08/D19_SA08_R03.csv,SA08,D,D19,1,0,1,0,0,0
SA08/D19_SA08_R04.csv,SA08,D,D19,1,0,0,0,0,1
SA08/D19_SA08_R05.csv,SA08,D,D19,1,0,0,0,0,1
SA08/F01_SA08_R01.csv,SA08,F,F01,1,1,0,1,1,1
SA08/F01_SA08_R02.csv,SA08,F,F01,1,1,0,1,0,1
SA08/F01_SA08_R03.csv,SA08,F,F01,1,1,0,0,1,1
SA08/F01_SA08_R04.csv,SA08,F,F01,1,1,0,1,1,1
SA08/F01_SA08_R05.csv,SA08,F,F01,1,1,0,0,1,1
SA08/F02_SA08_R01.csv,SA08,F,F02,1,1,0,0,1,1
SA08/F02_SA08_R02.csv,SA08,F,F02,0,1,0,0,1,1
SA08/F02_SA08_R03.csv,SA08,F,F02,1,1,0,0,0,1
SA08/F02_SA08_R04.csv,SA08,F,F02,1,1,1,0,1,1
SA08/F02_SA08_R05.csv,SA08,F,F02,0,1,1,0,0,0
SA08/F03_SA08_R01.csv,SA08,F,F03,0,1,0,1,1,1
SA08/F03_SA08_R02.csv,SA08,F,F03,1,1,0,1,1,1
SA08/F03_SA08_R03.csv,SA08,F,F03,1,1,0,1,1,1
SA08/F03_SA08_R04.csv,SA08,F,F03,0,1,1,1,1,1
SA08/F03_SA08_R05.csv,SA08,F,F03,1,1,0,1,1,1
SA08/F04_SA08_R01.csv,SA08,F,F04,1,1,0,1,1,1
SA08/F04_SA08_R02.csv,SA08,F,F04,0,1,1,1,1,1
SA08/F04_SA08_R03.csv,SA08,F,F04,1,1,1,1,0,0
SA08/F04_SA08_R04.csv,SA08,F,F04,1,1,0,1,0,0
SA08/F04_SA08_R05.csv,SA08,F,F04,1,1,0,0,1,1
SA08/F05_SA08_R01.csv,SA08,F,F05,1,1,0,1,0,1
SA08/F05_SA08_R02.csv,SA08,F,F05,1,1,0,1,1,1
SA08/F05_SA08_R03.csv,SA08,F,F05,1,1,0,0,1,1
SA08/F05_SA08_R04.csv,SA08,F,F05,1,1,0,1,1,1
SA08/F05_SA08_R05.csv,SA08,F,F05,1,1,1,1,0,1
SA08/F06_SA08_R01.csv,SA08,F,F06,1,1,1,1,1,1
SA08/F06_SA08_R02.csv,SA08,F,F06,0,1,0,1,1,1
SA08/F06_SA08_R03.csv,SA08,F,F06,1,1,0,1,0,0
SA08/F06_SA08_R04.csv,SA08,F,F06,1,1,0,1,1,1
SA08/F06_SA08_R05.csv,SA08,F,F06,0,1,0,1,1,1
SA08/F07_SA08_R01.csv,SA08,F,F07,1,1,0,1,1,1
SA08/F07_SA08_R02.csv,SA08,F,F07,1,1,0,1,1,1
SA08/F07_SA08_R03.csv,SA08,F,F07,0,1,0,0,0,0
SA08/F07_SA08_R04.csv,SA08,F,F07,1,1,0,1,1,1
SA08/F07_SA08_R05.csv,SA08,F,F07,0,1,0,0,1,1
SA08/F08_SA08_R01.csv,SA08,F,F08,0,1,1,1,1,1
SA08/F08_SA08_R02.csv,SA08,F,F08,1,1,0,1,1,1
SA08/F08_SA08_R03.csv,SA08,F,F08,1,1,0,1,1,1
SA08/F08_SA08_R04.csv,SA08,F,F08,1,1,0,1,1,1
SA08/F08_SA08_R05.csv,SA08,F,F08,1,1,0,1,1,1
SA08/F09_SA08_R01.csv,SA08,F,F09,1,1,1,1,1,1
SA08/F09_SA08_R02.csv,SA08,F,F09,0,1,0,1,1,1
SA08/F09_SA08_R03.csv,SA08,F,F09,1,1,0,1,1,1
SA08/F09_SA08_R04.csv,SA08,F,F09,1,1,0,1,1,1
SA08/F09_SA08_R05.csv,SA08,F,F09,1,1,0,1,1,1
SA08/F10_SA08_R01.csv,SA08,F,F10,1,1,0,1,1,1
SA08/F10_SA08_R02.csv,SA08,F,F10,1,1,0,1,1,1
SA08/F10_SA08_R03.csv,SA08,F,F10,1,1,0,1,1,1
SA08/F10_SA08_R04.csv,SA08,F,F10,0,1,1,1,1,1
SA08/F10_SA08_R05.csv,SA08,F,F10,1,1,0,1,1,1
SA08/F11_SA08_R01.csv,SA08,F,F11,0,1,0,0,0,0
SA08/F11_SA08_R02.csv,SA08,F,F11,0,1,0,0,1,1
SA08/F11_SA08_R03.csv,SA08,F,F11,1,1,0,1,1,1
SA08/F11_SA08_R04.csv,SA08,F,F11,0,1,0,0,1,1
SA08/F11_SA08_R05.csv,SA08,F,F11,0,1,1,1,1,1
SA08/F12_SA08_R01.csv,SA08,F,F12,1,1,0,1,1,1
SA08/F12_SA08_R02.csv,SA08,F,F12,1,1,1,1,1,1
SA08/F12_SA08_R03.csv,SA08,F,F12,1,1,0,1,1,1
SA08/F12_SA08_R04.csv,SA08,F,F12,1,1,0,1,1,1
SA08/F12_SA08_R05.csv,SA08,F,F12,1,1,0,1,1,1
SA08/F13_SA08_R01.csv,SA08,F,F13,0,1,0,1,0,0
SA08/F13_SA08_R02.csv,SA08,F,F13,0,1,0,1,1,1
SA08/F13_SA08_R03.csv,SA08,F,F13,0,0,0,0,0,0
SA08/F13_SA08_R04.csv,SA08,F,F13,0,1,0,0,1,1
SA08/F13_SA08_R05.csv,SA08,F,F13,0,0,0,0,0,0
SA08/F14_SA08_R01.csv,SA08,F,F14,0,1,1,1,1,1
SA08/F14_SA08_R02.csv,SA08,F,F14,0,1,0,1,1,1
SA08/F14_SA08_R03.csv,SA08,F,F14,0,1,1,1,1,1
SA08/F14_SA08_R04.csv,SA08,F,F14,1,1,0,1,1,1
SA08/F14_SA08_R05.csv,SA08,F,F14,1,1,0,0,1,1
SA08/F15_SA08_R01.csv,SA08,F,F15,0,1,0,1,1,1
SA08/F15_SA08_R02.csv,SA08,F,F15,1,1,1,1,1,1
SA08/F15_SA08_R03.csv,SA08,F,F15,0,1,1,1,1,1
SA08/F15_SA08_R04.csv,SA08,F,F15,1,1,0,1,1,1
SA08/F15_SA08_R05.csv,SA08,F,F15,1,1,0,1,1,1
SA09/D01_SA09_R01.csv,SA09,D,D01,0,0,0,0,0,0
SA09/D02_SA09_R01.csv,SA09,D,D02,0,0,0,0,0,0
SA09/D03_SA09_R01.csv,SA09,D,D03,1,0,0,0,0,1
SA09/D04_SA09_R01.csv,SA09,D,D04,1,0,0,0,0,1
SA09/D05_SA09_R01.csv,SA09,D,D05,0,0,0,0,0,0
SA09/D05_SA09_R02.csv,SA09,D,D05,0,0,0,0,0,0
SA09/D05_SA09_R03.csv,SA09,D,D05,0,0,0,0,0,0
SA09/D05_SA09_R04.csv,SA09,D,D05,0,0,0,0,0,0
SA09/D05_SA09_R05.csv,SA09,D,D05,0,0,0,0,0,0
SA09/D06_SA09_R01.csv,SA09,D,D06,1,0,1,0,0,1
SA09/D06_SA09_R02.csv,SA09,D,D06,1,0,0,0,0,1
SA09/D06_SA09_R03.csv,SA09,D,D06,1,0,1,0,0,1
SA09/D06_SA09_R04.csv,SA09,D,D06,1,0,1,0,0,1
SA09/D06_SA09_R05.csv,SA09,D,D06,1,0,0,0,0,1
SA09/D07_SA09_R01.csv,SA09,D,D07,0,0,0,0,0,0
SA09/D07_SA09_R02.csv,SA09,D,D07,0,0,0,0,0,0
SA09/D07_SA09_R03.csv,SA09,D,D07,0,0,0,0,0,0
SA09/D07_SA09_R04.csv,SA09,D,D07,0,0,0,0,0,0
SA09/D07_SA09_R05.csv,SA09,D,D07,0,0,0,0,0,0
SA09/D08_SA09_R01.csv,SA09,D,D08,0,0,0,0,0,0
SA09/D08_SA09_R02.csv,SA09,D,D08,0,0,0,0,0,0
SA09/D08_SA09_R03.csv,SA09,D,D08,0,0,0,0,0,0
SA09/D08_SA09_R04.csv,SA09,D,D08,0,0,0,0,0,0
SA09/D08_SA09_R05.csv,SA09,D,D08,0,0,0,0,0,0
SA09/D09_SA09_R01.csv,SA09,D,D09,0,0,0,0,0,0
SA09/D09_SA09_R02.csv,SA09,D,D09,0,0,0,0,0,0
SA09/D09_SA09_R03.csv,SA09,D,D09,0,0,0,0,0,0
SA09/D09_SA09_R04.csv,SA09,D,D09,0,0,0,0,0,0
SA09/D09_SA09_R05.csv,SA09,D,D09,0,0,0,0,0,0
SA09/D10_SA09_R01.csv,SA09,D,D10,0,0,0,0,0,0
SA09/D10_SA09_R02.csv,SA09,D,D10,0,0,0,0,0,0
SA09/D10_SA09_R03.csv,SA09,D,D10,0,0,0,0,0,0
SA09/D10_SA09_R04.csv,SA09,D,D10,0,0,1,0,0,0
SA09/D10_SA09_R05.csv,SA09,D,D10,0,0,0,0,0,0
SA09/D11_SA09_R01.csv,SA09,D,D11,0,0,0,0,1,1
SA09/D11_SA09_R02.csv,SA09,D,D11,0,0,0,0,1,1
SA09/D11_SA09_R03.csv,SA09,D,D11,0,0,0,0,1,1
SA09/D11_SA09_R04.csv,SA09,D,D11,0,0,0,0,1,1
SA09/D11_SA09_R05.csv,SA09,D,D11,0,0,0,0,1,1
SA09/D12_SA09_R01.csv,SA09,D,D12,0,0,0,0,0,0
SA09/D12_SA09_R02.csv,SA09,D,D12,0,0,0,0,0,0
SA09/D12_SA09_R03.csv,SA09,D,D12,0,0,0,0,0,0
SA09/D12_SA09_R04.csv,SA09,D,D12,0,0,0,0,0,0
SA09/D12_SA09_R05.csv,SA09,D,D12,0,0,0,0,0,0
SA09/D13_SA09_R01.csv,SA09,D,D13,0,0,0,0,0,0
SA09/D13_SA09_R02.csv,SA09,D,D13,0,0,0,0,0,0
SA09/D13_SA09_R03.csv,SA09,D,D13,0,0,0,0,0,0
SA09/D13_SA09_R04.csv,SA09,D,D13,0,0,0,0,0,0
SA09/D13_SA09_R05.csv,SA09,D,D13,0,0,0,0,0,0
SA09/D14_SA09_R01.csv,SA09,D,D14,0,0,0,0,0,0
SA09/D14_SA09_R02.csv,SA09,D,D14,0,0,0,0,0,0
SA09/D14_SA09_R03.csv,SA09,D,D14,0,0,0,0,0,0
SA09/D14_SA09_R04.csv,SA09,D,D14,0,0,0,0,0,0
SA09/D14_SA09_R05.csv,SA09,D,D14,0,0,0,0,0,0
SA09/D15_SA09_R01.csv,SA09,D,D15,0,0,0,0,0,0
SA09/D15_SA09_R02.csv,SA09,D,D15,0,0,0,0,0,0
SA09/D15_SA09_R03.csv,SA09,D,D15,0,0,0,0,0,0
SA09/D15_SA09_R04.csv,SA09,D,D15,0,0,0,0,0,0
SA09/D15_SA09_R05.csv,SA09,D,D15,0,0,0,0,0,0
SA09/D16_SA09_R01.csv,SA09,D,D16,0,0,0,0,0,0
SA09/D16_SA09_R02.csv,SA09,D,D16,0,0,0,0,0,0
SA09/D16_SA09_R03.csv,SA09,D,D16,0,0,0,0,0,0
SA09/D16_SA09_R04.csv,SA09,D,D16,0,0,0,0,0,0
SA09/D16_SA09_R05.csv,SA09,D,D16,0,0,0,0,0,0
SA09/D17_SA09_R01.csv,SA09,D,D17,0,0,0,0,0,0
SA09/D17_SA09_R02.csv,SA09,D,D17,0,0,0,0,0,0
SA09/D17_SA09_R03.csv,SA09,D,D17,0,0,0,0,0,0
SA09/D17_SA09_R04.csv,SA09,D,D17,0,0,0,0,0,0
SA09/D17_SA09_R05.csv,SA09,D,D17,0,0,0,0,0,0
SA09/D18_SA09_R01.csv,SA09,D,D18,1,0,0,0,1,1
SA09/D18_SA09_R02.csv,SA09,D,D18,1,0,0,0,0,0
SA09/D18_SA09_R03.csv,SA09,D,D18,1,0,0,0,1,1
SA09/D18_SA09_R04.csv,SA09,D,D18,1,0,1,0,1,1
SA09/D18_SA09_R05.csv,SA09,D,D18,0,0,0,0,1,1
SA09/D19_SA09_R01.csv,SA09,D,D19,0,0,0,0,1,1
SA09/D19_SA09_R02.csv,SA09,D,D19,0,0,1,0,1,1
SA09/D19_SA09_R03.csv,SA09,D,D19,1,0,0,0,1,1
SA09/D19_SA09_R04.csv,SA09,D,D19,0,0,0,0,1,1
SA09/D19_SA09_R05.csv,SA09,D,D19,0,0,0,0,1,1
SA09/F01_SA09_R01.csv,SA09,F,F01,0,1,0,1,1,1
SA09/F01_SA09_R02.csv,SA09,F,F01,1,1,0,1,1,1
SA09/F01_SA09_R03.csv,SA09,F,F01,1,1,1,1,0,0
SA09/F01_SA09_R04.csv,SA09,F,F01,1,1,0,0,1,1
SA09/F01_SA09_R05.csv,SA09,F,F01,0,1,0,0,1,1
SA09/F02_SA09_R01.csv,SA09,F,F02,0,1,0,0,1,1
SA09/F02_SA09_R02.csv,SA09,F,F02,0,1,0,1,1,1
SA09/F02_SA09_R03.csv,SA09,F,F02,1,1,0,0,1,1
SA09/F02_SA09_R04.csv,SA09,F,F02,1,1,0,0,1,1
SA09/F02_SA09_R05.csv,SA09,F,F02,1,1,0,0,1,1
SA09/F03_SA09_R01.csv,SA09,F,F03,1,1,0,1,0,1
SA09/F03_SA09_R02.csv,SA09,F,F03,1,1,1,0,1,1
SA09/F03_SA09_R03.csv,SA09,F,F03,1,1,1,1,1,1
SA09/F03_SA09_R04.csv,SA09,F,F03,1,1,0,1,1,1
SA09/F03_SA09_R05.csv,SA09,F,F03,1,1,0,1,1,1
SA09/F04_SA09_R01.csv,SA09,F,F04,1,1,1,1,0,0
SA09/F04_SA09_R02.csv,SA09,F,F04,1,1,1,1,1,1
SA09/F04_SA09_R03.csv,SA09,F,F04,1,1,0,1,1,1
SA09/F04_SA09_R04.csv,SA09,F,F04,1,1,1,1,1,1
SA09/F04_SA09_R05.csv,SA09,F,F04,1,1,0,1,1,1
SA09/F05_SA09_R01.csv,SA09,F,F05,1,1,0,0,1,1
SA09/F05_SA09_R02.csv,SA09,F,F05,1,1,1,0,0,1
SA09/F05_SA09_R03.csv,SA09,F,F05,1,1,0,1,0,1
SA09/F05_SA09_R04.csv,SA09,F,F05,1,1,0,1,0,1
SA09/F05_SA09_R05.csv,SA09,F,F05,1,1,0,0,1,1
SA09/F06_SA09_R01.csv,SA09,F,F06,1,1,0,0,1,1
SA09/F06_SA09_R02.csv,SA09,F,F06,0,1,1,1,1,1
SA09/F06_SA09_R03.csv,SA09,F,F06,1,1,1,1,1,1
SA09/F06_SA09_R04.csv,SA09,F,F06,1,1,0,1,1,1
SA09/F06_SA09_R05.csv,SA09,F,F06,0,1,0,1,0,0
SA09/F07_SA09_R01.csv,SA09,F,F07,0,1,0,0,1,1
SA09/F07_SA09_R02.csv,SA09,F,F07,1,1,0,0,1,1
SA09/F07_SA09_R03.csv,SA09,F,F07,0,1,0,1,1,1
SA09/F07_SA09_R04.csv,SA09,F,F07,1,1,0,0,1,1
SA09/F07_SA09_R05.csv,SA09,F,F07,1,1,0,1,1,1
SA09/F08_SA09_R01.csv,SA09,F,F08,0,1,0,1,1,1
SA09/F08_SA09_R02.csv,SA09,F,F08,1,1,0,1,1,1
SA09/F08_SA09_R03.csv,SA09,F,F08,1,1,0,1,1,1
SA09/F08_SA09_R04.csv,SA09,F,F08,1,1,0,1,1,1
SA09/F08_SA09_R05.csv,SA09,F,F08,0,1,0,0,0,0
SA09/F09_SA09_R01.csv,SA09,F,F09,1,1,0,1,1,1
SA09/F09_SA09_R02.csv,SA09,F,F09,1,1,0,1,1,1
SA09/F09_SA09_R03.csv,SA09,F,F09,1,1,0,1,1,1
SA09/F09_SA09_R04.csv,SA09,F,F09,1,1,0,1,1,1
SA09/F09_SA09_R05.csv,SA09,F,F09,1,1,0,1,1,1
SA09/F10_SA09_R01.csv,SA09,F,F10,1,1,0,0,1,1
SA09/F10_SA09_R02.csv,SA09,F,F10,1,1,0,1,0,0
SA09/F10_SA09_R03.csv,SA09,F,F10,1,1,0,0,1,1
SA09/F10_SA09_R04.csv,SA09,F,F10,1,1,0,0,0,0
SA09/F10_SA09_R05.csv,SA09,F,F10,0,1,0,1,1,1
SA09/F11_SA09_R01.csv,SA09,F,F11,1,1,0,1,1,1
SA09/F11_SA09_R02.csv,SA09,F,F11,1,1,0,0,0,0
SA09/F11_SA09_R03.csv,SA09,F,F11,1,1,0,1,1,1
SA09/F11_SA09_R04.csv,SA09,F,F11,1,1,0,1,1,1
SA09/F11_SA09_R05.csv,SA09,F,F11,0,1,0,1,1,1
SA09/F12_SA09_R01.csv,SA09,F,F12,1,1,1,1,1,1
SA09/F12_SA09_R02.csv,SA09,F,F12,0,0,0,1,1,1
SA09/F12_SA09_R03.csv,SA09,F,F12,0,1,0,1,1,1
SA09/F12_SA09_R04.csv,SA09,F,F12,0,1,1,1,1,1
SA09/F12_SA09_R05.csv,SA09,F,F12,0,1,1,1,1,1
SA09/F13_SA09_R01.csv,SA09,F,F13,0,1,0,1,1,1
SA09/F13_SA09_R02.csv,SA09,F,F13,0,1,0,0,0,0
SA09/F13_SA09_R03.csv,SA09,F,F13,0,1,0,1,0,0
SA09/F13_SA09_R04.csv,SA09,F,F13,0,1,0,0,0,0
SA09/F13_SA09_R05.csv,SA09,F,F13,0,1,0,1,1,1
SA09/F14_SA09_R01.csv,SA09,F,F14,0,0,0,1,0,0
SA09/F14_SA09_R02.csv,SA09,F,F14,1,1,0,1,1,1
SA09/F14_SA09_R03.csv,SA09,F,F14,1,1,1,1,1,1
SA09/F14_SA09_R04.csv,SA09,F,F14,1,1,0,1,1,1
SA09/F14_SA09_R05.csv,SA09,F,F14,1,1,0,0,1,1
SA09/F15_SA09_R01.csv,SA09,F,F15,0,1,1,1,1,1
SA09/F15_SA09_R02.csv,SA09,F,F15,1,1,0,0,1,1
SA09/F15_SA09_R03.csv,SA09,F,F15,1,1,0,0,1,1
SA09/F15_SA09_R04.csv,SA09,F,F15,1,1,0,0,0,0
SA09/F15_SA09_R05.csv,SA09,F,F15,1,1,0,1,1,1
SA10/D01_SA10_R01.csv,SA10,D,D01,0,0,0,0,0,0
SA10/D02_SA10_R01.csv,SA10,D,D02,0,0,0,0,0,0
SA10/D03_SA10_R01.csv,SA10,D,D03,1,0,0,0,0,1
SA10/D04_SA10_R01.csv,SA10,D,D04,1,0,0,0,0,1
SA10/D05_SA10_R01.csv,SA10,D,D05,0,0,0,0,0,0
SA10/D05_SA10_R02.csv,SA10,D,D05,0,0,0,0,0,0
SA10/D05_SA10_R03.csv,SA10,D,D05,0,0,0,0,0,0
SA10/D05_SA10_R04.csv,SA10,D,D05,0,0,0,0,0,0
SA10/D05_SA10_R05.csv,SA10,D,D05,0,0,0,0,0,0
SA10/D06_SA10_R01.csv,SA10,D,D06,1,0,0,0,0,1
SA10/D06_SA10_R02.csv,SA10,D,D06,1,0,0,0,1,1
SA10/D06_SA10_R03.csv,SA10,D,D06,1,0,0,0,1,1
SA10/D06_SA10_R04.csv,SA10,D,D06,1,0,0,0,0,1
SA10/D06_SA10_R05.csv,SA10,D,D06,1,0,0,0,1,1
SA10/D07_SA10_R01.csv,SA10,D,D07,0,0,0,0,0,0
SA10/D07_SA10_R02.csv,SA10,D,D07,0,0,0,0,0,0
SA10/D07_SA10_R03.csv,SA10,D,D07,0,0,0,0,0,0
SA10/D07_SA10_R04.csv,SA10,D,D07,0,0,0,0,0,0
SA10/D07_SA10_R05.csv,SA10,D,D07,0,0,0,0,0,0
SA10/D08_SA10_R01.csv,SA10,D,D08,0,0,0,0,0,0
SA10/D08_SA10_R02.csv,SA10,D,D08,0,0,0,0,0,0
SA10/D08_SA10_R03.csv,SA10,D,D08,0,0,1,0,0,0
SA10/D08_SA10_R04.csv,SA10,D,D08,0,0,0,0,0,0
SA10/D08_SA10_R05.csv,SA10,D,D08,0,0,0,0,0,0
SA10/D09_SA10_R01.csv,SA10,D,D09,0,0,0,0,0,0
SA10/D09_SA10_R02.csv,SA10,D,D09,0,0,1,0,0,0
SA10/D09_SA10_R03.csv,SA10,D,D09,0,0,0,0,0,0
SA10/D09_SA10_R04.csv,SA10,D,D09,0,0,0,0,0,0
SA10/D09_SA10_R05.csv,SA10,D,D09,0,0,0,0,0,0
SA10/D10_SA10_R01.csv,SA10,D,D10,0,0,0,0,0,0
SA10/D10_SA10_R02.csv,SA10,D,D10,0,0,0,0,0,0
SA10/D10_SA10_R03.csv,SA10,D,D10,0,0,0,0,0,0
SA10/D10_SA10_R04.csv,SA10,D,D10,0,0,0,0,0,0
SA10/D10_SA10_R05.csv,SA10,D,D10,0,0,0,0,0,0
SA10/D11_SA10_R01.csv,SA10,D,D11,0,0,1,0,0,0
SA10/D11_SA10_R02.csv,SA10,D,D11,1,0,0,0,0,0
SA10/D11_SA10_R03.csv,SA10,D,D11,1,0,0,0,0,0
SA10/D11_SA10_R04.csv,SA10,D,D11,1,0,0,0,0,0
SA10/D11_SA10_R05.csv,SA10,D,D11,0,0,1,0,0,0
SA10/D12_SA10_R01.csv,SA10,D,D12,0,0,0,0,0,0
SA10/D12_SA10_R02.csv,SA10,D,D12,0,0,0,0,0,0
SA10/D12_SA10_R03.csv,SA10,D,D12,0,0,0,0,0,0
SA10/D12_SA10_R04.csv,SA10,D,D12,0,0,0,0,0,0
SA10/D12_SA10_R05.csv,SA10,D,D12,0,0,0,0,0,0
SA10/D13_SA10_R01.csv,SA10,D,D13,0,0,0,0,0,0
SA10/D13_SA10_R02.csv,SA10,D,D13,0,0,0,0,0,0
SA10/D13_SA10_R03.csv,SA10,D,D13,0,0,0,0,0,0
SA10/D13_SA10_R04.csv,SA10,D,D13,0,0,0,0,0,0
SA10/D13_SA10_R05.csv,SA10,D,D13,0,0,0,0,0,0
SA10/D14_SA10_R01.csv,SA10,D,D14,0,0,0,0,0,0
SA10/D14_SA10_R02.csv,SA10,D,D14,0,0,0,0,0,0
SA10/D14_SA10_R03.csv,SA10,D,D14,0,0,0,0,0,0
SA10/D14_SA10_R04.csv,SA10,D,D14,0,0,0,0,0,0
SA10/D14_SA10_R05.csv,SA10,D,D14,0,0,0,0,0,0
SA10/D15_SA10_R01.csv,SA10,D,D15,0,0,0,0,0,0
SA10/D15_SA10_R02.csv,SA10,D,D15,0,0,0,0,0,0
SA10/D15_SA10_R03.csv,SA10,D,D15,0,0,0,0,0,0
SA10/D15_SA10_R04.csv,SA10,D,D15,0,0,0,0,0,0
SA10/D15_SA10_R05.csv,SA10,D,D15,0,0,0,0,0,0
SA10/D16_SA10_R01.csv,SA10,D,D16,0,0,0,0,0,0
SA10/D16_SA10_R02.csv,SA10,D,D16,0,0,0,0,0,0
SA10/D16_SA10_R03.csv,SA10,D,D16,0,0,0,0,0,0
SA10/D16_SA10_R04.csv,SA10,D,D16,0,0,0,0,0,0
SA10/D16_SA10_R05.csv,SA10,D,D16,0,0,0,0,0,0
SA10/D17_SA10_R01.csv,SA10,D,D17,0,0,0,0,0,0
SA10/D17_SA10_R02.csv,SA10,D,D17,0,0,0,0,0,0
SA10/D17_SA10_R03.csv,SA10,D,D17,0,0,0,0,0,0
SA10/D17_SA10_R04.csv,SA10,D,D17,0,0,0,0,0,0
SA10/D17_SA10_R05.csv,SA10,D,D17,0,0,0,0,0,0
SA10/D18_SA10_R01.csv,SA10,D,D18,1,0,0,0,1,1
SA10/D18_SA10_R02.csv,SA10,D,D18,1,0,0,0,1,1
SA10/D18_SA10_R03.csv,SA10,D,D18,1,0,0,0,1,1
SA10/D18_SA10_R04.csv,SA10,D,D18,1,0,0,0,0,0
SA10/D18_SA10_R05.csv,SA10,D,D18,0,0,0,0,1,1
SA10/D19_SA10_R01.csv,SA10,D,D19,1,0,1,0,0,0
SA10/D19_SA10_R02.csv,SA10,D,D19,1,0,0,0,0,1
SA10/D19_SA10_R03.csv,SA10,D,D19,1,0,0,0,0,0
SA10/D19_SA10_R04.csv,SA10,D,D19,1,0,0,0,0,1
SA10/D19_SA10_R05.csv,SA10,D,D19,1,0,0,0,1,1
SA10/F01_SA10_R01.csv,SA10,F,F01,1,1,1,1,1,1
SA10/F01_SA10_R02.csv,SA10,F,F01,0,1,0,0,1,1
SA10/F01_SA10_R03.csv,SA10,F,F01,0,1,0,0,1,1
SA10/F01_SA10_R04.csv,SA10,F,F01,1,1,0,1,1,1
SA10/F01_SA10_R05.csv,SA10,F,F01,1,1,0,0,1,1
SA10/F02_SA10_R01.csv,SA10,F,F02,1,1,0,0,1,1
SA10/F02_SA10_R02.csv,SA10,F,F02,1,1,0,1,1,1
SA10/F02_SA10_R03.csv,SA10,F,F02,1,1,0,0,1,1
SA10/F02_SA10_R04.csv,SA10,F,F02,0,1,0,0,1,1
SA10/F02_SA10_R05.csv,SA10,F,F02,1,1,0,1,1,1
SA10/F03_SA10_R01.csv,SA10,F,F03,1,1,0,0,1,1
SA10/F03_SA10_R02.csv,SA10,F,F03,1,1,1,0,1,1
SA10/F03_SA10_R03.csv,SA10,F,F03,1,1,1,0,1,1
SA10/F03_SA10_R04.csv,SA10,F,F03,1,1,0,0,1,1
SA10/F03_SA10_R05.csv,SA10,F,F03,1,1,0,0,1,1
SA10/F04_SA10_R01.csv,SA10,F,F04,1,1,1,0,1,1
SA10/F04_SA10_R02.csv,SA10,F,F04,0,1,1,0,0,1
SA10/F04_SA10_R03.csv,SA10,F,F04,1,1,0,1,1,1
SA10/F04_SA10_R04.csv,SA10,F,F04,0,1,0,0,1,1
SA10/F04_SA10_R05.csv,SA10,F,F04,1,1,0,0,1,1
SA10/F05_SA10_R01.csv,SA10,F,F05,1,1,0,0,0,1
SA10/F05_SA10_R02.csv,SA10,F,F05,1,1,0,0,0,1
SA10/F05_SA10_R03.csv,SA10,F,F05,1,1,0,0,0,1
SA10/F05_SA10_R04.csv,SA10,F,F05,1,1,0,0,1,1
SA10/F05_SA10_R05.csv,SA10,F,F05,1,1,0,0,1,1
SA10/F06_SA10_R01.csv,SA10,F,F06,1,1,1,1,1,1
SA10/F06_SA10_R02.csv,SA10,F,F06,1,1,0,0,1,1
SA10/F06_SA10_R03.csv,SA10,F,F06,1,1,0,0,1,1
SA10/F06_SA10_R04.csv,SA10,F,F06,1,1,0,1,1,1
SA10/F06_SA10_R05.csv,SA10,F,F06,1,1,0,1,0,0
SA10/F07_SA10_R01.csv,SA10,F,F07,0,1,0,1,1,1
SA10/F07_SA10_R02.csv,SA10,F,F07,1,1,1,1,1,1
SA10/F07_SA10_R03.csv,SA10,F,F07,0,0,0,1,1,1
SA10/F07_SA10_R04.csv,SA10,F,F07,1,1,0,0,1,1
SA10/F07_SA10_R05.csv,SA10,F,F07,0,1,0,0,1,1
SA10/F08_SA10_R01.csv,SA10,F,F08,0,1,0,0,1,1
SA10/F08_SA10_R02.csv,SA10,F,F08,1,1,0,0,1,1
SA10/F08_SA10_R03.csv,SA10,F,F08,1,1,0,0,1,1
SA10/F08_SA10_R04.csv,SA10,F,F08,0,1,0,0,1,1
SA10/F08_SA10_R05.csv,SA10,F,F08,1,1,0,0,0,0
SA10/F09_SA10_R01.csv,SA10,F,F09,0,1,0,0,1,1
SA10/F09_SA10_R02.csv,SA10,F,F09,1,1,1,0,1,1
SA10/F09_SA10_R03.csv,SA10,F,F09,1,1,0,0,1,1
SA10/F09_SA10_R04.csv,SA10,F,F09,1,1,0,0,1,1
SA10/F09_SA10_R05.csv,SA10,F,F09,0,1,0,0,0,0
SA10/F10_SA10_R01.csv,SA10,F,F10,1,1,1,0,1,1
SA10/F10_SA10_R02.csv,SA10,F,F10,0,1,0,0,0,0
SA10/F10_SA10_R03.csv,SA10,F,F10,1,1,0,1,1,1
SA10/F10_SA10_R04.csv,SA10,F,F10,1,1,0,0,1,1
SA10/F10_SA10_R05.csv,SA10,F,F10,0,0,0,0,0,0
SA10/F11_SA10_R01.csv,SA10,F,F11,1,1,0,0,0,0
SA10/F11_SA10_R02.csv,SA10,F,F11,0,1,0,0,0,0
SA10/F11_SA10_R03.csv,SA10,F,F11,0,1,0,0,1,1
SA10/F11_SA10_R04.csv,SA10,F,F11,1,1,0,0,1,1
SA10/F11_SA10_R05.csv,SA10,F,F11,0,1,0,0,1,1
SA10/F12_SA10_R01.csv,SA10,F,F12,1,0,0,0,0,0
SA10/F12_SA10_R02.csv,SA10,F,F12,1,1,0,1,1,1
SA10/F12_SA10_R03.csv,SA10,F,F12,0,1,0,1,1,1
SA10/F12_SA10_R04.csv,SA10,F,F12,0,0,0,0,1,1
SA10/F12_SA10_R05.csv,SA10,F,F12,1,1,0,1,1,1
SA10/F13_SA10_R01.csv,SA10,F,F13,0,1,0,1,1,1
SA10/F13_SA10_R02.csv,SA10,F,F13,1,1,0,0,1,1
SA10/F13_SA10_R03.csv,SA10,F,F13,1,1,0,0,1,1
SA10/F13_SA10_R04.csv,SA10,F,F13,0,1,0,1,1,1
SA10/F13_SA10_R05.csv,SA10,F,F13,0,1,0,0,0,0
SA10/F14_SA10_R01.csv,SA10,F,F14,1,1,0,1,1,1
SA10/F14_SA10_R02.csv,SA10,F,F14,1,1,0,0,1,1
SA10/F14_SA10_R03.csv,SA10,F,F14,1,1,0,1,1,1
SA10/F14_SA10_R04.csv,SA10,F,F14,1,1,0,1,1,1
SA10/F14_SA10_R05.csv,SA10,F,F14,1,1,1,1,1,1
SA10/F15_SA10_R01.csv,SA10,F,F15,0,1,0,1,1,1
SA10/F15_SA10_R02.csv,SA10,F,F15,0,1,0,0,0,0
SA10/F15_SA10_R03.csv,SA10,F,F15,0,1,0,0,0,0
SA10/F15_SA10_R04.csv,SA10,F,F15,1,1,0,0,0,0
SA10/F15_SA10_R05.csv,SA10,F,F15,1,0,0,1,1,1
SA11/D01_SA11_R01.csv,SA11,D,D01,0,0,0,0,0,0
SA11/D02_SA11_R01.csv,SA11,D,D02,0,0,0,0,0,0
SA11/D03_SA11_R01.csv,SA11,D,D03,1,0,0,0,0,0
SA11/D04_SA11_R01.csv,SA11,D,D04,1,0,0,0,0,1
SA11/D05_SA11_R01.csv,SA11,D,D05,0,0,0,0,0,0
SA11/D05_SA11_R02.csv,SA11,D,D05,0,0,0,0,0,0
SA11/D05_SA11_R03.csv,SA11,D,D05,0,0,0,0,0,0
SA11/D05_SA11_R04.csv,SA11,D,D05,0,0,0,0,0,0
SA11/D05_SA11_R05.csv,SA11,D,D05,0,0,0,0,0,0
SA11/D06_SA11_R01.csv,SA11,D,D06,1,0,0,0,0,1
SA11/D06_SA11_R02.csv,SA11,D,D06,1,0,1,0,0,1
SA11/D06_SA11_R03.csv,SA11,D,D06,1,0,0,0,0,1
SA11/D06_SA11_R04.csv,SA11,D,D06,1,0,1,0,1,1
SA11/D06_SA11_R05.csv,SA11,D,D06,1,0,0,0,0,1
SA11/D07_SA11_R01.csv,SA11,D,D07,0,0,0,0,0,0
SA11/D07_SA11_R02.csv,SA11,D,D07,0,0,0,0,0,0
SA11/D07_SA11_R03.csv,SA11,D,D07,0,0,0,0,0,0
SA11/D07_SA11_R04.csv,SA11,D,D07,0,0,0,0,0,0
SA11/D07_SA11_R05.csv,SA11,D,D07,0,0,0,0,0,0
SA11/D08_SA11_R01.csv,SA11,D,D08,0,0,0,0,0,0
SA11/D08_SA11_R02.csv,SA11,D,D08,0,0,1,0,0,0
SA11/D08_SA11_R03.csv,SA11,D,D08,0,0,0,0,0,0
SA11/D08_SA11_R04.csv,SA11,D,D08,0,0,0,0,0,0
SA11/D08_SA11_R05.csv,SA11,D,D08,0,0,0,0,0,0
SA11/D09_SA11_R01.csv,SA11,D,D09,0,0,0,0,0,0
SA11/D09_SA11_R02.csv,SA11,D,D09,0,0,0,0,0,0
SA11/D09_SA11_R03.csv,SA11,D,D09,0,0,0,0,0,0
SA11/D09_SA11_R04.csv,SA11,D,D09,0,0,0,0,0,0
SA11/D09_SA11_R05.csv,SA11,D,D09,0,0,0,0,0,0
SA11/D10_SA11_R01.csv,SA11,D,D10,0,0,0,0,0,0
SA11/D10_SA11_R02.csv,SA11,D,D10,0,0,0,0,0,0
SA11/D10_SA11_R03.csv,SA11,D,D10,0,0,0,0,0,0
SA11/D10_SA11_R04.csv,SA11,D,D10,0,0,0,0,0,0
SA11/D10_SA11_R05.csv,SA11,D,D10,0,0,0,0,0,0
SA11/D11_SA11_R01.csv,SA11,D,D11,0,0,0,0,0,0
SA11/D11_SA11_R02.csv,SA11,D,D11,0,0,0,0,0,0
SA11/D11_SA11_R03.csv,SA11,D,D11,0,0,0,0,0,0
SA11/D11_SA11_R04.csv,SA11,D,D11,0,0,0,0,0,0
SA11/D11_SA11_R05.csv,SA11,D,D11,0,0,0,0,0,0
SA11/D12_SA11_R01.csv,SA11,D,D12,0,0,0,0,0,0
SA11/D12_SA11_R02.csv,SA11,D,D12,0,0,0,0,0,0
SA11/D12_SA11_R03.csv,SA11,D,D12,0,0,0,0,0,0
SA11/D12_SA11_R04.csv,SA11,D,D12,0,0,0,0,0,0
SA11/D12_SA11_R05.csv,SA11,D,D12,0,0,0,0,0,0
SA11/D13_SA11_R01.csv,SA11,D,D13,0,0,0,0,0,0
SA11/D13_SA11_R02.csv,SA11,D,D13,0,0,0,0,0,0
SA11/D13_SA11_R03.csv,SA11,D,D13,0,0,0,0,0,0
SA11/D13_SA11_R04.csv,SA11,D,D13,0,0,0,0,0,0
SA11/D13_SA11_R05.csv,SA11,D,D13,0,0,0,0,0,0
SA11/D14_SA11_R01.csv,SA11,D,D14,0,1,0,0,0,0
SA11/D14_SA11_R02.csv,SA11,D,D14,0,0,0,0,0,0
SA11/D14_SA11_R03.csv,SA11,D,D14,0,1,1,0,0,0
SA11/D14_SA11_R04.csv,SA11,D,D14,0,0,0,0,0,0
SA11/D14_SA11_R05.csv,SA11,D,D14,1,1,0,1,1,1
SA11/D15_SA11_R01.csv,SA11,D,D15,0,0,0,0,0,0
SA11/D15_SA11_R02.csv,SA11,D,D15,0,0,0,0,0,0
SA11/D15_SA11_R03.csv,SA11,D,D15,0,0,0,0,0,0
SA11/D15_SA11_R04.csv,SA11,D,D15,0,0,0,0,0,0
SA11/D15_SA11_R05.csv,SA11,D,D15,0,0,0,0,0,0
SA11/D16_SA11_R01.csv,SA11,D,D16,0,0,0,0,0,0
SA11/D16_SA11_R02.csv,SA11,D,D16,0,0,0,0,0,0
SA11/D16_SA11_R03.csv,SA11,D,D16,0,0,0,0,0,0
SA11/D16_SA11_R04.csv,SA11,D,D16,0,0,0,0,0,0
SA11/D16_SA11_R05.csv,SA11,D,D16,0,0,0,0,0,0
SA11/D17_SA11_R01.csv,SA11,D,D17,0,0,0,0,0,0
SA11/D17_SA11_R02.csv,SA11,D,D17,0,0,0,0,0,0
SA11/D17_SA11_R03.csv,SA11,D,D17,0,0,0,0,0,0
SA11/D17_SA11_R04.csv,SA11,D,D17,0,0,0,0,0,0
SA11/D17_SA11_R05.csv,SA11,D,D17,0,0,0,0,0,0
SA11/D18_SA11_R01.csv,SA11,D,D18,0,1,0,0,1,1
SA11/D18_SA11_R02.csv,SA11,D,D18,1,0,0,0,0,0
SA11/D18_SA11_R03.csv,SA11,D,D18,1,0,0,0,1,1
SA11/D18_SA11_R04.csv,SA11,D,D18,0,0,1,0,0,0
SA11/D18_SA11_R05.csv,SA11,D,D18,0,1,0,0,0,0
SA11/D19_SA11_R01.csv,SA11,D,D19,1,0,0,0,0,0
SA11/D19_SA11_R02.csv,SA11,D,D19,1,0,1,0,1,1
SA11/D19_SA11_R03.csv,SA11,D,D19,1,0,0,0,1,1
SA11/D19_SA11_R04.csv,SA11,D,D19,1,0,0,0,1,1
SA11/D19_SA11_R05.csv,SA11,D,D19,1,0,0,0,0,0
SA11/F01_SA11_R01.csv,SA11,F,F01,1,1,0,1,1,1
SA11/F01_SA11_R02.csv,SA11,F,F01,0,1,0,1,0,0
SA11/F01_SA11_R03.csv,SA11,F,F01,0,1,1,1,0,1
SA11/F01_SA11_R04.csv,SA11,F,F01,1,1,1,1,1,1
SA11/F01_SA11_R05.csv,SA11,F,F01,1,1,0,0,1,1
SA11/F02_SA11_R01.csv,SA11,F,F02,1,0,0,0,1,1
SA11/F02_SA11_R02.csv,SA11,F,F02,0,0,0,0,1,1
SA11/F02_SA11_R03.csv,SA11,F,F02,1,1,0,0,1,1
SA11/F02_SA11_R04.csv,SA11,F,F02,0,1,0,1,1,1
SA11/F02_SA11_R05.csv,SA11,F,F02,1,0,0,0,1,1
SA11/F03_SA11_R01.csv,SA11,F,F03,1,1,0,1,1,1
SA11/F03_SA11_R02.csv,SA11,F,F03,1,1,0,1,1,1
SA11/F03_SA11_R03.csv,SA11,F,F03,1,1,0,1,1,1
SA11/F03_SA11_R04.csv,SA11,F,F03,0,1,0,1,0,1
SA11/F03_SA11_R05.csv,SA11,F,F03,1,1,0,1,1,1
SA11/F04_SA11_R01.csv,SA11,F,F04,1,1,0,1,0,0
SA11/F04_SA11_R02.csv,SA11,F,F04,1,1,1,1,0,0
SA11/F04_SA11_R03.csv,SA11,F,F04,1,1,0,1,1,1
SA11/F04_SA11_R04.csv,SA11,F,F04,1,1,0,1,1,1
SA11/F04_SA11_R05.csv,SA11,F,F04,1,1,1,1,1,1
SA11/F05_SA11_R01.csv,SA11,F,F05,1,1,0,0,0,0
SA11/F05_SA11_R02.csv,SA11,F,F05,1,1,0,1,0,0
SA11/F05_SA11_R03.csv,SA11,F,F05,1,1,0,1,0,0
SA11/F05_SA11_R04.csv,SA11,F,F05,1,1,1,1,0,0
SA11/F05_SA11_R05.csv,SA11,F,F05,1,1,0,1,0,0
SA11/F06_SA11_R01.csv,SA11,F,F06,0,1,0,1,0,0
SA11/F06_SA11_R02.csv,SA11,F,F06,1,1,0,1,0,0
SA11/F06_SA11_R03.csv,SA11,F,F06,1,1,0,1,1,1
SA11/F06_SA11_R04.csv,SA11,F,F06,1,1,0,1,1,1
SA11/F06_SA11_R05.csv,SA11,F,F06,1,1,0,1,1,1
SA11/F07_SA11_R01.csv,SA11,F,F07,1,1,1,1,0,0
SA11/F07_SA11_R02.csv,SA11,F,F07,0,1,0,1,1,1
SA11/F07_SA11_R03.csv,SA11,F,F07,0,1,0,1,1,1
SA11/F07_SA11_R04.csv,SA11,F,F07,1,0,0,0,0,0
SA11/F07_SA11_R05.csv,SA11,F,F07,1,1,1,1,1,1
SA11/F08_SA11_R01.csv,SA11,F,F08,1,1,0,1,1,1
SA11/F08_SA11_R02.csv,SA11,F,F08,1,1,0,1,1,1
SA11/F08_SA11_R03.csv,SA11,F,F08,1,1,0,1,1,1
SA11/F08_SA11_R04.csv,SA11,F,F08,1,1,1,0,1,1
SA11/F08_SA11_R05.csv,SA11,F,F08,1,1,0,1,1,1
SA11/F09_SA11_R01.csv,SA11,F,F09,1,1,1,1,1,1
SA11/F09_SA11_R02.csv,SA11,F,F09,1,1,0,1,1,1
SA11/F09_SA11_R03.csv,SA11,F,F09,1,1,0,1,1,1
SA11/F09_SA11_R04.csv,SA11,F,F09,1,1,1,1,1,1
SA11/F09_SA11_R05.csv,SA11,F,F09,1,1,1,1,1,1
SA11/F10_SA11_R01.csv,SA11,F,F10,1,1,0,1,1,1
SA11/F10_SA11_R02.csv,SA11,F,F10,1,1,0,1,1,1
SA11/F10_SA11_R03.csv,SA11,F,F10,0,1,0,0,0,0
SA11/F10_SA11_R04.csv,SA11,F,F10,1,1,0,1,1,1
SA11/F10_SA11_R05.csv,SA11,F,F10,1,1,0,1,1,1
SA11/F11_SA11_R01.csv,SA11,F,F11,1,1,0,1,1,1
SA11/F11_SA11_R02.csv,SA11,F,F11,0,1,1,1,1,1
SA11/F11_SA11_R03.csv,SA11,F,F11,1,0,0,0,0,0
SA11/F11_SA11_R04.csv,SA11,F,F11,0,1,1,0,1,1
SA11/F11_SA11_R05.csv,SA11,F,F11,1,1,0,1,1,1
SA11/F12_SA11_R01.csv,SA11,F,F12,1,1,0,1,1,1
SA11/F12_SA11_R02.csv,SA11,F,F12,0,1,0,1,1,1
SA11/F12_SA11_R03.csv,SA11,F,F12,1,1,1,1,1,1
SA11/F12_SA11_R04.csv,SA11,F,F12,0,0,0,1,1,1
SA11/F12_SA11_R05.csv,SA11,F,F12,1,1,0,1,1,1
SA11/F13_SA11_R01.csv,SA11,F,F13,1,1,0,1,1,1
SA11/F13_SA11_R02.csv,SA11,F,F13,1,1,1,1,1,1
SA11/F13_SA11_R03.csv,SA11,F,F13,1,1,0,0,1,1
SA11/F13_SA11_R04.csv,SA11,F,F13,1,1,0,0,1,1
SA11/F13_SA11_R05.csv,SA11,F,F13,1,1,0,1,1,1
SA11/F14_SA11_R01.csv,SA11,F,F14,0,0,0,0,1,1
SA11/F14_SA11_R02.csv,SA11,F,F14,0,0,0,0,1,1
SA11/F14_SA11_R03.csv,SA11,F,F14,1,1,0,0,1,1
SA11/F14_SA11_R04.csv,SA11,F,F14,1,1,0,0,1,1
SA11/F14_SA11_R05.csv,SA11,F,F14,1,0,0,0,1,1
SA11/F15_SA11_R01.csv,SA11,F,F15,1,1,0,1,1,1
SA11/F15_SA11_R02.csv,SA11,F,F15,1,1,1,1,1,1
SA11/F15_SA11_R03.csv,SA11,F,F15,0,1,0,1,1,1
SA11/F15_SA11_R04.csv,SA11,F,F15,0,1,0,1,1,1
SA11/F15_SA11_R05.csv,SA11,F,F15,1,1,0,1,1,1
SA12/D01_SA12_R01.csv,SA12,D,D01,0,0,0,0,0,0
SA12/D02_SA12_R01.csv,SA12,D,D02,0,0,0,0,0,0
SA12/D03_SA12_R01.csv,SA12,D,D03,0,0,0,0,0,0
SA12/D04_SA12_R01.csv,SA12,D,D04,1,0,0,0,0,1
SA12/D05_SA12_R01.csv,SA12,D,D05,0,0,0,0,0,0
SA12/D05_SA12_R02.csv,SA12,D,D05,0,0,0,0,0,0
SA12/D05_SA12_R03.csv,SA12,D,D05,0,0,0,0,0,0
SA12/D05_SA12_R04.csv,SA12,D,D05,0,0,0,0,0,0
SA12/D05_SA12_R05.csv,SA12,D,D05,0,0,0,0,0,0
SA12/D06_SA12_R01.csv,SA12,D,D06,1,0,0,0,1,1
SA12/D06_SA12_R02.csv,SA12,D,D06,1,0,0,0,1,1
SA12/D06_SA12_R03.csv,SA12,D,D06,1,0,1,0,1,1
SA12/D06_SA12_R04.csv,SA12,D,D06,1,0,0,0,0,1
SA12/D06_SA12_R05.csv,SA12,D,D06,1,0,0,0,1,1
SA12/D07_SA12_R01.csv,SA12,D,D07,0,0,0,0,0,0
SA12/D07_SA12_R02.csv,SA12,D,D07,0,0,0,0,0,0
SA12/D07_SA12_R03.csv,SA12,D,D07,0,0,0,0,0,0
SA12/D07_SA12_R04.csv,SA12,D,D07,0,0,0,0,0,0
SA12/D07_SA12_R05.csv,SA12,D,D07,0,0,0,0,0,0
SA12/D08_SA12_R01.csv,SA12,D,D08,0,0,0,0,0,0
SA12/D08_SA12_R02.csv,SA12,D,D08,0,0,0,0,0,0
SA12/D08_SA12_R03.csv,SA12,D,D08,0,0,0,0,0,0
SA12/D08_SA12_R04.csv,SA12,D,D08,1,0,1,0,1,1
SA12/D08_SA12_R05.csv,SA12,D,D08,0,0,0,0,0,0
SA12/D09_SA12_R01.csv,SA12,D,D09,0,0,0,0,0,0
SA12/D09_SA12_R02.csv,SA12,D,D09,0,0,0,0,0,0
SA12/D09_SA12_R03.csv,SA12,D,D09,0,0,0,0,0,0
SA12/D09_SA12_R04.csv,SA12,D,D09,0,0,0,0,0,0
SA12/D09_SA12_R05.csv,SA12,D,D09,0,0,0,0,0,0
SA12/D10_SA12_R01.csv,SA12,D,D10,0,0,0,0,0,0
SA12/D10_SA12_R02.csv,SA12,D,D10,0,0,0,0,0,0
SA12/D10_SA12_R03.csv,SA12,D,D10,0,0,0,0,0,0
SA12/D10_SA12_R04.csv,SA12,D,D10,0,0,0,0,0,0
SA12/D10_SA12_R05.csv,SA12,D,D10,0,0,0,0,0,0
SA12/D11_SA12_R01.csv,SA12,D,D11,0,0,0,0,1,1
SA12/D11_SA12_R02.csv,SA12,D,D11,0,0,0,0,1,1
SA12/D11_SA12_R03.csv,SA12,D,D11,0,0,0,0,1,1
SA12/D11_SA12_R04.csv,SA12,D,D11,0,0,0,0,1,1
SA12/D11_SA12_R05.csv,SA12,D,D11,0,0,1,0,1,1
SA12/D12_SA12_R01.csv,SA12,D,D12,0,0,0,0,0,0
SA12/D12_SA12_R02.csv,SA12,D,D12,0,0,0,0,0,0
SA12/D12_SA12_R03.csv,SA12,D,D12,0,0,0,0,0,0
SA12/D12_SA12_R04.csv,SA12,D,D12,0,0,0,0,0,0
SA12/D12_SA12_R05.csv,SA12,D,D12,0,0,0,0,0,0
SA12/D13_SA12_R01.csv,SA12,D,D13,0,0,0,0,0,0
SA12/D13_SA12_R02.csv,SA12,D,D13,0,0,0,0,0,0
SA12/D13_SA12_R03.csv,SA12,D,D13,0,0,0,0,0,0
SA12/D13_SA12_R04.csv,SA12,D,D13,0,0,0,0,0,0
SA12/D13_SA12_R05.csv,SA12,D,D13,0,0,0,0,0,0
SA12/D14_SA12_R01.csv,SA12,D,D14,0,0,0,0,0,0
SA12/D14_SA12_R02.csv,SA12,D,D14,0,0,0,0,0,0
SA12/D14_SA12_R03.csv,SA12,D,D14,0,1,1,0,0,0
SA12/D14_SA12_R04.csv,SA12,D,D14,0,0,0,0,0,0
SA12/D14_SA12_R05.csv,SA12,D,D14,0,0,0,0,0,0
SA12/D15_SA12_R01.csv,SA12,D,D15,0,0,0,0,0,0
SA12/D15_SA12_R02.csv,SA12,D,D15,0,0,0,0,0,0
SA12/D15_SA12_R03.csv,SA12,D,D15,0,0,0,0,0,0
SA12/D15_SA12_R04.csv,SA12,D,D15,0,0,0,0,0,0
SA12/D15_SA12_R05.csv,SA12,D,D15,0,0,0,0,0,0
SA12/D16_SA12_R01.csv,SA12,D,D16,0,0,0,0,0,0
SA12/D16_SA12_R02.csv,SA12,D,D16,0,0,0,0,0,0
SA12/D16_SA12_R03.csv,SA12,D,D16,0,0,0,0,0,0
SA12/D16_SA12_R04.csv,SA12,D,D16,0,0,0,0,0,0
SA12/D16_SA12_R05.csv,SA12,D,D16,0,0,0,0,0,0
SA12/D17_SA12_R01.csv,SA12,D,D17,0,0,0,0,0,0
SA12/D17_SA12_R02.csv,SA12,D,D17,0,0,0,0,0,0
SA12/D17_SA12_R03.csv,SA12,D,D17,0,0,0,0,0,0
SA12/D17_SA12_R04.csv,SA12,D,D17,0,0,0,0,0,0
SA12/D17_SA12_R05.csv,SA12,D,D17,0,0,0,0,0,0
SA12/D18_SA12_R01.csv,SA12,D,D18,1,0,0,0,1,1
SA12/D18_SA12_R02.csv,SA12,D,D18,0,0,0,0,1,1
SA12/D18_SA12_R03.csv,SA12,D,D18,1,0,0,0,1,1
SA12/D18_SA12_R04.csv,SA12,D,D18,1,0,1,0,1,1
SA12/D18_SA12_R05.csv,SA12,D,D18,1,0,1,0,1,1
SA12/D19_SA12_R01.csv,SA12,D,D19,1,0,0,0,0,0
SA12/D19_SA12_R02.csv,SA12,D,D19,1,0,0,0,0,0
SA12/D19_SA12_R03.csv,SA12,D,D19,1,0,0,0,1,1
SA12/D19_SA12_R04.csv,SA12,D,D19,0,0,1,0,0,0
SA12/D19_SA12_R05.csv,SA12,D,D19,1,0,1,0,1,1
SA12/F01_SA12_R01.csv,SA12,F,F01,0,1,0,1,1,1
SA12/F01_SA12_R02.csv,SA12,F,F01,1,1,0,1,1,1
SA12/F01_SA12_R03.csv,SA12,F,F01,0,1,0,1,1,1
SA12/F01_SA12_R04.csv,SA12,F,F01,1,1,0,0,1,1
SA12/F01_SA12_R05.csv,SA12,F,F01,1,1,0,1,1,1
SA12/F02_SA12_R01.csv,SA12,F,F02,0,1,0,0,1,1
SA12/F02_SA12_R02.csv,SA12,F,F02,0,1,0,1,1,1
SA12/F02_SA12_R03.csv,SA12,F,F02,1,1,0,0,1,1
SA12/F02_SA12_R04.csv,SA12,F,F02,1,1,0,1,1,1
SA12/F02_SA12_R05.csv,SA12,F,F02,0,1,0,1,1,1
SA12/F03_SA12_R01.csv,SA12,F,F03,0,1,1,0,1,1
SA12/F03_SA12_R02.csv,SA12,F,F03,1,1,0,1,1,1
SA12/F03_SA12_R03.csv,SA12,F,F03,1,1,0,0,1,1
SA12/F03_SA12_R04.csv,SA12,F,F03,1,1,0,0,1,1
SA12/F03_SA12_R05.csv,SA12,F,F03,1,1,0,0,1,1
SA12/F04_SA12_R01.csv,SA12,F,F04,0,1,0,1,1,1
SA12/F04_SA12_R02.csv,SA12,F,F04,1,1,0,1,1,1
SA12/F04_SA12_R03.csv,SA12,F,F04,1,1,0,1,1,1
SA12/F04_SA12_R04.csv,SA12,F,F04,1,1,1,1,1,1
SA12/F04_SA12_R05.csv,SA12,F,F04,1,1,1,1,1,1
SA12/F05_SA12_R01.csv,SA12,F,F05,1,1,1,0,1,1
SA12/F05_SA12_R02.csv,SA12,F,F05,1,1,0,0,1,1
SA12/F05_SA12_R03.csv,SA12,F,F05,1,1,0,0,1,1
SA12/F05_SA12_R04.csv,SA12,F,F05,1,1,0,0,1,1
SA12/F05_SA12_R05.csv,SA12,F,F05,1,1,0,0,0,1
SA12/F06_SA12_R01.csv,SA12,F,F06,1,1,0,1,1,1
SA12/F06_SA12_R02.csv,SA12,F,F06,1,1,1,1,0,0
SA12/F06_SA12_R03.csv,SA12,F,F06,1,1,0,1,1,1
SA12/F06_SA12_R04.csv,SA12,F,F06,1,1,0,1,1,1
SA12/F06_SA12_R05.csv,SA12,F,F06,1,1,0,1,1,1
SA12/F07_SA12_R01.csv,SA12,F,F07,1,1,0,1,1,1
SA12/F07_SA12_R02.csv,SA12,F,F07,1,1,0,0,1,1
SA12/F07_SA12_R03.csv,SA12,F,F07,1,1,0,1,1,1
SA12/F07_SA12_R04.csv,SA12,F,F07,1,1,1,0,1,1
SA12/F07_SA12_R05.csv,SA12,F,F07,1,1,0,0,1,1
SA12/F08_SA12_R01.csv,SA12,F,F08,1,1,1,1,1,1
SA12/F08_SA12_R02.csv,SA12,F,F08,1,1,0,0,1,1
SA12/F08_SA12_R03.csv,SA12,F,F08,1,1,0,1,1,1
SA12/F08_SA12_R04.csv,SA12,F,F08,1,1,1,0,1,1
SA12/F08_SA12_R05.csv,SA12,F,F08,1,1,0,1,1,1
SA12/F09_SA12_R01.csv,SA12,F,F09,1,1,0,0,1,1
SA12/F09_SA12_R02.csv,SA12,F,F09,1,1,0,1,1,1
SA12/F09_SA12_R03.csv,SA12,F,F09,1,1,0,1,1,1
SA12/F09_SA12_R04.csv,SA12,F,F09,0,1,1,1,1,1
SA12/F09_SA12_R05.csv,SA12,F,F09,1,1,0,1,1,1
SA12/F10_SA12_R01.csv,SA12,F,F10,1,1,1,1,1,1
SA12/F10_SA12_R02.csv,SA12,F,F10,1,1,0,1,1,1
SA12/F10_SA12_R03.csv,SA12,F,F10,0,1,0,1,1,1
SA12/F10_SA12_R04.csv,SA12,F,F10,1,1,0,1,1,1
SA12/F10_SA12_R05.csv,SA12,F,F10,1,1,0,0,1,1
SA12/F11_SA12_R01.csv,SA12,F,F11,1,1,0,1,1,1
SA12/F11_SA12_R02.csv,SA12,F,F11,1,1,0,1,1,1
SA12/F11_SA12_R03.csv,SA12,F,F11,0,0,0,0,1,1
SA12/F11_SA12_R04.csv,SA12,F,F11,1,1,0,1,1,1
SA12/F11_SA12_R05.csv,SA12,F,F11,0,1,0,0,1,1
SA12/F12_SA12_R01.csv,SA12,F,F12,0,1,0,1,1,1
SA12/F12_SA12_R02.csv,SA12,F,F12,1,1,0,1,1,1
SA12/F12_SA12_R03.csv,SA12,F,F12,1,1,0,1,1,1
SA12/F12_SA12_R04.csv,SA12,F,F12,0,1,0,1,1,1
SA12/F12_SA12_R05.csv,SA12,F,F12,1,1,0,1,1,1
SA12/F13_SA12_R01.csv,SA12,F,F13,1,1,0,1,1,1
SA12/F13_SA12_R02.csv,SA12,F,F13,1,1,0,1,1,1
SA12/F13_SA12_R03.csv,SA12,F,F13,1,1,1,1,1,1
SA12/F13_SA12_R04.csv,SA12,F,F13,1,1,1,1,1,1
SA12/F13_SA12_R05.csv,SA12,F,F13,0,1,0,1,1,1
SA12/F14_SA12_R01.csv,SA12,F,F14,0,1,0,1,1,1
SA12/F14_SA12_R02.csv,SA12,F,F14,1,1,0,1,1,1
SA12/F14_SA12_R03.csv,SA12,F,F14,1,1,0,1,1,1
SA12/F14_SA12_R04.csv,SA12,F,F14,0,1,0,1,1,1
SA12/F14_SA12_R05.csv,SA12,F,F14,0,1,0,1,1,1
SA12/F15_SA12_R01.csv,SA12,F,F15,0,1,0,1,1,1
SA12/F15_SA12_R02.csv,SA12,F,F15,0,1,0,1,1,1
SA12/F15_SA12_R03.csv,SA12,F,F15,0,1,0,1,1,1
SA12/F15_SA12_R04.csv,SA12,F,F15,1,1,0,1,1,1
SA12/F15_SA12_R05.csv,SA12,F,F15,1,1,0,1,1,1
SA13/D01_SA13_R01.csv,SA13,D,D01,0,0,0,0,0,0
SA13/D02_SA13_R01.csv,SA13,D,D02,0,0,0,0,0,0
SA13/D03_SA13_R01.csv,SA13,D,D03,1,0,0,0,0,1
SA13/D04_SA13_R01.csv,SA13,D,D04,1,0,0,0,0,1
SA13/D05_SA13_R01.csv,SA13,D,D05,0,0,0,0,0,0
SA13/D05_SA13_R02.csv,SA13,D,D05,0,0,0,0,0,0
SA13/D05_SA13_R03.csv,SA13,D,D05,0,0,0,0,0,0
SA13/D05_SA13_R04.csv,SA13,D,D05,0,0,0,0,0,0
SA13/D05_SA13_R05.csv,SA13,D,D05,0,0,0,0,0,0
SA13/D06_SA13_R01.csv,SA13,D,D06,1,0,1,0,0,1
SA13/D06_SA13_R02.csv,SA13,D,D06,1,0,0,0,0,0
SA13/D06_SA13_R03.csv,SA13,D,D06,1,0,0,0,0,1
SA13/D06_SA13_R04.csv,SA13,D,D06,1,0,0,0,0,1
SA13/D06_SA13_R05.csv,SA13,D,D06,1,0,0,0,0,1
SA13/D07_SA13_R01.csv,SA13,D,D07,0,0,0,0,0,0
SA13/D07_SA13_R02.csv,SA13,D,D07,0,0,0,0,0,0
SA13/D07_SA13_R03.csv,SA13,D,D07,0,0,0,0,0,0
SA13/D07_SA13_R04.csv,SA13,D,D07,0,0,0,0,0,0
SA13/D07_SA13_R05.csv,SA13,D,D07,0,0,0,0,0,0
SA13/D08_SA13_R01.csv,SA13,D,D08,0,0,0,0,0,0
SA13/D08_SA13_R02.csv,SA13,D,D08,0,0,0,0,0,0
SA13/D08_SA13_R03.csv,SA13,D,D08,0,0,0,0,0,0
SA13/D08_SA13_R04.csv,SA13,D,D08,0,0,0,0,0,0
SA13/D08_SA13_R05.csv,SA13,D,D08,0,0,0,0,0,0
SA13/D09_SA13_R01.csv,SA13,D,D09,0,0,0,0,0,0
SA13/D09_SA13_R02.csv,SA13,D,D09,0,0,0,0,0,0
SA13/D09_SA13_R03.csv,SA13,D,D09,0,0,0,0,0,0
SA13/D09_SA13_R04.csv,SA13,D,D09,0,0,0,0,0,0
SA13/D09_SA13_R05.csv,SA13,D,D09,0,0,0,0,0,0
SA13/D10_SA13_R01.csv,SA13,D,D10,0,0,0,0,0,0
SA13/D10_SA13_R02.csv,SA13,D,D10,0,0,0,0,0,0
SA13/D10_SA13_R03.csv,SA13,D,D10,0,0,0,0,0,0
SA13/D10_SA13_R04.csv,SA13,D,D10,0,0,0,0,0,0
SA13/D10_SA13_R05.csv,SA13,D,D10,0,0,0,0,0,0
SA13/D11_SA13_R01.csv,SA13,D,D11,1,0,1,0,1,1
SA13/D11_SA13_R02.csv,SA13,D,D11,1,0,1,0,1,1
SA13/D11_SA13_R03.csv,SA13,D,D11,0,0,0,0,0,0
SA13/D11_SA13_R04.csv,SA13,D,D11,0,0,0,0,0,0
SA13/D11_SA13_R05.csv,SA13,D,D11,0,0,0,0,0,0
SA13/D12_SA13_R01.csv,SA13,D,D12,0,0,0,0,0,0
SA13/D12_SA13_R02.csv,SA13,D,D12,0,0,0,0,0,0
SA13/D12_SA13_R03.csv,SA13,D,D12,0,0,0,0,0,0
SA13/D12_SA13_R04.csv,SA13,D,D12,0,0,0,0,0,0
SA13/D12_SA13_R05.csv,SA13,D,D12,0,0,0,0,0,0
SA13/D13_SA13_R01.csv,SA13,D,D13,0,0,0,0,0,0
SA13/D13_SA13_R02.csv,SA13,D,D13,0,0,0,0,0,0
SA13/D13_SA13_R03.csv,SA13,D,D13,0,0,0,0,0,0
SA13/D13_SA13_R04.csv,SA13,D,D13,0,0,0,0,0,0
SA13/D13_SA13_R05.csv,SA13,D,D13,0,0,0,0,0,0
SA13/D14_SA13_R01.csv,SA13,D,D14,0,0,0,0,0,0
SA13/D14_SA13_R02.csv,SA13,D,D14,0,0,0,0,0,0
SA13/D14_SA13_R03.csv,SA13,D,D14,0,0,0,0,0,0
SA13/D14_SA13_R04.csv,SA13,D,D14,0,0,0,0,0,0
SA13/D14_SA13_R05.csv,SA13,D,D14,0,0,0,0,0,0
SA13/D15_SA13_R01.csv,SA13,D,D15,0,0,0,0,0,0
SA13/D15_SA13_R02.csv,SA13,D,D15,0,0,0,0,0,0
SA13/D15_SA13_R03.csv,SA13,D,D15,0,0,0,0,0,0
SA13/D15_SA13_R04.csv,SA13,D,D15,0,0,0,0,0,0
SA13/D15_SA13_R05.csv,SA13,D,D15,0,0,0,0,0,0
SA13/D16_SA13_R01.csv,SA13,D,D16,0,0,0,0,0,0
SA13/D16_SA13_R02.csv,SA13,D,D16,0,0,0,0,0,0
SA13/D16_SA13_R03.csv,SA13,D,D16,0,0,0,0,0,0
SA13/D16_SA13_R04.csv,SA13,D,D16,0,0,0,0,0,0
SA13/D16_SA13_R05.csv,SA13,D,D16,0,0,0,0,0,0
SA13/D17_SA13_R01.csv,SA13,D,D17,0,0,0,0,0,0
SA13/D17_SA13_R02.csv,SA13,D,D17,0,0,0,0,0,0
SA13/D17_SA13_R03.csv,SA13,D,D17,0,0,0,0,0,0
SA13/D17_SA13_R04.csv,SA13,D,D17,0,0,0,0,0,0
SA13/D17_SA13_R05.csv,SA13,D,D17,0,0,0,0,0,0
SA13/D18_SA13_R01.csv,SA13,D,D18,1,0,0,0,0,0
SA13/D18_SA13_R02.csv,SA13,D,D18,0,0,0,0,0,0
SA13/D18_SA13_R03.csv,SA13,D,D18,0,0,0,0,0,0
SA13/D18_SA13_R04.csv,SA13,D,D18,1,0,0,0,0,0
SA13/D18_SA13_R05.csv,SA13,D,D18,0,0,0,0,1,1
SA13/D19_SA13_R01.csv,SA13,D,D19,1,0,0,0,1,1
SA13/D19_SA13_R02.csv,SA13,D,D19,1,0,0,0,1,1
SA13/D19_SA13_R03.csv,SA13,D,D19,1,0,0,0,1,1
SA13/D19_SA13_R04.csv,SA13,D,D19,1,0,0,0,1,1
SA13/D19_SA13_R05.csv,SA13,D,D19,1,0,0,0,0,0
SA13/F01_SA13_R01.csv,SA13,F,F01,0,0,0,0,0,0
SA13/F01_SA13_R02.csv,SA13,F,F01,1,1,0,1,1,1
SA13/F01_SA13_R03.csv,SA13,F,F01,0,1,1,1,1,1
SA13/F01_SA13_R04.csv,SA13,F,F01,1,1,0,1,1,1
SA13/F01_SA13_R05.csv,SA13,F,F01,1,1,1,1,1,1
SA13/F02_SA13_R01.csv,SA13,F,F02,1,1,0,0,1,1
SA13/F02_SA13_R02.csv,SA13,F,F02,0,1,0,0,1,1
SA13/F02_SA13_R03.csv,SA13,F,F02,0,1,0,0,1,1
SA13/F02_SA13_R04.csv,SA13,F,F02,0,1,0,0,1,1
SA13/F02_SA13_R05.csv,SA13,F,F02,1,1,0,0,1,1
SA13/F03_SA13_R01.csv,SA13,F,F03,1,1,0,0,1,1
SA13/F03_SA13_R02.csv,SA13,F,F03,0,1,1,0,1,1
SA13/F03_SA13_R03.csv,SA13,F,F03,1,1,0,1,1,1
SA13/F03_SA13_R04.csv,SA13,F,F03,1,1,0,1,1,1
SA13/F03_SA13_R05.csv,SA13,F,F03,0,1,0,1,1,1
SA13/F04_SA13_R01.csv,SA13,F,F04,1,1,0,1,1,1
SA13/F04_SA13_R02.csv,SA13,F,F04,1,1,0,1,1,1
SA13/F04_SA13_R03.csv,SA13,F,F04,1,1,0,1,1,1
SA13/F04_SA13_R04.csv,SA13,F,F04,1,1,0,1,1,1
SA13/F04_SA13_R05.csv,SA13,F,F04,1,1,1,1,1,1
SA13/F05_SA13_R01.csv,SA13,F,F05,1,1,0,1,1,1
SA13/F05_SA13_R02.csv,SA13,F,F05,1,1,1,0,0,1
SA13/F05_SA13_R03.csv,SA13,F,F05,1,1,0,1,0,1
SA13/F05_SA13_R04.csv,SA13,F,F05,1,1,0,0,0,1
SA13/F05_SA13_R05.csv,SA13,F,F05,1,1,0,0,0,1
SA13/F06_SA13_R01.csv,SA13,F,F06,1,1,0,0,0,0
SA13/F06_SA13_R02.csv,SA13,F,F06,0,1,1,1,1,1
SA13/F06_SA13_R03.csv,SA13,F,F06,1,1,1,1,1,1
SA13/F06_SA13_R04.csv,SA13,F,F06,0,1,1,0,0,0
SA13/F06_SA13_R05.csv,SA13,F,F06,0,1,0,0,1,1
SA13/F07_SA13_R01.csv,SA13,F,F07,0,1,1,0,1,1
SA13/F07_SA13_R02.csv,SA13,F,F07,0,1,1,1,1,1
SA13/F07_SA13_R03.csv,SA13,F,F07,1,1,1,0,1,1
SA13/F07_SA13_R04.csv,SA13,F,F07,1,1,0,0,0,0
SA13/F07_SA13_R05.csv,SA13,F,F07,1,1,0,1,1,1
SA13/F08_SA13_R01.csv,SA13,F,F08,1,1,0,1,1,1
SA13/F08_SA13_R02.csv,SA13,F,F08,1,1,1,0,1,1
SA13/F08_SA13_R03.csv,SA13,F,F08,1,1,1,1,1,1
SA13/F08_SA13_R04.csv,SA13,F,F08,1,1,0,1,1,1
SA13/F08_SA13_R05.csv,SA13,F,F08,1,1,0,1,1,1
SA13/F09_SA13_R01.csv,SA13,F,F09,1,1,0,1,1,1
SA13/F09_SA13_R02.csv,SA13,F,F09,0,1,0,0,1,1
SA13/F09_SA13_R03.csv,SA13,F,F09,1,1,0,1,0,0
SA13/F09_SA13_R04.csv,SA13,F,F09,1,1,0,0,1,1
SA13/F09_SA13_R05.csv,SA13,F,F09,0,1,1,1,1,1
SA13/F10_SA13_R01.csv,SA13,F,F10,1,1,1,0,1,1
SA13/F10_SA13_R02.csv,SA13,F,F10,0,1,0,1,0,0
SA13/F10_SA13_R03.csv,SA13,F,F10,0,1,0,1,1,1
SA13/F10_SA13_R04.csv,SA13,F,F10,0,1,1,1,0,0
SA13/F10_SA13_R05.csv,SA13,F,F10,1,1,0,0,1,1
SA13/F11_SA13_R01.csv,SA13,F,F11,0,1,0,0,1,1
SA13/F11_SA13_R02.csv,SA13,F,F11,0,1,0,0,0,0
SA13/F11_SA13_R03.csv,SA13,F,F11,0,1,1,1,1,1
SA13/F11_SA13_R04.csv,SA13,F,F11,0,1,0,0,1,1
SA13/F11_SA13_R05.csv,SA13,F,F11,1,1,1,0,1,1
SA13/F12_SA13_R01.csv,SA13,F,F12,0,1,0,0,1,1
SA13/F12_SA13_R02.csv,SA13,F,F12,0,1,1,1,1,1
SA13/F12_SA13_R03.csv,SA13,F,F12,1,1,0,0,1,1
SA13/F12_SA13_R04.csv,SA13,F,F12,1,1,1,1,1,1
SA13/F12_SA13_R05.csv,SA13,F,F12,0,0,0,0,0,0
SA13/F13_SA13_R01.csv,SA13,F,F13,1,1,0,1,1,1
SA13/F13_SA13_R02.csv,SA13,F,F13,1,1,0,1,0,0
SA13/F13_SA13_R03.csv,SA13,F,F13,1,1,0,1,1,1
SA13/F13_SA13_R04.csv,SA13,F,F13,1,1,1,1,0,0
SA13/F13_SA13_R05.csv,SA13,F,F13,1,1,0,1,1,1
SA13/F14_SA13_R01.csv,SA13,F,F14,1,1,1,1,1,1
SA13/F14_SA13_R02.csv,SA13,F,F14,1,1,0,1,1,1
SA13/F14_SA13_R03.csv,SA13,F,F14,0,1,0,1,1,1
SA13/F14_SA13_R04.csv,SA13,F,F14,1,1,0,1,1,1
SA13/F14_SA13_R05.csv,SA13,F,F14,1,1,1,1,1,1
SA13/F15_SA13_R01.csv,SA13,F,F15,1,1,1,1,1,1
SA13/F15_SA13_R02.csv,SA13,F,F15,0,1,0,1,1,1
SA13/F15_SA13_R03.csv,SA13,F,F15,1,1,1,1,1,1
SA13/F15_SA13_R04.csv,SA13,F,F15,0,1,0,1,1,1
SA13/F15_SA13_R05.csv,SA13,F,F15,0,1,0,1,1,1
SA14/D01_SA14_R01.csv,SA14,D,D01,0,0,0,0,0,0
SA14/D02_SA14_R01.csv,SA14,D,D02,0,0,0,0,0,0
SA14/D03_SA14_R01.csv,SA14,D,D03,1,0,0,0,0,0
SA14/D04_SA14_R01.csv,SA14,D,D04,1,0,0,0,0,1
SA14/D05_SA14_R01.csv,SA14,D,D05,0,0,0,0,0,0
SA14/D05_SA14_R02.csv,SA14,D,D05,0,0,0,0,0,0
SA14/D05_SA14_R03.csv,SA14,D,D05,0,0,0,0,0,0
SA14/D05_SA14_R04.csv,SA14,D,D05,0,0,0,0,0,0
SA14/D05_SA14_R05.csv,SA14,D,D05,0,0,0,0,0,0
SA14/D06_SA14_R01.csv,SA14,D,D06,1,0,0,0,0,1
SA14/D06_SA14_R02.csv,SA14,D,D06,1,0,0,0,0,1
SA14/D06_SA14_R03.csv,SA14,D,D06,1,0,0,0,0,1
SA14/D06_SA14_R04.csv,SA14,D,D06,1,0,0,0,0,1
SA14/D06_SA14_R05.csv,SA14,D,D06,1,0,1,0,1,1
SA14/D07_SA14_R01.csv,SA14,D,D07,0,0,0,0,0,0
SA14/D07_SA14_R02.csv,SA14,D,D07,0,0,0,0,0,0
SA14/D07_SA14_R03.csv,SA14,D,D07,0,0,0,0,0,0
SA14/D07_SA14_R04.csv,SA14,D,D07,0,0,0,0,0,0
SA14/D07_SA14_R05.csv,SA14,D,D07,0,0,0,0,0,0
SA14/D08_SA14_R01.csv,SA14,D,D08,1,0,1,0,0,0
SA14/D08_SA14_R02.csv,SA14,D,D08,0,0,0,0,1,1
SA14/D08_SA14_R03.csv,SA14,D,D08,1,0,0,0,1,1
SA14/D08_SA14_R04.csv,SA14,D,D08,0,0,1,0,0,0
SA14/D08_SA14_R05.csv,SA14,D,D08,1,0,0,0,0,0
SA14/D09_SA14_R01.csv,SA14,D,D09,0,0,0,0,0,0
SA14/D09_SA14_R02.csv,SA14,D,D09,0,0,0,0,0,0
SA14/D09_SA14_R03.csv,SA14,D,D09,0,0,0,0,0,0
SA14/D09_SA14_R04.csv,SA14,D,D09,0,0,0,0,0,0
SA14/D09_SA14_R05.csv,SA14,D,D09,0,0,0,0,0,0
SA14/D10_SA14_R01.csv,SA14,D,D10,1,0,0,0,1,1
SA14/D10_SA14_R02.csv,SA14,D,D10,0,0,0,0,0,0
SA14/D10_SA14_R03.csv,SA14,D,D10,0,0,0,0,0,0
SA14/D10_SA14_R04.csv,SA14,D,D10,0,0,0,0,0,0
SA14/D10_SA14_R05.csv,SA14,D,D10,0,0,0,0,0,0
SA14/D11_SA14_R01.csv,SA14,D,D11,1,0,0,0,1,1
SA14/D11_SA14_R02.csv,SA14,D,D11,0,0,1,0,1,1
SA14/D11_SA14_R03.csv,SA14,D,D11,1,0,0,0,1,1
SA14/D11_SA14_R04.csv,SA14,D,D11,0,0,0,0,1,1
SA14/D11_SA14_R05.csv,SA14,D,D11,0,0,0,0,1,1
SA14/D12_SA14_R01.csv,SA14,D,D12,0,0,0,0,0,0
SA14/D12_SA14_R02.csv,SA14,D,D12,0,0,0,0,0,0
SA14/D12_SA14_R03.csv,SA14,D,D12,0,0,0,0,0,0
SA14/D12_SA14_R04.csv,SA14,D,D12,0,0,0,0,0,0
SA14/D12_SA14_R05.csv,SA14,D,D12,0,0,0,0,0,0
SA14/D13_SA14_R01.csv,SA14,D,D13,0,0,0,0,0,0
SA14/D13_SA14_R02.csv,SA14,D,D13,0,0,0,0,0,0
SA14/D13_SA14_R03.csv,SA14,D,D13,0,0,0,0,0,0
SA14/D13_SA14_R04.csv,SA14,D,D13,0,0,0,0,0,0
SA14/D13_SA14_R05.csv,SA14,D,D13,0,0,0,0,0,0
SA14/D14_SA14_R01.csv,SA14,D,D14,0,0,0,0,0,0
SA14/D14_SA14_R02.csv,SA14,D,D14,0,0,0,0,0,0
SA14/D14_SA14_R03.csv,SA14,D,D14,0,0,0,0,0,0
SA14/D14_SA14_R04.csv,SA14,D,D14,0,0,0,0,0,0
SA14/D14_SA14_R05.csv,SA14,D,D14,0,0,0,0,0,0
SA14/D15_SA14_R01.csv,SA14,D,D15,0,0,0,0,0,0
SA14/D15_SA14_R02.csv,SA14,D,D15,0,0,0,0,0,0
SA14/D15_SA14_R03.csv,SA14,D,D15,0,0,0,0,0,0
SA14/D15_SA14_R04.csv,SA14,D,D15,0,0,0,0,0,0
SA14/D15_SA14_R05.csv,SA14,D,D15,0,0,0,0,0,0
SA14/D16_SA14_R01.csv,SA14,D,D16,0,0,0,0,0,0
SA14/D16_SA14_R02.csv,SA14,D,D16,0,0,0,0,0,0
SA14/D16_SA14_R03.csv,SA14,D,D16,0,0,0,0,0,0
SA14/D16_SA14_R04.csv,SA14,D,D16,0,0,0,0,0,0
SA14/D16_SA14_R05.csv,SA14,D,D16,0,0,0,0,0,0
SA14/D17_SA14_R01.csv,SA14,D,D17,0,0,0,0,0,0
SA14/D17_SA14_R02.csv,SA14,D,D17,0,0,0,0,0,0
SA14/D17_SA14_R03.csv,SA14,D,D17,0,0,0,0,0,0
SA14/D17_SA14_R04.csv,SA14,D,D17,0,0,0,0,0,0
SA14/D17_SA14_R05.csv,SA14,D,D17,0,0,0,0,0,0
SA14/D18_SA14_R01.csv,SA14,D,D18,0,0,1,0,1,1
SA14/D18_SA14_R02.csv,SA14,D,D18,1,0,0,0,1,1
SA14/D18_SA14_R03.csv,SA14,D,D18,1,0,0,0,1,1
SA14/D18_SA14_R04.csv,SA14,D,D18,0,0,0,0,1,1
SA14/D18_SA14_R05.csv,SA14,D,D18,0,0,0,0,1,1
SA14/D19_SA14_R01.csv,SA14,D,D19,1,0,1,0,0,1
SA14/D19_SA14_R02.csv,SA14,D,D19,1,0,0,0,1,1
SA14/D19_SA14_R03.csv,SA14,D,D19,1,0,1,0,0,0
SA14/D19_SA14_R04.csv,SA14,D,D19,1,0,1,0,1,1
SA14/D19_SA14_R05.csv,SA14,D,D19,1,0,1,0,0,1
SA14/F01_SA14_R01.csv,SA14,F,F01,1,1,1,1,1,1
SA14/F01_SA14_R02.csv,SA14,F,F01,0,0,0,0,0,0
SA14/F01_SA14_R03.csv,SA14,F,F01,1,1,1,1,1,1
SA14/F01_SA14_R04.csv,SA14,F,F01,1,1,0,1,1,1
SA14/F01_SA14_R05.csv,SA14,F,F01,1,1,0,1,1,1
SA14/F02_SA14_R01.csv,SA14,F,F02,0,1,0,0,1,1
SA14/F02_SA14_R02.csv,SA14,F,F02,1,1,0,1,1,1
SA14/F02_SA14_R03.csv,SA14,F,F02,0,1,1,1,1,1
SA14/F02_SA14_R04.csv,SA14,F,F02,1,1,0,0,1,1
SA14/F02_SA14_R05.csv,SA14,F,F02,1,1,0,1,1,1
SA14/F03_SA14_R01.csv,SA14,F,F03,1,1,0,1,1,1
SA14/F03_SA14_R02.csv,SA14,F,F03,0,1,1,0,1,1
SA14/F03_SA14_R03.csv,SA14,F,F03,0,1,0,1,1,1
SA14/F03_SA14_R04.csv,SA14,F,F03,1,1,0,0,0,0
SA14/F03_SA14_R05.csv,SA14,F,F03,0,1,0,0,1,1
SA14/F04_SA14_R01.csv,SA14,F,F04,1,1,0,1,1,1
SA14/F04_SA14_R02.csv,SA14,F,F04,1,1,0,1,1,1
SA14/F04_SA14_R03.csv,SA14,F,F04,0,1,1,1,1,1
SA14/F04_SA14_R04.csv,SA14,F,F04,1,1,0,1,1,1
SA14/F04_SA14_R05.csv,SA14,F,F04,1,1,0,1,1,1
SA14/F05_SA14_R01.csv,SA14,F,F05,1,1,0,1,0,1
SA14/F05_SA14_R02.csv,SA14,F,F05,1,1,0,0,0,1
SA14/F05_SA14_R03.csv,SA14,F,F05,1,1,1,0,0,1
SA14/F05_SA14_R04.csv,SA14,F,F05,1,1,0,0,0,1
SA14/F05_SA14_R05.csv,SA14,F,F05,0,1,0,0,0,1
SA14/F06_SA14_R01.csv,SA14,F,F06,0,1,0,0,0,0
SA14/F06_SA14_R02.csv,SA14,F,F06,1,1,1,1,1,1
SA14/F06_SA14_R03.csv,SA14,F,F06,1,1,1,0,1,1
SA14/F06_SA14_R04.csv,SA14,F,F06,1,1,0,0,1,1
SA14/F06_SA14_R05.csv,SA14,F,F06,0,1,0,1,1,1
SA14/F07_SA14_R01.csv,SA14,F,F07,1,1,1,1,1,1
SA14/F07_SA14_R02.csv,SA14,F,F07,1,1,0,1,1,1
SA14/F07_SA14_R03.csv,SA14,F,F07,0,1,0,1,1,1
SA14/F07_SA14_R04.csv,SA14,F,F07,0,1,0,1,1,1
SA14/F07_SA14_R05.csv,SA14,F,F07,1,1,0,0,1,1
SA14/F08_SA14_R01.csv,SA14,F,F08,1,1,0,1,1,1
SA14/F08_SA14_R02.csv,SA14,F,F08,1,1,1,1,1,1
SA14/F08_SA14_R03.csv,SA14,F,F08,0,1,0,1,0,0
SA14/F08_SA14_R04.csv,SA14,F,F08,0,1,0,1,1,1
SA14/F08_SA14_R05.csv,SA14,F,F08,1,1,0,0,1,1
SA14/F09_SA14_R01.csv,SA14,F,F09,0,0,0,0,1,1
SA14/F09_SA14_R02.csv,SA14,F,F09,0,1,0,0,1,1
SA14/F09_SA14_R03.csv,SA14,F,F09,0,0,0,1,1,1
SA14/F09_SA14_R04.csv,SA14,F,F09,0,0,0,0,1,1
SA14/F09_SA14_R05.csv,SA14,F,F09,1,1,0,1,1,1
SA14/F10_SA14_R01.csv,SA14,F,F10,1,1,0,1,1,1
SA14/F10_SA14_R02.csv,SA14,F,F10,0,1,0,0,1,1
SA14/F10_SA14_R03.csv,SA14,F,F10,0,1,1,0,1,1
SA14/F10_SA14_R04.csv,SA14,F,F10,1,1,0,0,1,1
SA14/F10_SA14_R05.csv,SA14,F,F10,0,1,0,0,1,1
SA14/F11_SA14_R01.csv,SA14,F,F11,1,0,0,0,1,1
SA14/F11_SA14_R02.csv,SA14,F,F11,1,0,1,0,1,1
SA14/F11_SA14_R03.csv,SA14,F,F11,0,0,0,0,1,1
SA14/F11_SA14_R04.csv,SA14,F,F11,0,0,0,0,1,1
SA14/F11_SA14_R05.csv,SA14,F,F11,1,0,0,0,1,1
SA14/F12_SA14_R01.csv,SA14,F,F12,0,1,0,0,0,0
SA14/F12_SA14_R02.csv,SA14,F,F12,0,1,0,0,0,0
SA14/F12_SA14_R03.csv,SA14,F,F12,1,0,0,0,0,0
SA14/F12_SA14_R04.csv,SA14,F,F12,1,0,0,0,0,0
SA14/F12_SA14_R05.csv,SA14,F,F12,0,1,0,0,0,0
SA14/F13_SA14_R01.csv,SA14,F,F13,1,1,1,1,1,1
SA14/F13_SA14_R02.csv,SA14,F,F13,1,1,0,1,1,1
SA14/F13_SA14_R03.csv,SA14,F,F13,1,1,0,1,1,1
SA14/F13_SA14_R04.csv,SA14,F,F13,1,1,0,1,1,1
SA14/F13_SA14_R05.csv,SA14,F,F13,0,1,1,1,0,0
SA14/F14_SA14_R01.csv,SA14,F,F14,1,1,1,1,1,1
SA14/F14_SA14_R02.csv,SA14,F,F14,0,1,0,1,1,1
SA14/F14_SA14_R03.csv,SA14,F,F14,0,1,0,1,1,1
SA14/F14_SA14_R04.csv,SA14,F,F14,1,1,0,1,1,1
SA14/F14_SA14_R05.csv,SA14,F,F14,1,1,0,1,1,1
SA14/F15_SA14_R01.csv,SA14,F,F15,1,1,1,0,1,1
SA14/F15_SA14_R02.csv,SA14,F,F15,0,1,0,0,1,1
SA14/F15_SA14_R03.csv,SA14,F,F15,1,1,0,0,1,1
SA14/F15_SA14_R04.csv,SA14,F,F15,1,1,0,0,1,1
SA14/F15_SA14_R05.csv,SA14,F,F15,0,1,1,0,1,1
SA15/D01_SA15_R01.csv,SA15,D,D01,0,0,0,0,0,0
SA15/D02_SA15_R01.csv,SA15,D,D02,0,0,0,0,0,0
SA15/D03_SA15_R01.csv,SA15,D,D03,1,0,0,0,0,1
SA15/D04_SA15_R01.csv,SA15,D,D04,1,0,0,0,0,1
SA15/D05_SA15_R01.csv,SA15,D,D05,0,0,0,0,0,0
SA15/D05_SA15_R02.csv,SA15,D,D05,0,0,0,0,0,0
SA15/D05_SA15_R03.csv,SA15,D,D05,0,0,0,0,0,0
SA15/D05_SA15_R04.csv,SA15,D,D05,0,0,0,0,0,0
SA15/D05_SA15_R05.csv,SA15,D,D05,0,0,1,0,0,0
SA15/D06_SA15_R01.csv,SA15,D,D06,1,0,0,0,0,1
SA15/D06_SA15_R02.csv,SA15,D,D06,1,0,0,0,0,1
SA15/D06_SA15_R03.csv,SA15,D,D06,1,0,0,0,0,1
SA15/D06_SA15_R04.csv,SA15,D,D06,1,0,0,0,0,1
SA15/D06_SA15_R05.csv,SA15,D,D06,1,0,0,0,0,1
SA15/D07_SA15_R01.csv,SA15,D,D07,0,0,0,0,0,0
SA15/D07_SA15_R02.csv,SA15,D,D07,0,0,0,0,0,0
SA15/D07_SA15_R03.csv,SA15,D,D07,0,0,0,0,0,0
SA15/D07_SA15_R04.csv,SA15,D,D07,0,0,0,0,0,0
SA15/D07_SA15_R05.csv,SA15,D,D07,0,0,0,0,0,0
SA15/D08_SA15_R01.csv,SA15,D,D08,0,0,0,0,0,0
SA15/D08_SA15_R02.csv,SA15,D,D08,0,0,0,0,0,0
SA15/D08_SA15_R03.csv,SA15,D,D08,0,0,0,0,0,0
SA15/D08_SA15_R04.csv,SA15,D,D08,1,0,0,0,0,0
SA15/D08_SA15_R05.csv,SA15,D,D08,0,0,0,0,0,0
SA15/D09_SA15_R01.csv,SA15,D,D09,0,0,0,0,0,0
SA15/D09_SA15_R02.csv,SA15,D,D09,0,0,0,0,0,0
SA15/D09_SA15_R03.csv,SA15,D,D09,0,0,0,0,0,0
SA15/D09_SA15_R04.csv,SA15,D,D09,0,0,0,0,0,0
SA15/D09_SA15_R05.csv,SA15,D,D09,0,0,0,0,0,0
SA15/D10_SA15_R01.csv,SA15,D,D10,0,0,0,0,0,0
SA15/D10_SA15_R02.csv,SA15,D,D10,0,0,1,0,0,0
SA15/D10_SA15_R03.csv,SA15,D,D10,0,0,0,0,0,0
SA15/D10_SA15_R04.csv,SA15,D,D10,0,0,0,0,0,0
SA15/D10_SA15_R05.csv,SA15,D,D10,0,0,0,0,0,0
SA15/D11_SA15_R01.csv,SA15,D,D11,0,0,0,0,1,1
SA15/D11_SA15_R02.csv,SA15,D,D11,1,0,0,0,1,1
SA15/D11_SA15_R03.csv,SA15,D,D11,0,0,0,0,1,1
SA15/D11_SA15_R04.csv,SA15,D,D11,0,0,1,0,0,0
SA15/D11_SA15_R05.csv,SA15,D,D11,1,0,0,0,0,0
SA15/D12_SA15_R01.csv,SA15,D,D12,0,0,0,0,0,0
SA15/D12_SA15_R02.csv,SA15,D,D12,0,0,0,0,0,0
SA15/D12_SA15_R03.csv,SA15,D,D12,0,0,0,0,0,0
SA15/D12_SA15_R04.csv,SA15,D,D12,0,0,0,0,0,0
SA15/D12_SA15_R05.csv,SA15,D,D12,0,0,0,0,0,0
SA15/D13_SA15_R01.csv,SA15,D,D13,0,0,0,0,0,0
SA15/D13_SA15_R02.csv,SA15,D,D13,0,0,0,0,0,0
SA15/D13_SA15_R03.csv,SA15,D,D13,0,0,0,0,0,0
SA15/D13_SA15_R04.csv,SA15,D,D13,0,0,0,0,0,0
SA15/D13_SA15_R05.csv,SA15,D,D13,0,0,0,0,0,0
SA15/D14_SA15_R01.csv,SA15,D,D14,0,0,0,0,0,0
SA15/D14_SA15_R02.csv,SA15,D,D14,0,0,0,0,0,0
SA15/D14_SA15_R03.csv,SA15,D,D14,0,0,0,0,0,0
SA15/D14_SA15_R04.csv,SA15,D,D14,0,0,0,0,0,0
SA15/D14_SA15_R05.csv,SA15,D,D14,0,0,0,0,0,0
SA15/D15_SA15_R01.csv,SA15,D,D15,0,0,0,0,0,0
SA15/D15_SA15_R02.csv,SA15,D,D15,0,0,0,0,0,0
SA15/D15_SA15_R03.csv,SA15,D,D15,0,0,0,0,0,0
SA15/D15_SA15_R04.csv,SA15,D,D15,0,0,0,0,0,0
SA15/D15_SA15_R05.csv,SA15,D,D15,0,0,0,0,0,0
SA15/D16_SA15_R01.csv,SA15,D,D16,0,0,0,0,0,0
SA15/D16_SA15_R02.csv,SA15,D,D16,0,0,0,0,0,0
SA15/D16_SA15_R03.csv,SA15,D,D16,0,0,0,0,0,0
SA15/D16_SA15_R04.csv,SA15,D,D16,0,0,0,0,0,0
SA15/D16_SA15_R05.csv,SA15,D,D16,0,0,0,0,0,0
SA15/D17_SE15_R01.csv,SA15,D,D17,0,0,0,0,0,0
SA15/D17_SE15_R02.csv,SA15,D,D17,0,0,0,0,0,0
SA15/D17_SE15_R03.csv,SA15,D,D17,0,0,1,0,0,0
SA15/D17_SE15_R04.csv,SA15,D,D17,0,0,0,0,0,0
SA15/D17_SE15_R05.csv,SA15,D,D17,0,0,0,0,0,0
SA15/D18_SA15_R01.csv,SA15,D,D18,1,0,0,0,1,1
SA15/D18_SA15_R02.csv,SA15,D,D18,0,0,1,0,1,1
SA15/D18_SA15_R03.csv,SA15,D,D18,0,0,0,0,1,1
SA15/D18_SA15_R04.csv,SA15,D,D18,1,0,0,0,1,1
SA15/D18_SA15_R05.csv,SA15,D,D18,1,0,0,0,0,0
SA15/D19_SA15_R01.csv,SA15,D,D19,1,0,0,0,1,1
SA15/D19_SA15_R02.csv,SA15,D,D19,1,0,0,0,1,1
SA15/D19_SA15_R03.csv,SA15,D,D19,1,0,1,0,1,1
SA15/D19_SA15_R04.csv,SA15,D,D19,1,0,0,0,1,1
SA15/D19_SA15_R05.csv,SA15,D,D19,1,0,0,0,1,1
SA15/F01_SA15_R01.csv,SA15,F,F01,1,1,1,0,1,1
SA15/F01_SA15_R02.csv,SA15,F,F01,1,0,0,0,0,0
SA15/F01_SA15_R03.csv,SA15,F,F01,1,1,0,0,1,1
SA15/F01_SA15_R04.csv,SA15,F,F01,0,1,0,0,1,1
SA15/F01_SA15_R05.csv,SA15,F,F01,1,1,1,0,1,1
SA15/F02_SA15_R01.csv,SA15,F,F02,1,1,0,1,1,1
SA15/F02_SA15_R02.csv,SA15,F,F02,1,1,0,1,1,1
SA15/F02_SA15_R03.csv,SA15,F,F02,1,1,0,1,1,1
SA15/F02_SA15_R04.csv,SA15,F,F02,1,1,0,1,1,1
SA15/F02_SA15_R05.csv,SA15,F,F02,1,1,1,1,1,1
SA15/F03_SA15_R01.csv,SA15,F,F03,1,1,1,1,1,1
SA15/F03_SA15_R02.csv,SA15,F,F03,1,1,0,1,1,1
SA15/F03_SA15_R03.csv,SA15,F,F03,1,1,1,1,1,1
SA15/F03_SA15_R04.csv,SA15,F,F03,0,1,0,0,1,1
SA15/F03_SA15_R05.csv,SA15,F,F03,1,1,0,1,1,1
SA15/F04_SA15_R01.csv,SA15,F,F04,1,1,0,0,1,1
SA15/F04_SA15_R02.csv,SA15,F,F04,0,1,0,0,1,1
SA15/F04_SA15_R03.csv,SA15,F,F04,1,1,0,0,1,1
SA15/F04_SA15_R04.csv,SA15,F,F04,1,1,1,0,1,1
SA15/F04_SA15_R05.csv,SA15,F,F04,1,1,0,0,1,1
SA15/F05_SA15_R01.csv,SA15,F,F05,1,1,0,0,0,1
SA15/F05_SA15_R02.csv,SA15,F,F05,1,1,0,0,0,0
SA15/F05_SA15_R03.csv,SA15,F,F05,1,1,0,1,1,1
SA15/F05_SA15_R04.csv,SA15,F,F05,1,1,1,0,0,1
SA15/F05_SA15_R05.csv,SA15,F,F05,1,1,0,0,0,1
SA15/F06_SA15_R01.csv,SA15,F,F06,1,1,1,1,1,1
SA15/F06_SA15_R02.csv,SA15,F,F06,1,1,0,1,1,1
SA15/F06_SA15_R03.csv,SA15,F,F06,0,1,0,1,1,1
SA15/F06_SA15_R04.csv,SA15,F,F06,1,1,1,1,1,1
SA15/F06_SA15_R05.csv,SA15,F,F06,1,1,0,1,1,1
SA15/F07_SA15_R01.csv,SA15,F,F07,0,1,0,0,1,1
SA15/F07_SA15_R02.csv,SA15,F,F07,1,1,0,0,1,1
SA15/F07_SA15_R03.csv,SA15,F,F07,1,1,0,1,1,1
SA15/F07_SA15_R04.csv,SA15,F,F07,1,1,0,0,1,1
SA15/F07_SA15_R05.csv,SA15,F,F07,0,1,0,1,1,1
SA15/F08_SA15_R01.csv,SA15,F,F08,0,1,0,1,1,1
SA15/F08_SA15_R02.csv,SA15,F,F08,1,1,0,1,1,1
SA15/F08_SA15_R03.csv,SA15,F,F08,1,1,1,1,1,1
SA15/F08_SA15_R04.csv,SA15,F,F08,0,1,0,0,1,1
SA15/F08_SA15_R05.csv,SA15,F,F08,0,0,0,0,0,0
SA15/F09_SA15_R01.csv,SA15,F,F09,1,1,0,1,1,1
SA15/F09_SA15_R02.csv,SA15,F,F09,0,1,0,0,1,1
SA15/F09_SA15_R03.csv,SA15,F,F09,0,1,0,1,1,1
SA15/F09_SA15_R04.csv,SA15,F,F09,0,1,0,1,1,1
SA15/F09_SA15_R05.csv,SA15,F,F09,0,1,0,1,1,1
SA15/F10_SA15_R01.csv,SA15,F,F10,1,1,0,1,1,1
SA15/F10_SA15_R02.csv,SA15,F,F10,0,1,0,1,1,1
SA15/F10_SA15_R03.csv,SA15,F,F10,1,1,0,0,1,1
SA15/F10_SA15_R04.csv,SA15,F,F10,1,1,0,0,1,1
SA15/F10_SA15_R05.csv,SA15,F,F10,1,1,0,1,1,1
SA15/F11_SA15_R01.csv,SA15,F,F11,1,0,0,0,1,1
SA15/F11_SA15_R02.csv,SA15,F,F11,0,0,1,0,1,1
SA15/F11_SA15_R03.csv,SA15,F,F11,0,0,0,0,0,0
SA15/F11_SA15_R04.csv,SA15,F,F11,1,0,0,0,1,1
SA15/F11_SA15_R05.csv,SA15,F,F11,0,1,0,1,1,1
SA15/F12_SA15_R01.csv,SA15,F,F12,1,1,1,1,1,1
SA15/F12_SA15_R02.csv,SA15,F,F12,1,1,0,0,0,0
SA15/F12_SA15_R03.csv,SA15,F,F12,0,1,0,1,1,1
SA15/F12_SA15_R04.csv,SA15,F,F12,0,1,0,0,0,0
SA15/F12_SA15_R05.csv,SA15,F,F12,1,1,0,1,1,1
SA15/F13_SA15_R01.csv,SA15,F,F13,0,0,0,1,1,1
SA15/F13_SA15_R02.csv,SA15,F,F13,1,1,0,0,1,1
SA15/F13_SA15_R03.csv,SA15,F,F13,1,1,0,1,1,1
SA15/F13_SA15_R04.csv,SA15,F,F13,1,1,0,0,0,0
SA15/F13_SA15_R05.csv,SA15,F,F13,1,1,1,1,1,1
SA15/F14_SA15_R01.csv,SA15,F,F14,1,1,1,1,1,1
SA15/F14_SA15_R02.csv,SA15,F,F14,1,0,1,0,1,1
SA15/F14_SA15_R03.csv,SA15,F,F14,1,0,0,0,1,1
SA15/F14_SA15_R04.csv,SA15,F,F14,1,0,1,0,1,1
SA15/F14_SA15_R05.csv,SA15,F,F14,1,0,0,0,1,1
SA15/F15_SA15_R01.csv,SA15,F,F15,0,1,0,0,1,1
SA15/F15_SA15_R02.csv,SA15,F,F15,0,1,1,0,1,1
SA15/F15_SA15_R03.csv,SA15,F,F15,0,1,0,1,1,1
SA15/F15_SA15_R04.csv,SA15,F,F15,0,1,0,0,1,1
SA15/F15_SA15_R05.csv,SA15,F,F15,1,1,0,0,1,1
SA16/D01_SA16_R01.csv,SA16,D,D01,0,0,0,0,0,0
SA16/D02_SA16_R01.csv,SA16,D,D02,0,0,0,0,0,0
SA16/D03_SA16_R01.csv,SA16,D,D03,1,0,0,0,0,1
SA16/D04_SA16_R01.csv,SA16,D,D04,1,0,0,0,0,1
SA16/D05_SA16_R01.csv,SA16,D,D05,0,0,0,0,0,0
SA16/D05_SA16_R02.csv,SA16,D,D05,0,0,0,0,0,0
SA16/D05_SA16_R03.csv,SA16,D,D05,0,0,0,0,0,0
SA16/D05_SA16_R04.csv,SA16,D,D05,0,0,0,0,0,0
SA16/D05_SA16_R05.csv,SA16,D,D05,0,0,0,0,0,0
SA16/D06_SA16_R01.csv,SA16,D,D06,1,0,1,0,0,1
SA16/D06_SA16_R02.csv,SA16,D,D06,1,0,0,0,0,1
SA16/D06_SA16_R03.csv,SA16,D,D06,1,0,0,0,0,1
SA16/D06_SA16_R04.csv,SA16,D,D06,1,0,0,0,0,1
SA16/D06_SA16_R05.csv,SA16,D,D06,1,0,0,0,0,1
SA16/D07_SA16_R01.csv,SA16,D,D07,0,0,0,0,0,0
SA16/D07_SA16_R02.csv,SA16,D,D07,0,0,0,0,0,0
SA16/D07_SA16_R03.csv,SA16,D,D07,0,0,0,0,0,0
SA16/D07_SA16_R04.csv,SA16,D,D07,0,0,0,0,0,0
SA16/D07_SA16_R05.csv,SA16,D,D07,0,0,0,0,0,0
SA16/D08_SA16_R01.csv,SA16,D,D08,0,0,1,0,0,0
SA16/D08_SA16_R02.csv,SA16,D,D08,0,0,0,0,0,0
SA16/D08_SA16_R03.csv,SA16,D,D08,0,0,0,0,0,0
SA16/D08_SA16_R04.csv,SA16,D,D08,0,0,0,0,0,0
SA16/D08_SA16_R05.csv,SA16,D,D08,0,0,0,0,0,0
SA16/D09_SA16_R01.csv,SA16,D,D09,0,0,0,0,0,0
SA16/D09_SA16_R02.csv,SA16,D,D09,0,0,0,0,0,0
SA16/D09_SA16_R03.csv,SA16,D,D09,0,0,0,0,0,0
SA16/D09_SA16_R04.csv,SA16,D,D09,0,0,0,0,0,0
SA16/D09_SA16_R05.csv,SA16,D,D09,0,0,0,0,0,0
SA16/D10_SA16_R01.csv,SA16,D,D10,0,0,0,0,0,0
SA16/D10_SA16_R02.csv,SA16,D,D10,0,0,0,0,0,0
SA16/D10_SA16_R03.csv,SA16,D,D10,0,0,0,0,0,0
SA16/D10_SA16_R04.csv,SA16,D,D10,0,0,0,0,0,0
SA16/D10_SA16_R05.csv,SA16,D,D10,0,0,0,0,0,0
SA16/D11_SA16_R01.csv,SA16,D,D11,0,0,0,0,1,1
SA16/D11_SA16_R02.csv,SA16,D,D11,0,0,0,0,1,1
SA16/D11_SA16_R03.csv,SA16,D,D11,1,0,0,0,0,0
SA16/D11_SA16_R04.csv,SA16,D,D11,0,0,1,0,0,0
SA16/D11_SA16_R05.csv,SA16,D,D11,1,0,0,0,0,0
SA16/D12_SA16_R01.csv,SA16,D,D12,0,0,0,0,0,0
SA16/D12_SA16_R02.csv,SA16,D,D12,0,0,0,0,0,0
SA16/D12_SA16_R03.csv,SA16,D,D12,0,0,0,0,0,0
SA16/D12_SA16_R04.csv,SA16,D,D12,0,0,0,0,0,0
SA16/D12_SA16_R05.csv,SA16,D,D12,0,0,0,0,0,0
SA16/D13_SA16_R01.csv,SA16,D,D13,0,0,0,0,0,0
SA16/D13_SA16_R02.csv,SA16,D,D13,0,0,0,0,0,0
SA16/D13_SA16_R03.csv,SA16,D,D13,0,0,0,0,0,0
SA16/D13_SA16_R04.csv,SA16,D,D13,0,0,0,0,0,0
SA16/D13_SA16_R05.csv,SA16,D,D13,0,0,0,0,0,0
SA16/D14_SA16_R01.csv,SA16,D,D14,0,0,0,0,0,0
SA16/D14_SA16_R02.csv,SA16,D,D14,0,0,0,0,0,0
SA16/D14_SA16_R03.csv,SA16,D,D14,0,0,0,0,0,0
SA16/D14_SA16_R04.csv,SA16,D,D14,0,0,0,0,0,0
SA16/D14_SA16_R05.csv,SA16,D,D14,0,0,0,0,0,0
SA16/D15_SA16_R01.csv,SA16,D,D15,0,0,0,0,0,0
SA16/D15_SA16_R02.csv,SA16,D,D15,0,0,0,0,0,0
SA16/D15_SA16_R03.csv,SA16,D,D15,0,0,0,0,0,0
SA16/D15_SA16_R04.csv,SA16,D,D15,0,0,0,0,0,0
SA16/D15_SA16_R05.csv,SA16,D,D15,0,0,0,0,0,0
SA16/D16_SA16_R01.csv,SA16,D,D16,0,0,0,0,0,0
SA16/D16_SA16_R02.csv,SA16,D,D16,0,0,0,0,0,0
SA16/D16_SA16_R03.csv,SA16,D,D16,0,0,0,0,0,0
SA16/D16_SA16_R04.csv,SA16,D,D16,0,0,0,0,0,0
SA16/D16_SA16_R05.csv,SA16,D,D16,0,0,0,0,0,0
SA16/D17_SA16_R01.csv,SA16,D,D17,0,0,0,0,0,0
SA16/D17_SA16_R02.csv,SA16,D,D17,0,0,0,0,0,0
SA16/D17_SA16_R03.csv,SA16,D,D17,0,0,0,0,0,0
SA16/D17_SA16_R04.csv,SA16,D,D17,0,0,0,0,0,0
SA16/D17_SA16_R05.csv,SA16,D,D17,0,0,0,0,0,0
SA16/D18_SA16_R01.csv,SA16,D,D18,1,0,0,0,1,1
SA16/D18_SA16_R02.csv,SA16,D,D18,0,0,1,0,1,1
SA16/D18_SA16_R03.csv,SA16,D,D18,1,0,0,0,1,1
SA16/D18_SA16_R04.csv,SA16,D,D18,1,0,0,0,1,1
SA16/D18_SA16_R05.csv,SA16,D,D18,0,0,0,0,1,1
SA16/D19_SA16_R01.csv,SA16,D,D19,1,0,1,0,1,1
SA16/D19_SA16_R02.csv,SA16,D,D19,1,0,0,0,1,1
SA16/D19_SA16_R03.csv,SA16,D,D19,1,0,1,0,1,1
SA16/D19_SA16_R04.csv,SA16,D,D19,1,0,0,0,1,1
SA16/D19_SA16_R05.csv,SA16,D,D19,1,0,0,0,1,1
SA16/F01_SA16_R01.csv,SA16,F,F01,1,1,0,0,1,1
SA16/F01_SA16_R02.csv,SA16,F,F01,1,1,1,0,1,1
SA16/F01_SA16_R03.csv,SA16,F,F01,1,1,1,0,1,1
SA16/F01_SA16_R04.csv,SA16,F,F01,1,1,0,1,1,1
SA16/F01_SA16_R05.csv,SA16,F,F01,1,1,1,1,1,1
SA16/F02_SA16_R01.csv,SA16,F,F02,1,1,0,0,1,1
SA16/F02_SA16_R02.csv,SA16,F,F02,1,1,0,0,1,1
SA16/F02_SA16_R03.csv,SA16,F,F02,0,1,0,0,1,1
SA16/F02_SA16_R04.csv,SA16,F,F02,1,1,1,0,1,1
SA16/F02_SA16_R05.csv,SA16,F,F02,0,1,1,0,1,1
SA16/F03_SA16_R01.csv,SA16,F,F03,1,1,0,0,1,1
SA16/F03_SA16_R02.csv,SA16,F,F03,1,1,0,0,1,1
SA16/F03_SA16_R03.csv,SA16,F,F03,1,1,0,0,1,1
SA16/F03_SA16_R04.csv,SA16,F,F03,1,1,0,0,1,1
SA16/F03_SA16_R05.csv,SA16,F,F03,1,1,1,0,1,1
SA16/F04_SA16_R01.csv,SA16,F,F04,1,1,0,1,1,1
SA16/F04_SA16_R02.csv,SA16,F,F04,1,1,0,1,1,1
SA16/F04_SA16_R03.csv,SA16,F,F04,1,1,1,1,1,1
SA16/F04_SA16_R04.csv,SA16,F,F04,1,1,0,1,1,1
SA16/F04_SA16_R05.csv,SA16,F,F04,1,1,0,1,1,1
SA16/F05_SA16_R01.csv,SA16,F,F05,1,1,0,0,0,1
SA16/F05_SA16_R02.csv,SA16,F,F05,1,1,0,1,1,1
SA16/F05_SA16_R03.csv,SA16,F,F05,1,1,0,0,1,1
SA16/F05_SA16_R04.csv,SA16,F,F05,1,1,0,0,1,1
SA16/F05_SA16_R05.csv,SA16,F,F05,1,1,0,0,0,1
SA16/F06_SA16_R01.csv,SA16,F,F06,1,1,0,0,1,1
SA16/F06_SA16_R02.csv,SA16,F,F06,1,1,0,1,1,1
SA16/F06_SA16_R03.csv,SA16,F,F06,0,1,1,0,1,1
SA16/F06_SA16_R04.csv,SA16,F,F06,1,1,0,1,1,1
SA16/F06_SA16_R05.csv,SA16,F,F06,1,1,0,1,1,1
SA16/F07_SA16_R01.csv,SA16,F,F07,1,1,0,1,1,1
SA16/F07_SA16_R02.csv,SA16,F,F07,1,1,0,1,1,1
SA16/F07_SA16_R03.csv,SA16,F,F07,0,1,0,1,1,1
SA16/F07_SA16_R04.csv,SA16,F,F07,1,1,1,1,1,1
SA16/F07_SA16_R05.csv,SA16,F,F07,1,1,0,1,1,1
SA16/F08_SA16_R01.csv,SA16,F,F08,0,1,1,1,1,1
SA16/F08_SA16_R02.csv,SA16,F,F08,1,1,0,1,1,1
SA16/F08_SA16_R03.csv,SA16,F,F08,1,1,0,0,1,1
SA16/F08_SA16_R04.csv,SA16,F,F08,1,1,0,0,1,1
SA16/F08_SA16_R05.csv,SA16,F,F08,1,1,0,0,1,1
SA16/F09_SA16_R01.csv,SA16,F,F09,1,1,1,1,1,1
SA16/F09_SA16_R02.csv,SA16,F,F09,1,1,0,1,1,1
SA16/F09_SA16_R03.csv,SA16,F,F09,1,1,0,1,1,1
SA16/F09_SA16_R04.csv,SA16,F,F09,1,1,0,1,1,1
SA16/F09_SA16_R05.csv,SA16,F,F09,1,1,0,1,1,1
SA16/F10_SA16_R01.csv,SA16,F,F10,0,1,0,1,1,1
SA16/F10_SA16_R02.csv,SA16,F,F10,1,1,1,0,1,1
SA16/F10_SA16_R03.csv,SA16,F,F10,1,1,0,1,1,1
SA16/F10_SA16_R04.csv,SA16,F,F10,0,1,1,1,1,1
SA16/F10_SA16_R05.csv,SA16,F,F10,1,1,1,1,1,1
SA16/F11_SA16_R01.csv,SA16,F,F11,1,1,0,1,1,1
SA16/F11_SA16_R02.csv,SA16,F,F11,1,1,0,0,0,0
SA16/F11_SA16_R03.csv,SA16,F,F11,1,1,0,0,1,1
SA16/F11_SA16_R04.csv,SA16,F,F11,1,1,0,0,1,1
SA16/F11_SA16_R05.csv,SA16,F,F11,0,1,0,1,1,1
SA16/F12_SA16_R01.csv,SA16,F,F12,1,1,0,0,1,1
SA16/F12_SA16_R02.csv,SA16,F,F12,0,1,0,1,1,1
SA16/F12_SA16_R03.csv,SA16,F,F12,1,1,0,1,1,1
SA16/F12_SA16_R04.csv,SA16,F,F12,1,1,0,1,1,1
SA16/F12_SA16_R05.csv,SA16,F,F12,1,1,0,1,1,1
SA16/F13_SA16_R01.csv,SA16,F,F13,0,1,0,1,1,1
SA16/F13_SA16_R02.csv,SA16,F,F13,0,1,1,1,1,1
SA16/F13_SA16_R03.csv,SA16,F,F13,1,1,0,1,1,1
SA16/F13_SA16_R04.csv,SA16,F,F13,0,1,0,1,1,1
SA16/F13_SA16_R05.csv,SA16,F,F13,1,1,1,0,1,1
SA16/F14_SA16_R01.csv,SA16,F,F14,1,1,0,1,1,1
SA16/F14_SA16_R02.csv,SA16,F,F14,0,1,0,1,1,1
SA16/F14_SA16_R03.csv,SA16,F,F14,0,1,0,1,1,1
SA16/F14_SA16_R04.csv,SA16,F,F14,1,1,0,1,1,1
SA16/F14_SA16_R05.csv,SA16,F,F14,1,1,0,1,1,1
SA16/F15_SA16_R01.csv,SA16,F,F15,0,0,0,0,0,0
SA16/F15_SA16_R02.csv,SA16,F,F15,1,1,1,1,1,1
SA16/F15_SA16_R03.csv,SA16,F,F15,1,1,0,1,1,1
SA16/F15_SA16_R04.csv,SA16,F,F15,0,1,1,1,1,1
SA16/F15_SA16_R05.csv,SA16,F,F15,1,1,1,1,1,1
SA17/D01_SA17_R01.csv,SA17,D,D01,0,0,0,0,0,0
SA17/D02_SA17_R01.csv,SA17,D,D02,0,0,0,0,0,0
SA17/D03_SA17_R01.csv,SA17,D,D03,1,0,0,0,0,1
SA17/D04_SA17_R01.csv,SA17,D,D04,1,0,0,0,0,1
SA17/D05_SA17_R01.csv,SA17,D,D05,0,0,0,0,0,0
SA17/D05_SA17_R02.csv,SA17,D,D05,0,0,0,0,0,0
SA17/D05_SA17_R03.csv,SA17,D,D05,0,0,0,0,0,0
SA17/D05_SA17_R04.csv,SA17,D,D05,0,0,0,0,0,0
SA17/D05_SA17_R05.csv,SA17,D,D05,0,0,0,0,0,0
SA17/D06_SA17_R02.csv,SA17,D,D06,1,0,0,0,1,1
SA17/D06_SA17_R03.csv,SA17,D,D06,1,0,0,0,0,1
SA17/D06_SA17_R04.csv,SA17,D,D06,1,0,0,0,0,1
SA17/D06_SA17_R05.csv,SA17,D,D06,1,0,0,0,0,1
SA17/D07_SA17_R01.csv,SA17,D,D07,0,0,0,0,0,0
SA17/D07_SA17_R02.csv,SA17,D,D07,0,0,0,0,0,0
SA17/D07_SA17_R03.csv,SA17,D,D07,0,0,0,0,0,0
SA17/D07_SA17_R04.csv,SA17,D,D07,0,0,0,0,0,0
SA17/D07_SA17_R05.csv,SA17,D,D07,0,0,0,0,0,0
SA17/D08_SA17_R01.csv,SA17,D,D08,1,0,0,0,0,0
SA17/D08_SA17_R02.csv,SA17,D,D08,0,0,0,0,0,0
SA17/D08_SA17_R03.csv,SA17,D,D08,0,0,0,0,0,0
SA17/D08_SA17_R04.csv,SA17,D,D08,0,0,0,0,0,0
SA17/D08_SA17_R05.csv,SA17,D,D08,0,0,0,0,0,0
SA17/D09_SA17_R01.csv,SA17,D,D09,0,0,0,0,0,0
SA17/D09_SA17_R02.csv,SA17,D,D09,0,0,0,0,0,0
SA17/D09_SA17_R03.csv,SA17,D,D09,0,0,0,0,0,0
SA17/D09_SA17_R04.csv,SA17,D,D09,0,0,0,0,0,0
SA17/D09_SA17_R05.csv,SA17,D,D09,0,0,0,0,0,0
SA17/D10_SA17_R01.csv,SA17,D,D10,0,0,0,0,0,0
SA17/D10_SA17_R02.csv,SA17,D,D10,0,0,0,0,0,0
SA17/D10_SA17_R03.csv,SA17,D,D10,0,0,0,0,0,0
SA17/D10_SA17_R04.csv,SA17,D,D10,0,0,0,0,0,0
SA17/D10_SA17_R05.csv,SA17,D,D10,0,0,0,0,0,0
SA17/D11_SA17_R01.csv,SA17,D,D11,1,0,1,0,0,0
SA17/D11_SA17_R02.csv,SA17,D,D11,1,0,0,0,0,0
SA17/D11_SA17_R03.csv,SA17,D,D11,0,0,0,0,0,0
SA17/D11_SA17_R04.csv,SA17,D,D11,1,0,0,0,1,1
SA17/D11_SA17_R05.csv,SA17,D,D11,1,0,0,0,0,0
SA17/D12_SA17_R01.csv,SA17,D,D12,0,0,0,0,0,0
SA17/D12_SA17_R02.csv,SA17,D,D12,0,0,0,0,0,0
SA17/D12_SA17_R03.csv,SA17,D,D12,0,0,0,0,0,0
SA17/D12_SA17_R04.csv,SA17,D,D12,0,0,0,0,0,0
SA17/D12_SA17_R05.csv,SA17,D,D12,0,0,0,0,0,0
SA17/D13_SA17_R01.csv,SA17,D,D13,0,0,0,0,0,0
SA17/D13_SA17_R02.csv,SA17,D,D13,0,0,0,0,0,0
SA17/D13_SA17_R03.csv,SA17,D,D13,0,0,0,0,0,0
SA17/D13_SA17_R04.csv,SA17,D,D13,0,0,0,0,0,0
SA17/D13_SA17_R05.csv,SA17,D,D13,0,0,0,0,0,0
SA17/D14_SA17_R01.csv,SA17,D,D14,0,0,0,0,0,0
SA17/D14_SA17_R02.csv,SA17,D,D14,0,0,0,0,0,0
SA17/D14_SA17_R03.csv,SA17,D,D14,0,0,0,0,0,0
SA17/D14_SA17_R04.csv,SA17,D,D14,0,0,0,0,0,0
SA17/D14_SA17_R05.csv,SA17,D,D14,0,0,0,0,0,0
SA17/D15_SA17_R01.csv,SA17,D,D15,0,0,0,0,0,0
SA17/D15_SA17_R02.csv,SA17,D,D15,0,0,0,0,0,0
SA17/D15_SA17_R03.csv,SA17,D,D15,0,0,0,0,0,0
SA17/D15_SA17_R04.csv,SA17,D,D15,0,0,0,0,0,0
SA17/D15_SA17_R05.csv,SA17,D,D15,0,0,0,0,0,0
SA17/D16_SA17_R01.csv,SA17,D,D16,0,0,0,0,0,0
SA17/D16_SA17_R02.csv,SA17,D,D16,0,0,0,0,0,0
SA17/D16_SA17_R03.csv,SA17,D,D16,0,0,0,0,0,0
SA17/D16_SA17_R04.csv,SA17,D,D16,0,0,0,0,0,0
SA17/D16_SA17_R05.csv,SA17,D,D16,0,0,0,0,0,0
SA17/D17_SA17_R01.csv,SA17,D,D17,0,0,0,0,0,0
SA17/D17_SA17_R02.csv,SA17,D,D17,0,0,0,0,0,0
SA17/D17_SA17_R03.csv,SA17,D,D17,0,0,0,0,0,0
SA17/D17_SA17_R04.csv,SA17,D,D17,0,0,0,0,0,0
SA17/D17_SA17_R05.csv,SA17,D,D17,0,0,0,0,0,0
SA17/D18_SA17_R01.csv,SA17,D,D18,1,0,1,0,1,1
SA17/D18_SA17_R02.csv,SA17,D,D18,0,0,0,0,1,1
SA17/D18_SA17_R03.csv,SA17,D,D18,1,0,1,0,1,1
SA17/D18_SA17_R04.csv,SA17,D,D18,1,0,0,0,1,1
SA17/D18_SA17_R05.csv,SA17,D,D18,1,0,0,0,1,1
SA17/D19_SA17_R01.csv,SA17,D,D19,1,0,0,0,1,1
SA17/D19_SA17_R02.csv,SA17,D,D19,0,0,0,0,0,0
SA17/D19_SA17_R03.csv,SA17,D,D19,1,0,0,0,1,1
SA17/D19_SA17_R04.csv,SA17,D,D19,1,0,0,0,1,1
SA17/D19_SA17_R05.csv,SA17,D,D19,1,0,0,0,1,1
SA17/F01_SA17_R01.csv,SA17,F,F01,1,1,0,0,1,1
SA17/F01_SA17_R02.csv,SA17,F,F01,1,1,0,0,1,1
SA17/F01_SA17_R03.csv,SA17,F,F01,1,1,0,0,1,1
SA17/F01_SA17_R04.csv,SA17,F,F01,0,1,0,0,1,1
SA17/F01_SA17_R05.csv,SA17,F,F01,1,1,0,1,1,1
SA17/F02_SA17_R01.csv,SA17,F,F02,1,1,0,1,1,1
SA17/F02_SA17_R02.csv,SA17,F,F02,1,1,0,0,1,1
SA17/F02_SA17_R03.csv,SA17,F,F02,0,1,0,1,1,1
SA17/F02_SA17_R04.csv,SA17,F,F02,0,1,0,0,1,1
SA17/F02_SA17_R05.csv,SA17,F,F02,1,1,0,1,1,1
SA17/F03_SA17_R01.csv,SA17,F,F03,0,1,1,1,1,1
SA17/F03_SA17_R02.csv,SA17,F,F03,1,1,0,0,1,1
SA17/F03_SA17_R03.csv,SA17,F,F03,1,1,0,0,1,1
SA17/F03_SA17_R04.csv,SA17,F,F03,1,1,1,0,1,1
SA17/F03_SA17_R05.csv,SA17,F,F03,1,1,0,0,1,1
SA17/F04_SA17_R01.csv,SA17,F,F04,0,1,0,0,1,1
SA17/F04_SA17_R02.csv,SA17,F,F04,1,1,0,1,1,1
SA17/F04_SA17_R03.csv,SA17,F,F04,1,1,0,1,1,1
SA17/F04_SA17_R04.csv,SA17,F,F04,1,1,0,1,1,1
SA17/F04_SA17_R05.csv,SA17,F,F04,1,1,0,1,1,1
SA17/F05_SA17_R01.csv,SA17,F,F05,1,1,0,0,1,1
SA17/F05_SA17_R02.csv,SA17,F,F05,1,1,0,1,0,1
SA17/F05_SA17_R03.csv,SA17,F,F05,1,1,0,0,1,1
SA17/F05_SA17_R04.csv,SA17,F,F05,1,1,0,1,1,1
SA17/F05_SA17_R05.csv,SA17,F,F05,1,1,0,1,1,1
SA17/F06_SA17_R01.csv,SA17,F,F06,1,1,0,1,1,1
SA17/F06_SA17_R02.csv,SA17,F,F06,1,1,0,1,1,1
SA17/F06_SA17_R03.csv,SA17,F,F06,1,1,0,1,1,1
SA17/F06_SA17_R04.csv,SA17,F,F06,1,1,0,1,1,1
SA17/F06_SA17_R05.csv,SA17,F,F06,1,1,1,0,1,1
SA17/F07_SA17_R01.csv,SA17,F,F07,0,1,0,1,0,0
SA17/F07_SA17_R02.csv,SA17,F,F07,0,1,1,0,1,1
SA17/F07_SA17_R03.csv,SA17,F,F07,0,1,0,1,1,1
SA17/F07_SA17_R04.csv,SA17,F,F07,1,1,0,1,1,1
SA17/F07_SA17_R05.csv,SA17,F,F07,0,1,0,0,1,1
SA17/F08_SA17_R01.csv,SA17,F,F08,1,1,0,0,1,1
SA17/F08_SA17_R02.csv,SA17,F,F08,1,1,0,1,1,1
SA17/F08_SA17_R03.csv,SA17,F,F08,1,1,0,1,1,1
SA17/F08_SA17_R04.csv,SA17,F,F08,1,1,0,1,1,1
SA17/F08_SA17_R05.csv,SA17,F,F08,1,1,0,1,1,1
SA17/F09_SA17_R01.csv,SA17,F,F09,0,1,0,1,1,1
SA17/F09_SA17_R02.csv,SA17,F,F09,1,1,0,1,1,1
SA17/F09_SA17_R03.csv,SA17,F,F09,1,1,0,1,1,1
SA17/F09_SA17_R04.csv,SA17,F,F09,1,1,1,1,1,1
SA17/F09_SA17_R05.csv,SA17,F,F09,1,1,0,1,1,1
SA17/F10_SA17_R01.csv,SA17,F,F10,1,1,0,1,1,1
SA17/F10_SA17_R02.csv,SA17,F,F10,1,1,0,1,1,1
SA17/F10_SA17_R03.csv,SA17,F,F10,1,1,0,1,1,1
SA17/F10_SA17_R04.csv,SA17,F,F10,1,1,0,1,1,1
SA17/F10_SA17_R05.csv,SA17,F,F10,1,1,0,1,1,1
SA17/F11_SA17_R01.csv,SA17,F,F11,1,1,0,0,1,1
SA17/F11_SA17_R02.csv,SA17,F,F11,1,1,0,0,1,1
SA17/F11_SA17_R03.csv,SA17,F,F11,1,1,0,0,1,1
SA17/F11_SA17_R04.csv,SA17,F,F11,1,1,0,1,1,1
SA17/F11_SA17_R05.csv,SA17,F,F11,1,0,0,0,1,1
SA17/F12_SA17_R01.csv,SA17,F,F12,1,1,1,1,1,1
SA17/F12_SA17_R02.csv,SA17,F,F12,0,1,0,1,1,1
SA17/F12_SA17_R03.csv,SA17,F,F12,1,1,0,1,1,1
SA17/F12_SA17_R04.csv,SA17,F,F12,1,1,0,1,1,1
SA17/F12_SA17_R05.csv,SA17,F,F12,1,1,0,1,1,1
SA17/F13_SA17_R01.csv,SA17,F,F13,0,1,1,1,1,1
SA17/F13_SA17_R02.csv,SA17,F,F13,1,1,1,1,1,1
SA17/F13_SA17_R03.csv,SA17,F,F13,1,1,0,1,1,1
SA17/F13_SA17_R04.csv,SA17,F,F13,1,1,0,1,1,1
SA17/F13_SA17_R05.csv,SA17,F,F13,1,1,1,0,1,1
SA17/F14_SA17_R01.csv,SA17,F,F14,1,1,0,1,1,1
SA17/F14_SA17_R02.csv,SA17,F,F14,1,1,0,1,1,1
SA17/F14_SA17_R03.csv,SA17,F,F14,1,1,1,1,1,1
SA17/F14_SA17_R04.csv,SA17,F,F14,1,1,1,1,1,1
SA17/F14_SA17_R05.csv,SA17,F,F14,0,1,0,1,1,1
SA17/F15_SA17_R01.csv,SA17,F,F15,0,1,0,1,1,1
SA17/F15_SA17_R02.csv,SA17,F,F15,1,1,0,0,1,1
SA17/F15_SA17_R03.csv,SA17,F,F15,1,1,0,0,1,1
SA17/F15_SA17_R04.csv,SA17,F,F15,1,1,0,1,1,1
SA17/F15_SA17_R05.csv,SA17,F,F15,0,1,0,1,1,1
SA18/D01_SA18_R01.csv,SA18,D,D01,0,0,0,0,0,0
SA18/D02_SA18_R01.csv,SA18,D,D02,0,0,0,0,0,0
SA18/D03_SA18_R01.csv,SA18,D,D03,1,0,0,0,0,1
SA18/D04_SA18_R01.csv,SA18,D,D04,1,0,0,0,0,1
SA18/D05_SA18_R01.csv,SA18,D,D05,0,0,0,0,0,0
SA18/D05_SA18_R02.csv,SA18,D,D05,0,0,0,0,1,1
SA18/D05_SA18_R03.csv,SA18,D,D05,1,0,0,0,0,0
SA18/D05_SA18_R04.csv,SA18,D,D05,0,0,0,0,0,0
SA18/D05_SA18_R05.csv,SA18,D,D05,0,0,0,0,0,0
SA18/D06_SA18_R01.csv,SA18,D,D06,1,0,0,0,0,1
SA18/D06_SA18_R02.csv,SA18,D,D06,1,0,0,0,0,1
SA18/D06_SA18_R03.csv,SA18,D,D06,1,0,0,0,0,1
SA18/D06_SA18_R04.csv,SA18,D,D06,1,0,0,0,0,1
SA18/D06_SA18_R05.csv,SA18,D,D06,1,0,0,0,0,1
SA18/D07_SA18_R01.csv,SA18,D,D07,0,0,0,0,0,0
SA18/D07_SA18_R02.csv,SA18,D,D07,0,0,0,0,0,0
SA18/D07_SA18_R03.csv,SA18,D,D07,0,0,0,0,0,0
SA18/D07_SA18_R04.csv,SA18,D,D07,0,0,0,0,0,0
SA18/D07_SA18_R05.csv,SA18,D,D07,0,0,0,0,0,0
SA18/D08_SA18_R01.csv,SA18,D,D08,1,0,0,0,1,1
SA18/D08_SA18_R02.csv,SA18,D,D08,0,0,0,0,1,1
SA18/D08_SA18_R03.csv,SA18,D,D08,0,0,0,0,0,0
SA18/D08_SA18_R04.csv,SA18,D,D08,0,0,1,0,0,0
SA18/D08_SA18_R05.csv,SA18,D,D08,1,0,1,0,1,1
SA18/D09_SA18_R01.csv,SA18,D,D09,0,0,0,0,0,0
SA18/D09_SA18_R02.csv,SA18,D,D09,0,0,0,0,0,0
SA18/D09_SA18_R03.csv,SA18,D,D09,0,0,0,0,0,0
SA18/D09_SA18_R04.csv,SA18,D,D09,0,0,0,0,0,0
SA18/D09_SA18_R05.csv,SA18,D,D09,0,0,0,0,0,0
SA18/D10_SA18_R01.csv,SA18,D,D10,0,0,1,0,0,0
SA18/D10_SA18_R02.csv,SA18,D,D10,1,0,0,0,0,0
SA18/D10_SA18_R03.csv,SA18,D,D10,0,0,1,0,1,1
SA18/D10_SA18_R04.csv,SA18,D,D10,1,0,0,0,1,1
SA18/D10_SA18_R05.csv,SA18,D,D10,0,0,0,0,1,1
SA18/D11_SA18_R01.csv,SA18,D,D11,1,0,0,0,0,0
SA18/D11_SA18_R02.csv,SA18,D,D11,0,0,0,0,0,0
SA18/D11_SA18_R03.csv,SA18,D,D11,0,0,1,0,1,1
SA18/D11_SA18_R04.csv,SA18,D,D11,0,0,0,0,1,1
SA18/D11_SA18_R05.csv,SA18,D,D11,1,0,0,0,1,1
SA18/D12_SA18_R01.csv,SA18,D,D12,0,0,0,0,0,0
SA18/D12_SA18_R02.csv,SA18,D,D12,0,0,0,0,0,0
SA18/D12_SA18_R03.csv,SA18,D,D12,0,0,0,0,0,0
SA18/D12_SA18_R04.csv,SA18,D,D12,0,0,0,0,0,0
SA18/D12_SA18_R05.csv,SA18,D,D12,0,0,0,0,0,0
SA18/D13_SA18_R01.csv,SA18,D,D13,0,0,0,0,0,0
SA18/D13_SA18_R02.csv,SA18,D,D13,0,0,0,0,0,0
SA18/D13_SA18_R03.csv,SA18,D,D13,0,0,0,0,0,0
SA18/D13_SA18_R04.csv,SA18,D,D13,0,0,0,0,0,0
SA18/D13_SA18_R05.csv,SA18,D,D13,0,0,0,0,0,0
SA18/D14_SA18_R01.csv,SA18,D,D14,0,0,0,0,0,0
SA18/D14_SA18_R02.csv,SA18,D,D14,0,0,0,0,0,0
SA18/D14_SA18_R03.csv,SA18,D,D14,0,0,0,0,0,0
SA18/D14_SA18_R04.csv,SA18,D,D14,0,0,0,0,0,0
SA18/D14_SA18_R05.csv,SA18,D,D14,0,0,0,0,0,0
SA18/D15_SA18_R01.csv,SA18,D,D15,0,0,0,0,0,0
SA18/D15_SA18_R02.csv,SA18,D,D15,0,0,0,0,0,0
SA18/D15_SA18_R03.csv,SA18,D,D15,0,0,0,0,0,0
SA18/D15_SA18_R04.csv,SA18,D,D15,0,0,0,0,0,0
SA18/D15_SA18_R05.csv,SA18,D,D15,0,0,0,0,0,0
SA18/D16_SA18_R01.csv,SA18,D,D16,0,0,0,0,0,0
SA18/D16_SA18_R02.csv,SA18,D,D16,0,0,0,0,0,0
SA18/D16_SA18_R03.csv,SA18,D,D16,0,0,0,0,0,0
SA18/D16_SA18_R04.csv,SA18,D,D16,0,0,0,0,0,0
SA18/D16_SA18_R05.csv,SA18,D,D16,0,0,0,0,0,0
SA18/D17_SA18_R01.csv,SA18,D,D17,0,0,0,0,0,0
SA18/D17_SA18_R02.csv,SA18,D,D17,0,0,0,0,0,0
SA18/D17_SA18_R03.csv,SA18,D,D17,0,0,0,0,0,0
SA18/D17_SA18_R04.csv,SA18,D,D17,0,0,0,0,0,0
SA18/D17_SA18_R05.csv,SA18,D,D17,0,0,0,0,0,0
SA18/D18_SA18_R01.csv,SA18,D,D18,0,0,1,0,0,0
SA18/D18_SA18_R02.csv,SA18,D,D18,1,0,0,0,1,1
SA18/D18_SA18_R03.csv,SA18,D,D18,1,0,0,0,1,1
SA18/D18_SA18_R04.csv,SA18,D,D18,0,0,0,0,1,1
SA18/D18_SA18_R05.csv,SA18,D,D18,1,0,0,0,1,1
SA18/D19_SA18_R01.csv,SA18,D,D19,1,0,1,0,0,1
SA18/D19_SA18_R02.csv,SA18,D,D19,1,0,0,0,0,0
SA18/D19_SA18_R03.csv,SA18,D,D19,1,0,1,0,1,1
SA18/D19_SA18_R04.csv,SA18,D,D19,1,0,0,0,0,0
SA18/D19_SA18_R05.csv,SA18,D,D19,1,0,1,0,1,1
SA18/F01_SA18_R01.csv,SA18,F,F01,1,1,1,1,1,1
SA18/F01_SA18_R02.csv,SA18,F,F01,1,1,1,1,1,1
SA18/F01_SA18_R03.csv,SA18,F,F01,1,1,0,1,1,1
SA18/F01_SA18_R04.csv,SA18,F,F01,1,1,1,0,1,1
SA18/F01_SA18_R05.csv,SA18,F,F01,1,1,0,1,1,1
SA18/F02_SA18_R01.csv,SA18,F,F02,1,1,0,0,1,1
SA18/F02_SA18_R02.csv,SA18,F,F02,1,1,0,0,0,0
SA18/F02_SA18_R03.csv,SA18,F,F02,0,1,0,0,1,1
SA18/F02_SA18_R04.csv,SA18,F,F02,1,1,0,0,1,1
SA18/F02_SA18_R05.csv,SA18,F,F02,0,1,0,1,1,1
SA18/F03_SA18_R01.csv,SA18,F,F03,0,1,1,0,1,1
SA18/F03_SA18_R02.csv,SA18,F,F03,1,1,0,1,1,1
SA18/F03_SA18_R03.csv,SA18,F,F03,1,1,1,1,1,1
SA18/F03_SA18_R04.csv,SA18,F,F03,1,1,0,0,1,1
SA18/F03_SA18_R05.csv,SA18,F,F03,0,1,1,0,1,1
SA18/F04_SA18_R01.csv,SA18,F,F04,1,1,0,0,1,1
SA18/F04_SA18_R02.csv,SA18,F,F04,1,1,0,1,1,1
SA18/F04_SA18_R03.csv,SA18,F,F04,1,1,1,1,1,1
SA18/F04_SA18_R04.csv,SA18,F,F04,1,1,0,1,1,1
SA18/F04_SA18_R05.csv,SA18,F,F04,1,1,0,1,1,1
SA18/F05_SA18_R01.csv,SA18,F,F05,1,1,1,0,0,1
SA18/F05_SA18_R02.csv,SA18,F,F05,1,1,0,1,0,1
SA18/F05_SA18_R03.csv,SA18,F,F05,1,1,1,0,0,1
SA18/F05_SA18_R04.csv,SA18,F,F05,1,1,0,1,0,0
SA18/F05_SA18_R05.csv,SA18,F,F05,1,1,0,1,0,0
SA18/F06_SA18_R01.csv,SA18,F,F06,1,1,0,1,1,1
SA18/F06_SA18_R02.csv,SA18,F,F06,0,1,0,0,1,1
SA18/F06_SA18_R03.csv,SA18,F,F06,1,1,0,0,1,1
SA18/F06_SA18_R04.csv,SA18,F,F06,1,1,0,1,1,1
SA18/F06_SA18_R05.csv,SA18,F,F06,1,1,1,0,1,1
SA18/F07_SA18_R01.csv,SA18,F,F07,0,1,1,1,1,1
SA18/F07_SA18_R02.csv,SA18,F,F07,0,1,1,1,1,1
SA18/F07_SA18_R03.csv,SA18,F,F07,0,1,1,0,1,1
SA18/F07_SA18_R04.csv,SA18,F,F07,1,1,1,0,1,1
SA18/F07_SA18_R05.csv,SA18,F,F07,1,1,1,1,1,1
SA18/F08_SA18_R01.csv,SA18,F,F08,0,1,0,1,1,1
SA18/F08_SA18_R02.csv,SA18,F,F08,1,1,0,1,1,1
SA18/F08_SA18_R03.csv,SA18,F,F08,0,1,0,1,1,1
SA18/F08_SA18_R04.csv,SA18,F,F08,0,1,0,0,1,1
SA18/F08_SA18_R05.csv,SA18,F,F08,0,1,0,1,1,1
SA18/F09_SA18_R01.csv,SA18,F,F09,1,1,0,1,1,1
SA18/F09_SA18_R02.csv,SA18,F,F09,0,1,0,1,1,1
SA18/F09_SA18_R03.csv,SA18,F,F09,1,1,1,1,1,1
SA18/F09_SA18_R04.csv,SA18,F,F09,1,1,0,1,1,1
SA18/F09_SA18_R05.csv,SA18,F,F09,1,1,0,0,1,1
SA18/F10_SA18_R01.csv,SA18,F,F10,0,1,0,0,0,0
SA18/F10_SA18_R02.csv,SA18,F,F10,0,1,0,1,1,1
SA18/F10_SA18_R03.csv,SA18,F,F10,1,1,0,1,1,1
SA18/F10_SA18_R04.csv,SA18,F,F10,1,1,0,1,1,1
SA18/F10_SA18_R05.csv,SA18,F,F10,1,1,0,1,1,1
SA18/F11_SA18_R01.csv,SA18,F,F11,1,1,0,0,0,0
SA18/F11_SA18_R02.csv,SA18,F,F11,0,1,1,0,1,1
SA18/F11_SA18_R03.csv,SA18,F,F11,0,1,0,0,0,0
SA18/F11_SA18_R04.csv,SA18,F,F11,0,1,0,0,1,1
SA18/F11_SA18_R05.csv,SA18,F,F11,0,1,0,0,1,1
SA18/F12_SA18_R01.csv,SA18,F,F12,0,1,0,1,1,1
SA18/F12_SA18_R02.csv,SA18,F,F12,1,1,0,1,1,1
SA18/F12_SA18_R03.csv,SA18,F,F12,0,1,0,1,1,1
SA18/F12_SA18_R04.csv,SA18,F,F12,1,1,0,1,1,1
SA18/F12_SA18_R05.csv,SA18,F,F12,0,1,1,0,1,1
SA18/F13_SA18_R01.csv,SA18,F,F13,0,1,0,1,1,1
SA18/F13_SA18_R02.csv,SA18,F,F13,1,1,0,0,1,1
SA18/F13_SA18_R03.csv,SA18,F,F13,0,1,0,0,0,0
SA18/F13_SA18_R04.csv,SA18,F,F13,0,1,1,0,0,0
SA18/F13_SA18_R05.csv,SA18,F,F13,0,0,0,1,1,1
SA18/F14_SA18_R01.csv,SA18,F,F14,1,1,0,1,1,1
SA18/F14_SA18_R02.csv,SA18,F,F14,1,1,0,1,1,1
SA18/F14_SA18_R03.csv,SA18,F,F14,1,1,0,1,1,1
SA18/F14_SA18_R04.csv,SA18,F,F14,1,1,0,1,1,1
SA18/F14_SA18_R05.csv,SA18,F,F14,0,1,0,1,1,1
SA18/F15_SA18_R01.csv,SA18,F,F15,0,1,0,1,1,1
SA18/F15_SA18_R02.csv,SA18,F,F15,1,1,0,1,1,1
SA18/F15_SA18_R03.csv,SA18,F,F15,1,1,0,1,1,1
SA18/F15_SA18_R04.csv,SA18,F,F15,1,1,1,1,1,1
SA18/F15_SA18_R05.csv,SA18,F,F15,0,1,0,1,1,1
SA19/D01_SA19_R01.csv,SA19,D,D01,0,0,0,0,0,0
SA19/D02_SA19_R01.csv,SA19,D,D02,0,0,0,0,0,0
SA19/D03_SA19_R01.csv,SA19,D,D03,1,0,0,0,0,1
SA19/D04_SA19_R01.csv,SA19,D,D04,1,0,0,0,0,1
SA19/D05_SA19_R01.csv,SA19,D,D05,0,0,0,0,0,0
SA19/D05_SA19_R02.csv,SA19,D,D05,0,0,0,0,0,0
SA19/D05_SA19_R03.csv,SA19,D,D05,0,0,0,0,0,0
SA19/D05_SA19_R04.csv,SA19,D,D05,0,0,0,0,0,0
SA19/D05_SA19_R05.csv,SA19,D,D05,0,0,0,0,0,0
SA19/D06_SA19_R01.csv,SA19,D,D06,1,0,0,0,0,1
SA19/D06_SA19_R02.csv,SA19,D,D06,1,0,0,0,0,1
SA19/D06_SA19_R03.csv,SA19,D,D06,1,0,0,0,0,1
SA19/D06_SA19_R04.csv,SA19,D,D06,1,0,1,0,0,1
SA19/D06_SA19_R05.csv,SA19,D,D06,1,0,0,0,0,1
SA19/D07_SA19_R01.csv,SA19,D,D07,0,0,0,0,0,0
SA19/D07_SA19_R02.csv,SA19,D,D07,0,0,0,0,0,0
SA19/D07_SA19_R03.csv,SA19,D,D07,0,0,0,0,0,0
SA19/D07_SA19_R04.csv,SA19,D,D07,0,0,0,0,0,0
SA19/D07_SA19_R05.csv,SA19,D,D07,0,0,0,0,0,0
SA19/D08_SA19_R01.csv,SA19,D,D08,0,0,0,0,1,1
SA19/D08_SA19_R02.csv,SA19,D,D08,0,0,1,0,0,0
SA19/D08_SA19_R03.csv,SA19,D,D08,0,0,0,0,0,0
SA19/D08_SA19_R04.csv,SA19,D,D08,0,0,0,0,0,0
SA19/D08_SA19_R05.csv,SA19,D,D08,0,0,0,0,0,0
SA19/D09_SA19_R01.csv,SA19,D,D09,0,0,0,0,0,0
SA19/D09_SA19_R02.csv,SA19,D,D09,0,0,0,0,0,0
SA19/D09_SA19_R03.csv,SA19,D,D09,0,0,0,0,0,0
SA19/D09_SA19_R04.csv,SA19,D,D09,0,0,0,0,0,0
SA19/D09_SA19_R05.csv,SA19,D,D09,0,0,0,0,0,0
SA19/D10_SA19_R01.csv,SA19,D,D10,0,0,0,0,0,0
SA19/D10_SA19_R02.csv,SA19,D,D10,0,0,0,0,0,0
SA19/D10_SA19_R03.csv,SA19,D,D10,0,0,0,0,0,0
SA19/D10_SA19_R04.csv,SA19,D,D10,0,0,1,0,0,0
SA19/D10_SA19_R05.csv,SA19,D,D10,0,0,0,0,0,0
SA19/D11_SA19_R01.csv,SA19,D,D11,0,0,0,0,0,0
SA19/D11_SA19_R02.csv,SA19,D,D11,0,0,0,0,1,1
SA19/D11_SA19_R03.csv,SA19,D,D11,0,0,0,0,0,0
SA19/D11_SA19_R04.csv,SA19,D,D11,1,0,0,0,1,1
SA19/D11_SA19_R05.csv,SA19,D,D11,0,0,0,0,0,0
SA19/D12_SA19_R01.csv,SA19,D,D12,0,0,0,0,0,0
SA19/D12_SA19_R02.csv,SA19,D,D12,0,0,0,0,0,0
SA19/D12_SA19_R03.csv,SA19,D,D12,0,0,0,0,0,0
SA19/D12_SA19_R04.csv,SA19,D,D12,0,0,0,0,0,0
SA19/D12_SA19_R05.csv,SA19,D,D12,0,0,0,0,0,0
SA19/D13_SA19_R01.csv,SA19,D,D13,0,0,0,0,0,0
SA19/D13_SA19_R02.csv,SA19,D,D13,0,0,0,0,0,0
SA19/D13_SA19_R03.csv,SA19,D,D13,0,0,0,0,0,0
SA19/D13_SA19_R04.csv,SA19,D,D13,0,0,0,0,0,0
SA19/D13_SA19_R05.csv,SA19,D,D13,0,0,0,0,0,0
SA19/D14_SA19_R01.csv,SA19,D,D14,0,0,0,0,0,0
SA19/D14_SA19_R02.csv,SA19,D,D14,0,0,0,0,0,0
SA19/D14_SA19_R03.csv,SA19,D,D14,0,0,0,0,0,0
SA19/D14_SA19_R04.csv,SA19,D,D14,0,0,0,0,0,0
SA19/D14_SA19_R05.csv,SA19,D,D14,0,0,0,0,0,0
SA19/D15_SA19_R01.csv,SA19,D,D15,0,0,0,0,0,0
SA19/D15_SA19_R02.csv,SA19,D,D15,0,0,0,0,0,0
SA19/D15_SA19_R03.csv,SA19,D,D15,0,0,0,0,0,0
SA19/D15_SA19_R04.csv,SA19,D,D15,0,0,0,0,0,0
SA19/D15_SA19_R05.csv,SA19,D,D15,0,0,0,0,0,0
SA19/D16_SA19_R01.csv,SA19,D,D16,0,0,0,0,0,0
SA19/D16_SA19_R02.csv,SA19,D,D16,0,0,0,0,0,0
SA19/D16_SA19_R03.csv,SA19,D,D16,0,0,0,0,0,0
SA19/D16_SA19_R04.csv,SA19,D,D16,0,0,0,0,0,0
SA19/D16_SA19_R05.csv,SA19,D,D16,0,0,0,0,0,0
SA19/D17_SA19_R01.csv,SA19,D,D17,0,0,0,0,0,0
SA19/D17_SA19_R02.csv,SA19,D,D17,0,0,0,0,0,0
SA19/D17_SA19_R03.csv,SA19,D,D17,0,0,0,0,0,0
SA19/D17_SA19_R04.csv,SA19,D,D17,0,0,0,0,0,0
SA19/D17_SA19_R05.csv,SA19,D,D17,0,0,0,0,0,0
SA19/D18_SA19_R01.csv,SA19,D,D18,1,0,0,0,1,1
SA19/D18_SA19_R02.csv,SA19,D,D18,1,0,0,0,1,1
SA19/D18_SA19_R03.csv,SA19,D,D18,1,0,1,0,1,1
SA19/D18_SA19_R04.csv,SA19,D,D18,1,0,0,0,0,0
SA19/D18_SA19_R05.csv,SA19,D,D18,1,0,0,0,1,1
SA19/D19_SA19_R01.csv,SA19,D,D19,1,0,0,0,1,1
SA19/D19_SA19_R02.csv,SA19,D,D19,1,0,0,0,1,1
SA19/D19_SA19_R03.csv,SA19,D,D19,1,0,0,0,1,1
SA19/D19_SA19_R04.csv,SA19,D,D19,1,0,0,0,1,1
SA19/D19_SA19_R05.csv,SA19,D,D19,1,0,0,0,1,1
SA19/F01_SA19_R01.csv,SA19,F,F01,1,1,0,0,1,1
SA19/F01_SA19_R02.csv,SA19,F,F01,1,1,1,0,1,1
SA19/F01_SA19_R03.csv,SA19,F,F01,1,1,1,1,1,1
SA19/F01_SA19_R04.csv,SA19,F,F01,1,1,1,0,1,1
SA19/F01_SA19_R05.csv,SA19,F,F01,1,1,0,1,1,1
SA19/F02_SA19_R01.csv,SA19,F,F02,1,1,0,0,1,1
SA19/F02_SA19_R02.csv,SA19,F,F02,1,1,0,1,1,1
SA19/F02_SA19_R03.csv,SA19,F,F02,1,1,0,1,1,1
SA19/F02_SA19_R04.csv,SA19,F,F02,1,1,0,0,1,1
SA19/F02_SA19_R05.csv,SA19,F,F02,0,1,0,0,1,1
SA19/F03_SA19_R01.csv,SA19,F,F03,1,1,1,1,1,1
SA19/F03_SA19_R02.csv,SA19,F,F03,1,1,0,1,1,1
SA19/F03_SA19_R03.csv,SA19,F,F03,1,1,0,0,1,1
SA19/F03_SA19_R04.csv,SA19,F,F03,1,1,0,1,1,1
SA19/F03_SA19_R05.csv,SA19,F,F03,1,1,1,1,1,1
SA19/F04_SA19_R01.csv,SA19,F,F04,1,1,0,0,1,1
SA19/F04_SA19_R02.csv,SA19,F,F04,0,1,0,1,1,1
SA19/F04_SA19_R03.csv,SA19,F,F04,1,1,0,1,0,0
SA19/F04_SA19_R04.csv,SA19,F,F04,1,1,0,0,1,1
SA19/F04_SA19_R05.csv,SA19,F,F04,1,1,0,0,1,1
SA19/F05_SA19_R01.csv,SA19,F,F05,1,1,1,1,0,1
SA19/F05_SA19_R02.csv,SA19,F,F05,1,1,0,0,1,1
SA19/F05_SA19_R03.csv,SA19,F,F05,1,1,0,0,0,0
SA19/F05_SA19_R04.csv,SA19,F,F05,1,1,1,1,0,0
SA19/F05_SA19_R05.csv,SA19,F,F05,1,1,1,1,0,0
SA19/F06_SA19_R01.csv,SA19,F,F06,0,1,0,1,1,1
SA19/F06_SA19_R02.csv,SA19,F,F06,1,1,0,1,1,1
SA19/F06_SA19_R03.csv,SA19,F,F06,1,1,0,1,1,1
SA19/F06_SA19_R04.csv,SA19,F,F06,0,1,1,1,1,1
SA19/F06_SA19_R05.csv,SA19,F,F06,1,1,0,1,1,1
SA19/F07_SA19_R01.csv,SA19,F,F07,0,1,0,1,0,0
SA19/F07_SA19_R02.csv,SA19,F,F07,0,1,0,1,1,1
SA19/F07_SA19_R03.csv,SA19,F,F07,0,0,0,0,0,0
SA19/F07_SA19_R04.csv,SA19,F,F07,1,1,1,0,1,1
SA19/F07_SA19_R05.csv,SA19,F,F07,0,0,0,0,0,0
SA19/F08_SA19_R01.csv,SA19,F,F08,1,1,1,1,1,1
SA19/F08_SA19_R02.csv,SA19,F,F08,0,0,0,0,0,0
SA19/F08_SA19_R03.csv,SA19,F,F08,1,1,0,0,1,1
SA19/F08_SA19_R04.csv,SA19,F,F08,0,1,0,0,1,1
SA19/F08_SA19_R05.csv,SA19,F,F08,0,1,0,1,1,1
SA19/F09_SA19_R01.csv,SA19,F,F09,1,1,1,1,1,1
SA19/F09_SA19_R02.csv,SA19,F,F09,0,1,0,1,1,1
SA19/F09_SA19_R03.csv,SA19,F,F09,1,1,0,1,1,1
SA19/F09_SA19_R04.csv,SA19,F,F09,0,1,0,1,1,1
SA19/F09_SA19_R05.csv,SA19,F,F09,1,1,0,1,1,1
SA19/F10_SA19_R01.csv,SA19,F,F10,1,1,1,0,0,0
SA19/F10_SA19_R02.csv,SA19,F,F10,0,1,0,0,0,0
SA19/F10_SA19_R03.csv,SA19,F,F10,0,1,1,1,1,1
SA19/F10_SA19_R04.csv,SA19,F,F10,0,1,1,0,0,0
SA19/F10_SA19_R05.csv,SA19,F,F10,1,1,0,0,1,1
SA19/F11_SA19_R01.csv,SA19,F,F11,0,1,0,1,1,1
SA19/F11_SA19_R02.csv,SA19,F,F11,1,1,0,1,1,1
SA19/F11_SA19_R03.csv,SA19,F,F11,0,1,0,0,1,1
SA19/F11_SA19_R04.csv,SA19,F,F11,1,1,0,1,1,1
SA19/F11_SA19_R05.csv,SA19,F,F11,1,1,0,1,1,1
SA19/F12_SA19_R01.csv,SA19,F,F12,0,1,0,0,1,1
SA19/F12_SA19_R02.csv,SA19,F,F12,1,1,0,0,1,1
SA19/F12_SA19_R03.csv,SA19,F,F12,1,1,1,1,1,1
SA19/F12_SA19_R04.csv,SA19,F,F12,1,1,0,0,1,1
SA19/F12_SA19_R05.csv,SA19,F,F12,0,1,0,0,1,1
SA19/F13_SA19_R01.csv,SA19,F,F13,0,0,0,0,0,0
SA19/F13_SA19_R02.csv,SA19,F,F13,1,1,0,1,1,1
SA19/F13_SA19_R03.csv,SA19,F,F13,1,1,0,1,0,0
SA19/F13_SA19_R04.csv,SA19,F,F13,1,1,0,1,1,1
SA19/F13_SA19_R05.csv,SA19,F,F13,1,1,0,0,1,1
SA19/F14_SA19_R01.csv,SA19,F,F14,1,1,0,1,1,1
SA19/F14_SA19_R02.csv,SA19,F,F14,1,1,0,1,1,1
SA19/F14_SA19_R03.csv,SA19,F,F14,0,1,1,1,1,1
SA19/F14_SA19_R04.csv,SA19,F,F14,1,1,1,1,1,1
SA19/F14_SA19_R05.csv,SA19,F,F14,1,1,0,1,1,1
SA19/F15_SA19_R01.csv,SA19,F,F15,1,1,0,1,1,1
SA19/F15_SA19_R02.csv,SA19,F,F15,1,1,0,1,1,1
SA19/F15_SA19_R03.csv,SA19,F,F15,0,1,0,1,1,1
SA19/F15_SA19_R04.csv,SA19,F,F15,0,1,0,1,1,1
SA19/F15_SA19_R05.csv,SA19,F,F15,1,1,0,1,1,1
SA20/D01_SA20_R01.csv,SA20,D,D01,0,0,0,0,0,0
SA20/D02_SA20_R01.csv,SA20,D,D02,0,0,0,0,0,0
SA20/D03_SA20_R01.csv,SA20,D,D03,1,0,0,0,0,1
SA20/D04_SA20_R01.csv,SA20,D,D04,1,0,0,0,0,1
SA20/D05_SA20_R01.csv,SA20,D,D05,0,0,0,0,0,0
SA20/D05_SA20_R02.csv,SA20,D,D05,0,0,0,0,0,0
SA20/D05_SA20_R03.csv,SA20,D,D05,0,0,0,0,0,0
SA20/D05_SA20_R04.csv,SA20,D,D05,0,0,0,0,0,0
SA20/D05_SA20_R05.csv,SA20,D,D05,0,0,0,0,0,0
SA20/D06_SA20_R01.csv,SA20,D,D06,1,0,0,0,0,1
SA20/D06_SA20_R03.csv,SA20,D,D06,1,0,1,0,0,1
SA20/D06_SA20_R04.csv,SA20,D,D06,1,0,1,0,0,1
SA20/D06_SA20_R05.csv,SA20,D,D06,1,0,0,0,0,1
SA20/D07_SA20_R01.csv,SA20,D,D07,0,0,0,0,0,0
SA20/D07_SA20_R02.csv,SA20,D,D07,0,0,0,0,0,0
SA20/D07_SA20_R03.csv,SA20,D,D07,0,0,0,0,0,0
SA20/D07_SA20_R04.csv,SA20,D,D07,0,0,0,0,0,0
SA20/D07_SA20_R05.csv,SA20,D,D07,0,0,0,0,0,0
SA20/D08_SA20_R01.csv,SA20,D,D08,0,0,0,0,0,0
SA20/D08_SA20_R02.csv,SA20,D,D08,0,0,0,0,0,0
SA20/D08_SA20_R03.csv,SA20,D,D08,0,0,0,0,0,0
SA20/D08_SA20_R04.csv,SA20,D,D08,0,0,0,0,0,0
SA20/D08_SA20_R05.csv,SA20,D,D08,0,0,0,0,0,0
SA20/D09_SA20_R01.csv,SA20,D,D09,0,0,0,0,0,0
SA20/D09_SA20_R02.csv,SA20,D,D09,0,0,0,0,0,0
SA20/D09_SA20_R03.csv,SA20,D,D09,0,0,0,0,0,0
SA20/D09_SA20_R04.csv,SA20,D,D09,0,0,0,0,0,0
SA20/D09_SA20_R05.csv,SA20,D,D09,0,0,0,0,0,0
SA20/D10_SA20_R01.csv,SA20,D,D10,0,0,0,0,0,0
SA20/D10_SA20_R02.csv,SA20,D,D10,0,0,0,0,0,0
SA20/D10_SA20_R03.csv,SA20,D,D10,0,0,0,0,0,0
SA20/D10_SA20_R04.csv,SA20,D,D10,0,0,0,0,0,0
SA20/D10_SA20_R05.csv,SA20,D,D10,0,0,0,0,0,0
SA20/D11_SA20_R01.csv,SA20,D,D11,0,0,0,0,0,0
SA20/D11_SA20_R02.csv,SA20,D,D11,0,0,1,0,1,1
SA20/D11_SA20_R03.csv,SA20,D,D11,1,0,0,0,1,1
SA20/D11_SA20_R04.csv,SA20,D,D11,0,0,0,0,1,1
SA20/D11_SA20_R05.csv,SA20,D,D11,0,0,0,0,0,0
SA20/D12_SA20_R01.csv,SA20,D,D12,0,0,0,0,0,0
SA20/D12_SA20_R02.csv,SA20,D,D12,0,0,0,0,0,0
SA20/D12_SA20_R03.csv,SA20,D,D12,0,0,0,0,0,0
SA20/D12_SA20_R04.csv,SA20,D,D12,0,0,0,0,0,0
SA20/D12_SA20_R05.csv,SA20,D,D12,0,0,0,0,0,0
SA20/D13_SA20_R01.csv,SA20,D,D13,0,0,0,0,0,0
SA20/D13_SA20_R02.csv,SA20,D,D13,0,0,0,0,0,0
SA20/D13_SA20_R03.csv,SA20,D,D13,0,0,0,0,0,0
SA20/D13_SA20_R04.csv,SA20,D,D13,0,0,0,0,0,0
SA20/D13_SA20_R05.csv,SA20,D,D13,0,0,0,0,0,0
SA20/D14_SA20_R01.csv,SA20,D,D14,0,0,0,0,0,0
SA20/D14_SA20_R02.csv,SA20,D,D14,0,0,0,0,0,0
SA20/D14_SA20_R03.csv,SA20,D,D14,0,0,0,0,0,0
SA20/D14_SA20_R04.csv,SA20,D,D14,0,0,0,0,0,0
SA20/D14_SA20_R05.csv,SA20,D,D14,0,0,0,0,0,0
SA20/D15_SA20_R01.csv,SA20,D,D15,0,0,0,0,0,0
SA20/D15_SA20_R02.csv,SA20,D,D15,0,0,0,0,0,0
SA20/D15_SA20_R03.csv,SA20,D,D15,0,0,0,0,0,0
SA20/D15_SA20_R04.csv,SA20,D,D15,0,0,0,0,0,0
SA20/D15_SA20_R05.csv,SA20,D,D15,0,0,0,0,0,0
SA20/D16_SA20_R01.csv,SA20,D,D16,0,0,0,0,0,0
SA20/D16_SA20_R02.csv,SA20,D,D16,0,0,0,0,0,0
SA20/D16_SA20_R03.csv,SA20,D,D16,0,0,0,0,0,0
SA20/D16_SA20_R04.csv,SA20,D,D16,0,0,0,0,0,0
SA20/D16_SA20_R05.csv,SA20,D,D16,0,0,0,0,0,0
SA20/D17_SA20_R01.csv,SA20,D,D17,0,0,0,0,0,0
SA20/D17_SA20_R03.csv,SA20,D,D17,0,0,0,0,0,0
SA20/D17_SA20_R04.csv,SA20,D,D17,0,0,0,0,0,0
SA20/D17_SA20_R05.csv,SA20,D,D17,0,0,0,0,0,0
SA20/D18_SA20_R01.csv,SA20,D,D18,1,0,0,0,1,1
SA20/D18_SA20_R02.csv,SA20,D,D18,0,0,0,0,1,1
SA20/D18_SA20_R03.csv,SA20,D,D18,0,0,1,0,0,0
SA20/D18_SA20_R04.csv,SA20,D,D18,1,0,0,0,1,1
SA20/D18_SA20_R05.csv,SA20,D,D18,0,0,0,0,1,1
SA20/D19_SA20_R01.csv,SA20,D,D19,1,0,1,0,0,1
SA20/D19_SA20_R02.csv,SA20,D,D19,1,0,0,0,1,1
SA20/D19_SA20_R03.csv,SA20,D,D19,1,0,0,0,0,0
SA20/D19_SA20_R04.csv,SA20,D,D19,1,0,0,0,0,0
SA20/D19_SA20_R05.csv,SA20,D,D19,1,0,1,0,0,1
SA20/F01_SA20_R01.csv,SA20,F,F01,1,1,1,0,1,1
SA20/F01_SA20_R02.csv,SA20,F,F01,1,1,0,0,1,1
SA20/F01_SA20_R04.csv,SA20,F,F01,0,1,0,1,1,1
SA20/F01_SA20_R05.csv,SA20,F,F01,1,1,0,0,1,1
SA20/F02_SA20_R01.csv,SA20,F,F02,0,1,0,0,1,1
SA20/F02_SA20_R02.csv,SA20,F,F02,0,1,0,1,1,1
SA20/F02_SA20_R03.csv,SA20,F,F02,1,1,0,1,1,1
SA20/F02_SA20_R04.csv,SA20,F,F02,1,1,0,1,1,1
SA20/F02_SA20_R05.csv,SA20,F,F02,1,1,1,1,1,1
SA20/F03_SA20_R01.csv,SA20,F,F03,1,1,1,1,1,1
SA20/F03_SA20_R02.csv,SA20,F,F03,1,1,0,0,1,1
SA20/F03_SA20_R03.csv,SA20,F,F03,1,1,0,0,1,1
SA20/F03_SA20_R04.csv,SA20,F,F03,0,1,1,0,1,1
SA20/F03_SA20_R05.csv,SA20,F,F03,1,1,0,1,1,1
SA20/F04_SA20_R01.csv,SA20,F,F04,0,1,0,1,1,1
SA20/F04_SA20_R02.csv,SA20,F,F04,1,1,0,1,1,1
SA20/F04_SA20_R03.csv,SA20,F,F04,1,1,0,0,1,1
SA20/F04_SA20_R04.csv,SA20,F,F04,1,1,0,1,1,1
SA20/F04_SA20_R05.csv,SA20,F,F04,1,1,0,1,1,1
SA20/F05_SA20_R01.csv,SA20,F,F05,1,1,0,0,1,1
SA20/F05_SA20_R02.csv,SA20,F,F05,1,1,0,0,1,1
SA20/F05_SA20_R03.csv,SA20,F,F05,1,1,0,0,0,1
SA20/F05_SA20_R04.csv,SA20,F,F05,1,1,0,1,1,1
SA20/F05_SA20_R05.csv,SA20,F,F05,1,1,0,1,1,1
SA20/F06_SA20_R01.csv,SA20,F,F06,1,1,0,1,1,1
SA20/F06_SA20_R02.csv,SA20,F,F06,0,1,0,1,1,1
SA20/F06_SA20_R03.csv,SA20,F,F06,1,1,1,1,1,1
SA20/F06_SA20_R04.csv,SA20,F,F06,0,1,0,0,0,0
SA20/F06_SA20_R05.csv,SA20,F,F06,1,1,0,1,1,1
SA20/F07_SA20_R01.csv,SA20,F,F07,1,1,0,1,1,1
SA20/F07_SA20_R02.csv,SA20,F,F07,1,1,1,1,1,1
SA20/F07_SA20_R03.csv,SA20,F,F07,1,1,1,1,1,1
SA20/F07_SA20_R04.csv,SA20,F,F07,1,1,1,1,1,1
SA20/F07_SA20_R05.csv,SA20,F,F07,1,1,1,1,1,1
SA20/F08_SA20_R01.csv,SA20,F,F08,0,1,1,1,1,1
SA20/F08_SA20_R02.csv,SA20,F,F08,1,1,0,1,1,1
SA20/F08_SA20_R03.csv,SA20,F,F08,1,0,0,0,1,1
SA20/F08_SA20_R04.csv,SA20,F,F08,1,1,1,0,1,1
SA20/F08_SA20_R05.csv,SA20,F,F08,1,0,0,0,1,1
SA20/F09_SA20_R01.csv,SA20,F,F09,1,1,0,1,1,1
SA20/F09_SA20_R02.csv,SA20,F,F09,1,1,0,1,1,1
SA20/F09_SA20_R03.csv,SA20,F,F09,0,1,0,1,1,1
SA20/F09_SA20_R04.csv,SA20,F,F09,0,1,1,1,1,1
SA20/F09_SA20_R05.csv,SA20,F,F09,1,1,0,1,1,1
SA20/F10_SA20_R01.csv,SA20,F,F10,1,1,0,1,1,1
SA20/F10_SA20_R02.csv,SA20,F,F10,1,1,0,1,1,1
SA20/F10_SA20_R03.csv,SA20,F,F10,1,1,0,1,1,1
SA20/F10_SA20_R05.csv,SA20,F,F10,1,1,0,1,1,1
SA20/F11_SA20_R01.csv,SA20,F,F11,1,1,0,1,1,1
SA20/F11_SA20_R02.csv,SA20,F,F11,1,1,0,1,1,1
SA20/F11_SA20_R03.csv,SA20,F,F11,0,1,0,0,1,1
SA20/F11_SA20_R04.csv,SA20,F,F11,0,1,0,0,1,1
SA20/F11_SA20_R05.csv,SA20,F,F11,0,1,1,0,1,1
SA20/F12_SA20_R01.csv,SA20,F,F12,0,1,0,1,1,1
SA20/F12_SA20_R02.csv,SA20,F,F12,0,1,0,1,1,1
SA20/F12_SA20_R03.csv,SA20,F,F12,1,1,0,1,1,1
SA20/F12_SA20_R04.csv,SA20,F,F12,0,1,1,1,1,1
SA20/F12_SA20_R05.csv,SA20,F,F12,1,1,0,1,1,1
SA20/F13_SA20_R01.csv,SA20,F,F13,1,1,0,0,1,1
SA20/F13_SA20_R02.csv,SA20,F,F13,1,1,1,1,1,1
SA20/F13_SA20_R03.csv,SA20,F,F13,1,1,0,0,1,1
SA20/F13_SA20_R04.csv,SA20,F,F13,0,1,0,0,1,1
SA20/F13_SA20_R05.csv,SA20,F,F13,1,1,1,0,0,0
SA20/F14_SA20_R01.csv,SA20,F,F14,1,1,0,1,1,1
SA20/F14_SA20_R02.csv,SA20,F,F14,0,1,0,1,1,1
SA20/F14_SA20_R03.csv,SA20,F,F14,1,1,1,1,1,1
SA20/F14_SA20_R04.csv,SA20,F,F14,1,1,0,1,1,1
SA20/F14_SA20_R05.csv,SA20,F,F14,1,1,0,1,1,1
SA20/F15_SA20_R01.csv,SA20,F,F15,0,1,0,1,1,1
SA20/F15_SA20_R02.csv,SA20,F,F15,1,1,0,1,1,1
SA20/F15_SA20_R03.csv,SA20,F,F15,1,0,0,1,1,1
SA20/F15_SA20_R04.csv,SA20,F,F15,0,1,0,0,1,1
SA20/F15_SA20_R05.csv,SA20,F,F15,1,1,1,1,1,1
SA21/D01_SA21_R01.csv,SA21,D,D01,0,0,0,0,0,0
SA21/D02_SA21_R01.csv,SA21,D,D02,0,0,0,0,0,0
SA21/D03_SA21_R01.csv,SA21,D,D03,1,0,0,0,0,0
SA21/D04_SA21_R01.csv,SA21,D,D04,1,0,0,0,0,1
SA21/D05_SA21_R01.csv,SA21,D,D05,0,0,0,0,0,0
SA21/D05_SA21_R02.csv,SA21,D,D05,0,0,0,0,0,0
SA21/D05_SA21_R03.csv,SA21,D,D05,0,0,0,0,0,0
SA21/D05_SA21_R04.csv,SA21,D,D05,0,0,0,0,0,0
SA21/D05_SA21_R05.csv,SA21,D,D05,0,0,0,0,0,0
SA21/D06_SA21_R01.csv,SA21,D,D06,1,0,0,0,0,1
SA21/D06_SA21_R02.csv,SA21,D,D06,1,0,1,0,0,1
SA21/D06_SA21_R03.csv,SA21,D,D06,1,0,0,0,0,1
SA21/D06_SA21_R04.csv,SA21,D,D06,1,0,0,0,0,1
SA21/D06_SA21_R05.csv,SA21,D,D06,1,0,0,0,0,1
SA21/D07_SA21_R01.csv,SA21,D,D07,0,0,0,0,0,0
SA21/D07_SA21_R02.csv,SA21,D,D07,0,0,0,0,0,0
SA21/D07_SA21_R03.csv,SA21,D,D07,0,0,0,0,0,0
SA21/D07_SA21_R04.csv,SA21,D,D07,0,0,0,0,0,0
SA21/D07_SA21_R05.csv,SA21,D,D07,0,0,0,0,0,0
SA21/D08_SA21_R01.csv,SA21,D,D08,1,0,0,0,1,1
SA21/D08_SA21_R02.csv,SA21,D,D08,0,0,0,0,1,1
SA21/D08_SA21_R03.csv,SA21,D,D08,0,0,0,0,0,0
SA21/D08_SA21_R04.csv,SA21,D,D08,0,0,0,0,0,0
SA21/D08_SA21_R05.csv,SA21,D,D08,0,0,1,0,0,0
SA21/D09_SA21_R01.csv,SA21,D,D09,0,0,0,0,0,0
SA21/D09_SA21_R02.csv,SA21,D,D09,0,0,0,0,0,0
SA21/D09_SA21_R03.csv,SA21,D,D09,0,0,0,0,0,0
SA21/D09_SA21_R04.csv,SA21,D,D09,0,0,0,0,0,0
SA21/D09_SA21_R05.csv,SA21,D,D09,0,0,0,0,0,0
SA21/D10_SA21_R01.csv,SA21,D,D10,0,0,1,0,0,0
SA21/D10_SA21_R02.csv,SA21,D,D10,0,0,0,0,0,0
SA21/D10_SA21_R03.csv,SA21,D,D10,0,0,0,0,0,0
SA21/D10_SA21_R04.csv,SA21,D,D10,0,0,1,0,0,0
SA21/D10_SA21_R05.csv,SA21,D,D10,0,0,0,0,0,0
SA21/D11_SA21_R01.csv,SA21,D,D11,0,0,0,0,1,1
SA21/D11_SA21_R02.csv,SA21,D,D11,0,0,1,0,1,1
SA21/D11_SA21_R03.csv,SA21,D,D11,0,0,1,0,1,1
SA21/D11_SA21_R04.csv,SA21,D,D11,1,0,0,0,1,1
SA21/D11_SA21_R05.csv,SA21,D,D11,0,0,0,0,1,1
SA21/D12_SA21_R01.csv,SA21,D,D12,0,0,0,0,0,0
SA21/D12_SA21_R02.csv,SA21,D,D12,0,0,0,0,0,0
SA21/D12_SA21_R03.csv,SA21,D,D12,0,0,0,0,0,0
SA21/D12_SA21_R04.csv,SA21,D,D12,0,0,0,0,0,0
SA21/D12_SA21_R05.csv,SA21,D,D12,0,0,0,0,0,0
SA21/D13_SA21_R01.csv,SA21,D,D13,0,0,0,0,0,0
SA21/D13_SA21_R02.csv,SA21,D,D13,0,0,0,0,0,0
SA21/D13_SA21_R03.csv,SA21,D,D13,0,0,0,0,0,0
SA21/D13_SA21_R04.csv,SA21,D,D13,0,0,0,0,0,0
SA21/D13_SA21_R05.csv,SA21,D,D13,0,0,0,0,0,0
SA21/D14_SA21_R01.csv,SA21,D,D14,0,0,0,0,0,0
SA21/D14_SA21_R02.csv,SA21,D,D14,0,0,0,0,0,0
SA21/D14_SA21_R03.csv,SA21,D,D14,0,0,0,0,0,0
SA21/D14_SA21_R04.csv,SA21,D,D14,0,0,0,0,0,0
SA21/D14_SA21_R05.csv,SA21,D,D14,0,0,0,0,0,0
SA21/D15_SA21_R01.csv,SA21,D,D15,0,0,0,0,0,0
SA21/D15_SA21_R02.csv,SA21,D,D15,0,0,0,0,0,0
SA21/D15_SA21_R03.csv,SA21,D,D15,0,0,0,0,0,0
SA21/D15_SA21_R04.csv,SA21,D,D15,0,0,0,0,0,0
SA21/D15_SA21_R05.csv,SA21,D,D15,0,0,0,0,0,0
SA21/D16_SA21_R01.csv,SA21,D,D16,0,0,0,0,0,0
SA21/D16_SA21_R02.csv,SA21,D,D16,0,0,0,0,0,0
SA21/D16_SA21_R03.csv,SA21,D,D16,0,0,0,0,0,0
SA21/D16_SA21_R04.csv,SA21,D,D16,0,0,0,0,0,0
SA21/D16_SA21_R05.csv,SA21,D,D16,0,0,0,0,0,0
SA21/D17_SA21_R01.csv,SA21,D,D17,0,0,0,0,0,0
SA21/D17_SA21_R02.csv,SA21,D,D17,0,0,0,0,0,0
SA21/D17_SA21_R03.csv,SA21,D,D17,0,0,0,0,0,0
SA21/D17_SA21_R04.csv,SA21,D,D17,0,0,0,0,0,0
SA21/D17_SA21_R05.csv,SA21,D,D17,0,0,0,0,0,0
SA21/D18_SA21_R01.csv,SA21,D,D18,0,0,0,0,1,1
SA21/D18_SA21_R02.csv,SA21,D,D18,0,0,0,0,1,1
SA21/D18_SA21_R03.csv,SA21,D,D18,0,0,0,0,1,1
SA21/D18_SA21_R04.csv,SA21,D,D18,0,0,1,0,1,1
SA21/D18_SA21_R05.csv,SA21,D,D18,1,0,1,0,1,1
SA21/D19_SA21_R01.csv,SA21,D,D19,1,0,1,0,0,0
SA21/D19_SA21_R02.csv,SA21,D,D19,1,0,0,0,1,1
SA21/D19_SA21_R03.csv,SA21,D,D19,1,0,1,0,0,0
SA21/D19_SA21_R04.csv,SA21,D,D19,1,0,1,0,0,0
SA21/D19_SA21_R05.csv,SA21,D,D19,1,0,1,0,1,1
SA21/F01_SA21_R01.csv,SA21,F,F01,1,1,0,1,1,1
SA21/F01_SA21_R02.csv,SA21,F,F01,1,1,0,0,1,1
SA21/F01_SA21_R03.csv,SA21,F,F01,1,1,0,0,1,1
SA21/F01_SA21_R04.csv,SA21,F,F01,1,1,1,1,1,1
SA21/F01_SA21_R05.csv,SA21,F,F01,1,1,0,1,1,1
SA21/F02_SA21_R01.csv,SA21,F,F02,1,1,0,0,1,1
SA21/F02_SA21_R02.csv,SA21,F,F02,1,1,0,1,1,1
SA21/F02_SA21_R03.csv,SA21,F,F02,1,1,0,0,1,1
SA21/F02_SA21_R04.csv,SA21,F,F02,0,1,1,0,1,1
SA21/F02_SA21_R05.csv,SA21,F,F02,1,1,1,1,1,1
SA21/F03_SA21_R01.csv,SA21,F,F03,0,1,1,0,1,1
SA21/F03_SA21_R02.csv,SA21,F,F03,1,1,1,0,1,1
SA21/F03_SA21_R03.csv,SA21,F,F03,1,1,0,1,1,1
SA21/F03_SA21_R04.csv,SA21,F,F03,0,1,0,1,1,1
SA21/F03_SA21_R05.csv,SA21,F,F03,1,1,1,0,1,1
SA21/F04_SA21_R01.csv,SA21,F,F04,1,1,0,0,1,1
SA21/F04_SA21_R02.csv,SA21,F,F04,1,1,0,1,1,1
SA21/F04_SA21_R03.csv,SA21,F,F04,1,1,0,1,1,1
SA21/F04_SA21_R04.csv,SA21,F,F04,1,1,0,0,1,1
SA21/F04_SA21_R05.csv,SA21,F,F04,1,1,0,1,1,1
SA21/F05_SA21_R01.csv,SA21,F,F05,1,1,0,0,0,1
SA21/F05_SA21_R02.csv,SA21,F,F05,1,1,1,1,1,1
SA21/F05_SA21_R03.csv,SA21,F,F05,1,1,0,0,1,1
SA21/F05_SA21_R04.csv,SA21,F,F05,1,1,0,0,0,1
SA21/F05_SA21_R05.csv,SA21,F,F05,1,1,0,1,0,1
SA21/F06_SA21_R01.csv,SA21,F,F06,1,0,0,0,0,0
SA21/F06_SA21_R02.csv,SA21,F,F06,1,1,1,1,1,1
SA21/F06_SA21_R03.csv,SA21,F,F06,1,1,0,0,1,1
SA21/F06_SA21_R04.csv,SA21,F,F06,1,1,0,1,1,1
SA21/F06_SA21_R05.csv,SA21,F,F06,0,1,0,1,1,1
SA21/F07_SA21_R01.csv,SA21,F,F07,0,1,1,0,0,0
SA21/F07_SA21_R02.csv,SA21,F,F07,0,1,1,1,1,1
SA21/F07_SA21_R03.csv,SA21,F,F07,1,1,0,1,1,1
SA21/F07_SA21_R04.csv,SA21,F,F07,1,1,0,1,1,1
SA21/F07_SA21_R05.csv,SA21,F,F07,1,1,1,1,1,1
SA21/F08_SA21_R01.csv,SA21,F,F08,0,1,1,1,1,1
SA21/F08_SA21_R02.csv,SA21,F,F08,1,0,0,0,1,1
SA21/F08_SA21_R03.csv,SA21,F,F08,1,1,0,0,0,0
SA21/F08_SA21_R04.csv,SA21,F,F08,1,1,0,1,1,1
SA21/F08_SA21_R05.csv,SA21,F,F08,1,1,1,0,1,1
SA21/F09_SA21_R01.csv,SA21,F,F09,0,1,0,1,1,1
SA21/F09_SA21_R02.csv,SA21,F,F09,1,1,1,1,1,1
SA21/F09_SA21_R03.csv,SA21,F,F09,1,1,0,1,1,1
SA21/F09_SA21_R04.csv,SA21,F,F09,1,1,0,1,1,1
SA21/F09_SA21_R05.csv,SA21,F,F09,1,1,0,1,1,1
SA21/F10_SA21_R01.csv,SA21,F,F10,1,1,1,0,0,0
SA21/F10_SA21_R02.csv,SA21,F,F10,0,1,0,0,1,1
SA21/F10_SA21_R03.csv,SA21,F,F10,1,1,0,0,1,1
SA21/F10_SA21_R04.csv,SA21,F,F10,1,1,0,0,1,1
SA21/F10_SA21_R05.csv,SA21,F,F10,0,1,0,0,1,1
SA21/F11_SA21_R01.csv,SA21,F,F11,0,0,0,0,0,0
SA21/F11_SA21_R02.csv,SA21,F,F11,0,1,1,1,1,1
SA21/F11_SA21_R03.csv,SA21,F,F11,0,1,0,0,1,1
SA21/F11_SA21_R04.csv,SA21,F,F11,1,1,0,0,0,0
SA21/F11_SA21_R05.csv,SA21,F,F11,0,1,0,0,0,0
SA21/F12_SA21_R01.csv,SA21,F,F12,0,1,0,0,0,0
SA21/F12_SA21_R02.csv,SA21,F,F12,1,1,1,1,1,1
SA21/F12_SA21_R03.csv,SA21,F,F12,0,1,0,0,0,0
SA21/F12_SA21_R04.csv,SA21,F,F12,0,1,0,1,1,1
SA21/F12_SA21_R05.csv,SA21,F,F12,1,1,0,1,1,1
SA21/F13_SA21_R01.csv,SA21,F,F13,1,1,0,0,0,0
SA21/F13_SA21_R02.csv,SA21,F,F13,0,1,0,0,0,0
SA21/F13_SA21_R03.csv,SA21,F,F13,1,1,1,1,1,1
SA21/F13_SA21_R04.csv,SA21,F,F13,1,1,0,1,1,1
SA21/F13_SA21_R05.csv,SA21,F,F13,1,1,0,0,0,0
SA21/F14_SA21_R01.csv,SA21,F,F14,1,1,0,1,1,1
SA21/F14_SA21_R02.csv,SA21,F,F14,1,1,0,1,1,1
SA21/F14_SA21_R03.csv,SA21,F,F14,0,1,0,1,1,1
SA21/F14_SA21_R04.csv,SA21,F,F14,1,1,0,1,1,1
SA21/F14_SA21_R05.csv,SA21,F,F14,1,1,0,1,1,1
SA21/F15_SA21_R01.csv,SA21,F,F15,1,1,0,0,1,1
SA21/F15_SA21_R02.csv,SA21,F,F15,0,1,0,1,1,1
SA21/F15_SA21_R03.csv,SA21,F,F15,0,1,0,1,1,1
SA21/F15_SA21_R04.csv,SA21,F,F15,0,1,1,0,0,0
SA21/F15_SA21_R05.csv,SA21,F,F15,0,1,0,0,1,1
SA22/D01_SA22_R01.csv,SA22,D,D01,0,0,0,0,0,0
SA22/D02_SA22_R01.csv,SA22,D,D02,0,0,1,0,0,0
SA22/D03_SA22_R01.csv,SA22,D,D03,1,0,0,0,0,1
SA22/D04_SA22_R01.csv,SA22,D,D04,1,0,0,0,0,0
SA22/D05_SA22_R01.csv,SA22,D,D05,0,0,0,0,0,0
SA22/D05_SA22_R02.csv,SA22,D,D05,0,0,1,0,1,1
SA22/D05_SA22_R03.csv,SA22,D,D05,1,0,1,0,1,1
SA22/D05_SA22_R04.csv,SA22,D,D05,1,0,0,0,1,1
SA22/D05_SA22_R05.csv,SA22,D,D05,0,0,1,0,0,0
SA22/D06_SA22_R01.csv,SA22,D,D06,1,0,1,0,0,1
SA22/D06_SA22_R02.csv,SA22,D,D06,1,0,0,0,0,1
SA22/D06_SA22_R03.csv,SA22,D,D06,1,0,1,0,0,1
SA22/D06_SA22_R04.csv,SA22,D,D06,1,0,0,0,0,1
SA22/D06_SA22_R05.csv,SA22,D,D06,1,0,0,0,0,1
SA22/D07_SA22_R01.csv,SA22,D,D07,0,0,0,0,0,0
SA22/D07_SA22_R02.csv,SA22,D,D07,0,0,0,0,0,0
SA22/D07_SA22_R03.csv,SA22,D,D07,0,0,0,0,0,0
SA22/D07_SA22_R04.csv,SA22,D,D07,0,0,0,0,0,0
SA22/D07_SA22_R05.csv,SA22,D,D07,0,0,0,0,0,0
SA22/D08_SA22_R01.csv,SA22,D,D08,1,0,0,0,0,0
SA22/D08_SA22_R02.csv,SA22,D,D08,1,0,0,0,0,0
SA22/D08_SA22_R03.csv,SA22,D,D08,0,0,0,0,0,0
SA22/D08_SA22_R04.csv,SA22,D,D08,0,0,1,0,0,0
SA22/D08_SA22_R05.csv,SA22,D,D08,0,0,0,0,0,0
SA22/D09_SA22_R01.csv,SA22,D,D09,0,0,0,0,0,0
SA22/D09_SA22_R02.csv,SA22,D,D09,0,0,0,0,0,0
SA22/D09_SA22_R03.csv,SA22,D,D09,0,0,0,0,0,0
SA22/D09_SA22_R04.csv,SA22,D,D09,0,0,0,0,0,0
SA22/D09_SA22_R05.csv,SA22,D,D09,0,0,0,0,0,0
SA22/D10_SA22_R01.csv,SA22,D,D10,0,0,0,0,1,1
SA22/D10_SA22_R02.csv,SA22,D,D10,0,0,0,0,1,1
SA22/D10_SA22_R03.csv,SA22,D,D10,0,0,0,0,1,1
SA22/D10_SA22_R04.csv,SA22,D,D10,0,0,0,0,1,1
SA22/D10_SA22_R05.csv,SA22,D,D10,1,0,1,0,1,1
SA22/D11_SA22_R01.csv,SA22,D,D11,1,0,0,0,0,0
SA22/D11_SA22_R02.csv,SA22,D,D11,0,0,0,0,0,0
SA22/D11_SA22_R03.csv,SA22,D,D11,0,0,0,0,0,0
SA22/D11_SA22_R04.csv,SA22,D,D11,0,0,0,0,0,0
SA22/D11_SA22_R05.csv,SA22,D,D11,1,0,0,0,1,1
SA22/D12_SA22_R01.csv,SA22,D,D12,0,0,0,0,0,0
SA22/D12_SA22_R02.csv,SA22,D,D12,0,0,0,0,0,0
SA22/D12_SA22_R03.csv,SA22,D,D12,0,0,0,0,0,0
SA22/D12_SA22_R04.csv,SA22,D,D12,0,0,0,0,0,0
SA22/D12_SA22_R05.csv,SA22,D,D12,0,0,0,0,0,0
SA22/D13_SA22_R01.csv,SA22,D,D13,0,0,0,0,0,0
SA22/D13_SA22_R02.csv,SA22,D,D13,0,0,0,0,0,0
SA22/D13_SA22_R03.csv,SA22,D,D13,0,0,0,0,0,0
SA22/D13_SA22_R04.csv,SA22,D,D13,0,0,0,0,0,0
SA22/D13_SA22_R05.csv,SA22,D,D13,0,0,0,0,0,0
SA22/D14_SA22_R01.csv,SA22,D,D14,0,0,0,0,0,0
SA22/D14_SA22_R02.csv,SA22,D,D14,0,0,0,0,0,0
SA22/D14_SA22_R03.csv,SA22,D,D14,0,0,0,0,0,0
SA22/D14_SA22_R04.csv,SA22,D,D14,0,0,0,0,0,0
SA22/D14_SA22_R05.csv,SA22,D,D14,0,0,0,0,0,0
SA22/D15_SA22_R01.csv,SA22,D,D15,0,0,0,0,0,0
SA22/D15_SA22_R02.csv,SA22,D,D15,0,0,0,0,0,0
SA22/D15_SA22_R03.csv,SA22,D,D15,0,0,0,0,0,0
SA22/D15_SA22_R04.csv,SA22,D,D15,0,0,0,0,0,0
SA22/D15_SA22_R05.csv,SA22,D,D15,0,0,0,0,0,0
SA22/D16_SA22_R01.csv,SA22,D,D16,0,0,0,0,0,0
SA22/D16_SA22_R02.csv,SA22,D,D16,0,0,0,0,0,0
SA22/D16_SA22_R03.csv,SA22,D,D16,0,0,0,0,0,0
SA22/D16_SA22_R04.csv,SA22,D,D16,0,0,0,0,0,0
SA22/D16_SA22_R05.csv,SA22,D,D16,0,0,0,0,0,0
SA22/D17_SA22_R01.csv,SA22,D,D17,0,0,0,0,0,0
SA22/D17_SA22_R02.csv,SA22,D,D17,0,0,0,0,0,0
SA22/D17_SA22_R03.csv,SA22,D,D17,0,0,0,0,0,0
SA22/D17_SA22_R04.csv,SA22,D,D17,0,0,0,0,0,0
SA22/D17_SA22_R05.csv,SA22,D,D17,0,0,0,0,0,0
SA22/D18_SA22_R01.csv,SA22,D,D18,1,0,0,0,1,1
SA22/D18_SA22_R02.csv,SA22,D,D18,1,0,0,0,1,1
SA22/D18_SA22_R03.csv,SA22,D,D18,1,0,0,0,1,1
SA22/D18_SA22_R04.csv,SA22,D,D18,1,0,1,0,1,1
SA22/D18_SA22_R05.csv,SA22,D,D18,1,0,0,0,1,1
SA22/D19_SA22_R01.csv,SA22,D,D19,1,0,0,0,1,1
SA22/D19_SA22_R02.csv,SA22,D,D19,1,0,0,0,1,1
SA22/D19_SA22_R03.csv,SA22,D,D19,1,0,0,0,1,1
SA22/D19_SA22_R04.csv,SA22,D,D19,1,0,1,0,1,1
SA22/D19_SA22_R05.csv,SA22,D,D19,1,0,0,0,1,1
SA22/F01_SA22_R01.csv,SA22,F,F01,1,1,0,0,1,1
SA22/F01_SA22_R02.csv,SA22,F,F01,1,1,1,1,1,1
SA22/F01_SA22_R03.csv,SA22,F,F01,1,1,1,1,1,1
SA22/F01_SA22_R04.csv,SA22,F,F01,1,1,0,1,1,1
SA22/F01_SA22_R05.csv,SA22,F,F01,1,1,0,1,1,1
SA22/F02_SA22_R01.csv,SA22,F,F02,1,1,1,0,1,1
SA22/F02_SA22_R02.csv,SA22,F,F02,1,1,0,0,1,1
SA22/F02_SA22_R03.csv,SA22,F,F02,1,1,0,0,1,1
SA22/F02_SA22_R04.csv,SA22,F,F02,1,1,0,0,1,1
SA22/F02_SA22_R05.csv,SA22,F,F02,0,1,0,0,1,1
SA22/F03_SA22_R01.csv,SA22,F,F03,1,1,0,1,1,1
SA22/F03_SA22_R02.csv,SA22,F,F03,1,1,1,1,1,1
SA22/F03_SA22_R03.csv,SA22,F,F03,1,1,0,1,1,1
SA22/F03_SA22_R04.csv,SA22,F,F03,1,1,0,1,1,1
SA22/F03_SA22_R05.csv,SA22,F,F03,1,1,0,1,1,1
SA22/F04_SA22_R01.csv,SA22,F,F04,1,1,0,0,1,1
SA22/F04_SA22_R02.csv,SA22,F,F04,1,1,1,1,0,0
SA22/F04_SA22_R03.csv,SA22,F,F04,1,1,1,1,1,1
SA22/F04_SA22_R04.csv,SA22,F,F04,1,1,0,1,1,1
SA22/F04_SA22_R05.csv,SA22,F,F04,1,1,0,0,1,1
SA22/F05_SA22_R01.csv,SA22,F,F05,1,1,0,0,0,1
SA22/F05_SA22_R02.csv,SA22,F,F05,1,1,1,0,0,1
SA22/F05_SA22_R03.csv,SA22,F,F05,1,1,1,0,1,1
SA22/F05_SA22_R04.csv,SA22,F,F05,1,1,0,0,1,1
SA22/F05_SA22_R05.csv,SA22,F,F05,1,1,0,0,0,1
SA22/F06_SA22_R01.csv,SA22,F,F06,1,1,0,1,1,1
SA22/F06_SA22_R02.csv,SA22,F,F06,0,1,0,1,1,1
SA22/F06_SA22_R03.csv,SA22,F,F06,1,1,0,1,1,1
SA22/F06_SA22_R04.csv,SA22,F,F06,0,1,0,0,1,1
SA22/F06_SA22_R05.csv,SA22,F,F06,1,1,1,1,1,1
SA22/F07_SA22_R01.csv,SA22,F,F07,1,1,0,1,0,0
SA22/F07_SA22_R02.csv,SA22,F,F07,1,1,0,1,1,1
SA22/F07_SA22_R03.csv,SA22,F,F07,0,1,0,1,1,1
SA22/F07_SA22_R04.csv,SA22,F,F07,0,1,0,1,1,1
SA22/F07_SA22_R05.csv,SA22,F,F07,1,1,1,1,1,1
SA22/F08_SA22_R01.csv,SA22,F,F08,1,1,0,1,1,1
SA22/F08_SA22_R02.csv,SA22,F,F08,1,1,1,1,1,1
SA22/F08_SA22_R03.csv,SA22,F,F08,1,1,0,1,1,1
SA22/F08_SA22_R04.csv,SA22,F,F08,1,1,0,1,1,1
SA22/F08_SA22_R05.csv,SA22,F,F08,1,1,0,1,1,1
SA22/F09_SA22_R01.csv,SA22,F,F09,1,1,0,1,1,1
SA22/F09_SA22_R02.csv,SA22,F,F09,1,1,0,1,1,1
SA22/F09_SA22_R03.csv,SA22,F,F09,1,1,1,1,1,1
SA22/F09_SA22_R04.csv,SA22,F,F09,1,1,0,1,1,1
SA22/F09_SA22_R05.csv,SA22,F,F09,0,1,1,1,1,1
SA22/F10_SA22_R01.csv,SA22,F,F10,1,1,1,1,1,1
SA22/F10_SA22_R02.csv,SA22,F,F10,1,1,0,1,1,1
SA22/F10_SA22_R03.csv,SA22,F,F10,1,1,0,1,1,1
SA22/F10_SA22_R04.csv,SA22,F,F10,1,1,1,1,1,1
SA22/F10_SA22_R05.csv,SA22,F,F10,1,1,0,0,1,1
SA22/F11_SA22_R01.csv,SA22,F,F11,1,1,0,1,1,1
SA22/F11_SA22_R02.csv,SA22,F,F11,1,1,0,1,1,1
SA22/F11_SA22_R03.csv,SA22,F,F11,1,1,1,1,1,1
SA22/F11_SA22_R04.csv,SA22,F,F11,0,1,0,1,1,1
SA22/F11_SA22_R05.csv,SA22,F,F11,1,1,1,1,1,1
SA22/F12_SA22_R01.csv,SA22,F,F12,0,1,0,1,1,1
SA22/F12_SA22_R02.csv,SA22,F,F12,0,1,0,0,1,1
SA22/F12_SA22_R03.csv,SA22,F,F12,1,1,1,1,1,1
SA22/F12_SA22_R04.csv,SA22,F,F12,0,1,0,0,1,1
SA22/F12_SA22_R05.csv,SA22,F,F12,1,1,0,1,1,1
SA22/F13_SA22_R01.csv,SA22,F,F13,0,0,0,0,0,0
SA22/F13_SA22_R02.csv,SA22,F,F13,0,0,0,0,0,0
SA22/F13_SA22_R03.csv,SA22,F,F13,0,1,0,0,1,1
SA22/F13_SA22_R04.csv,SA22,F,F13,0,1,0,0,1,1
SA22/F13_SA22_R05.csv,SA22,F,F13,0,1,0,0,0,0
SA22/F14_SA22_R01.csv,SA22,F,F14,1,1,0,1,1,1
SA22/F14_SA22_R02.csv,SA22,F,F14,1,1,0,1,1,1
SA22/F14_SA22_R03.csv,SA22,F,F14,0,1,1,1,1,1
SA22/F14_SA22_R04.csv,SA22,F,F14,1,1,0,1,1,1
SA22/F14_SA22_R05.csv,SA22,F,F14,1,1,0,1,1,1
SA22/F15_SA22_R01.csv,SA22,F,F15,1,1,0,1,1,1
SA22/F15_SA22_R02.csv,SA22,F,F15,0,1,0,0,1,1
SA22/F15_SA22_R03.csv,SA22,F,F15,0,1,1,1,1,1
SA22/F15_SA22_R04.csv,SA22,F,F15,0,0,0,0,1,1
SA22/F15_SA22_R05.csv,SA22,F,F15,1,1,0,0,1,1
SA23/D01_SA23_R01.csv,SA23,D,D01,0,0,0,0,0,0
SA23/D02_SA23_R01.csv,SA23,D,D02,0,0,1,0,0,0
SA23/D03_SA23_R01.csv,SA23,D,D03,1,0,0,0,0,0
SA23/D04_SA23_R01.csv,SA23,D,D04,1,0,0,0,0,1
SA23/D05_SA23_R01.csv,SA23,D,D05,0,0,1,0,0,0
SA23/D05_SA23_R02.csv,SA23,D,D05,0,0,1,0,0,0
SA23/D05_SA23_R03.csv,SA23,D,D05,0,0,0,0,0,0
SA23/D05_SA23_R04.csv,SA23,D,D05,0,0,0,0,0,0
SA23/D05_SA23_R05.csv,SA23,D,D05,0,0,1,0,0,0
SA23/D06_SA23_R01.csv,SA23,D,D06,1,0,1,0,0,1
SA23/D06_SA23_R02.csv,SA23,D,D06,1,0,0,0,0,1
SA23/D06_SA23_R03.csv,SA23,D,D06,1,0,0,0,0,1
SA23/D06_SA23_R04.csv,SA23,D,D06,1,0,0,0,0,0
SA23/D06_SA23_R05.csv,SA23,D,D06,1,0,0,0,0,1
SA23/D07_SA23_R01.csv,SA23,D,D07,0,0,0,0,0,0
SA23/D07_SA23_R02.csv,SA23,D,D07,0,0,0,0,0,0
SA23/D07_SA23_R03.csv,SA23,D,D07,0,0,0,0,0,0
SA23/D07_SA23_R04.csv,SA23,D,D07,0,0,0,0,0,0
SA23/D07_SA23_R05.csv,SA23,D,D07,0,0,0,0,0,0
SA23/D08_SA23_R01.csv,SA23,D,D08,0,0,0,0,0,0
SA23/D08_SA23_R02.csv,SA23,D,D08,0,0,0,0,0,0
SA23/D08_SA23_R03.csv,SA23,D,D08,0,0,0,0,0,0
SA23/D08_SA23_R04.csv,SA23,D,D08,0,0,0,0,0,0
SA23/D08_SA23_R05.csv,SA23,D,D08,0,0,0,0,0,0
SA23/D09_SA23_R01.csv,SA23,D,D09,0,0,0,0,0,0
SA23/D09_SA23_R02.csv,SA23,D,D09,0,0,0,0,0,0
SA23/D09_SA23_R03.csv,SA23,D,D09,0,0,0,0,0,0
SA23/D09_SA23_R04.csv,SA23,D,D09,0,0,0,0,0,0
SA23/D09_SA23_R05.csv,SA23,D,D09,0,0,0,0,0,0
SA23/D10_SA23_R01.csv,SA23,D,D10,0,0,0,0,0,0
SA23/D10_SA23_R02.csv,SA23,D,D10,0,0,0,0,0,0
SA23/D10_SA23_R03.csv,SA23,D,D10,0,0,0,0,0,0
SA23/D10_SA23_R04.csv,SA23,D,D10,0,0,0,0,0,0
SA23/D10_SA23_R05.csv,SA23,D,D10,0,0,0,0,0,0
SA23/D11_SA23_R01.csv,SA23,D,D11,1,0,1,0,1,1
SA23/D11_SA23_R02.csv,SA23,D,D11,0,0,0,0,1,1
SA23/D11_SA23_R03.csv,SA23,D,D11,1,0,0,0,0,0
SA23/D11_SA23_R04.csv,SA23,D,D11,1,0,0,0,0,0
SA23/D11_SA23_R05.csv,SA23,D,D11,0,0,0,0,1,1
SA23/D12_SA23_R01.csv,SA23,D,D12,0,0,0,0,0,0
SA23/D12_SA23_R02.csv,SA23,D,D12,0,0,0,0,0,0
SA23/D12_SA23_R03.csv,SA23,D,D12,0,0,0,0,0,0
SA23/D12_SA23_R04.csv,SA23,D,D12,0,0,0,0,0,0
SA23/D12_SA23_R05.csv,SA23,D,D12,0,0,0,0,0,0
SA23/D13_SA23_R01.csv,SA23,D,D13,0,0,0,0,0,0
SA23/D13_SA23_R02.csv,SA23,D,D13,0,0,0,0,0,0
SA23/D13_SA23_R03.csv,SA23,D,D13,0,0,0,0,0,0
SA23/D13_SA23_R04.csv,SA23,D,D13,0,0,0,0,0,0
SA23/D13_SA23_R05.csv,SA23,D,D13,0,0,0,0,0,0
SA23/D14_SA23_R01.csv,SA23,D,D14,0,0,0,0,0,0
SA23/D14_SA23_R02.csv,SA23,D,D14,0,0,0,0,0,0
SA23/D14_SA23_R03.csv,SA23,D,D14,0,0,0,0,0,0
SA23/D14_SA23_R04.csv,SA23,D,D14,0,0,0,0,0,0
SA23/D14_SA23_R05.csv,SA23,D,D14,0,0,0,0,0,0
SA23/D15_SA23_R01.csv,SA23,D,D15,0,0,0,0,0,0
SA23/D15_SA23_R02.csv,SA23,D,D15,0,0,0,0,0,0
SA23/D15_SA23_R03.csv,SA23,D,D15,0,0,0,0,0,0
SA23/D15_SA23_R04.csv,SA23,D,D15,0,0,0,0,0,0
SA23/D15_SA23_R05.csv,SA23,D,D15,0,0,0,0,0,0
SA23/D16_SA23_R01.csv,SA23,D,D16,0,0,0,0,0,0
SA23/D16_SA23_R02.csv,SA23,D,D16,0,0,0,0,0,0
SA23/D16_SA23_R03.csv,SA23,D,D16,0,0,0,0,0,0
SA23/D16_SA23_R04.csv,SA23,D,D16,0,0,0,0,0,0
SA23/D16_SA23_R05.csv,SA23,D,D16,0,0,0,0,0,0
SA23/D17_SA23_R01.csv,SA23,D,D17,0,0,0,0,0,0
SA23/D17_SA23_R02.csv,SA23,D,D17,0,0,0,0,0,0
SA23/D17_SA23_R03.csv,SA23,D,D17,0,0,0,0,0,0
SA23/D17_SA23_R04.csv,SA23,D,D17,0,0,0,0,0,0
SA23/D17_SA23_R05.csv,SA23,D,D17,0,0,0,0,0,0
SA23/D18_SA23_R01.csv,SA23,D,D18,1,0,0,0,1,1
SA23/D18_SA23_R02.csv,SA23,D,D18,1,0,0,0,1,1
SA23/D18_SA23_R03.csv,SA23,D,D18,0,0,0,0,1,1
SA23/D18_SA23_R04.csv,SA23,D,D18,0,0,0,0,0,0
SA23/D18_SA23_R05.csv,SA23,D,D18,1,0,0,0,1,1
SA23/D19_SA23_R01.csv,SA23,D,D19,1,0,0,0,1,1
SA23/D19_SA23_R02.csv,SA23,D,D19,1,0,0,0,1,1
SA23/D19_SA23_R03.csv,SA23,D,D19,0,0,0,0,1,1
SA23/D19_SA23_R04.csv,SA23,D,D19,1,0,0,0,1,1
SA23/D19_SA23_R05.csv,SA23,D,D19,1,0,0,0,1,1
SA23/F01_SA23_R01.csv,SA23,F,F01,1,1,0,1,1,1
SA23/F01_SA23_R02.csv,SA23,F,F01,1,1,0,1,1,1
SA23/F01_SA23_R03.csv,SA23,F,F01,0,1,0,1,0,0
SA23/F01_SA23_R04.csv,SA23,F,F01,1,1,0,1,0,0
SA23/F01_SA23_R05.csv,SA23,F,F01,0,1,0,1,1,1
SA23/F02_SA23_R01.csv,SA23,F,F02,1,1,0,0,1,1
SA23/F02_SA23_R02.csv,SA23,F,F02,1,1,0,0,1,1
SA23/F02_SA23_R03.csv,SA23,F,F02,1,1,1,0,1,1
SA23/F02_SA23_R04.csv,SA23,F,F02,1,1,1,0,1,1
SA23/F02_SA23_R05.csv,SA23,F,F02,0,1,0,1,1,1
SA23/F03_SA23_R01.csv,SA23,F,F03,1,1,0,1,1,1
SA23/F03_SA23_R02.csv,SA23,F,F03,0,1,0,0,0,0
SA23/F03_SA23_R03.csv,SA23,F,F03,0,0,0,0,0,0
SA23/F03_SA23_R04.csv,SA23,F,F03,0,1,0,0,0,0
SA23/F03_SA23_R05.csv,SA23,F,F03,1,1,1,1,1,1
SA23/F04_SA23_R01.csv,SA23,F,F04,1,1,1,0,1,1
SA23/F04_SA23_R02.csv,SA23,F,F04,0,1,0,0,1,1
SA23/F04_SA23_R03.csv,SA23,F,F04,1,1,0,0,1,1
SA23/F04_SA23_R04.csv,SA23,F,F04,1,1,0,0,1,1
SA23/F04_SA23_R05.csv,SA23,F,F04,1,1,0,0,1,1
SA23/F05_SA23_R01.csv,SA23,F,F05,1,1,0,0,0,1
SA23/F05_SA23_R02.csv,SA23,F,F05,1,1,0,0,0,1
SA23/F05_SA23_R03.csv,SA23,F,F05,1,1,0,0,0,1
SA23/F05_SA23_R04.csv,SA23,F,F05,1,1,0,1,0,1
SA23/F05_SA23_R05.csv,SA23,F,F05,1,1,0,0,0,1
SA23/F06_SA23_R01.csv,SA23,F,F06,1,1,0,1,1,1
SA23/F06_SA23_R02.csv,SA23,F,F06,1,1,0,1,1,1
SA23/F06_SA23_R03.csv,SA23,F,F06,1,1,0,0,1,1
SA23/F06_SA23_R04.csv,SA23,F,F06,1,1,0,1,1,1
SA23/F06_SA23_R05.csv,SA23,F,F06,1,1,0,1,1,1
SA23/F07_SA23_R01.csv,SA23,F,F07,1,1,0,0,1,1
SA23/F07_SA23_R02.csv,SA23,F,F07,1,1,1,0,1,1
SA23/F07_SA23_R03.csv,SA23,F,F07,0,1,0,0,0,0
SA23/F07_SA23_R04.csv,SA23,F,F07,0,1,0,0,0,0
SA23/F07_SA23_R05.csv,SA23,F,F07,1,1,0,1,1,1
SA23/F08_SA23_R01.csv,SA23,F,F08,0,1,0,1,1,1
SA23/F08_SA23_R02.csv,SA23,F,F08,1,1,1,0,0,0
SA23/F08_SA23_R03.csv,SA23,F,F08,0,1,0,0,0,0
SA23/F08_SA23_R04.csv,SA23,F,F08,1,1,0,0,0,0
SA23/F08_SA23_R05.csv,SA23,F,F08,0,0,0,0,0,0
SA23/F09_SA23_R01.csv,SA23,F,F09,0,1,0,0,0,0
SA23/F09_SA23_R02.csv,SA23,F,F09,0,1,0,0,1,1
SA23/F09_SA23_R03.csv,SA23,F,F09,0,0,0,0,0,0
SA23/F09_SA23_R04.csv,SA23,F,F09,0,1,1,1,0,0
SA23/F09_SA23_R05.csv,SA23,F,F09,1,1,0,0,0,0
SA23/F10_SA23_R01.csv,SA23,F,F10,0,1,0,0,0,0
SA23/F10_SA23_R02.csv,SA23,F,F10,0,1,0,1,1,1
SA23/F10_SA23_R03.csv,SA23,F,F10,0,1,0,1,1,1
SA23/F10_SA23_R04.csv,SA23,F,F10,0,1,1,1,0,0
SA23/F10_SA23_R05.csv,SA23,F,F10,1,1,0,1,0,0
SA23/F11_SA23_R01.csv,SA23,F,F11,1,0,0,1,1,1
SA23/F11_SA23_R02.csv,SA23,F,F11,1,1,0,1,1,1
SA23/F11_SA23_R03.csv,SA23,F,F11,1,1,0,1,1,1
SA23/F11_SA23_R04.csv,SA23,F,F11,0,0,0,0,0,0
SA23/F11_SA23_R05.csv,SA23,F,F11,1,0,0,1,0,0
SA23/F12_SA23_R01.csv,SA23,F,F12,1,0,0,0,0,0
SA23/F12_SA23_R02.csv,SA23,F,F12,1,1,0,1,1,1
SA23/F12_SA23_R03.csv,SA23,F,F12,1,1,0,1,1,1
SA23/F12_SA23_R04.csv,SA23,F,F12,0,0,0,0,0,0
SA23/F12_SA23_R05.csv,SA23,F,F12,0,1,0,0,0,0
SA23/F13_SA23_R01.csv,SA23,F,F13,1,0,0,0,0,0
SA23/F13_SA23_R02.csv,SA23,F,F13,0,1,0,0,0,0
SA23/F13_SA23_R03.csv,SA23,F,F13,0,0,0,0,0,0
SA23/F13_SA23_R04.csv,SA23,F,F13,0,0,0,0,0,0
SA23/F13_SA23_R05.csv,SA23,F,F13,1,1,0,0,0,0
SA23/F14_SA23_R01.csv,SA23,F,F14,0,1,0,0,0,0
SA23/F14_SA23_R02.csv,SA23,F,F14,1,1,0,0,0,0
SA23/F14_SA23_R03.csv,SA23,F,F14,0,1,1,1,0,0
SA23/F14_SA23_R04.csv,SA23,F,F14,1,1,0,0,0,0
SA23/F14_SA23_R05.csv,SA23,F,F14,0,1,1,0,0,0
SA23/F15_SA23_R01.csv,SA23,F,F15,0,1,0,0,0,0
SA23/F15_SA23_R02.csv,SA23,F,F15,0,1,0,0,0,0
SA23/F15_SA23_R03.csv,SA23,F,F15,0,0,0,0,0,0
SA23/F15_SA23_R04.csv,SA23,F,F15,0,0,0,0,0,0
SA23/F15_SA23_R05.csv,SA23,F,F15,0,1,0,0,0,0
SE01/D01_SE01_R01.csv,SE01,D,D01,0,0,0,0,0,0
SE01/D02_SE01_R01.csv,SE01,D,D02,0,0,0,0,0,0
SE01/D03_SE01_R01.csv,SE01,D,D03,1,0,0,0,0,1
SE01/D04_SE01_R01.csv,SE01,D,D04,1,0,0,0,0,1
SE01/D05_SE01_R01.csv,SE01,D,D05,0,0,0,0,0,0
SE01/D05_SE01_R02.csv,SE01,D,D05,0,0,0,0,0,0
SE01/D05_SE01_R03.csv,SE01,D,D05,0,0,0,0,0,0
SE01/D05_SE01_R04.csv,SE01,D,D05,0,0,0,0,0,0
SE01/D05_SE01_R05.csv,SE01,D,D05,0,0,0,0,0,0
SE01/D07_SE01_R01.csv,SE01,D,D07,0,0,0,0,0,0
SE01/D07_SE01_R02.csv,SE01,D,D07,0,0,0,0,0,0
SE01/D07_SE01_R03.csv,SE01,D,D07,0,0,0,0,0,0
SE01/D07_SE01_R04.csv,SE01,D,D07,0,0,0,0,0,0
SE01/D07_SE01_R05.csv,SE01,D,D07,0,0,0,0,0,0
SE01/D08_SE01_R01.csv,SE01,D,D08,0,0,0,0,0,0
SE01/D08_SE01_R02.csv,SE01,D,D08,0,0,0,0,0,0
SE01/D08_SE01_R03.csv,SE01,D,D08,0,0,0,0,0,0
SE01/D08_SE01_R04.csv,SE01,D,D08,0,0,0,0,0,0
SE01/D08_SE01_R05.csv,SE01,D,D08,0,0,0,0,0,0
SE01/D09_SE01_R01.csv,SE01,D,D09,0,0,0,0,0,0
SE01/D09_SE01_R02.csv,SE01,D,D09,0,0,0,0,0,0
SE01/D09_SE01_R03.csv,SE01,D,D09,0,0,0,0,0,0
SE01/D09_SE01_R04.csv,SE01,D,D09,0,0,0,0,0,0
SE01/D09_SE01_R05.csv,SE01,D,D09,0,0,0,0,0,0
SE01/D10_SE01_R01.csv,SE01,D,D10,0,0,0,0,0,0
SE01/D10_SE01_R02.csv,SE01,D,D10,0,0,0,0,0,0
SE01/D10_SE01_R03.csv,SE01,D,D10,0,0,0,0,0,0
SE01/D10_SE01_R04.csv,SE01,D,D10,0,0,0,0,0,0
SE01/D10_SE01_R05.csv,SE01,D,D10,0,0,0,0,0,0
SE01/D11_SE01_R01.csv,SE01,D,D11,0,0,0,0,0,0
SE01/D11_SE01_R02.csv,SE01,D,D11,0,0,0,0,0,0
SE01/D11_SE01_R03.csv,SE01,D,D11,0,0,1,0,0,0
SE01/D11_SE01_R04.csv,SE01,D,D11,0,0,0,0,0,0
SE01/D11_SE01_R05.csv,SE01,D,D11,0,0,1,0,0,0
SE01/D12_SE01_R01.csv,SE01,D,D12,0,0,0,0,0,0
SE01/D12_SE01_R02.csv,SE01,D,D12,0,0,0,0,0,0
SE01/D12_SE01_R03.csv,SE01,D,D12,0,0,0,0,0,0
SE01/D12_SE01_R04.csv,SE01,D,D12,0,0,0,0,0,0
SE01/D12_SE01_R05.csv,SE01,D,D12,0,0,0,0,0,0
SE01/D14_SE01_R01.csv,SE01,D,D14,0,0,0,0,0,0
SE01/D14_SE01_R02.csv,SE01,D,D14,0,0,0,0,0,0
SE01/D14_SE01_R03.csv,SE01,D,D14,0,0,0,0,0,0
SE01/D14_SE01_R04.csv,SE01,D,D14,0,0,0,0,0,0
SE01/D14_SE01_R05.csv,SE01,D,D14,0,0,0,0,0,0
SE01/D15_SE01_R01.csv,SE01,D,D15,0,0,0,0,0,0
SE01/D15_SE01_R02.csv,SE01,D,D15,0,0,0,0,0,0
SE01/D15_SE01_R03.csv,SE01,D,D15,0,0,0,0,0,0
SE01/D15_SE01_R04.csv,SE01,D,D15,0,0,0,0,0,0
SE01/D15_SE01_R05.csv,SE01,D,D15,0,0,0,0,0,0
SE01/D16_SE01_R01.csv,SE01,D,D16,0,0,0,0,0,0
SE01/D16_SE01_R02.csv,SE01,D,D16,0,0,0,0,0,0
SE01/D16_SE01_R03.csv,SE01,D,D16,0,0,0,0,0,0
SE01/D16_SE01_R04.csv,SE01,D,D16,0,0,0,0,0,0
SE01/D16_SE01_R05.csv,SE01,D,D16,0,0,0,0,0,0
SE01/D17_SE01_R01.csv,SE01,D,D17,0,0,0,0,0,0
SE01/D17_SE01_R02.csv,SE01,D,D17,0,0,0,0,0,0
SE01/D17_SE01_R03.csv,SE01,D,D17,0,0,0,0,0,0
SE01/D17_SE01_R04.csv,SE01,D,D17,0,0,0,0,0,0
SE01/D17_SE01_R05.csv,SE01,D,D17,0,0,0,0,0,0
SE02/D01_SE02_R01.csv,SE02,D,D01,0,0,0,0,0,0
SE02/D02_SE02_R01.csv,SE02,D,D02,0,0,0,0,0,0
SE02/D03_SE02_R01.csv,SE02,D,D03,1,0,0,0,0,1
SE02/D05_SE02_R01.csv,SE02,D,D05,0,0,0,0,0,0
SE02/D05_SE02_R02.csv,SE02,D,D05,0,0,0,0,0,0
SE02/D05_SE02_R03.csv,SE02,D,D05,0,0,0,0,0,0
SE02/D05_SE02_R04.csv,SE02,D,D05,0,0,0,0,0,0
SE02/D05_SE02_R05.csv,SE02,D,D05,0,0,1,0,0,0
SE02/D07_SE02_R01.csv,SE02,D,D07,0,0,0,0,0,0
SE02/D07_SE02_R02.csv,SE02,D,D07,0,0,0,0,0,0
SE02/D07_SE02_R03.csv,SE02,D,D07,0,0,0,0,0,0
SE02/D07_SE02_R04.csv,SE02,D,D07,0,0,0,0,0,0
SE02/D07_SE02_R05.csv,SE02,D,D07,0,0,0,0,0,0
SE02/D08_SE02_R01.csv,SE02,D,D08,0,0,0,0,0,0
SE02/D08_SE02_R02.csv,SE02,D,D08,0,0,0,0,0,0
SE02/D08_SE02_R03.csv,SE02,D,D08,0,0,0,0,0,0
SE02/D08_SE02_R04.csv,SE02,D,D08,0,0,0,0,0,0
SE02/D08_SE02_R05.csv,SE02,D,D08,0,0,0,0,0,0
SE02/D11_SE02_R01.csv,SE02,D,D11,1,0,0,0,1,1
SE02/D11_SE02_R02.csv,SE02,D,D11,1,0,1,0,1,1
SE02/D11_SE02_R03.csv,SE02,D,D11,1,0,1,0,1,1
SE02/D11_SE02_R04.csv,SE02,D,D11,0,0,0,0,1,1
SE02/D11_SE02_R05.csv,SE02,D,D11,1,0,0,0,1,1
SE02/D12_SE02_R01.csv,SE02,D,D12,0,0,0,0,0,0
SE02/D12_SE02_R02.csv,SE02,D,D12,0,0,0,0,0,0
SE02/D12_SE02_R03.csv,SE02,D,D12,0,0,0,0,0,0
SE02/D12_SE02_R04.csv,SE02,D,D12,0,0,0,0,0,0
SE02/D12_SE02_R05.csv,SE02,D,D12,0,0,0,0,0,0
SE02/D14_SE02_R01.csv,SE02,D,D14,0,0,0,0,0,0
SE02/D14_SE02_R02.csv,SE02,D,D14,0,0,0,0,0,0
SE02/D14_SE02_R03.csv,SE02,D,D14,0,0,0,0,0,0
SE02/D14_SE02_R04.csv,SE02,D,D14,0,0,0,0,0,0
SE02/D14_SE02_R05.csv,SE02,D,D14,0,0,0,0,0,0
SE02/D15_SE02_R01.csv,SE02,D,D15,0,0,0,0,0,0
SE02/D15_SE02_R02.csv,SE02,D,D15,0,0,0,0,0,0
SE02/D15_SE02_R03.csv,SE02,D,D15,0,0,0,0,0,0
SE02/D15_SE02_R04.csv,SE02,D,D15,0,0,0,0,0,0
SE02/D15_SE02_R05.csv,SE02,D,D15,0,0,0,0,0,0
SE02/D16_SE02_R01.csv,SE02,D,D16,0,0,0,0,0,0
SE02/D16_SE02_R02.csv,SE02,D,D16,0,0,0,0,0,0
SE02/D16_SE02_R03.csv,SE02,D,D16,0,0,0,0,0,0
SE02/D16_SE02_R04.csv,SE02,D,D16,0,0,0,0,0,0
SE02/D16_SE02_R05.csv,SE02,D,D16,0,0,0,0,0,0
SE02/D17_SE02_R01.csv,SE02,D,D17,0,0,0,0,0,0
SE02/D17_SE02_R02.csv,SE02,D,D17,0,0,0,0,0,0
SE02/D17_SE02_R03.csv,SE02,D,D17,0,0,0,0,0,0
SE02/D17_SE02_R04.csv,SE02,D,D17,0,0,0,0,0,0
SE02/D17_SE02_R05.csv,SE02,D,D17,0,0,0,0,0,0
SE03/D01_SE03_R01.csv,SE03,D,D01,0,0,0,0,0,0
SE03/D02_SE03_R01.csv,SE03,D,D02,0,0,0,0,0,0
SE03/D03_SE03_R01.csv,SE03,D,D03,1,0,0,0,0,1
SE03/D04_SE03_R01.csv,SE03,D,D04,1,0,0,0,0,1
SE03/D05_SE03_R01.csv,SE03,D,D05,0,0,0,0,0,0
SE03/D05_SE03_R02.csv,SE03,D,D05,0,0,0,0,0,0
SE03/D05_SE03_R03.csv,SE03,D,D05,0,0,0,0,0,0
SE03/D05_SE03_R04.csv,SE03,D,D05,0,0,0,0,0,0
SE03/D05_SE03_R05.csv,SE03,D,D05,0,0,0,0,0,0
SE03/D07_SE03_R01.csv,SE03,D,D07,0,0,0,0,0,0
SE03/D07_SE03_R02.csv,SE03,D,D07,0,0,0,0,0,0
SE03/D07_SE03_R03.csv,SE03,D,D07,0,0,0,0,0,0
SE03/D07_SE03_R04.csv,SE03,D,D07,0,0,0,0,0,0
SE03/D07_SE03_R05.csv,SE03,D,D07,0,0,0,0,0,0
SE03/D08_SE03_R01.csv,SE03,D,D08,0,0,0,0,1,1
SE03/D08_SE03_R02.csv,SE03,D,D08,0,0,0,0,0,0
SE03/D08_SE03_R03.csv,SE03,D,D08,0,0,0,0,0,0
SE03/D08_SE03_R04.csv,SE03,D,D08,0,0,0,0,0,0
SE03/D08_SE03_R05.csv,SE03,D,D08,0,0,0,0,0,0
SE03/D09_SE03_R01.csv,SE03,D,D09,0,0,0,0,0,0
SE03/D09_SE03_R02.csv,SE03,D,D09,0,0,0,0,0,0
SE03/D09_SE03_R03.csv,SE03,D,D09,0,0,0,0,0,0
SE03/D09_SE03_R04.csv,SE03,D,D09,0,0,0,0,0,0
SE03/D09_SE03_R05.csv,SE03,D,D09,0,0,0,0,0,0
SE03/D10_SE03_R01.csv,SE03,D,D10,0,0,0,0,0,0
SE03/D10_SE03_R02.csv,SE03,D,D10,0,0,0,0,0,0
SE03/D10_SE03_R03.csv,SE03,D,D10,0,1,0,0,0,0
SE03/D10_SE03_R04.csv,SE03,D,D10,0,1,0,0,0,0
SE03/D10_SE03_R05.csv,SE03,D,D10,0,0,0,0,0,0
SE03/D11_SE03_R01.csv,SE03,D,D11,0,0,1,0,0,0
SE03/D11_SE03_R02.csv,SE03,D,D11,1,0,0,0,1,1
SE03/D11_SE03_R03.csv,SE03,D,D11,1,0,0,0,0,0
SE03/D11_SE03_R04.csv,SE03,D,D11,0,0,0,0,1,1
SE03/D11_SE03_R05.csv,SE03,D,D11,1,0,1,0,0,0
SE03/D12_SE03_R01.csv,SE03,D,D12,0,0,0,0,0,0
SE03/D12_SE03_R02.csv,SE03,D,D12,0,0,0,0,0,0
SE03/D12_SE03_R03.csv,SE03,D,D12,0,0,0,0,0,0
SE03/D12_SE03_R04.csv,SE03,D,D12,0,0,0,0,0,0
SE03/D12_SE03_R05.csv,SE03,D,D12,0,0,0,0,0,0
SE03/D14_SE03_R01.csv,SE03,D,D14,0,0,0,0,0,0
SE03/D14_SE03_R02.csv,SE03,D,D14,0,0,0,0,0,0
SE03/D14_SE03_R03.csv,SE03,D,D14,0,1,1,0,0,0
SE03/D14_SE03_R04.csv,SE03,D,D14,0,0,0,0,0,0
SE03/D14_SE03_R05.csv,SE03,D,D14,0,0,0,0,0,0
SE03/D15_SE03_R01.csv,SE03,D,D15,0,0,0,0,0,0
SE03/D15_SE03_R02.csv,SE03,D,D15,0,0,0,0,0,0
SE03/D15_SE03_R03.csv,SE03,D,D15,0,0,0,0,0,0
SE03/D15_SE03_R04.csv,SE03,D,D15,0,0,0,0,0,0
SE03/D15_SE03_R05.csv,SE03,D,D15,0,0,0,0,0,0
SE03/D16_SE03_R01.csv,SE03,D,D16,0,0,0,0,0,0
SE03/D16_SE03_R02.csv,SE03,D,D16,0,0,0,0,0,0
SE03/D16_SE03_R03.csv,SE03,D,D16,0,0,0,0,0,0
SE03/D16_SE03_R04.csv,SE03,D,D16,0,0,0,0,0,0
SE03/D16_SE03_R05.csv,SE03,D,D16,0,0,0,0,0,0
SE03/D17_SE03_R01.csv,SE03,D,D17,0,0,0,0,0,0
SE03/D17_SE03_R02.csv,SE03,D,D17,0,0,0,0,0,0
SE03/D17_SE03_R03.csv,SE03,D,D17,0,0,0,0,0,0
SE03/D17_SE03_R04.csv,SE03,D,D17,0,0,0,0,0,0
SE03/D17_SE03_R05.csv,SE03,D,D17,0,0,0,0,0,0
SE04/D01_SE04_R01.csv,SE04,D,D01,0,0,0,0,0,0
SE04/D02_SE04_R01.csv,SE04,D,D02,0,0,0,0,0,0
SE04/D03_SE04_R01.csv,SE04,D,D03,1,0,0,0,0,1
SE04/D04_SE04_R01.csv,SE04,D,D04,1,0,0,0,0,1
SE04/D05_SE04_R01.csv,SE04,D,D05,0,0,0,0,0,0
SE04/D05_SE04_R02.csv,SE04,D,D05,0,0,0,0,0,0
SE04/D05_SE04_R03.csv,SE04,D,D05,0,0,0,0,0,0
SE04/D05_SE04_R04.csv,SE04,D,D05,0,0,0,0,0,0
SE04/D05_SE04_R05.csv,SE04,D,D05,0,0,0,0,0,0
SE04/D07_SE04_R01.csv,SE04,D,D07,0,0,0,0,0,0
SE04/D07_SE04_R02.csv,SE04,D,D07,0,0,0,0,0,0
SE04/D07_SE04_R03.csv,SE04,D,D07,0,0,0,0,0,0
SE04/D07_SE04_R04.csv,SE04,D,D07,0,0,0,0,0,0
SE04/D07_SE04_R05.csv,SE04,D,D07,0,0,0,0,0,0
SE04/D08_SE04_R01.csv,SE04,D,D08,0,0,0,0,0,0
SE04/D08_SE04_R02.csv,SE04,D,D08,0,0,0,0,0,0
SE04/D08_SE04_R03.csv,SE04,D,D08,0,0,0,0,0,0
SE04/D08_SE04_R04.csv,SE04,D,D08,0,0,0,0,0,0
SE04/D08_SE04_R05.csv,SE04,D,D08,0,0,0,0,0,0
SE04/D09_SE04_R01.csv,SE04,D,D09,0,0,0,0,0,0
SE04/D09_SE04_R02.csv,SE04,D,D09,0,0,0,0,0,0
SE04/D09_SE04_R03.csv,SE04,D,D09,0,0,0,0,0,0
SE04/D09_SE04_R04.csv,SE04,D,D09,0,0,0,0,0,0
SE04/D09_SE04_R05.csv,SE04,D,D09,0,0,0,0,0,0
SE04/D10_SE04_R01.csv,SE04,D,D10,0,0,0,0,0,0
SE04/D10_SE04_R02.csv,SE04,D,D10,0,0,0,0,0,0
SE04/D10_SE04_R03.csv,SE04,D,D10,0,0,0,0,0,0
SE04/D10_SE04_R04.csv,SE04,D,D10,0,0,0,0,0,0
SE04/D10_SE04_R05.csv,SE04,D,D10,0,0,0,0,0,0
SE04/D11_SE04_R01.csv,SE04,D,D11,1,0,1,0,0,0
SE04/D11_SE04_R02.csv,SE04,D,D11,0,0,1,0,1,1
SE04/D11_SE04_R03.csv,SE04,D,D11,1,0,0,0,0,0
SE04/D11_SE04_R04.csv,SE04,D,D11,1,0,0,0,1,1
SE04/D11_SE04_R05.csv,SE04,D,D11,0,0,1,0,0,0
SE04/D12_SE04_R01.csv,SE04,D,D12,0,0,0,0,0,0
SE04/D12_SE04_R02.csv,SE04,D,D12,0,0,0,0,0,0
SE04/D12_SE04_R03.csv,SE04,D,D12,0,0,0,0,0,0
SE04/D12_SE04_R04.csv,SE04,D,D12,0,0,0,0,0,0
SE04/D12_SE04_R05.csv,SE04,D,D12,0,0,0,0,0,0
SE04/D14_SE04_R01.csv,SE04,D,D14,0,0,0,0,0,0
SE04/D14_SE04_R02.csv,SE04,D,D14,0,0,0,0,0,0
SE04/D14_SE04_R03.csv,SE04,D,D14,0,0,0,0,0,0
SE04/D14_SE04_R04.csv,SE04,D,D14,0,0,0,0,0,0
SE04/D14_SE04_R05.csv,SE04,D,D14,0,0,0,0,0,0
SE04/D15_SE04_R01.csv,SE04,D,D15,0,0,0,0,0,0
SE04/D15_SE04_R02.csv,SE04,D,D15,0,0,0,0,0,0
SE04/D15_SE04_R03.csv,SE04,D,D15,0,0,0,0,0,0
SE04/D15_SE04_R04.csv,SE04,D,D15,0,0,0,0,0,0
SE04/D15_SE04_R05.csv,SE04,D,D15,0,0,0,0,0,0
SE04/D16_SE04_R01.csv,SE04,D,D16,0,0,0,0,0,0
SE04/D16_SE04_R02.csv,SE04,D,D16,0,0,0,0,0,0
SE04/D16_SE04_R03.csv,SE04,D,D16,0,0,0,0,0,0
SE04/D16_SE04_R04.csv,SE04,D,D16,0,0,0,0,0,0
SE04/D16_SE04_R05.csv,SE04,D,D16,0,0,0,0,0,0
SE04/D17_SE04_R01.csv,SE04,D,D17,0,0,0,0,0,0
SE04/D17_SE04_R02.csv,SE04,D,D17,0,0,0,0,0,0
SE04/D17_SE04_R03.csv,SE04,D,D17,0,0,0,0,0,0
SE04/D17_SE04_R04.csv,SE04,D,D17,0,0,0,0,0,0
SE04/D17_SE04_R05.csv,SE04,D,D17,0,0,0,0,0,0
SE05/D01_SE05_R01.csv,SE05,D,D01,0,0,0,0,0,0
SE05/D02_SE05_R01.csv,SE05,D,D02,0,0,0,0,0,0
SE05/D03_SE05_R01.csv,SE05,D,D03,1,0,0,0,0,0
SE05/D04_SE05_R01.csv,SE05,D,D04,1,0,0,0,0,1
SE05/D05_SE05_R01.csv,SE05,D,D05,0,0,0,0,0,0
SE05/D05_SE05_R02.csv,SE05,D,D05,0,0,0,0,0,0
SE05/D05_SE05_R03.csv,SE05,D,D05,0,0,0,0,0,0
SE05/D05_SE05_R04.csv,SE05,D,D05,0,0,0,0,0,0
SE05/D05_SE05_R05.csv,SE05,D,D05,0,0,0,0,0,0
SE05/D07_SE05_R01.csv,SE05,D,D07,0,0,0,0,0,0
SE05/D07_SE05_R02.csv,SE05,D,D07,0,0,0,0,0,0
SE05/D07_SE05_R03.csv,SE05,D,D07,0,0,0,0,0,0
SE05/D07_SE05_R04.csv,SE05,D,D07,0,0,0,0,0,0
SE05/D07_SE05_R05.csv,SE05,D,D07,0,0,0,0,0,0
SE05/D08_SE05_R01.csv,SE05,D,D08,0,0,0,0,0,0
SE05/D08_SE05_R02.csv,SE05,D,D08,0,0,0,0,0,0
SE05/D08_SE05_R03.csv,SE05,D,D08,0,0,0,0,0,0
SE05/D08_SE05_R04.csv,SE05,D,D08,0,0,0,0,0,0
SE05/D08_SE05_R05.csv,SE05,D,D08,0,0,0,0,0,0
SE05/D09_SE05_R01.csv,SE05,D,D09,0,0,0,0,0,0
SE05/D09_SE05_R02.csv,SE05,D,D09,0,0,0,0,0,0
SE05/D09_SE05_R03.csv,SE05,D,D09,0,0,0,0,0,0
SE05/D09_SE05_R04.csv,SE05,D,D09,0,0,0,0,0,0
SE05/D09_SE05_R05.csv,SE05,D,D09,0,0,0,0,0,0
SE05/D10_SE05_R01.csv,SE05,D,D10,0,0,0,0,0,0
SE05/D10_SE05_R02.csv,SE05,D,D10,0,0,0,0,0,0
SE05/D10_SE05_R03.csv,SE05,D,D10,0,0,0,0,0,0
SE05/D10_SE05_R04.csv,SE05,D,D10,0,0,0,0,0,0
SE05/D10_SE05_R05.csv,SE05,D,D10,0,0,0,0,0,0
SE05/D11_SE05_R01.csv,SE05,D,D11,0,0,0,0,0,0
SE05/D11_SE05_R02.csv,SE05,D,D11,0,0,1,0,0,0
SE05/D11_SE05_R03.csv,SE05,D,D11,1,0,1,0,0,0
SE05/D11_SE05_R04.csv,SE05,D,D11,0,0,0,0,0,0
SE05/D11_SE05_R05.csv,SE05,D,D11,0,0,0,0,0,0
SE05/D12_SE05_R01.csv,SE05,D,D12,0,0,0,0,0,0
SE05/D12_SE05_R02.csv,SE05,D,D12,0,0,0,0,0,0
SE05/D12_SE05_R03.csv,SE05,D,D12,0,0,0,0,0,0
SE05/D12_SE05_R04.csv,SE05,D,D12,0,0,0,0,0,0
SE05/D12_SE05_R05.csv,SE05,D,D12,0,0,0,0,0,0
SE05/D14_SE05_R01.csv,SE05,D,D14,0,0,0,0,0,0
SE05/D14_SE05_R02.csv,SE05,D,D14,0,0,0,0,0,0
SE05/D14_SE05_R03.csv,SE05,D,D14,0,0,0,0,0,0
SE05/D14_SE05_R04.csv,SE05,D,D14,0,0,0,0,0,0
SE05/D14_SE05_R05.csv,SE05,D,D14,0,0,0,0,0,0
SE05/D15_SE05_R01.csv,SE05,D,D15,0,0,0,0,0,0
SE05/D15_SE05_R02.csv,SE05,D,D15,0,0,0,0,0,0
SE05/D15_SE05_R03.csv,SE05,D,D15,0,0,0,0,0,0
SE05/D15_SE05_R04.csv,SE05,D,D15,0,0,0,0,0,0
SE05/D15_SE05_R05.csv,SE05,D,D15,0,0,0,0,0,0
SE05/D16_SE05_R01.csv,SE05,D,D16,0,0,0,0,0,0
SE05/D16_SE05_R02.csv,SE05,D,D16,0,0,0,0,0,0
SE05/D16_SE05_R03.csv,SE05,D,D16,0,0,0,0,0,0
SE05/D16_SE05_R04.csv,SE05,D,D16,0,0,0,0,0,0
SE05/D16_SE05_R05.csv,SE05,D,D16,0,0,0,0,0,0
SE05/D17_SE05_R01.csv,SE05,D,D17,0,0,0,0,0,0
SE05/D17_SE05_R02.csv,SE05,D,D17,0,0,0,0,0,0
SE05/D17_SE05_R03.csv,SE05,D,D17,0,0,0,0,0,0
SE05/D17_SE05_R04.csv,SE05,D,D17,0,0,0,0,0,0
SE05/D17_SE05_R05.csv,SE05,D,D17,0,0,0,0,0,0
SE06/D01_SE06_R01.csv,SE06,D,D01,0,0,0,0,0,0
SE06/D02_SE06_R01.csv,SE06,D,D02,0,0,0,0,0,0
SE06/D03_SE06_R01.csv,SE06,D,D03,0,0,0,0,0,0
SE06/D04_SE06_R01.csv,SE06,D,D04,1,0,0,0,0,1
SE06/D05_SE06_R01.csv,SE06,D,D05,0,0,0,0,0,0
SE06/D05_SE06_R02.csv,SE06,D,D05,0,0,0,0,0,0
SE06/D05_SE06_R03.csv,SE06,D,D05,0,0,0,0,0,0
SE06/D05_SE06_R04.csv,SE06,D,D05,0,0,0,0,0,0
SE06/D05_SE06_R05.csv,SE06,D,D05,0,0,0,0,0,0
SE06/D06_SE06_R01.csv,SE06,D,D06,1,0,0,0,0,1
SE06/D06_SE06_R02.csv,SE06,D,D06,1,0,1,0,0,0
SE06/D06_SE06_R03.csv,SE06,D,D06,0,0,1,0,0,0
SE06/D06_SE06_R04.csv,SE06,D,D06,0,0,0,0,0,1
SE06/D06_SE06_R05.csv,SE06,D,D06,1,0,1,0,0,0
SE06/D07_SE06_R01.csv,SE06,D,D07,0,0,0,0,0,0
SE06/D07_SE06_R02.csv,SE06,D,D07,0,0,0,0,0,0
SE06/D07_SE06_R03.csv,SE06,D,D07,0,0,0,0,0,0
SE06/D07_SE06_R04.csv,SE06,D,D07,0,0,0,0,0,0
SE06/D07_SE06_R05.csv,SE06,D,D07,0,0,0,0,0,0
SE06/D08_SE06_R01.csv,SE06,D,D08,0,0,0,0,0,0
SE06/D08_SE06_R02.csv,SE06,D,D08,0,0,0,0,0,0
SE06/D08_SE06_R03.csv,SE06,D,D08,0,0,0,0,0,0
SE06/D08_SE06_R04.csv,SE06,D,D08,0,0,0,0,0,0
SE06/D08_SE06_R05.csv,SE06,D,D08,0,0,0,0,0,0
SE06/D09_SE06_R01.csv,SE06,D,D09,0,0,0,0,0,0
SE06/D09_SE06_R02.csv,SE06,D,D09,0,0,0,0,0,0
SE06/D09_SE06_R03.csv,SE06,D,D09,0,0,0,0,0,0
SE06/D09_SE06_R04.csv,SE06,D,D09,0,0,0,0,0,0
SE06/D09_SE06_R05.csv,SE06,D,D09,0,0,0,0,0,0
SE06/D10_SE06_R01.csv,SE06,D,D10,0,0,0,0,0,0
SE06/D10_SE06_R02.csv,SE06,D,D10,0,0,0,0,0,0
SE06/D10_SE06_R03.csv,SE06,D,D10,0,0,0,0,0,0
SE06/D10_SE06_R04.csv,SE06,D,D10,0,0,0,0,0,0
SE06/D10_SE06_R05.csv,SE06,D,D10,0,0,0,0,0,0
SE06/D11_SE06_R01.csv,SE06,D,D11,0,0,1,0,0,0
SE06/D11_SE06_R02.csv,SE06,D,D11,0,0,0,0,0,0
SE06/D11_SE06_R03.csv,SE06,D,D11,0,0,0,0,0,0
SE06/D11_SE06_R04.csv,SE06,D,D11,0,0,0,0,0,0
SE06/D11_SE06_R05.csv,SE06,D,D11,0,0,0,0,0,0
SE06/D12_SE06_R01.csv,SE06,D,D12,0,0,0,0,0,0
SE06/D12_SE06_R02.csv,SE06,D,D12,0,0,0,0,0,0
SE06/D12_SE06_R03.csv,SE06,D,D12,0,0,0,0,0,0
SE06/D12_SE06_R04.csv,SE06,D,D12,0,0,0,0,0,0
SE06/D12_SE06_R05.csv,SE06,D,D12,0,0,0,0,0,0
SE06/D13_SE06_R01.csv,SE06,D,D13,0,0,0,0,0,0
SE06/D13_SE06_R02.csv,SE06,D,D13,0,0,0,0,0,0
SE06/D13_SE06_R03.csv,SE06,D,D13,0,0,0,0,0,0
SE06/D13_SE06_R04.csv,SE06,D,D13,0,0,0,0,0,0
SE06/D13_SE06_R05.csv,SE06,D,D13,0,0,0,0,0,0
SE06/D14_SE06_R01.csv,SE06,D,D14,0,0,0,0,0,0
SE06/D14_SE06_R02.csv,SE06,D,D14,0,0,0,0,0,0
SE06/D14_SE06_R03.csv,SE06,D,D14,0,0,0,0,0,0
SE06/D14_SE06_R04.csv,SE06,D,D14,0,0,0,0,0,0
SE06/D14_SE06_R05.csv,SE06,D,D14,0,0,0,0,0,0
SE06/D15_SE06_R01.csv,SE06,D,D15,0,0,0,0,0,0
SE06/D15_SE06_R02.csv,SE06,D,D15,0,0,0,0,0,0
SE06/D15_SE06_R03.csv,SE06,D,D15,0,0,0,0,0,0
SE06/D15_SE06_R04.csv,SE06,D,D15,0,0,0,0,0,0
SE06/D15_SE06_R05.csv,SE06,D,D15,0,0,0,0,0,0
SE06/D16_SE06_R01.csv,SE06,D,D16,0,0,0,0,0,0
SE06/D16_SE06_R02.csv,SE06,D,D16,0,0,0,0,0,0
SE06/D16_SE06_R03.csv,SE06,D,D16,0,0,0,0,0,0
SE06/D16_SE06_R04.csv,SE06,D,D16,0,0,0,0,0,0
SE06/D16_SE06_R05.csv,SE06,D,D16,0,0,0,0,0,0
SE06/D17_SE06_R01.csv,SE06,D,D17,0,0,0,0,0,0
SE06/D17_SE06_R02.csv,SE06,D,D17,0,0,0,0,0,0
SE06/D17_SE06_R03.csv,SE06,D,D17,0,0,0,0,0,0
SE06/D17_SE06_R04.csv,SE06,D,D17,0,0,0,0,0,0
SE06/D17_SE06_R05.csv,SE06,D,D17,0,0,0,0,0,0
SE06/D18_SE06_R01.csv,SE06,D,D18,0,0,0,0,0,0
SE06/D18_SE06_R02.csv,SE06,D,D18,1,0,0,0,1,1
SE06/D18_SE06_R03.csv,SE06,D,D18,0,0,0,0,1,1
SE06/D18_SE06_R04.csv,SE06,D,D18,0,0,0,0,0,0
SE06/D18_SE06_R05.csv,SE06,D,D18,0,0,0,0,1,1
SE06/D19_SE06_R01.csv,SE06,D,D19,1,0,0,0,1,1
SE06/D19_SE06_R02.csv,SE06,D,D19,1,0,0,0,1,1
SE06/D19_SE06_R03.csv,SE06,D,D19,0,0,0,0,1,1
SE06/D19_SE06_R04.csv,SE06,D,D19,1,0,0,0,1,1
SE06/D19_SE06_R05.csv,SE06,D,D19,1,0,1,0,1,1
SE06/F01_SE06_R01.csv,SE06,F,F01,0,1,0,0,0,0
SE06/F01_SE06_R02.csv,SE06,F,F01,1,1,0,0,1,1
SE06/F01_SE06_R03.csv,SE06,F,F01,1,1,0,0,1,1
SE06/F01_SE06_R04.csv,SE06,F,F01,1,1,0,1,0,0
SE06/F01_SE06_R05.csv,SE06,F,F01,0,1,0,0,1,1
SE06/F02_SE06_R01.csv,SE06,F,F02,1,1,0,0,0,1
SE06/F02_SE06_R02.csv,SE06,F,F02,1,1,0,1,1,1
SE06/F02_SE06_R03.csv,SE06,F,F02,0,1,0,0,1,1
SE06/F02_SE06_R04.csv,SE06,F,F02,1,1,0,0,1,1
SE06/F02_SE06_R05.csv,SE06,F,F02,1,1,0,0,1,1
SE06/F03_SE06_R01.csv,SE06,F,F03,1,1,1,1,0,0
SE06/F03_SE06_R02.csv,SE06,F,F03,1,1,1,0,0,0
SE06/F03_SE06_R03.csv,SE06,F,F03,1,1,0,0,1,1
SE06/F03_SE06_R04.csv,SE06,F,F03,1,1,0,0,1,1
SE06/F03_SE06_R05.csv,SE06,F,F03,1,1,0,1,1,1
SE06/F04_SE06_R01.csv,SE06,F,F04,1,1,0,1,1,1
SE06/F04_SE06_R02.csv,SE06,F,F04,1,1,0,0,0,0
SE06/F04_SE06_R03.csv,SE06,F,F04,1,1,1,0,1,1
SE06/F04_SE06_R04.csv,SE06,F,F04,1,1,0,0,1,1
SE06/F04_SE06_R05.csv,SE06,F,F04,0,1,0,1,1,1
SE06/F05_SE06_R01.csv,SE06,F,F05,1,1,0,1,0,0
SE06/F05_SE06_R02.csv,SE06,F,F05,1,1,0,0,0,0
SE06/F05_SE06_R03.csv,SE06,F,F05,1,1,0,0,0,0
SE06/F05_SE06_R04.csv,SE06,F,F05,1,1,0,0,0,0
SE06/F05_SE06_R05.csv,SE06,F,F05,1,1,0,1,0,0
SE06/F06_SE06_R01.csv,SE06,F,F06,1,1,0,0,1,1
SE06/F06_SE06_R02.csv,SE06,F,F06,0,1,0,0,0,0
SE06/F06_SE06_R03.csv,SE06,F,F06,1,1,1,1,1,1
SE06/F06_SE06_R04.csv,SE06,F,F06,0,1,0,0,0,0
SE06/F06_SE06_R05.csv,SE06,F,F06,0,1,0,1,1,1
SE06/F07_SE06_R01.csv,SE06,F,F07,1,1,1,1,1,1
SE06/F07_SE06_R02.csv,SE06,F,F07,0,0,0,0,0,0
SE06/F07_SE06_R03.csv,SE06,F,F07,0,0,0,0,0,0
SE06/F07_SE06_R04.csv,SE06,F,F07,0,0,0,0,0,0
SE06/F07_SE06_R05.csv,SE06,F,F07,0,1,1,0,0,0
SE06/F08_SE06_R01.csv,SE06,F,F08,0,1,1,0,0,0
SE06/F08_SE06_R02.csv,SE06,F,F08,1,1,1,1,0,0
SE06/F08_SE06_R03.csv,SE06,F,F08,0,1,0,0,0,0
SE06/F08_SE06_R04.csv,SE06,F,F08,0,1,0,1,0,0
SE06/F08_SE06_R05.csv,SE06,F,F08,0,1,0,0,0,0
SE06/F09_SE06_R01.csv,SE06,F,F09,1,1,0,1,1,1
SE06/F09_SE06_R02.csv,SE06,F,F09,1,1,0,1,1,1
SE06/F09_SE06_R03.csv,SE06,F,F09,0,0,0,0,0,0
SE06/F09_SE06_R04.csv,SE06,F,F09,0,0,0,0,0,0
SE06/F09_SE06_R05.csv,SE06,F,F09,0,1,0,1,1,1
SE06/F10_SE06_R01.csv,SE06,F,F10,0,0,0,0,0,0
SE06/F10_SE06_R02.csv,SE06,F,F10,0,1,1,0,0,0
SE06/F10_SE06_R03.csv,SE06,F,F10,0,0,0,0,0,0
SE06/F10_SE06_R04.csv,SE06,F,F10,0,0,0,0,0,0
SE06/F10_SE06_R05.csv,SE06,F,F10,0,1,0,0,0,0
SE06/F11_SE06_R01.csv,SE06,F,F11,1,1,1,1,1,1
SE06/F11_SE06_R02.csv,SE06,F,F11,1,1,0,1,1,1
SE06/F11_SE06_R03.csv,SE06,F,F11,1,0,0,0,1,1
SE06/F11_SE06_R04.csv,SE06,F,F11,1,0,1,0,1,1
SE06/F11_SE06_R05.csv,SE06,F,F11,1,1,0,1,1,1
SE06/F12_SE06_R01.csv,SE06,F,F12,0,1,0,0,0,0
SE06/F12_SE06_R02.csv,SE06,F,F12,1,1,0,1,1,1
SE06/F12_SE06_R03.csv,SE06,F,F12,1,1,0,1,1,1
SE06/F12_SE06_R04.csv,SE06,F,F12,0,1,0,1,1,1
SE06/F12_SE06_R05.csv,SE06,F,F12,0,0,0,0,0,0
SE06/F13_SE06_R01.csv,SE06,F,F13,0,0,0,0,0,0
SE06/F13_SE06_R02.csv,SE06,F,F13,0,1,0,0,0,0
SE06/F13_SE06_R03.csv,SE06,F,F13,0,1,0,1,1,1
SE06/F13_SE06_R04.csv,SE06,F,F13,0,0,0,0,0,0
SE06/F13_SE06_R05.csv,SE06,F,F13,0,1,1,0,0,0
SE06/F14_SE06_R01.csv,SE06,F,F14,0,0,0,0,1,1
SE06/F14_SE06_R02.csv,SE06,F,F14,1,0,0,0,1,1
SE06/F14_SE06_R03.csv,SE06,F,F14,1,0,0,0,1,1
SE06/F14_SE06_R04.csv,SE06,F,F14,0,0,0,0,1,1
SE06/F14_SE06_R05.csv,SE06,F,F14,0,1,0,0,1,1
SE06/F15_SE06_R01.csv,SE06,F,F15,1,1,0,1,1,1
SE06/F15_SE06_R02.csv,SE06,F,F15,0,1,1,1,1,1
SE06/F15_SE06_R03.csv,SE06,F,F15,0,1,0,1,1,1
SE06/F15_SE06_R04.csv,SE06,F,F15,1,1,0,1,1,1
SE06/F15_SE06_R05.csv,SE06,F,F15,1,1,0,1,1,1
SE07/D01_SE07_R01.csv,SE07,D,D01,0,0,0,0,0,0
SE07/D02_SE07_R01.csv,SE07,D,D02,0,0,1,0,0,0
SE07/D03_SE07_R01.csv,SE07,D,D03,1,0,0,0,0,1
SE07/D04_SE07_R01.csv,SE07,D,D04,1,0,0,0,0,1
SE07/D05_SE07_R01.csv,SE07,D,D05,0,0,1,0,0,0
SE07/D05_SE07_R02.csv,SE07,D,D05,1,0,0,0,0,0
SE07/D05_SE07_R03.csv,SE07,D,D05,1,0,1,0,1,1
SE07/D05_SE07_R04.csv,SE07,D,D05,0,0,1,0,0,0
SE07/D05_SE07_R05.csv,SE07,D,D05,0,0,0,0,0,0
SE07/D07_SE07_R01.csv,SE07,D,D07,0,0,0,0,0,0
SE07/D07_SE07_R02.csv,SE07,D,D07,0,0,0,0,0,0
SE07/D07_SE07_R03.csv,SE07,D,D07,0,0,0,0,0,0
SE07/D07_SE07_R04.csv,SE07,D,D07,0,0,0,0,0,0
SE07/D07_SE07_R05.csv,SE07,D,D07,0,0,0,0,0,0
SE07/D08_SE07_R01.csv,SE07,D,D08,0,0,1,0,0,0
SE07/D08_SE07_R02.csv,SE07,D,D08,0,0,0,0,0,0
SE07/D08_SE07_R03.csv,SE07,D,D08,0,0,1,0,0,0
SE07/D08_SE07_R04.csv,SE07,D,D08,0,0,0,0,0,0
SE07/D08_SE07_R05.csv,SE07,D,D08,0,0,0,0,0,0
SE07/D09_SE07_R01.csv,SE07,D,D09,0,0,0,0,0,0
SE07/D09_SE07_R02.csv,SE07,D,D09,0,0,0,0,0,0
SE07/D09_SE07_R03.csv,SE07,D,D09,0,0,0,0,0,0
SE07/D09_SE07_R04.csv,SE07,D,D09,0,0,0,0,0,0
SE07/D09_SE07_R05.csv,SE07,D,D09,0,0,0,0,0,0
SE07/D10_SE07_R01.csv,SE07,D,D10,0,0,0,0,0,0
SE07/D10_SE07_R02.csv,SE07,D,D10,0,0,0,0,0,0
SE07/D10_SE07_R03.csv,SE07,D,D10,0,0,0,0,0,0
SE07/D10_SE07_R04.csv,SE07,D,D10,0,0,0,0,0,0
SE07/D10_SE07_R05.csv,SE07,D,D10,0,0,0,0,0,0
SE07/D11_SE07_R01.csv,SE07,D,D11,0,0,0,0,0,0
SE07/D11_SE07_R02.csv,SE07,D,D11,0,0,1,0,0,0
SE07/D11_SE07_R03.csv,SE07,D,D11,0,0,0,0,0,0
SE07/D11_SE07_R04.csv,SE07,D,D11,0,0,0,0,0,0
SE07/D11_SE07_R05.csv,SE07,D,D11,0,0,0,0,0,0
SE07/D12_SE07_R01.csv,SE07,D,D12,0,0,0,0,0,0
SE07/D12_SE07_R02.csv,SE07,D,D12,0,0,0,0,0,0
SE07/D12_SE07_R03.csv,SE07,D,D12,0,0,0,0,0,0
SE07/D12_SE07_R04.csv,SE07,D,D12,0,0,0,0,0,0
SE07/D12_SE07_R05.csv,SE07,D,D12,0,0,0,0,0,0
SE07/D14_SE07_R01.csv,SE07,D,D14,0,1,0,0,0,0
SE07/D14_SE07_R02.csv,SE07,D,D14,0,0,0,0,0,0
SE07/D14_SE07_R03.csv,SE07,D,D14,0,0,0,0,0,0
SE07/D14_SE07_R04.csv,SE07,D,D14,0,1,1,0,0,0
SE07/D14_SE07_R05.csv,SE07,D,D14,1,0,0,0,0,0
SE07/D15_SE07_R01.csv,SE07,D,D15,0,0,0,0,0,0
SE07/D15_SE07_R02.csv,SE07,D,D15,0,0,0,0,0,0
SE07/D15_SE07_R03.csv,SE07,D,D15,0,0,0,0,0,0
SE07/D15_SE07_R04.csv,SE07,D,D15,0,0,0,0,0,0
SE07/D15_SE07_R05.csv,SE07,D,D15,0,0,0,0,0,0
SE07/D16_SE07_R01.csv,SE07,D,D16,0,0,0,0,0,0
SE07/D16_SE07_R02.csv,SE07,D,D16,0,0,0,0,0,0
SE07/D16_SE07_R03.csv,SE07,D,D16,0,0,0,0,0,0
SE07/D16_SE07_R04.csv,SE07,D,D16,0,0,0,0,0,0
SE07/D16_SE07_R05.csv,SE07,D,D16,0,0,0,0,0,0
SE07/D17_SE07_R01.csv,SE07,D,D17,0,0,0,0,0,0
SE07/D17_SE07_R02.csv,SE07,D,D17,0,0,0,0,0,0
SE07/D17_SE07_R03.csv,SE07,D,D17,0,0,0,0,0,0
SE07/D17_SE07_R04.csv,SE07,D,D17,0,0,0,0,0,0
SE07/D17_SE07_R05.csv,SE07,D,D17,0,0,0,0,0,0
SE08/D01_SE08_R01.csv,SE08,D,D01,0,0,0,0,0,0
SE08/D02_SE08_R01.csv,SE08,D,D02,0,0,0,0,0,0
SE08/D03_SE08_R01.csv,SE08,D,D03,1,0,0,0,0,1
SE08/D04_SE08_R01.csv,SE08,D,D04,1,0,0,0,0,1
SE08/D05_SE08_R01.csv,SE08,D,D05,1,0,0,0,0,0
SE08/D05_SE08_R02.csv,SE08,D,D05,1,0,1,0,0,0
SE08/D05_SE08_R03.csv,SE08,D,D05,1,0,0,0,0,0
SE08/D05_SE08_R04.csv,SE08,D,D05,1,0,0,0,0,1
SE08/D05_SE08_R05.csv,SE08,D,D05,1,0,0,0,0,0
SE08/D07_SE08_R01.csv,SE08,D,D07,0,0,0,0,0,0
SE08/D07_SE08_R02.csv,SE08,D,D07,0,0,0,0,0,0
SE08/D07_SE08_R03.csv,SE08,D,D07,0,0,0,0,0,0
SE08/D07_SE08_R04.csv,SE08,D,D07,0,0,0,0,0,0
SE08/D07_SE08_R05.csv,SE08,D,D07,0,0,0,0,0,0
SE08/D08_SE08_R01.csv,SE08,D,D08,0,0,0,0,0,0
SE08/D08_SE08_R02.csv,SE08,D,D08,0,0,0,0,0,0
SE08/D08_SE08_R03.csv,SE08,D,D08,0,0,0,0,0,0
SE08/D08_SE08_R04.csv,SE08,D,D08,0,0,1,0,0,0
SE08/D08_SE08_R05.csv,SE08,D,D08,0,0,0,0,1,1
SE08/D09_SE08_R01.csv,SE08,D,D09,0,0,0,0,0,0
SE08/D09_SE08_R02.csv,SE08,D,D09,0,0,0,0,0,0
SE08/D09_SE08_R03.csv,SE08,D,D09,0,0,0,0,0,0
SE08/D09_SE08_R04.csv,SE08,D,D09,0,0,0,0,0,0
SE08/D09_SE08_R05.csv,SE08,D,D09,0,0,0,0,0,0
SE08/D10_SE08_R01.csv,SE08,D,D10,0,0,0,0,0,0
SE08/D10_SE08_R02.csv,SE08,D,D10,0,0,0,0,0,0
SE08/D10_SE08_R03.csv,SE08,D,D10,0,0,0,0,0,0
SE08/D10_SE08_R04.csv,SE08,D,D10,0,0,0,0,0,0
SE08/D10_SE08_R05.csv,SE08,D,D10,0,0,0,0,0,0
SE08/D11_SE08_R01.csv,SE08,D,D11,0,0,1,0,0,0
SE08/D11_SE08_R02.csv,SE08,D,D11,0,0,0,0,0,0
SE08/D11_SE08_R03.csv,SE08,D,D11,0,0,0,0,0,0
SE08/D11_SE08_R04.csv,SE08,D,D11,0,0,1,0,0,0
SE08/D11_SE08_R05.csv,SE08,D,D11,0,1,1,0,0,0
SE08/D12_SE08_R01.csv,SE08,D,D12,0,0,0,0,0,0
SE08/D12_SE08_R02.csv,SE08,D,D12,0,0,0,0,0,0
SE08/D12_SE08_R03.csv,SE08,D,D12,0,0,0,0,0,0
SE08/D12_SE08_R04.csv,SE08,D,D12,0,0,0,0,0,0
SE08/D12_SE08_R05.csv,SE08,D,D12,0,0,0,0,0,0
SE08/D14_SE08_R01.csv,SE08,D,D14,0,1,0,0,0,0
SE08/D14_SE08_R02.csv,SE08,D,D14,0,0,0,0,0,0
SE08/D14_SE08_R03.csv,SE08,D,D14,0,1,1,0,0,0
SE08/D14_SE08_R04.csv,SE08,D,D14,1,1,0,0,0,0
SE08/D14_SE08_R05.csv,SE08,D,D14,0,1,0,0,0,0
SE08/D15_SE08_R01.csv,SE08,D,D15,0,0,0,0,0,0
SE08/D15_SE08_R02.csv,SE08,D,D15,0,0,0,0,0,0
SE08/D15_SE08_R03.csv,SE08,D,D15,0,0,0,0,0,0
SE08/D15_SE08_R04.csv,SE08,D,D15,0,0,0,0,0,0
SE08/D15_SE08_R05.csv,SE08,D,D15,0,0,0,0,0,0
SE08/D16_SE08_R01.csv,SE08,D,D16,0,0,0,0,0,0
SE08/D16_SE08_R02.csv,SE08,D,D16,0,0,0,0,0,0
SE08/D16_SE08_R03.csv,SE08,D,D16,0,0,0,0,0,0
SE08/D16_SE08_R04.csv,SE08,D,D16,0,0,0,0,0,0
SE08/D16_SE08_R05.csv,SE08,D,D16,0,0,0,0,0,0
SE08/D17_SE08_R01.csv,SE08,D,D17,0,0,0,0,0,0
SE08/D17_SE08_R02.csv,SE08,D,D17,0,0,0,0,0,0
SE08/D17_SE08_R03.csv,SE08,D,D17,0,0,0,0,0,0
SE08/D17_SE08_R04.csv,SE08,D,D17,0,0,0,0,0,0
SE08/D17_SE08_R05.csv,SE08,D,D17,0,0,0,0,0,0
SE09/D01_SE09_R01.csv,SE09,D,D01,0,0,0,0,0,0
SE09/D02_SE09_R01.csv,SE09,D,D02,0,0,0,0,0,0
SE09/D03_SE09_R01.csv,SE09,D,D03,1,0,0,0,0,1
SE09/D04_SE09_R01.csv,SE09,D,D04,1,0,0,0,0,1
SE09/D05_SE09_R01.csv,SE09,D,D05,0,0,0,0,0,0
SE09/D05_SE09_R02.csv,SE09,D,D05,0,0,0,0,0,0
SE09/D05_SE09_R03.csv,SE09,D,D05,0,0,0,0,0,0
SE09/D05_SE09_R04.csv,SE09,D,D05,0,0,0,0,0,0
SE09/D05_SE09_R05.csv,SE09,D,D05,0,0,1,0,0,0
SE09/D07_SE09_R01.csv,SE09,D,D07,0,0,0,0,0,0
SE09/D07_SE09_R02.csv,SE09,D,D07,0,0,0,0,0,0
SE09/D07_SE09_R03.csv,SE09,D,D07,0,0,0,0,0,0
SE09/D07_SE09_R04.csv,SE09,D,D07,0,0,0,0,0,0
SE09/D07_SE09_R05.csv,SE09,D,D07,0,0,0,0,0,0
SE09/D08_SE09_R01.csv,SE09,D,D08,0,0,0,0,0,0
SE09/D08_SE09_R02.csv,SE09,D,D08,0,0,0,0,0,0
SE09/D08_SE09_R03.csv,SE09,D,D08,0,0,0,0,0,0
SE09/D08_SE09_R04.csv,SE09,D,D08,0,0,0,0,0,0
SE09/D08_SE09_R05.csv,SE09,D,D08,0,0,0,0,0,0
SE09/D09_SE09_R01.csv,SE09,D,D09,0,0,1,0,0,0
SE09/D09_SE09_R02.csv,SE09,D,D09,0,0,0,0,0,0
SE09/D09_SE09_R03.csv,SE09,D,D09,0,0,0,0,0,0
SE09/D09_SE09_R04.csv,SE09,D,D09,0,0,0,0,0,0
SE09/D09_SE09_R05.csv,SE09,D,D09,0,0,0,0,0,0
SE09/D10_SE09_R01.csv,SE09,D,D10,0,0,0,0,0,0
SE09/D10_SE09_R02.csv,SE09,D,D10,0,0,0,0,0,0
SE09/D10_SE09_R03.csv,SE09,D,D10,0,0,0,0,0,0
SE09/D10_SE09_R04.csv,SE09,D,D10,0,0,0,0,0,0
SE09/D10_SE09_R05.csv,SE09,D,D10,0,0,0,0,0,0
SE09/D11_SE09_R01.csv,SE09,D,D11,0,0,0,0,0,0
SE09/D11_SE09_R02.csv,SE09,D,D11,0,0,0,0,0,0
SE09/D11_SE09_R03.csv,SE09,D,D11,0,0,0,0,0,0
SE09/D11_SE09_R04.csv,SE09,D,D11,0,0,0,0,0,0
SE09/D11_SE09_R05.csv,SE09,D,D11,0,0,0,0,0,0
SE09/D12_SE09_R01.csv,SE09,D,D12,0,0,0,0,0,0
SE09/D12_SE09_R02.csv,SE09,D,D12,0,0,0,0,0,0
SE09/D12_SE09_R03.csv,SE09,D,D12,0,0,0,0,0,0
SE09/D12_SE09_R04.csv,SE09,D,D12,0,0,0,0,0,0
SE09/D12_SE09_R05.csv,SE09,D,D12,0,0,0,0,0,0
SE09/D14_SE09_R01.csv,SE09,D,D14,0,0,0,0,0,0
SE09/D14_SE09_R02.csv,SE09,D,D14,0,0,0,0,0,0
SE09/D14_SE09_R03.csv,SE09,D,D14,0,0,0,0,0,0
SE09/D14_SE09_R04.csv,SE09,D,D14,0,0,0,0,0,0
SE09/D14_SE09_R05.csv,SE09,D,D14,0,0,0,0,0,0
SE09/D15_SE09_R01.csv,SE09,D,D15,0,0,0,0,0,0
SE09/D15_SE09_R02.csv,SE09,D,D15,0,0,0,0,0,0
SE09/D15_SE09_R03.csv,SE09,D,D15,0,0,0,0,0,0
SE09/D15_SE09_R04.csv,SE09,D,D15,0,0,0,0,0,0
SE09/D15_SE09_R05.csv,SE09,D,D15,0,0,0,0,0,0
SE09/D16_SE09_R01.csv,SE09,D,D16,0,0,0,0,0,0
SE09/D16_SE09_R02.csv,SE09,D,D16,0,0,0,0,0,0
SE09/D16_SE09_R03.csv,SE09,D,D16,0,0,0,0,0,0
SE09/D16_SE09_R04.csv,SE09,D,D16,0,0,0,0,0,0
SE09/D16_SE09_R05.csv,SE09,D,D16,0,0,0,0,0,0
SE09/D17_SE09_R01.csv,SE09,D,D17,0,0,0,0,0,0
SE09/D17_SE09_R02.csv,SE09,D,D17,0,0,0,0,0,0
SE09/D17_SE09_R03.csv,SE09,D,D17,0,0,0,0,0,0
SE09/D17_SE09_R04.csv,SE09,D,D17,0,0,0,0,0,0
SE09/D17_SE09_R05.csv,SE09,D,D17,0,0,0,0,0,0
SE10/D01_SE10_R01.csv,SE10,D,D01,0,0,0,0,0,0
SE10/D02_SE10_R01.csv,SE10,D,D02,0,0,0,0,0,0
SE10/D03_SE10_R01.csv,SE10,D,D03,1,0,0,0,1,1
SE10/D04_SE10_R01.csv,SE10,D,D04,1,0,1,0,1,1
SE10/D05_SE10_R01.csv,SE10,D,D05,0,0,0,0,0,0
SE10/D05_SE10_R02.csv,SE10,D,D05,0,0,0,0,0,0
SE10/D05_SE10_R03.csv,SE10,D,D05,1,0,0,0,0,0
SE10/D05_SE10_R04.csv,SE10,D,D05,0,0,0,0,0,0
SE10/D05_SE10_R05.csv,SE10,D,D05,1,0,1,0,0,0
SE10/D07_SE10_R01.csv,SE10,D,D07,0,0,0,0,0,0
SE10/D07_SE10_R02.csv,SE10,D,D07,0,0,0,0,0,0
SE10/D07_SE10_R03.csv,SE10,D,D07,0,0,0,0,0,0
SE10/D07_SE10_R04.csv,SE10,D,D07,0,0,0,0,0,0
SE10/D07_SE10_R05.csv,SE10,D,D07,0,0,0,0,0,0
SE10/D08_SE10_R01.csv,SE10,D,D08,0,0,1,0,0,0
SE10/D08_SE10_R02.csv,SE10,D,D08,0,0,0,0,0,0
SE10/D08_SE10_R03.csv,SE10,D,D08,0,0,0,0,0,0
SE10/D08_SE10_R04.csv,SE10,D,D08,0,0,0,0,0,0
SE10/D08_SE10_R05.csv,SE10,D,D08,0,0,0,0,0,0
SE10/D09_SE10_R01.csv,SE10,D,D09,0,0,0,0,0,0
SE10/D09_SE10_R02.csv,SE10,D,D09,0,0,0,0,0,0
SE10/D09_SE10_R03.csv,SE10,D,D09,0,0,0,0,0,0
SE10/D09_SE10_R04.csv,SE10,D,D09,0,0,0,0,0,0
SE10/D09_SE10_R05.csv,SE10,D,D09,0,0,0,0,0,0
SE10/D10_SE10_R01.csv,SE10,D,D10,0,0,0,0,0,0
SE10/D10_SE10_R02.csv,SE10,D,D10,0,1,0,0,0,0
SE10/D10_SE10_R03.csv,SE10,D,D10,0,0,0,0,0,0
SE10/D10_SE10_R04.csv,SE10,D,D10,0,0,0,0,0,0
SE10/D10_SE10_R05.csv,SE10,D,D10,0,1,0,0,0,0
SE10/D11_SE10_R01.csv,SE10,D,D11,1,0,0,0,0,0
SE10/D11_SE10_R02.csv,SE10,D,D11,0,0,0,0,1,1
SE10/D11_SE10_R03.csv,SE10,D,D11,0,0,1,0,0,0
SE10/D11_SE10_R04.csv,SE10,D,D11,0,0,0,0,0,0
SE10/D11_SE10_R05.csv,SE10,D,D11,0,0,0,0,0,0
SE10/D12_SE10_R01.csv,SE10,D,D12,0,0,0,0,0,0
SE10/D12_SE10_R02.csv,SE10,D,D12,0,0,0,0,0,0
SE10/D12_SE10_R03.csv,SE10,D,D12,0,0,0,0,0,0
SE10/D12_SE10_R04.csv,SE10,D,D12,0,0,0,0,0,0
SE10/D12_SE10_R05.csv,SE10,D,D12,0,0,0,0,0,0
SE10/D14_SE10_R01.csv,SE10,D,D14,0,0,0,0,0,0
SE10/D14_SE10_R02.csv,SE10,D,D14,0,0,0,0,0,0
SE10/D14_SE10_R03.csv,SE10,D,D14,0,0,0,0,0,0
SE10/D14_SE10_R04.csv,SE10,D,D14,0,0,0,0,0,0
SE10/D14_SE10_R05.csv,SE10,D,D14,0,0,0,0,0,0
SE10/D15_SE10_R01.csv,SE10,D,D15,0,0,0,0,0,0
SE10/D15_SE10_R02.csv,SE10,D,D15,0,0,0,0,0,0
SE10/D15_SE10_R03.csv,SE10,D,D15,0,0,0,0,0,0
SE10/D15_SE10_R04.csv,SE10,D,D15,0,0,0,0,0,0
SE10/D15_SE10_R05.csv,SE10,D,D15,0,0,0,0,0,0
SE10/D16_SE10_R01.csv,SE10,D,D16,0,0,0,0,0,0
SE10/D16_SE10_R02.csv,SE10,D,D16,0,0,0,0,0,0
SE10/D16_SE10_R03.csv,SE10,D,D16,0,0,0,0,0,0
SE10/D16_SE10_R04.csv,SE10,D,D16,0,0,0,0,0,0
SE10/D16_SE10_R05.csv,SE10,D,D16,0,0,0,0,0,0
SE10/D17_SE10_R01.csv,SE10,D,D17,0,0,0,0,0,0
SE10/D17_SE10_R02.csv,SE10,D,D17,0,0,0,0,0,0
SE10/D17_SE10_R03.csv,SE10,D,D17,0,0,0,0,0,0
SE10/D17_SE10_R04.csv,SE10,D,D17,0,0,0,0,0,0
SE10/D17_SE10_R05.csv,SE10,D,D17,0,0,0,0,0,0
SE11/D01_SE11_R01.csv,SE11,D,D01,0,0,0,0,0,0
SE11/D02_SE11_R01.csv,SE11,D,D02,0,0,0,0,0,0
SE11/D03_SE11_R01.csv,SE11,D,D03,1,0,0,0,0,1
SE11/D04_SE11_R01.csv,SE11,D,D04,1,0,0,0,0,1
SE11/D05_SE11_R01.csv,SE11,D,D05,0,0,0,0,0,0
SE11/D05_SE11_R02.csv,SE11,D,D05,0,0,0,0,0,0
SE11/D05_SE11_R03.csv,SE11,D,D05,0,0,0,0,0,0
SE11/D05_SE11_R04.csv,SE11,D,D05,0,0,0,0,0,0
SE11/D05_SE11_R05.csv,SE11,D,D05,0,0,0,0,0,0
SE11/D07_SE11_R01.csv,SE11,D,D07,0,0,0,0,0,0
SE11/D07_SE11_R02.csv,SE11,D,D07,0,0,0,0,0,0
SE11/D07_SE11_R03.csv,SE11,D,D07,0,0,0,0,0,0
SE11/D07_SE11_R04.csv,SE11,D,D07,0,0,0,0,0,0
SE11/D07_SE11_R05.csv,SE11,D,D07,0,0,0,0,0,0
SE11/D08_SE11_R01.csv,SE11,D,D08,0,0,0,0,0,0
SE11/D08_SE11_R02.csv,SE11,D,D08,0,0,0,0,0,0
SE11/D08_SE11_R03.csv,SE11,D,D08,0,0,0,0,0,0
SE11/D08_SE11_R04.csv,SE11,D,D08,0,0,0,0,0,0
SE11/D08_SE11_R05.csv,SE11,D,D08,0,0,0,0,0,0
SE11/D09_SE11_R01.csv,SE11,D,D09,0,0,0,0,0,0
SE11/D09_SE11_R02.csv,SE11,D,D09,0,0,0,0,0,0
SE11/D09_SE11_R03.csv,SE11,D,D09,0,0,0,0,0,0
SE11/D09_SE11_R04.csv,SE11,D,D09,0,0,0,0,0,0
SE11/D09_SE11_R05.csv,SE11,D,D09,0,0,0,0,0,0
SE11/D10_SE11_R01.csv,SE11,D,D10,0,0,1,0,0,0
SE11/D10_SE11_R02.csv,SE11,D,D10,0,0,0,0,0,0
SE11/D10_SE11_R03.csv,SE11,D,D10,0,0,0,0,0,0
SE11/D10_SE11_R04.csv,SE11,D,D10,0,0,0,0,0,0
SE11/D10_SE11_R05.csv,SE11,D,D10,0,0,0,0,0,0
SE11/D11_SE11_R01.csv,SE11,D,D11,0,0,0,0,0,0
SE11/D11_SE11_R02.csv,SE11,D,D11,1,0,0,0,0,0
SE11/D11_SE11_R03.csv,SE11,D,D11,0,0,0,0,0,0
SE11/D11_SE11_R04.csv,SE11,D,D11,0,0,0,0,0,0
SE11/D11_SE11_R05.csv,SE11,D,D11,0,0,1,0,0,0
SE11/D12_SE11_R01.csv,SE11,D,D12,0,0,0,0,0,0
SE11/D12_SE11_R02.csv,SE11,D,D12,0,0,0,0,0,0
SE11/D12_SE11_R03.csv,SE11,D,D12,0,0,0,0,0,0
SE11/D12_SE11_R04.csv,SE11,D,D12,0,0,0,0,0,0
SE11/D12_SE11_R05.csv,SE11,D,D12,0,0,0,0,0,0
SE11/D14_SE11_R01.csv,SE11,D,D14,0,1,0,0,0,0
SE11/D14_SE11_R02.csv,SE11,D,D14,0,1,0,0,0,0
SE11/D14_SE11_R03.csv,SE11,D,D14,0,0,0,0,0,0
SE11/D14_SE11_R04.csv,SE11,D,D14,0,0,0,0,0,0
SE11/D14_SE11_R05.csv,SE11,D,D14,0,0,0,0,0,0
SE11/D15_SE11_R01.csv,SE11,D,D15,0,0,0,0,0,0
SE11/D15_SE11_R02.csv,SE11,D,D15,0,0,0,0,0,0
SE11/D15_SE11_R03.csv,SE11,D,D15,0,0,0,0,0,0
SE11/D15_SE11_R04.csv,SE11,D,D15,0,0,0,0,0,0
SE11/D15_SE11_R05.csv,SE11,D,D15,0,0,0,0,0,0
SE11/D16_SE11_R01.csv,SE11,D,D16,0,0,0,0,0,0
SE11/D16_SE11_R02.csv,SE11,D,D16,0,0,0,0,0,0
SE11/D16_SE11_R03.csv,SE11,D,D16,0,0,0,0,0,0
SE11/D16_SE11_R04.csv,SE11,D,D16,0,0,0,0,0,0
SE11/D16_SE11_R05.csv,SE11,D,D16,0,0,0,0,0,0
SE11/D17_SE11_R01.csv,SE11,D,D17,0,0,0,0,0,0
SE11/D17_SE11_R02.csv,SE11,D,D17,0,0,0,0,0,0
SE11/D17_SE11_R03.csv,SE11,D,D17,0,0,0,0,0,0
SE11/D17_SE11_R04.csv,SE11,D,D17,0,0,0,0,0,0
SE11/D17_SE11_R05.csv,SE11,D,D17,0,0,0,0,0,0
SE12/D01_SE12_R01.csv,SE12,D,D01,0,0,0,0,0,0
SE12/D02_SE12_R01.csv,SE12,D,D02,0,0,0,0,0,0
SE12/D03_SE12_R01.csv,SE12,D,D03,1,0,0,0,0,1
SE12/D04_SE12_R01.csv,SE12,D,D04,1,0,0,0,0,1
SE12/D05_SE12_R01.csv,SE12,D,D05,1,0,1,0,0,0
SE12/D05_SE12_R02.csv,SE12,D,D05,1,0,0,0,0,0
SE12/D05_SE12_R03.csv,SE12,D,D05,0,0,0,0,1,1
SE12/D05_SE12_R04.csv,SE12,D,D05,0,0,0,0,0,0
SE12/D05_SE12_R05.csv,SE12,D,D05,1,0,1,0,0,0
SE12/D07_SE12_R01.csv,SE12,D,D07,0,0,0,0,0,0
SE12/D07_SE12_R02.csv,SE12,D,D07,0,0,0,0,0,0
SE12/D07_SE12_R03.csv,SE12,D,D07,0,0,0,0,0,0
SE12/D07_SE12_R04.csv,SE12,D,D07,0,0,0,0,0,0
SE12/D07_SE12_R05.csv,SE12,D,D07,0,0,0,0,0,0
SE12/D08_SE12_R01.csv,SE12,D,D08,0,0,0,0,1,1
SE12/D08_SE12_R02.csv,SE12,D,D08,0,0,0,0,0,0
SE12/D08_SE12_R03.csv,SE12,D,D08,0,0,0,0,0,0
SE12/D08_SE12_R04.csv,SE12,D,D08,1,0,0,0,0,0
SE12/D08_SE12_R05.csv,SE12,D,D08,1,0,0,0,0,0
SE12/D09_SE12_R01.csv,SE12,D,D09,0,0,0,0,0,0
SE12/D09_SE12_R02.csv,SE12,D,D09,0,0,0,0,0,0
SE12/D09_SE12_R03.csv,SE12,D,D09,0,0,0,0,0,0
SE12/D09_SE12_R04.csv,SE12,D,D09,0,0,0,0,0,0
SE12/D09_SE12_R05.csv,SE12,D,D09,0,0,0,0,0,0
SE12/D10_SE12_R01.csv,SE12,D,D10,0,0,0,0,0,0
SE12/D10_SE12_R02.csv,SE12,D,D10,0,0,0,0,0,0
SE12/D10_SE12_R03.csv,SE12,D,D10,0,0,1,0,0,0
SE12/D10_SE12_R04.csv,SE12,D,D10,0,0,0,0,0,0
SE12/D10_SE12_R05.csv,SE12,D,D10,0,0,0,0,0,0
SE12/D11_SE12_R01.csv,SE12,D,D11,0,0,0,0,0,0
SE12/D11_SE12_R02.csv,SE12,D,D11,0,0,0,0,0,0
SE12/D11_SE12_R03.csv,SE12,D,D11,0,0,0,0,0,0
SE12/D11_SE12_R04.csv,SE12,D,D11,0,0,0,0,0,0
SE12/D11_SE12_R05.csv,SE12,D,D11,1,0,0,0,0,0
SE12/D12_SE12_R01.csv,SE12,D,D12,0,0,0,0,0,0
SE12/D12_SE12_R02.csv,SE12,D,D12,0,0,0,0,0,0
SE12/D12_SE12_R03.csv,SE12,D,D12,0,0,0,0,0,0
SE12/D12_SE12_R04.csv,SE12,D,D12,0,0,0,0,0,0
SE12/D12_SE12_R05.csv,SE12,D,D12,0,0,0,0,0,0
SE12/D14_SE12_R01.csv,SE12,D,D14,0,1,0,0,0,0
SE12/D14_SE12_R02.csv,SE12,D,D14,0,1,1,0,0,0
SE12/D14_SE12_R03.csv,SE12,D,D14,0,1,0,0,0,0
SE12/D14_SE12_R04.csv,SE12,D,D14,0,1,1,0,0,0
SE12/D14_SE12_R05.csv,SE12,D,D14,1,1,0,1,0,0
SE12/D15_SE12_R01.csv,SE12,D,D15,0,0,0,0,0,0
SE12/D15_SE12_R02.csv,SE12,D,D15,0,0,0,0,0,0
SE12/D15_SE12_R03.csv,SE12,D,D15,0,0,0,0,0,0
SE12/D15_SE12_R04.csv,SE12,D,D15,0,0,0,0,0,0
SE12/D15_SE12_R05.csv,SE12,D,D15,0,0,0,0,0,0
SE12/D16_SE12_R01.csv,SE12,D,D16,0,0,0,0,0,0
SE12/D16_SE12_R02.csv,SE12,D,D16,0,0,0,0,0,0
SE12/D16_SE12_R03.csv,SE12,D,D16,0,0,0,0,0,0
SE12/D16_SE12_R04.csv,SE12,D,D16,0,0,0,0,0,0
SE12/D16_SE12_R05.csv,SE12,D,D16,0,0,0,0,0,0
SE12/D17_SE12_R01.csv,SE12,D,D17,0,0,0,0,0,0
SE12/D17_SE12_R02.csv,SE12,D,D17,0,0,0,0,0,0
SE12/D17_SE12_R03.csv,SE12,D,D17,0,0,0,0,0,0
SE12/D17_SE12_R04.csv,SE12,D,D17,0,0,0,0,0,0
SE12/D17_SE12_R05.csv,SE12,D,D17,0,0,0,0,0,0
SE13/D01_SE13_R01.csv,SE13,D,D01,0,0,0,0,0,0
SE13/D02_SE13_R01.csv,SE13,D,D02,1,0,0,0,0,0
SE13/D03_SE13_R01.csv,SE13,D,D03,1,0,0,0,0,0
SE13/D04_SE13_R01.csv,SE13,D,D04,1,0,0,0,0,1
SE13/D05_SE13_R01.csv,SE13,D,D05,0,0,0,0,0,0
SE13/D05_SE13_R02.csv,SE13,D,D05,0,0,0,0,0,0
SE13/D05_SE13_R03.csv,SE13,D,D05,0,0,0,0,0,0
SE13/D05_SE13_R04.csv,SE13,D,D05,0,0,0,0,0,0
SE13/D05_SE13_R05.csv,SE13,D,D05,0,0,0,0,0,0
SE13/D07_SE13_R01.csv,SE13,D,D07,0,0,0,0,0,0
SE13/D07_SE13_R02.csv,SE13,D,D07,0,0,0,0,0,0
SE13/D07_SE13_R03.csv,SE13,D,D07,0,0,0,0,0,0
SE13/D07_SE13_R04.csv,SE13,D,D07,0,0,0,0,0,0
SE13/D07_SE13_R05.csv,SE13,D,D07,0,0,0,0,0,0
SE13/D08_SE13_R01.csv,SE13,D,D08,0,0,0,0,0,0
SE13/D08_SE13_R02.csv,SE13,D,D08,0,0,0,0,0,0
SE13/D08_SE13_R03.csv,SE13,D,D08,0,0,0,0,0,0
SE13/D08_SE13_R04.csv,SE13,D,D08,0,0,0,0,0,0
SE13/D08_SE13_R05.csv,SE13,D,D08,0,0,0,0,0,0
SE13/D09_SE13_R01.csv,SE13,D,D09,0,0,0,0,0,0
SE13/D09_SE13_R02.csv,SE13,D,D09,0,0,0,0,0,0
SE13/D09_SE13_R03.csv,SE13,D,D09,0,0,0,0,0,0
SE13/D09_SE13_R04.csv,SE13,D,D09,0,0,0,0,0,0
SE13/D09_SE13_R05.csv,SE13,D,D09,0,0,0,0,0,0
SE13/D10_SE13_R01.csv,SE13,D,D10,0,0,0,0,0,0
SE13/D10_SE13_R02.csv,SE13,D,D10,0,0,0,0,0,0
SE13/D10_SE13_R03.csv,SE13,D,D10,0,0,0,0,0,0
SE13/D10_SE13_R04.csv,SE13,D,D10,0,0,0,0,0,0
SE13/D10_SE13_R05.csv,SE13,D,D10,0,0,0,0,0,0
SE13/D11_SE13_R01.csv,SE13,D,D11,0,0,0,0,0,0
SE13/D11_SE13_R02.csv,SE13,D,D11,0,0,0,0,0,0
SE13/D11_SE13_R03.csv,SE13,D,D11,0,0,0,0,0,0
SE13/D11_SE13_R04.csv,SE13,D,D11,0,0,0,0,0,0
SE13/D11_SE13_R05.csv,SE13,D,D11,0,0,0,0,0,0
SE13/D12_SE13_R01.csv,SE13,D,D12,0,0,0,0,0,0
SE13/D12_SE13_R02.csv,SE13,D,D12,0,0,0,0,0,0
SE13/D12_SE13_R03.csv,SE13,D,D12,0,0,0,0,0,0
SE13/D12_SE13_R04.csv,SE13,D,D12,0,0,0,0,0,0
SE13/D12_SE13_R05.csv,SE13,D,D12,0,0,0,0,0,0
SE13/D14_SE13_R01.csv,SE13,D,D14,0,0,0,0,0,0
SE13/D14_SE13_R02.csv,SE13,D,D14,0,0,0,0,0,0
SE13/D14_SE13_R03.csv,SE13,D,D14,0,0,0,0,0,0
SE13/D14_SE13_R04.csv,SE13,D,D14,0,0,0,0,0,0
SE13/D14_SE13_R05.csv,SE13,D,D14,0,0,0,0,0,0
SE13/D15_SE13_R01.csv,SE13,D,D15,0,0,0,0,0,0
SE13/D15_SE13_R02.csv,SE13,D,D15,0,0,0,0,0,0
SE13/D15_SE13_R03.csv,SE13,D,D15,0,0,0,0,0,0
SE13/D15_SE13_R04.csv,SE13,D,D15,0,0,0,0,0,0
SE13/D15_SE13_R05.csv,SE13,D,D15,0,0,0,0,0,0
SE13/D16_SE13_R01.csv,SE13,D,D16,0,0,0,0,0,0
SE13/D16_SE13_R02.csv,SE13,D,D16,0,0,0,0,0,0
SE13/D16_SE13_R03.csv,SE13,D,D16,0,0,0,0,0,0
SE13/D16_SE13_R04.csv,SE13,D,D16,0,0,0,0,0,0
SE13/D16_SE13_R05.csv,SE13,D,D16,0,0,0,0,0,0
SE13/D17_SE13_R01.csv,SE13,D,D17,0,0,0,0,0,0
SE13/D17_SE13_R02.csv,SE13,D,D17,0,0,0,0,0,0
SE13/D17_SE13_R03.csv,SE13,D,D17,0,0,0,0,0,0
SE13/D17_SE13_R04.csv,SE13,D,D17,0,0,0,0,0,0
SE13/D17_SE13_R05.csv,SE13,D,D17,0,0,0,0,0,0
SE14/D01_SE14_R01.csv,SE14,D,D01,0,0,1,0,0,0
SE14/D02_SE14_R01.csv,SE14,D,D02,0,0,0,0,0,0
SE14/D03_SE14_R01.csv,SE14,D,D03,1,0,0,0,0,1
SE14/D04_SE14_R01.csv,SE14,D,D04,1,0,0,0,0,1
SE14/D05_SE14_R01.csv,SE14,D,D05,0,0,0,0,0,0
SE14/D05_SE14_R02.csv,SE14,D,D05,0,0,0,0,0,0
SE14/D05_SE14_R03.csv,SE14,D,D05,0,0,0,0,0,0
SE14/D05_SE14_R04.csv,SE14,D,D05,0,0,0,0,0,0
SE14/D05_SE14_R05.csv,SE14,D,D05,0,0,0,0,0,0
SE14/D07_SE14_R01.csv,SE14,D,D07,0,0,0,0,0,0
SE14/D07_SE14_R02.csv,SE14,D,D07,0,0,0,0,0,0
SE14/D07_SE14_R03.csv,SE14,D,D07,0,0,0,0,0,0
SE14/D07_SE14_R05.csv,SE14,D,D07,0,0,0,0,0,0
SE14/D07_SE14_R06.csv,SE14,D,D07,0,0,0,0,0,0
SE14/D08_SE14_R01.csv,SE14,D,D08,0,0,1,0,0,0
SE14/D08_SE14_R02.csv,SE14,D,D08,0,0,0,0,0,0
SE14/D08_SE14_R03.csv,SE14,D,D08,0,0,0,0,0,0
SE14/D08_SE14_R04.csv,SE14,D,D08,0,0,0,0,0,0
SE14/D08_SE14_R05.csv,SE14,D,D08,0,0,0,0,0,0
SE14/D09_SE14_R01.csv,SE14,D,D09,0,0,0,0,0,0
SE14/D09_SE14_R02.csv,SE14,D,D09,0,0,0,0,0,0
SE14/D09_SE14_R03.csv,SE14,D,D09,0,0,0,0,0,0
SE14/D09_SE14_R04.csv,SE14,D,D09,0,0,0,0,0,0
SE14/D09_SE14_R05.csv,SE14,D,D09,0,0,0,0,0,0
SE14/D10_SE14_R01.csv,SE14,D,D10,0,0,0,0,0,0
SE14/D10_SE14_R02.csv,SE14,D,D10,1,0,1,0,0,0
SE14/D10_SE14_R03.csv,SE14,D,D10,0,0,0,0,0,0
SE14/D10_SE14_R04.csv,SE14,D,D10,0,0,0,0,0,0
SE14/D10_SE14_R05.csv,SE14,D,D10,0,0,0,0,0,0
SE14/D11_SE14_R01.csv,SE14,D,D11,0,0,0,0,1,1
SE14/D11_SE14_R02.csv,SE14,D,D11,0,0,0,0,0,0
SE14/D11_SE14_R03.csv,SE14,D,D11,0,0,0,0,0,0
SE14/D11_SE14_R04.csv,SE14,D,D11,0,0,0,0,0,0
SE14/D11_SE14_R05.csv,SE14,D,D11,0,0,0,0,0,0
SE14/D12_SE14_R01.csv,SE14,D,D12,0,0,0,0,0,0
SE14/D12_SE14_R02.csv,SE14,D,D12,0,0,0,0,0,0
SE14/D12_SE14_R03.csv,SE14,D,D12,0,0,0,0,0,0
SE14/D12_SE14_R04.csv,SE14,D,D12,0,0,0,0,0,0
SE14/D12_SE14_R05.csv,SE14,D,D12,0,0,0,0,0,0
SE14/D14_SE14_R01.csv,SE14,D,D14,0,0,0,0,0,0
SE14/D14_SE14_R02.csv,SE14,D,D14,0,0,0,0,0,0
SE14/D14_SE14_R03.csv,SE14,D,D14,0,0,0,0,0,0
SE14/D14_SE14_R04.csv,SE14,D,D14,0,0,0,0,0,0
SE14/D14_SE14_R05.csv,SE14,D,D14,0,0,0,0,0,0
SE14/D15_SE14_R01.csv,SE14,D,D15,0,0,0,0,0,0
SE14/D15_SE14_R02.csv,SE14,D,D15,0,0,0,0,0,0
SE14/D15_SE14_R03.csv,SE14,D,D15,0,0,0,0,0,0
SE14/D15_SE14_R04.csv,SE14,D,D15,0,0,0,0,0,0
SE14/D15_SE14_R05.csv,SE14,D,D15,0,0,0,0,0,0
SE14/D16_SE14_R01.csv,SE14,D,D16,0,0,0,0,0,0
SE14/D16_SE14_R02.csv,SE14,D,D16,0,0,0,0,0,0
SE14/D16_SE14_R03.csv,SE14,D,D16,0,0,0,0,0,0
SE14/D16_SE14_R04.csv,SE14,D,D16,0,0,0,0,0,0
SE14/D16_SE14_R05.csv,SE14,D,D16,0,0,0,0,0,0
SE14/D17_SE14_R01.csv,SE14,D,D17,0,0,0,0,0,0
SE14/D17_SE14_R02.csv,SE14,D,D17,0,0,0,0,0,0
SE14/D17_SE14_R03.csv,SE14,D,D17,0,0,0,0,0,0
SE14/D17_SE14_R04.csv,SE14,D,D17,0,0,0,0,0,0
SE14/D17_SE14_R05.csv,SE14,D,D17,0,0,0,0,0,0
SE15/D01_SE15_R01.csv,SE15,D,D01,0,0,0,0,0,0
SE15/D02_SE15_R01.csv,SE15,D,D02,0,0,0,0,0,0
SE15/D03_SE15_R01.csv,SE15,D,D03,0,0,0,0,0,0
SE15/D05_SE15_R01.csv,SE15,D,D05,0,0,0,0,0,0
SE15/D05_SE15_R02.csv,SE15,D,D05,0,0,0,0,0,0
SE15/D05_SE15_R03.csv,SE15,D,D05,0,0,0,0,0,0
SE15/D05_SE15_R04.csv,SE15,D,D05,0,0,0,0,0,0
SE15/D05_SE15_R05.csv,SE15,D,D05,0,0,0,0,0,0
SE15/D07_SE15_R01.csv,SE15,D,D07,0,0,0,0,0,0
SE15/D07_SE15_R02.csv,SE15,D,D07,0,0,0,0,0,0
SE15/D07_SE15_R03.csv,SE15,D,D07,0,0,0,0,0,0
SE15/D07_SE15_R04.csv,SE15,D,D07,0,0,0,0,0,0
SE15/D07_SE15_R05.csv,SE15,D,D07,0,0,0,0,0,0
SE15/D08_SE15_R01.csv,SE15,D,D08,0,0,0,0,0,0
SE15/D08_SE15_R02.csv,SE15,D,D08,0,0,0,0,0,0
SE15/D08_SE15_R03.csv,SE15,D,D08,0,0,0,0,0,0
SE15/D08_SE15_R04.csv,SE15,D,D08,0,0,0,0,0,0
SE15/D08_SE15_R05.csv,SE15,D,D08,0,0,0,0,0,0
SE15/D09_SE15_R01.csv,SE15,D,D09,0,0,0,0,0,0
SE15/D09_SE15_R02.csv,SE15,D,D09,0,0,0,0,0,0
SE15/D09_SE15_R03.csv,SE15,D,D09,0,0,0,0,0,0
SE15/D09_SE15_R04.csv,SE15,D,D09,0,0,0,0,0,0
SE15/D09_SE15_R05.csv,SE15,D,D09,0,0,0,0,0,0
SE15/D10_SE15_R01.csv,SE15,D,D10,0,0,0,0,0,0
SE15/D10_SE15_R02.csv,SE15,D,D10,0,0,0,0,0,0
SE15/D10_SE15_R03.csv,SE15,D,D10,0,0,0,0,0,0
SE15/D10_SE15_R04.csv,SE15,D,D10,0,0,0,0,0,0
SE15/D10_SE15_R05.csv,SE15,D,D10,0,0,0,0,0,0
SE15/D11_SE15_R01.csv,SE15,D,D11,0,0,0,0,1,1
SE15/D11_SE15_R02.csv,SE15,D,D11,0,0,0,0,0,0
SE15/D11_SE15_R03.csv,SE15,D,D11,0,0,0,0,0,0
SE15/D11_SE15_R04.csv,SE15,D,D11,0,0,0,0,0,0
SE15/D11_SE15_R05.csv,SE15,D,D11,0,0,0,0,0,0
SE15/D12_SE15_R01.csv,SE15,D,D12,0,0,0,0,0,0
SE15/D12_SE15_R02.csv,SE15,D,D12,0,0,0,0,0,0
SE15/D12_SE15_R03.csv,SE15,D,D12,0,0,0,0,0,0
SE15/D12_SE15_R04.csv,SE15,D,D12,0,0,0,0,0,0
SE15/D12_SE15_R05.csv,SE15,D,D12,0,0,0,0,0,0
SE15/D14_SE15_R01.csv,SE15,D,D14,0,0,0,0,0,0
SE15/D14_SE15_R02.csv,SE15,D,D14,0,0,0,0,0,0
SE15/D14_SE15_R03.csv,SE15,D,D14,0,0,0,0,0,0
SE15/D14_SE15_R04.csv,SE15,D,D14,0,0,0,0,0,0
SE15/D14_SE15_R05.csv,SE15,D,D14,0,0,0,0,0,0
SE15/D15_SE15_R01.csv,SE15,D,D15,0,0,0,0,0,0
SE15/D15_SE15_R02.csv,SE15,D,D15,0,0,0,0,0,0
SE15/D15_SE15_R03.csv,SE15,D,D15,0,0,0,0,0,0
SE15/D15_SE15_R04.csv,SE15,D,D15,0,0,0,0,0,0
SE15/D15_SE15_R05.csv,SE15,D,D15,0,0,0,0,0,0
SE15/D16_SE15_R01.csv,SE15,D,D16,0,0,0,0,0,0
SE15/D16_SE15_R02.csv,SE15,D,D16,0,0,0,0,0,0
SE15/D16_SE15_R03.csv,SE15,D,D16,0,0,0,0,0,0
SE15/D16_SE15_R04.csv,SE15,D,D16,0,0,0,0,0,0
SE15/D16_SE15_R05.csv,SE15,D,D16,0,0,0,0,0,0
SE15/D17_SE15_R01.csv,SE15,D,D17,0,0,0,0,0,0
SE15/D17_SE15_R02.csv,SE15,D,D17,0,0,0,0,0,0
SE15/D17_SE15_R03.csv,SE15,D,D17,0,0,0,0,0,0
SE15/D17_SE15_R04.csv,SE15,D,D17,0,0,0,0,0,0
SE15/D17_SE15_R05.csv,SE15,D,D17,0,0,0,0,0,0
